used_memory,heap_memory,free_blocks,external_fragmentation,internal_fragmentation
1936,1984,0,0.000000,0
5632,5728,0,0.000000,0
7168,7312,0,0.000000,0
8664,8856,0,0.000000,0
7168,8856,1,0.000000,0
5232,8856,2,0.435897,0
3696,8856,2,0.385965,0
0,8856,1,0.000000,0
4048,8856,1,0.000000,0
7648,8856,1,0.000000,0
7864,8856,1,0.000000,0
9544,10584,1,0.000000,0
9328,10584,1,0.000000,0
12736,14040,1,0.000000,0
9136,14040,1,0.000000,0
7456,14040,1,0.000000,0
10112,14040,1,0.000000,0
13320,14040,1,0.000000,0
10112,14040,1,0.000000,0
6704,14040,1,0.000000,0
7424,14040,1,0.000000,0
9864,14040,1,0.000000,0
10168,14040,1,0.000000,0
6120,14040,2,0.469602,0
8336,14040,2,0.245902,0
11184,14040,2,0.466019,0
8336,14040,2,0.245902,0
7616,14040,3,0.335085,0
9536,14040,3,0.495146,0
7320,14040,3,0.438596,0
4880,14040,3,0.596032,0
5256,14040,3,0.575758,0
4952,14040,2,0.187161,0
8472,14040,2,0.313636,0
12536,18152,2,0.313636,0
12936,18152,2,0.250000,0
14912,18152,2,0.430199,0
12256,18152,2,0.290276,0
8736,18152,2,0.176211,0
12088,18152,2,0.281690,0
13832,18152,2,0.411523,0
15088,18152,2,0.114551,0
17480,20592,2,0.114551,0
19776,22936,2,0.114551,0
21312,22936,2,0.296000,0
23880,25552,2,0.296000,0
19816,25552,2,0.137715,0
19920,25552,2,0.111290,0
22968,25552,2,0.296137,0
26720,29352,2,0.296137,0
29304,31984,2,0.296137,0
29336,31984,2,0.264574,0
33240,35936,2,0.264574,0
33208,35936,2,0.296137,0
34440,35936,2,0.054795,0
37624,39168,2,0.054795,0
36392,39168,2,0.296137,0
34000,39168,2,0.128253,0
32464,39168,3,0.357534,0
33360,39168,3,0.233660,0
32960,39168,4,0.291541,0
37032,43288,4,0.291541,0
37424,43288,3,0.233660,8
40808,43288,3,0.595628,8
40968,43288,3,0.528662,8
40864,43288,2,0.076923,8
37680,43288,3,0.313793,8
35112,43288,4,0.558269,8
31360,43288,4,0.421512,8
31640,43288,4,0.403745,8
34200,43288,4,0.211100,8
37752,43288,4,0.381038,8
41664,47248,4,0.381038,8
45256,50888,4,0.381038,8
44880,50888,5,0.429043,8
42320,50888,5,0.572961,8
43504,50888,5,0.488432,8
41584,50888,5,0.611328,8
42080,50888,5,0.583682,8
45184,50888,5,0.478648,8
49200,54952,5,0.478648,8
45848,54952,6,0.572885,8
48016,54952,6,0.404830,8
44912,54952,6,0.618397,8
44952,54952,6,0.614535,8
44968,54952,5,0.613469,16
44072,54952,6,0.649666,16
42888,54952,6,0.689630,16
38984,54952,6,0.516269,16
42616,54952,6,0.687861,16
42456,54952,7,0.692308,16
46096,58640,7,0.692308,16
46528,58640,6,0.678810,56
42936,58640,7,0.749721,56
42544,58640,6,0.732220,48
43416,58640,5,0.715023,72
47408,62680,5,0.715023,72
43392,62680,5,0.575044,72
44032,62680,5,0.558172,72
44744,62680,5,0.537904,72
41696,62680,6,0.609706,72
39952,62680,6,0.642377,72
41496,62680,6,0.613646,72
43760,62680,6,0.562614,72
39688,62680,6,0.645949,72
39048,62680,7,0.656126,72
42448,62680,7,0.593112,72
43448,62680,7,0.569113,72
42952,62680,8,0.580815,72
46832,62680,8,0.465960,72
49192,62680,8,0.560027,72
49176,62680,9,0.560910,64
45624,62680,9,0.662551,64
45800,62680,9,0.657620,64
45624,62680,9,0.662551,64
46488,62680,9,0.641530,64
47440,62680,9,0.615249,64
46440,62680,9,0.642702,64
48296,62680,9,0.589487,64
44912,62680,8,0.677324,64
46448,62680,8,0.642507,64
42816,62680,9,0.713412,64
40960,62680,9,0.740404,64
44472,62680,9,0.684918,64
46592,62680,9,0.637769,64
42712,62680,10,0.714286,64
44488,62680,10,0.682785,64
46824,62680,10,0.629379,64
44656,62680,11,0.678589,64
46768,62680,11,0.629588,64
48040,62680,10,0.591532,112
51264,62680,10,0.451963,112
51336,62680,9,0.447811,112
50464,62680,9,0.497703,88
46824,62680,9,0.367855,88
42832,62680,9,0.286092,88
40472,62680,9,0.252623,88
41904,62680,9,0.194724,88
44704,62680,9,0.228839,88
48056,62680,9,0.289359,88
51976,62680,9,0.418542,88
54944,62680,9,0.633515,88
52360,62680,10,0.694418,88
53448,62680,10,0.646995,88
52192,62680,11,0.698694,88
48792,62680,12,0.716099,88
50128,62680,12,0.679003,88
48696,62680,12,0.718357,88
47360,62680,12,0.747325,88
50264,62680,12,0.753998,88
51688,62680,12,0.713906,88
51408,62680,11,0.725340,88
54832,66152,11,0.725340,88
55488,66152,11,0.703125,88
58752,69464,11,0.703125,88
58816,69464,10,0.699255,136
57728,69464,10,0.734375,136
60800,72584,10,0.734375,136
59256,72584,10,0.748410,136
59360,72584,10,0.744986,136
62288,75560,10,0.744986,136
62440,75560,10,0.740336,136
65072,75560,10,0.688224,136
67040,75560,10,0.588010,136
64928,75560,10,0.693548,136
68824,79504,10,0.693548,136
71136,79504,10,0.642951,136
70424,79504,10,0.682670,136
68304,79504,11,0.757819,136
66336,79504,11,0.802334,136
69104,82320,11,0.802334,136
72192,85456,11,0.802334,136
69856,85456,11,0.659077,136
66432,85456,11,0.665716,136
66584,85456,10,0.662344,152
63952,85456,11,0.708420,152
66536,85456,10,0.662344,200
63448,85456,11,0.715154,200
62584,85456,11,0.727730,200
63056,85456,11,0.720699,200
64456,85456,11,0.699058,200
65728,85456,11,0.676186,200
62824,85456,12,0.722573,200
60056,85456,12,0.744283,200
59984,85456,13,0.745078,200
63216,85456,13,0.703018,200
65232,85456,13,0.668612,200
67968,85456,13,0.607238,200
66544,85456,12,0.643306,200
69448,85456,12,0.782941,200
72224,85456,11,0.726261,240
73544,85456,11,0.686491,240
74848,85456,11,0.633929,240
75944,85456,11,0.573410,240
76920,85456,11,0.499322,240
75968,85456,11,0.571926,240
73000,85456,12,0.699108,240
77008,89512,12,0.699108,240
79648,89512,12,0.586399,240
81456,89512,12,0.765414,240
85528,93632,12,0.765414,240
85640,93632,12,0.758140,240
84240,93632,12,0.686441,240
84832,93632,12,0.652815,240
87912,96760,12,0.652815,240
87800,96760,12,0.661880,240
88272,96760,12,0.630528,240
90296,96760,11,0.647059,288
91904,98416,11,0.647059,288
93472,100032,11,0.647059,288
91664,100032,12,0.661677,288
88400,100032,12,0.563771,288
91304,100032,12,0.683029,288
92960,100032,12,0.688000,288
95424,102544,12,0.688000,288
96584,102544,12,0.704871,288
93808,102544,13,0.497860,248
94856,102544,13,0.618794,248
97784,105520,13,0.618794,248
94856,105520,14,0.606452,248
92880,105520,15,0.689040,248
91224,105520,15,0.736691,248
94352,108696,15,0.736691,248
93920,108696,15,0.748454,208
94800,108696,15,0.726662,208
98384,112328,15,0.726662,208
101576,115568,15,0.726662,208
105032,119072,15,0.726662,208
101840,119072,16,0.770426,208
100232,119072,17,0.794224,208
97496,119072,17,0.815479,208
96616,119072,17,0.824386,208
96552,119072,18,0.825403,160
93200,119072,19,0.851199,160
95424,119072,19,0.834639,160
92960,119072,19,0.762736,160
93848,119072,19,0.752637,160
95952,119072,19,0.725806,160
91880,119072,20,0.772499,160
94568,119072,20,0.743105,160
97368,119072,20,0.703186,160
94288,119072,20,0.664430,160
96840,119072,20,0.618159,160
95568,119072,20,0.643987,112
99048,119072,20,0.780067,112
102952,123024,20,0.780067,112
104688,123024,20,0.753755,112
103368,123024,20,0.774447,112
105240,123024,20,0.744290,112
106120,123024,19,0.726786,152
108592,123024,19,0.842491,152
109840,123024,19,0.821280,152
113008,126240,19,0.821280,152
112120,126240,18,0.735294,152
109432,126240,18,0.748801,152
112816,129672,18,0.748801,152
115024,129672,18,0.697691,152
114432,129672,18,0.714188,152
112864,129672,18,0.748801,152
109632,129672,19,0.797780,152
111480,129672,19,0.771662,152
115560,133800,19,0.771662,152
117760,133800,19,0.730373,152
118264,133800,18,0.718414,176
120232,133800,18,0.826052,176
117432,133800,19,0.779319,176
118536,133800,19,0.757282,176
117488,133800,18,0.696530,176
114688,133800,19,0.751421,176
118776,137936,19,0.751421,176
117528,137936,19,0.770625,176
115264,137936,19,0.798407,176
112624,137936,19,0.823292,176
111968,137936,18,0.829190,176
111088,137936,19,0.835892,136
113768,137936,19,0.814286,136
117560,137936,19,0.825118,136
117664,137936,19,0.823529,136
120232,137936,19,0.790816,136
123928,141680,19,0.790816,136
125528,141680,19,0.763158,136
123424,141680,19,0.781609,136
123864,141680,19,0.774066,136
126168,141680,19,0.728940,136
122472,141680,20,0.761117,136
122368,141680,20,0.763441,136
124352,141680,20,0.728075,136
124200,141680,20,0.732019,136
126848,141680,20,0.666907,136
128328,141680,20,0.773411,136
129648,141680,20,0.735610,136
133256,145336,20,0.735610,136
134944,145336,20,0.839109,136
135104,145336,19,0.834395,160
138936,149216,19,0.834395,160
142584,152912,19,0.834395,160
142480,152912,19,0.838308,160
143952,154432,19,0.838308,160
141728,154432,19,0.713235,160
143328,154432,19,0.852608,160
141728,154432,19,0.803309,160
145416,158168,19,0.803309,160
143392,158168,20,0.807721,112
144968,158168,20,0.773601,112
148592,161840,20,0.773601,112
145688,161840,21,0.759124,112
142000,161840,22,0.765752,112
143472,161840,22,0.740720,112
144080,161840,22,0.728184,112
145808,161840,22,0.687246,112
142880,161840,23,0.749457,112
141400,161840,24,0.772346,112
142944,161840,24,0.747536,112
139816,161840,24,0.769681,112
135896,161840,25,0.811279,112
138424,161840,25,0.785864,112
141568,161840,25,0.742972,112
141792,161840,24,0.739308,112
143032,161840,24,0.716029,112
143280,161840,23,0.710571,136
143872,161840,23,0.696862,136
144984,161840,22,0.669677,136
141376,161840,22,0.744893,136
141152,161840,23,0.748403,136
142600,161840,22,0.723243,168
143504,161840,21,0.705239,168
144976,161840,21,0.669037,168
143432,161840,22,0.705747,168
140264,161840,23,0.760300,168
137040,161840,24,0.798346,168
139480,161840,24,0.770197,168
138504,161840,25,0.782128,168
138936,161840,25,0.776419,168
140808,161840,25,0.750244,168
139904,161840,26,0.763292,168
140384,161840,26,0.755842,168
136376,161840,26,0.761137,168
132472,161840,27,0.798836,168
130488,161840,26,0.694809,168
131288,161840,26,0.684843,168
131992,161840,26,0.675444,168
132832,161840,26,0.663598,168
131736,161840,27,0.678099,168
135760,161840,27,0.616710,168
139640,161840,26,0.530949,192
141096,161840,26,0.486703,192
142216,161840,26,0.446129,192
143888,161840,26,0.373162,192
145464,161840,26,0.426172,192
144352,161840,27,0.477041,192
144416,161840,26,0.474359,192
146184,161840,26,0.555139,192
148888,161840,26,0.748231,192
152216,165216,26,0.748231,192
155208,168256,26,0.748231,192
158416,171512,26,0.748231,192
161880,175024,26,0.748231,192
161632,175024,27,0.756598,168
165648,179088,27,0.756598,168
168736,182224,27,0.756598,168
167200,182224,27,0.796069,168
164112,182224,28,0.759801,168
166096,182224,27,0.715758,176
165504,182224,27,0.731572,176
169504,186272,27,0.731572,176
168344,186272,27,0.757080,176
171376,186272,27,0.834718,176
167464,186272,27,0.704532,176
166144,186272,27,0.731551,176
163112,186272,27,0.777384,176
160408,186272,28,0.806402,176
159928,186272,28,0.811207,176
159456,186272,27,0.792308,176
160128,186272,27,0.785227,176
163680,186272,27,0.741096,176
160096,186272,27,0.785552,176
156008,186272,28,0.820285,176
152360,186272,29,0.842980,176
149152,186272,30,0.858674,176
149296,186272,29,0.857859,216
146984,186272,29,0.867647,216
142968,186272,29,0.813439,216
144280,186272,28,0.806577,264
144608,186272,27,0.804803,272
147040,186272,27,0.790632,272
149408,186272,27,0.774698,272
149344,186272,27,0.775490,272
151768,186272,27,0.756602,272
151968,186272,26,0.754733,296
150232,186272,25,0.769231,296
151888,186272,25,0.755804,296
154488,186272,25,0.731532,296
157640,186272,25,0.694881,296
159024,186272,25,0.675027,296
159872,186272,25,0.661235,296
162368,186272,25,0.614821,296
162592,186272,24,0.609095,344
162792,186272,24,0.603723,344
164352,186272,24,0.564964,344
165616,186272,24,0.527234,344
169448,186272,24,0.709104,344
169744,186272,24,0.699927,344
171488,186272,24,0.640913,344
168920,186272,25,0.719863,344
170504,186272,25,0.674363,344
172288,186272,25,0.824732,344
171680,186272,25,0.837692,344
171736,186272,24,0.836364,360
173720,188304,24,0.836364,360
171280,188304,24,0.772502,360
174392,191464,24,0.772502,360
178232,195352,24,0.772502,360
174768,195352,24,0.712973,360
178328,195352,24,0.770550,360
180512,195352,24,0.839286,360
178640,195352,25,0.827179,360
178792,195352,24,0.824588,368
177688,195352,25,0.841033,368
174128,195352,25,0.723869,368
170288,195352,26,0.779026,368
173528,195352,26,0.733434,368
176888,195352,26,0.850575,368
175200,195352,27,0.868317,368
175376,195352,26,0.866515,384
176808,195352,25,0.851240,392
177656,195352,24,0.840491,392
174200,195352,24,0.769029,392
173352,195352,24,0.781854,392
171768,195352,24,0.801891,392
172688,195352,24,0.790476,392
171840,195352,25,0.800544,392
167960,195352,24,0.566149,368
170552,195352,24,0.644781,368
172552,195352,24,0.601887,368
174184,195352,24,0.558115,368
175296,195352,23,0.523433,368
176808,195352,23,0.588198,368
179992,195352,23,0.790956,368
181496,195352,23,0.840491,368
185368,199272,23,0.840491,368
187432,201384,23,0.840491,368
191328,205328,23,0.840491,368
187816,205328,23,0.678145,368
191096,205328,23,0.845084,368
194344,208624,23,0.845084,368
194168,208624,24,0.848691,352
190088,208624,25,0.669046,352
191776,208624,25,0.778701,352
191984,208624,24,0.773745,376
191760,208624,25,0.779533,328
191560,208624,25,0.784559,328
192728,208624,25,0.757450,328
194480,208624,25,0.859613,328
195712,209904,25,0.859613,328
192640,209904,26,0.719093,328
188744,209904,26,0.731720,328
187272,209904,26,0.756585,328
188432,209904,26,0.737230,328
191472,209904,25,0.670627,360
188568,209904,26,0.734292,360
185424,209904,27,0.780273,360
188096,209904,27,0.741585,360
186248,209904,27,0.769834,360
187216,209904,27,0.755512,360
183736,209904,28,0.798465,360
183032,209904,29,0.805382,360
183752,209904,29,0.797812,360
183832,209904,28,0.796989,360
184920,209904,28,0.784542,360
182720,209904,29,0.807410,360
184440,209904,29,0.789451,360
184984,209904,28,0.783232,360
185576,209904,28,0.775428,360
187760,209904,28,0.743181,360
186088,209904,29,0.768123,360
184824,209904,30,0.783983,360
184352,209904,30,0.789895,360
186664,209904,30,0.760096,360
188736,209904,30,0.871074,360
187304,209904,31,0.882707,352
187624,209904,30,0.880184,368
187800,209904,29,0.878756,376
188952,209904,29,0.868539,376
187648,209904,30,0.879568,376
191336,213640,30,0.879568,376
187336,213640,30,0.719886,376
189152,213640,30,0.690433,376
187336,213640,30,0.719886,376
190776,213640,30,0.875807,376
189032,213640,31,0.887943,376
188592,213640,32,0.890639,376
185944,213640,32,0.849790,376
184312,213640,32,0.860925,376
183152,213640,32,0.867962,376
181696,213640,32,0.875788,376
179392,213640,32,0.886324,376
178960,213640,32,0.871242,376
176464,213640,33,0.881709,376
173312,213640,33,0.798490,376
176552,213640,33,0.884244,376
176768,213640,33,0.883237,376
175656,213640,34,0.887363,376
179536,217568,34,0.887363,376
181336,217568,34,0.880335,376
181136,217568,34,0.881424,352
179632,217568,34,0.887277,352
176960,217568,34,0.896253,352
176904,217568,35,0.896471,336
178968,217568,34,0.889801,344
179024,217568,33,0.889581,352
182224,217568,33,0.894065,352
180648,217568,34,0.899553,352
184072,221040,34,0.899553,352
185584,221040,33,0.894183,384
183896,221040,34,0.900026,384
180904,221040,35,0.908939,384
183096,221040,35,0.902427,384
185792,221040,35,0.893057,384
184872,221040,35,0.896561,384
180976,221040,36,0.883493,384
183608,221040,36,0.873342,384
180496,221040,37,0.884979,384
182552,221040,37,0.877361,384
186000,221040,37,0.889926,384
185408,221040,37,0.892363,384
181616,221040,37,0.869565,384
184000,221040,37,0.859103,384
187240,221040,37,0.926014,384
188712,221040,37,0.921606,384
192336,224712,37,0.921606,384
190320,224712,37,0.919930,384
190264,224712,38,0.920116,376
188296,224712,38,0.925546,376
191240,227704,38,0.925546,376
189464,227704,37,0.929967,376
189912,227704,37,0.928848,376
189704,227704,37,0.929484,352
190704,227704,36,0.927158,352
191608,227704,35,0.924898,360
190808,227704,36,0.926887,360
190648,227704,36,0.927445,336
187288,227704,37,0.900568,336
185104,227704,37,0.906729,336
185120,227704,36,0.906667,344
188984,231616,36,0.906667,344
186792,231616,36,0.883682,344
187248,231616,36,0.882128,344
189512,231616,36,0.874435,344
189968,231616,36,0.872623,344
187440,231616,36,0.881374,344
186984,231616,36,0.882947,344
189032,231616,35,0.876142,384
189408,231616,34,0.874831,384
191352,231616,33,0.867588,384
188408,231616,34,0.878257,384
188256,231616,35,0.878788,376
184872,231616,35,0.872408,376
186256,231616,35,0.867687,376
187160,231616,35,0.864349,376
187544,231616,34,0.862926,384
187528,231616,35,0.863014,376
183840,231616,36,0.875317,376
183000,231616,36,0.872807,376
185200,231616,36,0.865605,376
188080,231616,36,0.854905,376
189800,231616,35,0.847682,400
191576,231616,35,0.839316,400
194512,231616,35,0.823452,400
190648,231616,35,0.843684,400
192184,231616,35,0.836078,400
190384,231616,35,0.844884,400
186360,231616,36,0.861128,400
188024,231616,36,0.854652,400
192016,231616,35,0.836760,432
195936,231616,35,0.814206,432
195792,231616,35,0.815695,392
197056,231616,35,0.806946,392
199664,231616,35,0.786423,392
201520,231616,35,0.768804,392
201952,231616,34,0.764394,392
205040,231616,34,0.726527,392
208936,231616,34,0.872559,392
212968,235696,34,0.872559,392
210672,235696,34,0.867798,392
207392,235696,35,0.845225,392
207016,235696,36,0.847923,392
206568,235696,36,0.851342,392
205480,235696,36,0.858621,392
209032,239296,36,0.858621,392
206968,239296,37,0.870171,392
207072,239296,36,0.869634,392
209360,239296,36,0.856292,392
210536,239296,36,0.848148,392
213192,239296,36,0.885267,392
213432,239296,35,0.883791,392
216648,242560,35,0.883791,392
213448,242560,35,0.838203,392
212944,242560,35,0.842349,368
214024,242560,34,0.834082,408
216472,242560,34,0.885072,408
220536,246672,34,0.885072,408
222816,249000,34,0.885072,408
225600,251832,34,0.885072,408
225272,251832,34,0.887365,400
226368,251832,34,0.880247,400
224984,251832,33,0.889297,400
227624,254520,33,0.889297,400
227936,254520,32,0.887365,424
229744,254520,32,0.875345,424
231448,254520,32,0.861381,424
234904,258024,32,0.861381,424
234592,258024,33,0.864296,400
236904,260384,33,0.864296,400
240424,263952,33,0.864296,400
238216,263952,33,0.757350,400
239024,263952,32,0.745864,416
235032,263952,33,0.793580,384
236064,263952,32,0.783137,384
234552,263952,33,0.798101,384
238272,263952,33,0.756173,384
241904,263952,33,0.884403,384
241752,263952,34,0.885730,368
237856,263952,35,0.789724,368
237560,263952,35,0.793557,368
238864,263952,35,0.777626,368
241240,263952,35,0.889242,368
242296,263952,35,0.880503,368
246184,267888,35,0.880503,368
243872,267888,36,0.858194,368
246584,270648,36,0.858194,368
243128,270648,36,0.706381,368
247128,270648,36,0.887817,368
248896,270648,35,0.880503,368
249632,270648,34,0.873792,376
245712,270648,34,0.732342,376
249648,270648,34,0.873640,376
248480,270648,34,0.884275,376
250680,272896,34,0.884275,376
250504,272896,34,0.886104,368
252104,272896,34,0.904236,368
255672,276512,34,0.904236,368
257400,278288,34,0.904236,368
261080,282016,34,0.904236,368
258368,282016,35,0.827744,368
261688,285384,35,0.827744,368
264744,288488,35,0.827744,368
262144,288488,36,0.852159,368
264640,288488,36,0.828354,368
264784,288488,35,0.826598,384
265696,288488,35,0.815259,384
261864,288488,35,0.787069,384
265464,288488,35,0.818133,384
268816,291888,35,0.818133,384
269344,291888,34,0.811142,408
265792,291888,35,0.801697,408
265648,291888,36,0.803453,392
269376,295664,36,0.803453,392
271328,295664,36,0.778995,392
272496,295664,36,0.760905,392
275856,295664,36,0.925926,392
272176,295664,37,0.756742,392
276208,299744,37,0.756742,392
278048,299744,37,0.864653,392
276992,299744,37,0.875070,392
275720,299744,37,0.885598,392
277696,301768,37,0.885598,392
279616,303736,37,0.885598,392
278464,303736,37,0.893738,392
278528,303736,36,0.893181,416
275648,303736,37,0.853480,416
278304,303736,37,0.894290,416
276744,303736,38,0.903198,416
273528,303736,38,0.843497,416
277336,307592,38,0.843497,416
277648,307592,37,0.841223,416
280632,307592,37,0.902778,416
284240,311248,37,0.902778,416
284960,311248,37,0.898551,416
282680,311248,38,0.885680,416
278648,311248,38,0.804196,416
279152,311248,38,0.799591,416
281768,311248,38,0.890427,416
283632,311248,38,0.879340,416
287712,315376,38,0.879340,416
286616,315376,38,0.886228,416
283960,315376,38,0.873373,416
287296,318760,38,0.873373,416
286912,318760,38,0.875776,408
285600,318760,38,0.882889,360
289616,322824,38,0.882889,360
290400,322824,38,0.878788,360
290632,322824,37,0.877551,368
288912,322824,38,0.885895,368
291976,325936,38,0.885895,368
288456,325936,39,0.877608,368
289488,325936,39,0.872832,368
286904,325936,38,0.860826,320
287512,325936,37,0.857987,320
291440,325936,37,0.863693,320
288000,325936,38,0.879716,320
291080,325936,38,0.865320,320
293176,325936,38,0.853284,320
290112,325936,39,0.869899,320
290456,325936,38,0.868066,352
288192,325936,39,0.878386,352
289824,325936,39,0.870892,352
286016,325936,40,0.877446,352
285208,325936,41,0.880612,336
287104,325936,41,0.872863,336
285472,325936,41,0.879616,336
287824,325936,41,0.869732,336
287088,325936,42,0.872965,328
283456,325936,42,0.868552,328
286384,325936,42,0.855802,328
283032,325936,43,0.870005,328
286512,325936,42,0.855008,368
288992,325936,42,0.841910,368
285664,325936,43,0.858712,368
287736,325936,43,0.848452,368
290456,325936,43,0.832576,368
288144,325936,44,0.846047,368
290104,325936,44,0.834481,368
287448,325936,45,0.849442,368
283728,325936,45,0.866554,368
282552,325936,44,0.871485,368
284784,325936,44,0.862369,368
285856,325936,44,0.857401,368
286368,325936,43,0.854779,416
288696,325936,43,0.842495,416
286056,325936,44,0.856027,416
286712,325936,43,0.852769,440
289776,325936,43,0.835759,440
286224,325936,42,0.855349,440
289008,325936,42,0.840588,440
286960,325936,43,0.851743,400
287552,325936,43,0.848493,400
291112,325936,43,0.827133,400
294728,325936,43,0.879606,400
297456,328712,43,0.879606,400
298712,328712,42,0.872242,408
295992,328712,43,0.883681,408
299560,332328,43,0.883681,408
297488,332328,43,0.893350,408
298520,332328,43,0.888634,408
295736,332328,42,0.792851,408
298272,332328,42,0.771197,408
294792,332328,43,0.799717,368
295408,332328,43,0.794894,368
292224,332328,43,0.816411,368
294584,332328,43,0.800845,368
297824,332328,43,0.774769,368
300224,332328,43,0.858454,368
302864,332328,43,0.886664,368
300920,332328,43,0.896941,368
300408,332328,43,0.899717,320
303632,335600,43,0.899717,320
301712,335600,44,0.907577,320
299080,335600,44,0.818958,320
295152,335600,44,0.842065,320
296592,335600,44,0.834142,320
299624,335600,44,0.814926,320
301776,335600,44,0.798228,320
303992,335600,44,0.879928,320
305256,335600,44,0.872357,320
306032,335600,43,0.867094,368
306600,335600,43,0.862867,368
310456,339504,43,0.862867,368
313440,342536,43,0.862867,368
314752,342536,43,0.852510,368
311328,342536,44,0.840239,368
307704,342536,44,0.717336,368
304672,342536,44,0.748226,368
305456,342536,43,0.740643,408
307688,342536,43,0.717065,408
304752,342536,44,0.746716,408
300672,342536,45,0.778913,408
302640,342536,45,0.764096,408
304744,342536,45,0.745918,408
305744,342536,45,0.736012,408
307256,342536,45,0.719747,408
310392,342536,45,0.679436,408
308552,342536,46,0.704037,408
308728,342536,45,0.701849,408
304664,342536,46,0.745334,408
307288,342536,46,0.718323,408
308912,342536,46,0.698299,408
311960,342536,46,0.804152,408
314872,342536,46,0.915712,408
311248,342536,46,0.824375,408
307232,342536,47,0.840331,408
311232,342536,46,0.824375,424
313440,342536,46,0.922034,424
316888,346032,46,0.922034,424
318504,347696,46,0.922034,424
317888,347696,46,0.924683,424
318920,347696,45,0.920450,432
321048,349872,45,0.920450,432
317968,349872,45,0.840976,432
320616,349872,45,0.922264,432
322992,352296,45,0.922264,432
326360,355712,45,0.922264,432
323120,355712,46,0.853896,432
323608,355712,45,0.850388,464
321552,355712,46,0.863360,464
320520,355712,47,0.869101,456
317536,355712,48,0.883184,456
315936,355712,49,0.889555,456
312576,355712,48,0.799707,456
315200,355712,48,0.781939,456
318960,355712,48,0.895105,456
321128,355712,48,0.914675,456
317528,355712,48,0.857555,456
313960,355712,49,0.873786,456
310400,355712,50,0.886671,456
310560,355712,49,0.886149,456
310816,355712,48,0.885143,504
309576,355712,49,0.889138,504
307616,355712,50,0.894916,504
311384,355712,50,0.894413,504
315312,359688,50,0.894413,504
313360,359688,50,0.900313,504
316472,359688,50,0.890659,504
319560,359688,50,0.908055,504
322128,359688,50,0.923512,504
318272,359688,51,0.874545,504
318888,359688,51,0.871774,504
320040,359688,51,0.866445,504
318144,359688,50,0.867548,504
317488,359688,51,0.870403,480
318584,359688,51,0.865526,480
315856,359688,51,0.876778,480
313704,359688,51,0.884441,480
313728,359688,50,0.884363,480
315104,359688,50,0.879510,480
312672,359688,50,0.887717,480
316560,359688,50,0.881252,480
315776,359688,50,0.884218,480
312168,359688,50,0.891558,480
314088,359688,49,0.885486,520
315568,359688,49,0.880258,520
316552,359688,48,0.876631,520
317080,359688,47,0.874530,536
321008,359688,47,0.862128,536
319744,359688,46,0.868522,536
323488,359688,46,0.887845,536
322504,359688,47,0.892006,536
323568,359688,47,0.887280,536
324176,359688,47,0.884292,536
322448,359688,48,0.891843,536
319384,359688,48,0.864017,536
316136,359688,48,0.877645,536
316176,359688,47,0.877496,536
313088,359688,47,0.888173,536
311936,359688,48,0.891642,536
310632,359688,49,0.895317,536
311888,359688,48,0.891642,584
311296,359688,48,0.893477,584
312056,359688,47,0.891290,584
311600,359688,48,0.892613,584
311864,359688,48,0.891712,584
308624,359688,48,0.900514,584
309472,359688,48,0.898261,584
310496,359688,47,0.895513,600
310432,359688,48,0.895751,576
311552,359688,47,0.892544,608
314064,359688,46,0.884818,608
312808,359688,47,0.888840,600
316768,359688,47,0.885189,600
315688,359688,48,0.889049,560
314216,359688,49,0.893744,560
311848,359688,50,0.900517,560
308608,359688,50,0.908605,560
306424,359688,51,0.913288,560
308640,359688,51,0.908424,560
306072,359688,51,0.913999,560
302192,359688,52,0.917193,560
305368,359688,52,0.911074,560
304248,359688,52,0.913393,560
301264,359688,52,0.918883,560
298784,359688,53,0.922881,560
301824,359688,53,0.917838,560
305848,363760,53,0.917838,560
307672,363760,53,0.914447,560
307184,363760,54,0.915417,528
303616,363760,54,0.869059,528
302592,363760,55,0.871754,512
306680,363760,55,0.916365,512
304464,363760,55,0.920256,512
301240,363760,55,0.891850,512
301600,363760,54,0.891061,528
304336,363760,54,0.884843,528
306656,363760,53,0.878966,576
310720,363760,53,0.908248,576
313832,363760,53,0.900838,576
311448,363760,54,0.906533,576
308808,363760,54,0.912217,576
309080,363760,54,0.911577,576
310600,363760,54,0.908300,576
310944,363760,53,0.907478,608
313888,363760,53,0.900370,608
317408,363760,53,0.890321,608
320736,363760,53,0.915250,608
320696,363760,53,0.915482,608
321112,363760,52,0.914307,632
323280,363760,51,0.907955,648
321408,363760,52,0.913454,648
321192,363760,52,0.914177,648
324384,367000,52,0.914177,648
327104,369768,52,0.914177,648
326560,369768,53,0.915630,648
330152,373408,53,0.915630,648
333152,376456,53,0.915630,648
332832,376456,53,0.916626,632
333080,376456,52,0.915985,632
335664,376456,52,0.916352,632
335640,376456,53,0.916420,632
338208,379072,53,0.916420,632
335736,379072,53,0.886928,632
338240,379072,53,0.916329,632
337672,379072,52,0.918163,632
336888,379072,52,0.892481,592
334784,379072,52,0.891263,592
335824,379072,51,0.887760,592
337112,379072,50,0.883036,608
336264,379072,50,0.886324,608
340208,383064,50,0.886324,608
337696,383064,51,0.894627,608
334960,383064,51,0.902518,608
332600,383064,51,0.908448,608
336464,386976,51,0.908448,608
336696,386976,50,0.907908,608
338704,386976,50,0.902831,608
342184,386976,49,0.892705,648
342904,386976,48,0.890315,664
345576,386976,48,0.880475,664
341688,386976,47,0.863573,664
342240,386976,46,0.861309,672
342936,386976,45,0.858182,720
342216,386976,46,0.861210,720
345568,386976,45,0.845687,760
347288,386976,45,0.836134,760
348248,386976,45,0.830139,760
350176,386976,45,0.817016,760
347136,386976,45,0.836729,760
348456,386976,45,0.828546,760
345088,386976,46,0.847378,760
348648,386976,46,0.827025,760
351896,386976,46,0.803030,760
355192,386976,46,0.848354,760
352280,386976,47,0.867284,760
348952,386976,47,0.854703,760
347376,386976,47,0.863033,760
350208,386976,47,0.847532,760
353632,386976,47,0.859119,760
356080,386976,47,0.841068,760
358920,386976,47,0.899711,760
361600,389704,47,0.899711,760
358976,389704,48,0.863447,760
360728,389704,48,0.904456,760
359208,389704,48,0.908976,760
357552,389704,48,0.895592,760
359232,389704,47,0.886076,808
360840,389704,47,0.875173,808
362392,389704,47,0.904228,808
360912,389704,48,0.912477,808
359880,389704,49,0.917435,808
363088,392960,49,0.917435,808
363440,392960,49,0.915581,808
364064,392960,48,0.912477,816
367272,396216,48,0.912477,816
367840,396216,47,0.909485,816
369000,396216,46,0.902692,816
369720,396216,45,0.897937,816
368112,396216,45,0.898487,816
369608,396216,44,0.888232,824
368576,396216,45,0.895477,824
367512,396216,46,0.902025,824
369080,396216,46,0.903696,824
365872,396216,47,0.827304,824
367832,396216,47,0.910671,824
366360,396216,48,0.917960,824
367168,396216,47,0.914033,840
370496,399592,47,0.914033,840
371272,399592,47,0.909712,840
370664,399592,48,0.912941,840
373744,402720,48,0.912941,840
369816,402720,48,0.807018,840
373160,402720,48,0.915833,840
372000,402720,49,0.921041,840
369552,402720,49,0.878719,840
365792,402720,50,0.849600,840
365240,402720,51,0.852895,832
368776,402720,51,0.882781,832
364776,402720,51,0.836151,832
368056,402720,51,0.886500,832
367528,402720,52,0.889195,808
370496,405736,52,0.889195,808
370744,405736,51,0.888000,808
371312,405736,50,0.884959,848
369488,405736,50,0.893834,848
372272,408568,50,0.893834,848
371552,408568,50,0.897157,832
373064,408568,50,0.890327,832
369784,408568,50,0.840990,832
368816,408568,49,0.847059,832
369400,408568,49,0.843511,832
367272,408568,50,0.854847,832
365952,408568,50,0.861306,832
362912,408568,51,0.873906,800
362288,408568,52,0.876219,792
365224,408568,52,0.864480,792
366920,408568,52,0.856528,792
365240,408568,53,0.864411,744
362888,408568,53,0.874025,744
360168,408568,54,0.883395,744
357952,408568,55,0.890058,744
359696,408568,55,0.884732,744
360896,408568,54,0.880867,744
364888,408568,54,0.892920,744
362464,408568,54,0.843619,744
362216,408568,55,0.844744,744
363520,408568,54,0.838484,776
361824,408568,54,0.846560,776
359272,408568,55,0.857021,776
362864,408568,55,0.899384,776
362784,408568,56,0.899622,776
365616,408568,56,0.912235,776
369496,412496,56,0.912235,776
371384,412496,56,0.906388,776
375432,416592,56,0.906388,776
375488,416592,55,0.906207,776
376024,416592,54,0.904387,792
376896,416592,54,0.901192,792
372904,416592,54,0.864927,792
374984,416592,54,0.855163,792
371896,416592,54,0.869106,792
370384,416592,54,0.875088,792
373336,416592,54,0.863052,792
377248,416592,54,0.899912,792
374632,416592,55,0.908700,792
377536,419544,55,0.908700,792
373944,419544,55,0.809763,792
370864,419544,56,0.825811,792
369560,419544,57,0.831959,760
367960,419544,57,0.838971,760
368400,419544,56,0.837090,776
372248,419544,56,0.912361,776
375696,423040,56,0.912361,776
376440,423040,56,0.910340,776
378288,423040,56,0.905102,776
379184,423040,56,0.902259,776
378944,423040,57,0.902998,776
381792,423040,57,0.909343,776
383000,423040,57,0.905217,776
381904,423040,57,0.908990,776
378904,423040,57,0.826623,776
381064,423040,57,0.813683,776
384392,423040,57,0.900183,776
384136,423040,58,0.901328,728
388072,427024,58,0.901328,728
386784,427024,59,0.905953,712
389184,427024,59,0.915799,712
391968,429856,59,0.915799,712
395184,433120,59,0.915799,712
398184,436168,59,0.915799,712
397768,436168,60,0.917235,688
394320,436168,61,0.882144,688
396096,436168,61,0.874307,688
396704,436168,60,0.871343,712
394032,436168,61,0.883008,712
397128,436168,61,0.898511,712
399960,439048,61,0.898511,712
400904,439048,61,0.894537,712
401840,439048,61,0.890276,712
405232,442488,61,0.890276,712
405744,442488,60,0.887882,720
405808,442488,59,0.887504,736
405048,442488,60,0.890992,736
404984,442488,61,0.891347,720
405368,442488,60,0.889514,744
406960,442488,60,0.881476,744
407504,442488,59,0.878457,760
406032,442488,59,0.861811,760
404144,442488,59,0.872327,760
407728,446120,59,0.872327,760
408576,446120,59,0.867666,760
407376,446120,60,0.873835,760
405624,446120,61,0.881874,760
402512,446120,62,0.893884,760
399584,446120,63,0.903149,760
397296,446120,62,0.909577,760
397472,446120,61,0.909132,760
398952,446120,61,0.905074,760
402712,449928,61,0.905074,760
405352,449928,60,0.897033,792
406600,449928,60,0.892621,792
409528,449928,59,0.881113,792
408808,449928,60,0.884165,792
409624,449928,60,0.880483,792
407248,449928,60,0.846216,792
405584,449928,61,0.854401,792
409424,449928,61,0.881356,792
409936,449928,60,0.878878,840
412976,449928,60,0.863115,840
409392,449928,61,0.868776,840
411232,449928,61,0.859031,840
409752,449928,61,0.867023,840
409240,449928,62,0.869540,832
413256,453992,62,0.869540,832
411488,453992,62,0.877629,832
413384,453992,62,0.868929,832
411184,453992,63,0.878689,832
414456,453992,63,0.876144,832
416120,453992,62,0.867752,832
419344,453992,61,0.896772,856
419720,453992,60,0.894757,888
420312,453992,60,0.891433,888
422760,456488,60,0.891433,888
423528,456488,60,0.886878,888
420256,456488,60,0.842586,888
423544,456488,60,0.886785,888
421312,456488,60,0.875461,888
418528,456488,61,0.886349,888
419080,456488,61,0.883495,888
422592,460048,61,0.883495,888
424512,460048,61,0.873039,888
424928,460048,60,0.870536,896
421000,460048,59,0.836728,896
418600,460048,59,0.851015,896
419368,460048,59,0.846539,896
419312,460048,60,0.846855,896
423048,460048,60,0.881188,896
421736,460048,61,0.887488,896
421192,460048,62,0.889978,880
423032,460048,62,0.881107,880
426160,463224,62,0.881107,880
424568,463224,62,0.888889,880
424336,463224,62,0.890152,872
423520,463224,62,0.893773,872
423856,463224,61,0.892260,904
426360,463224,61,0.880453,904
424696,463224,62,0.888426,904
423144,463224,62,0.895149,904
423520,463224,61,0.893611,912
423856,463224,61,0.892026,912
424712,463224,61,0.888103,912
425776,463224,61,0.882868,912
424528,463224,61,0.888924,912
423856,463224,61,0.888303,912
422896,463224,62,0.892312,912
421128,463224,62,0.899160,912
421360,463224,61,0.898334,912
422808,463224,60,0.892761,936
419584,463224,60,0.828602,912
420312,463224,59,0.824361,912
424240,463224,59,0.886828,912
426000,463224,59,0.878173,912
428384,463224,59,0.917390,912
431280,466168,59,0.917390,912
429536,466168,60,0.923667,912
431816,468496,60,0.923667,912
434296,471024,60,0.923667,912
431912,471024,60,0.886543,912
431384,471024,61,0.888923,896
428984,471024,62,0.898334,896
431344,471024,61,0.888923,936
428304,471024,61,0.892749,936
430632,471024,61,0.883183,936
433232,471024,61,0.926976,936
431072,471024,62,0.917406,936
427552,471024,62,0.875639,936
429856,471024,62,0.921076,936
431416,471024,62,0.916149,936
429920,471024,63,0.920775,928
430712,471024,62,0.918355,944
429264,471024,62,0.922813,912
425728,471024,63,0.887817,912
423720,471024,63,0.894687,912
426624,471024,63,0.922153,912
422608,471024,64,0.884065,912
418840,471024,63,0.877415,912
420512,471024,62,0.871851,912
418208,471024,62,0.879543,912
421496,471024,62,0.868333,912
424352,471024,62,0.856727,912
425800,471024,62,0.849911,912
427240,471024,62,0.842457,912
429048,471024,62,0.832052,912
430216,471024,61,0.824614,936
431600,471024,60,0.815047,944
431952,471024,59,0.812401,952
431056,471024,59,0.819185,952
431128,471024,58,0.818629,960
431552,471024,57,0.815336,1000
432248,471024,57,0.809800,1000
433728,471024,57,0.797321,1000
432984,471024,57,0.803987,1000
433416,471024,57,0.800000,1000
433536,471024,56,0.798909,1008
434944,471024,56,0.785610,1008
438224,471024,56,0.872432,1008
438656,471024,56,0.869069,1008
435408,471024,56,0.845610,1008
436312,471024,56,0.838459,1008
437368,471024,55,0.829639,1016
439792,471024,55,0.859897,1016
437728,471024,56,0.875105,1008
440416,473760,56,0.875105,1008
438344,473760,57,0.887335,1008
439328,473760,57,0.881558,1008
436904,473760,57,0.853097,1008
440320,477224,57,0.853097,1008
437680,477224,58,0.868629,976
440848,477224,58,0.878854,976
439592,477224,59,0.885616,928
439488,477224,60,0.886123,928
439976,477224,60,0.883461,928
437136,477224,60,0.880074,928
433048,477224,61,0.863296,928
430360,477224,62,0.874570,928
427224,477224,63,0.885580,928
428712,477224,63,0.880440,928
430664,477224,63,0.873012,928
432720,477224,63,0.864132,928
430552,477224,63,0.873515,912
433352,477224,63,0.861292,912
433672,477224,62,0.859769,912
431832,477224,63,0.868095,912
428880,477224,63,0.879736,912
431480,477224,63,0.869576,912
430632,477224,64,0.873012,912
431312,477224,64,0.870074,912
429800,477224,65,0.876031,912
431504,477224,65,0.869075,912
430824,477224,65,0.872058,912
430216,477224,64,0.874816,912
430392,477224,63,0.874138,912
432272,477224,63,0.866195,912
428536,477224,64,0.880775,912
425640,477224,65,0.890060,912
425784,477224,64,0.889609,920
429672,477224,64,0.887116,920
431136,477224,63,0.881712,968
428600,477224,63,0.890658,968
430560,477224,63,0.883831,968
433064,477224,63,0.873818,968
435760,477224,63,0.860929,968
436680,477224,63,0.855731,968
437184,477224,62,0.852681,1000
437312,477224,61,0.851793,1024
441344,481304,61,0.851793,1024
439616,481304,62,0.861301,1024
443456,485192,62,0.861301,1024
439528,485192,63,0.872732,1024
439568,485192,62,0.872567,1024
439792,485192,61,0.871634,1024
443328,485192,61,0.854605,1024
446968,485192,61,0.862140,1024
448112,485192,61,0.854716,1024
451712,488840,61,0.854716,1024
451488,488840,62,0.856172,1024
449528,488840,63,0.867763,1024
449712,488840,62,0.866755,1024
447208,488840,62,0.879496,1024
446296,488840,62,0.883681,1024
446576,488840,61,0.882456,1032
450264,492576,61,0.882456,1032
451192,492576,61,0.878108,1032
450856,492576,61,0.879857,1032
454760,496528,61,0.879857,1032
451432,496528,62,0.889421,1032
450432,496528,63,0.892977,1032
451688,496528,63,0.888292,1032
448448,496528,64,0.899249,1032
450416,496528,64,0.892701,1032
448952,496528,64,0.897839,984
446360,496528,64,0.905498,984
442720,496528,64,0.899034,984
445568,496528,64,0.890913,984
447624,496528,64,0.884143,984
448096,496528,64,0.882339,984
447936,496528,63,0.873960,984
447760,496528,64,0.874616,984
444160,496528,65,0.886679,984
446112,496528,64,0.880415,992
448320,496528,64,0.872289,992
447808,496528,64,0.874586,944
451392,496528,63,0.859640,960
452008,496528,63,0.856485,960
450968,496528,63,0.861583,960
448168,496528,64,0.873175,960
445960,496528,64,0.881193,960
446248,496528,63,0.880199,968
446872,496528,63,0.877880,968
450544,496528,63,0.892645,968
447448,496528,63,0.899016,968
451096,500224,63,0.899016,968
450032,500224,63,0.902201,968
454016,504256,63,0.902201,968
452640,504256,62,0.897408,968
450936,504256,62,0.902079,968
450512,504256,63,0.903246,928
451592,504256,62,0.900402,960
450424,504256,63,0.903385,960
448704,504256,63,0.907575,960
449040,504256,62,0.906788,968
452216,504256,61,0.898731,1008
451160,504256,61,0.872651,1000
450160,504256,61,0.876041,1000
450920,504256,61,0.873444,1000
454520,504256,61,0.901237,1000
458360,508144,61,0.901237,1000
461760,508144,60,0.894228,1048
462888,508144,59,0.890151,1088
459920,508144,60,0.899952,1088
456632,508144,60,0.902077,1088
458648,508144,60,0.896224,1088
459920,508144,60,0.892100,1088
459488,508144,60,0.893637,1088
463472,512176,60,0.893637,1088
466936,512176,60,0.889743,1088
463320,512176,60,0.890097,1088
462416,512176,61,0.892980,1080
460880,512176,60,0.897780,1080
458232,512176,61,0.904713,1080
456616,512176,62,0.908501,1080
455232,512176,63,0.911530,1072
455936,512176,62,0.910023,1072
452992,512176,63,0.916004,1072
454272,512176,63,0.913408,1072
455920,512176,63,0.909849,1072
453136,512176,63,0.868469,1072
454480,512176,63,0.864181,1072
454688,512176,62,0.863517,1072
453248,512176,63,0.867990,1072
452328,512176,63,0.870836,1072
450840,512176,64,0.874978,1072
451328,512176,63,0.873561,1104
449816,512176,63,0.877802,1072
446488,512176,64,0.885809,1072
449600,512176,63,0.878294,1096
450656,512176,62,0.875408,1144
450584,512176,63,0.875622,1136
448136,512176,64,0.881826,1136
451856,512176,63,0.872134,1136
455672,512176,63,0.919799,1136
455392,512176,64,0.920352,1128
457552,512176,64,0.915909,1128
459440,512176,63,0.911621,1160
460600,512176,63,0.908692,1160
463848,512176,63,0.899614,1160
467536,515912,63,0.899614,1160
471128,519552,63,0.899614,1160
468624,519552,64,0.906664,1160
464864,519552,64,0.901683,1160
465080,519552,63,0.901141,1160
463232,519552,63,0.905697,1160
464976,519552,63,0.901403,1160
464544,519552,63,0.902591,1160
460640,519552,64,0.910737,1160
463720,519552,64,0.903861,1160
466952,519552,64,0.895414,1160
465176,519552,65,0.900164,1160
466992,519552,65,0.895166,1160
468088,519552,64,0.891916,1184
466224,519552,65,0.897220,1184
466280,519552,64,0.897068,1184
465928,519552,64,0.898142,1184
466536,519552,64,0.896369,1184
465776,519552,64,0.898545,1184
467128,519552,64,0.894714,1184
467872,519552,64,0.892416,1184
468536,519552,64,0.890263,1184
469712,519552,64,0.886353,1184
470976,519552,64,0.881840,1184
474280,519552,64,0.868499,1184
473016,519552,65,0.873869,1184
471920,519552,66,0.878274,1160
473152,519552,65,0.873280,1192
474840,519552,65,0.865713,1192
476552,519552,65,0.857059,1192
479416,519552,65,0.840000,1192
479040,519552,65,0.842784,1184
482544,519552,65,0.875564,1184
479920,519552,66,0.889224,1184
483816,523496,66,0.889224,1184
486480,526208,66,0.889224,1184
482832,526208,66,0.853333,1184
483984,526208,66,0.846667,1184
480152,526208,66,0.866314,1184
482848,526208,66,0.852992,1184
482664,526208,67,0.853968,1184
485312,526208,66,0.838545,1184
486248,526208,65,0.832005,1224
488976,526208,65,0.876923,1224
489464,526208,64,0.873798,1264
493168,529960,64,0.873798,1264
489568,529960,65,0.852411,1264
491576,529960,64,0.839171,1264
495440,533872,64,0.839171,1264
497696,533872,64,0.820717,1264
494280,533872,64,0.847095,1264
494704,533872,63,0.844183,1280
492200,533872,63,0.859682,1280
489416,533872,64,0.873418,1280
491720,533872,64,0.862006,1280
490792,533872,65,0.866746,1280
487208,533872,66,0.882414,1264
487736,533872,65,0.880287,1280
489056,533872,65,0.874582,1280
492040,533872,65,0.859769,1280
490600,533872,66,0.867217,1280
490176,533872,67,0.869338,1264
490640,533872,66,0.867100,1264
493912,533872,66,0.848536,1264
492104,533872,66,0.859507,1264
488400,533872,67,0.873704,1264
488648,533872,66,0.872557,1280
492432,537704,66,0.872557,1280
488840,537704,67,0.886575,1280
492032,537704,67,0.874082,1280
490064,537704,68,0.881978,1280
487416,537704,69,0.891161,1280
491032,537704,69,0.881454,1280
494768,541488,69,0.881454,1280
495088,541488,68,0.880064,1312
495776,541488,67,0.877049,1360
497528,541488,67,0.868996,1360
500056,541488,67,0.855445,1360
498904,541488,68,0.861836,1360
496696,541488,67,0.869958,1360
497560,541488,67,0.865637,1360
498024,541488,67,0.863083,1360
498776,541488,67,0.858892,1360
496696,541488,67,0.869516,1360
498048,541488,67,0.862716,1360
498728,541488,67,0.858892,1360
494888,541488,67,0.750600,1360
494680,541488,68,0.752315,1360
490816,541488,68,0.780694,1360
490952,541488,67,0.779765,1368
491032,541488,66,0.779245,1368
487608,541488,66,0.799743,1368
488000,541488,65,0.797534,1384
490648,541488,65,0.781615,1384
490232,541488,65,0.784580,1376
486696,541488,65,0.804715,1376
485792,541488,65,0.809446,1376
487360,541488,65,0.801274,1376
487792,541488,64,0.798969,1376
490120,541488,64,0.785272,1376
491456,541488,64,0.776398,1376
492688,541488,63,0.767569,1416
494688,541488,63,0.751790,1416
496608,541488,63,0.734468,1416
499992,541488,63,0.697674,1416
499656,541488,63,0.702385,1408
501400,541488,63,0.679562,1408
498552,541488,62,0.715415,1408
497832,541488,62,0.723486,1408
497328,541488,63,0.728538,1408
498488,541488,63,0.716106,1408
501808,541488,63,0.820932,1408
504568,541488,63,0.796040,1408
502864,541488,64,0.811907,1408
499560,541488,65,0.836560,1408
500000,541488,64,0.833656,1408
497336,541488,65,0.849810,1408
493400,541488,66,0.868656,1408
493256,541488,66,0.869488,1400
491440,541488,65,0.876941,1400
488912,541488,65,0.885733,1400
487680,541488,66,0.889509,1400
489392,541488,65,0.884166,1408
485704,541488,65,0.800122,1408
482872,541488,66,0.813556,1408
483336,541488,65,0.811299,1448
484336,541488,65,0.806426,1448
487872,541488,65,0.787676,1448
491960,541488,65,0.886806,1448
490208,541488,65,0.892684,1448
489152,541488,66,0.895996,1400
492120,541488,66,0.886419,1400
493928,541488,66,0.879596,1400
495288,541488,66,0.873847,1400
497720,541488,66,0.862263,1400
493760,541488,66,0.801135,1400
496608,541488,66,0.780654,1400
496800,541488,65,0.779083,1408
497840,541488,65,0.770125,1408
496096,541488,64,0.784877,1408
495560,541488,65,0.788941,1392
498600,541488,65,0.882155,1392
499560,541488,64,0.877661,1392
497560,541488,65,0.886665,1392
495584,541488,66,0.894347,1392
494456,541488,67,0.898417,1352
496848,541488,67,0.889527,1352
498792,541488,66,0.881210,1360
501104,541488,66,0.869314,1360
499184,541488,67,0.879348,1320
501640,541488,67,0.866227,1320
500016,541488,67,0.875283,1320
499488,541488,68,0.877971,1304
497680,541488,69,0.886128,1304
500384,541488,69,0.914389,1304
502704,543856,69,0.914389,1304
505712,546912,69,0.914389,1304
503792,546912,70,0.920659,1304
506576,549744,70,0.920659,1304
505504,549744,70,0.923910,1304
501768,549744,71,0.879763,1304
503336,549744,71,0.873167,1304
499744,549744,72,0.886952,1304
499120,549744,73,0.889047,1304
497344,549744,72,0.894891,1304
500752,549744,72,0.883570,1304
504128,549744,72,0.922690,1304
505272,549744,71,0.919406,1328
505624,549744,70,0.918361,1328
502416,549744,70,0.883158,1328
503848,549744,70,0.877178,1328
500800,549744,71,0.888889,1328
502160,549744,70,0.883952,1328
501672,549744,70,0.886095,1288
501824,549744,69,0.885508,1296
501080,549744,70,0.888189,1296
498760,549744,70,0.895946,1296
502088,549744,70,0.900910,1296
500088,549744,71,0.906960,1296
502392,549744,71,0.899763,1296
506208,553608,71,0.899763,1296
503560,553608,71,0.859352,1296
505464,553608,71,0.850539,1296
504112,553608,71,0.856967,1296
505912,553608,71,0.848359,1296
504736,553608,72,0.853952,1296
502040,553608,72,0.865527,1296
505088,553608,71,0.852546,1296
501200,553608,72,0.868712,1296
497480,553608,73,0.881176,1296
497560,553608,72,0.880933,1296
498912,553608,72,0.876512,1296
494976,553608,73,0.888184,1296
492880,553608,73,0.893660,1296
496952,553608,73,0.900766,1296
493440,553608,73,0.908939,1296
493896,553608,72,0.907969,1296
492416,553608,73,0.911047,1296
493608,553608,73,0.908482,1296
497304,553608,72,0.899817,1320
494624,553608,73,0.906214,1320
491928,553608,74,0.911875,1320
493392,553608,74,0.908788,1320
494832,553608,74,0.905530,1320
495624,553608,73,0.903624,1352
495184,553608,74,0.904688,1336
491776,553608,74,0.912049,1336
493088,553608,74,0.909292,1336
495088,553608,74,0.904799,1336
494768,553608,74,0.905711,1304
493768,553608,74,0.908020,1304
492976,553608,75,0.909758,1272
491528,553608,75,0.912750,1272
490080,553608,76,0.915507,1248
490504,553608,75,0.914731,1248
494040,553608,75,0.907554,1248
497472,553608,75,0.899325,1248
500056,553608,75,0.892058,1248
502248,553608,75,0.884993,1248
501760,553608,75,0.886766,1248
500720,553608,75,0.890203,1248
503448,553608,75,0.880987,1248
499608,553608,75,0.888745,1248
502984,553608,75,0.877385,1248
503128,553608,74,0.876827,1256
500296,553608,75,0.886459,1256
503960,553608,75,0.873492,1256
500584,553608,76,0.885396,1256
504136,553608,76,0.895415,1256
503744,553608,77,0.896721,1240
501440,553608,76,0.826037,1240
501120,553608,77,0.827610,1240
499200,553608,77,0.836687,1240
501664,553608,77,0.824920,1240
503256,553608,77,0.816277,1240
505944,553608,77,0.889530,1240
508448,553608,77,0.946163,1240
507672,553608,78,0.947705,1192
510256,556240,78,0.947705,1192
509384,556240,79,0.949244,1192
506064,556240,80,0.899247,1192
508224,556240,80,0.951080,1192
511472,559536,80,0.951080,1192
507528,559536,81,0.886301,1192
505776,559536,82,0.891767,1192
508248,559536,82,0.948349,1192
509640,559536,81,0.946086,1224
505824,559536,81,0.883608,1224
506184,559536,80,0.882418,1232
502864,559536,81,0.892348,1232
504512,559536,81,0.887495,1232
503048,559536,81,0.891842,1232
502688,559536,82,0.892872,1216
501328,559536,83,0.896437,1216
497936,559536,83,0.904478,1216
496136,559536,84,0.908208,1216
498728,559536,84,0.902632,1216
502656,559536,84,0.904579,1216
501792,559536,84,0.906733,1216
497944,559536,85,0.913036,1216
501536,559536,85,0.905240,1216
500832,559536,85,0.906963,1216
499872,559536,86,0.909074,1216
501400,559536,86,0.905557,1216
504776,559536,86,0.946409,1216
500936,559536,87,0.906706,1216
504856,563504,87,0.906706,1216
504048,563504,88,0.908537,1200
506728,563504,88,0.949052,1200
509080,565904,88,0.949052,1200
511240,568112,88,0.949052,1200
509184,568112,89,0.950232,1200
510360,568112,88,0.948774,1200
508392,568112,89,0.951169,1200
508200,568112,90,0.951399,1192
510016,568112,90,0.949159,1192
513104,571248,90,0.949159,1192
515104,571248,89,0.946514,1192
516944,571248,89,0.958853,1192
516176,571248,89,0.959752,1192
517152,571248,89,0.958618,1192
515224,571248,89,0.936534,1192
512496,571248,90,0.933541,1192
515576,574376,90,0.933541,1192
516080,574376,89,0.932702,1200
513624,574376,90,0.936546,1200
515072,574376,89,0.934297,1224
513232,574376,89,0.937154,1224
509360,574376,89,0.905510,1224
510824,574376,88,0.902409,1264
508920,574376,88,0.906397,1264
512600,574376,88,0.938068,1264
509872,574376,88,0.933880,1264
513160,577712,88,0.933880,1264
509072,577712,88,0.905495,1264
507928,577712,88,0.907655,1264
504424,577712,87,0.871718,1264
506536,577712,87,0.866547,1264
509032,577712,87,0.859897,1264
508952,577712,88,0.860116,1264
508912,577712,88,0.860356,1264
507656,577712,88,0.863823,1264
509176,577712,88,0.859633,1264
510920,577712,88,0.854516,1264
514432,577712,88,0.843158,1264
516248,577712,88,0.836473,1264
517256,577712,88,0.832427,1264
513960,577712,87,0.844765,1264
517016,577712,87,0.833551,1264
513424,577712,86,0.846708,1264
515376,577712,86,0.839842,1264
511688,577712,87,0.852060,1264
510096,577712,86,0.857051,1264
512656,577712,86,0.849190,1264
515224,577712,86,0.840386,1264
511936,577712,87,0.851297,1264
512520,577712,86,0.849470,1264
511824,577712,87,0.851643,1264
512328,577712,86,0.850025,1280
510608,577712,87,0.855316,1256
510704,577712,86,0.855011,1264
507776,577712,87,0.863135,1264
505464,577712,87,0.869049,1264
506024,577712,86,0.867634,1288
506824,577712,85,0.865604,1304
505304,577712,85,0.869451,1304
503840,577712,86,0.872939,1264
504048,577712,85,0.872432,1280
507792,577712,85,0.935721,1280
504344,577712,86,0.938119,1280
504192,577712,86,0.938349,1272
504136,577712,86,0.938464,1272
505176,577712,85,0.937263,1304
505040,577712,85,0.937482,1296
501360,577712,85,0.924049,1296
504928,577712,85,0.937609,1296
501928,577712,86,0.940821,1296
501424,577712,87,0.941337,1288
503296,577712,87,0.939356,1288
500432,577712,87,0.942310,1288
501224,577712,86,0.941536,1288
502280,577712,85,0.940470,1288
505288,577712,85,0.937154,1288
507256,577712,85,0.934756,1288
508624,577712,84,0.932991,1312
506864,577712,84,0.935266,1312
507096,577712,83,0.934983,1312
503184,577712,83,0.878860,1312
507016,577712,83,0.935081,1312
506512,577712,84,0.935729,1280
504528,577712,84,0.938084,1272
506576,577712,84,0.935662,1272
510368,581552,84,0.935662,1272
508696,581552,85,0.937609,1272
510568,581552,85,0.935363,1272
509176,581552,86,0.937044,1240
506320,581552,86,0.934665,1240
508800,581552,86,0.931670,1240
512360,581552,86,0.933095,1240
511184,581552,86,0.934647,1240
511208,581552,85,0.934618,1240
509640,581552,84,0.936618,1240
513256,585216,84,0.936618,1240
509872,585216,85,0.940330,1240
508536,585216,85,0.941725,1240
505936,585216,86,0.944178,1240
509288,585216,85,0.940967,1248
508352,585216,84,0.941992,1248
508960,585216,83,0.941376,1264
510256,585216,82,0.940047,1272
511432,585216,82,0.938744,1272
508424,585216,83,0.941851,1272
508808,585216,82,0.941456,1288
508200,585216,82,0.942101,1288
508800,585216,81,0.941472,1328
508072,585216,81,0.942233,1328
510904,585216,81,0.939304,1328
509336,585216,81,0.940983,1328
507336,585216,81,0.942982,1328
506400,585216,81,0.943931,1288
504520,585216,82,0.945595,1288
502192,585216,82,0.947561,1288
503544,585216,81,0.946453,1296
506136,585216,80,0.944200,1304
509936,589064,80,0.944200,1304
512192,589064,80,0.942039,1304
509000,589064,81,0.944990,1304
510592,589064,81,0.943512,1304
511888,589064,81,0.942241,1304
510656,589064,82,0.943446,1264
513576,589064,81,0.940576,1288
513088,589064,82,0.941104,1256
510592,589064,82,0.943557,1256
514136,592656,82,0.943557,1256
510944,592656,82,0.944161,1256
512184,592656,81,0.943049,1272
512808,592656,81,0.942436,1272
510504,592656,81,0.944527,1272
512120,592656,81,0.943064,1272
510168,592656,81,0.944813,1272
511744,592656,81,0.943401,1272
510760,592656,81,0.944307,1272
510664,592656,82,0.944396,1264
512176,592656,82,0.943020,1264
514064,592656,82,0.941215,1264
510784,592656,83,0.944210,1264
507728,592656,83,0.946776,1264
509256,592656,83,0.945503,1264
508576,592656,84,0.946060,1264
508224,592656,84,0.946382,1264
507760,592656,84,0.946788,1264
506072,592656,85,0.948086,1264
504800,592656,86,0.949024,1264
501568,592656,86,0.951291,1264
504888,592656,86,0.948960,1264
506880,592656,86,0.947436,1264
503712,592656,86,0.949799,1264
506344,592656,86,0.947845,1264
508632,592656,86,0.946014,1264
509808,592656,86,0.945002,1264
512584,592656,86,0.942517,1264
514864,592656,86,0.940293,1264
514112,592656,85,0.941122,1264
515816,592656,85,0.939382,1264
516616,592656,84,0.938527,1288
516016,592656,85,0.939193,1248
516224,592656,84,0.938961,1264
515888,592656,84,0.939390,1232
516088,592656,83,0.939185,1232
513384,592656,83,0.941892,1232
511392,592656,83,0.943748,1232
514968,592656,82,0.942652,1248
515528,592656,81,0.942083,1280
513272,592656,81,0.944236,1280
515392,592656,81,0.942215,1280
514008,592656,82,0.943522,1280
516280,592656,82,0.941296,1280
513344,592656,83,0.944085,1280
509808,592656,83,0.945070,1280
506696,592656,82,0.929587,1256
509680,592656,82,0.926332,1256
512040,592656,82,0.923525,1256
512480,592656,81,0.922989,1256
508696,592656,82,0.927369,1256
510848,592656,82,0.924885,1256
509840,592656,83,0.926044,1256
511088,592656,82,0.924575,1280
508608,592656,83,0.927386,1280
511512,592656,83,0.924016,1280
511264,592656,83,0.924368,1280
513568,592656,83,0.921477,1280
513392,592656,84,0.921701,1280
517184,592656,84,0.916505,1280
516024,592656,83,0.918279,1280
516736,592656,82,0.917260,1296
515224,592656,82,0.919413,1296
512896,592656,82,0.922485,1296
514928,592656,81,0.919819,1336
510944,592656,81,0.919995,1336
510256,592656,81,0.920959,1288
511216,592656,80,0.919735,1320
510784,592656,81,0.920273,1320
509984,592656,82,0.921278,1296
510304,592656,81,0.920891,1296
511984,592656,80,0.918782,1304
515448,592656,80,0.914014,1304
516472,592656,79,0.912481,1328
512680,592656,79,0.917848,1328
513080,592656,78,0.917310,1336
512848,592656,78,0.917680,1336
511608,592656,79,0.919302,1320
514880,592656,78,0.914868,1368
514976,592656,77,0.914721,1376
513936,592656,78,0.916211,1344
510456,592656,78,0.920813,1304
511928,592656,77,0.918936,1336
511888,592656,78,0.918987,1336
513680,592656,78,0.916569,1336
510432,592656,79,0.920744,1336
511872,592656,78,0.918946,1336
509096,592656,78,0.922399,1336
510184,592656,77,0.921085,1352
508976,592656,76,0.922633,1352
509320,592656,75,0.922211,1368
511960,592656,75,0.918916,1368
511456,592656,75,0.919635,1352
509200,592656,75,0.922427,1352
508024,592656,75,0.923833,1352
509616,592656,75,0.921938,1352
511160,592656,74,0.920045,1368
509000,592656,74,0.922698,1368
512320,592656,74,0.918577,1368
515096,592656,74,0.914767,1368
514640,592656,75,0.915406,1368
516880,592656,75,0.912098,1368
516168,592656,76,0.913179,1352
512952,592656,76,0.917712,1352
516656,592656,75,0.912469,1392
517752,592656,75,0.910732,1392
514288,592656,75,0.915860,1392
516952,592656,75,0.911954,1392
513384,592656,75,0.917086,1392
514088,592656,74,0.916101,1416
510576,592656,75,0.920647,1416
507464,592656,76,0.924282,1416
509600,592656,76,0.921767,1416
512096,592656,76,0.918618,1416
510384,592656,77,0.920774,1408
512768,592656,77,0.917691,1408
509104,592656,78,0.922249,1408
511888,592656,78,0.918772,1408
509728,592656,79,0.921451,1408
506880,592656,79,0.924778,1408
508384,592656,79,0.923031,1408
512000,592656,79,0.918566,1408
509168,592656,79,0.922117,1408
505792,592656,79,0.925956,1408
507032,592656,78,0.924575,1440
508560,592656,78,0.922791,1440
506448,592656,78,0.925215,1440
506720,592656,77,0.924918,1440
503144,592656,77,0.928706,1424
500840,592656,77,0.930957,1424
504352,592656,77,0.927492,1424
501992,592656,77,0.929911,1384
502256,592656,76,0.929642,1400
500472,592656,77,0.931318,1400
501680,592656,77,0.930147,1400
499072,592656,77,0.932578,1400
499888,592656,76,0.931842,1408
496536,592656,77,0.934774,1368
494552,592656,77,0.936412,1368
494904,592656,76,0.936115,1392
498608,592656,76,0.932993,1392
499512,592656,75,0.932187,1400
496928,592656,75,0.934461,1400
497280,592656,74,0.934139,1432
495264,592656,74,0.935835,1432
493072,592656,75,0.937542,1432
490168,592656,76,0.939670,1432
493568,592656,76,0.937127,1432
493808,592656,75,0.936930,1448
493224,592656,75,0.937415,1448
495768,592656,75,0.935377,1448
496032,592656,74,0.935142,1472
492712,592656,74,0.937784,1472
493928,592656,74,0.936818,1472
490848,592656,75,0.939121,1472
489584,592656,75,0.940052,1472
491176,592656,75,0.938884,1472
493488,592656,75,0.937121,1472
491216,592656,74,0.938890,1472
493664,592656,74,0.937023,1472
490104,592656,74,0.939687,1472
492224,592656,73,0.938149,1472
490088,592656,73,0.939732,1472
493664,592656,73,0.937060,1472
491848,592656,73,0.938463,1472
489896,592656,74,0.939867,1472
488248,592656,75,0.941004,1472
492328,592656,75,0.938072,1472
493008,592656,74,0.937561,1472
492648,592656,74,0.937874,1464
496408,592656,74,0.934879,1464
497168,592656,73,0.934240,1472
494184,592656,73,0.936694,1472
490856,592656,74,0.939185,1472
494768,592656,74,0.936198,1472
494328,592656,75,0.936544,1472
496784,592656,75,0.934521,1472
496976,592656,74,0.934361,1472
495032,592656,75,0.935956,1464
495872,592656,74,0.935273,1472
494168,592656,73,0.936706,1472
494408,592656,73,0.936481,1472
494144,592656,73,0.936725,1472
495096,592656,72,0.935969,1480
493224,592656,72,0.937464,1480
492608,592656,73,0.937928,1480
490144,592656,74,0.939721,1480
487480,592656,74,0.941577,1480
487352,592656,74,0.941710,1456
491312,592656,74,0.938936,1456
488624,592656,75,0.940825,1456
489736,592656,75,0.940024,1456
487304,592656,74,0.941741,1456
489568,592656,74,0.940175,1456
489592,592656,73,0.940158,1456
486216,592656,73,0.942451,1456
483176,592656,74,0.944343,1456
483984,592656,73,0.943843,1472
486880,592656,72,0.942009,1472
484520,592656,72,0.943542,1472
483240,592656,72,0.944353,1472
481888,592656,72,0.945183,1472
480912,592656,72,0.945775,1472
478536,592656,73,0.947100,1472
481944,592656,72,0.945155,1512
482584,592656,71,0.944769,1528
484392,592656,71,0.943646,1528
486912,592656,71,0.942015,1528
489792,592656,70,0.940052,1552
490016,592656,69,0.939890,1560
492720,592656,69,0.937892,1560
496120,592656,69,0.935195,1560
494776,592656,70,0.936274,1560
497992,592656,69,0.933602,1592
496784,592656,69,0.934661,1592
499064,592656,69,0.932670,1592
497256,592656,70,0.934227,1592
500824,592656,69,0.931053,1624
497256,592656,70,0.934227,1592
497504,592656,69,0.934004,1608
497152,592656,70,0.934321,1584
494568,592656,70,0.936456,1584
492096,592656,71,0.938339,1584
492496,592656,70,0.938042,1584
489440,592656,70,0.940275,1584
492360,592656,70,0.938143,1584
493952,592656,69,0.936911,1616
491832,592656,70,0.938510,1616
493664,592656,70,0.937096,1616
496400,592656,70,0.934879,1616
495840,592656,71,0.935357,1592
496224,592656,70,0.935005,1640
494784,592656,70,0.936204,1640
491168,592656,71,0.938942,1640
490728,592656,72,0.939259,1640
486848,592656,73,0.941920,1640
485680,592656,73,0.942722,1616
484776,592656,74,0.943298,1608
487264,592656,74,0.941667,1608
487920,592656,73,0.941209,1640
486376,592656,74,0.942239,1624
486392,592656,73,0.942228,1624
488216,592656,73,0.940988,1624
485296,592656,73,0.914108,1600
483888,592656,74,0.915429,1600
485648,592656,73,0.913772,1600
486744,592656,72,0.912698,1608
487216,592656,71,0.912192,1648
491272,592656,71,0.907906,1648
488376,592656,72,0.910972,1648
489344,592656,72,0.909920,1648
490680,592656,71,0.908489,1656
487128,592656,72,0.912176,1656
487936,592656,71,0.911339,1680
485352,592656,72,0.913887,1680
483192,592656,73,0.915907,1680
483560,592656,72,0.915562,1688
486648,592656,71,0.912596,1712
486176,592656,71,0.913145,1672
483584,592656,72,0.915599,1672
486600,592656,71,0.912706,1696
489240,592656,71,0.909979,1696
488216,592656,72,0.911062,1672
488576,592656,72,0.910643,1672
487624,592656,73,0.911622,1664
486256,592656,73,0.913051,1640
487840,592656,73,0.911428,1640
486280,592656,74,0.912981,1640
486016,592656,75,0.913254,1624
482120,592656,75,0.916924,1624
483216,592656,75,0.915892,1624
480512,592656,75,0.918333,1624
480040,592656,76,0.918737,1624
483320,592656,75,0.915826,1640
485456,592656,74,0.913810,1656
484368,592656,75,0.914856,1640
482472,592656,75,0.916638,1640
483400,592656,74,0.915789,1648
484480,592656,73,0.914766,1672
484360,592656,72,0.892666,1664
486928,592656,71,0.889532,1680
483312,592656,72,0.893868,1680
486304,592656,72,0.890246,1680
482392,592656,72,0.894918,1680
483208,592656,72,0.893933,1680
483240,592656,71,0.893896,1680
484544,592656,71,0.892316,1680
484896,592656,71,0.891839,1680
481352,592656,72,0.895920,1680
483640,592656,72,0.893266,1680
482136,592656,71,0.895098,1680
481016,592656,70,0.896485,1648
484352,592656,70,0.892637,1648
483784,592656,71,0.893350,1608
485672,592656,71,0.891049,1608
487016,592656,71,0.889332,1608
486592,592656,72,0.889860,1608
490544,592656,72,0.884663,1608
490160,592656,72,0.885269,1592
492032,592656,72,0.882624,1592
491792,592656,73,0.882984,1576
491360,592656,74,0.883586,1576
489832,592656,74,0.885730,1576
491064,592656,74,0.883995,1576
491120,592656,73,0.883918,1576
492944,592656,72,0.881313,1600
492136,592656,73,0.882500,1576
495664,592656,72,0.877272,1592
494368,592656,72,0.879321,1584
494664,592656,71,0.878806,1632
494264,592656,71,0.879475,1632
497384,592656,70,0.874589,1672
495952,592656,71,0.876852,1672
494984,592656,71,0.878408,1672
498088,592656,71,0.873447,1672
498472,592656,70,0.872748,1712
496512,592656,70,0.875989,1712
496976,592656,70,0.875179,1712
494096,592656,71,0.879641,1688
490520,592656,71,0.884782,1688
490608,592656,70,0.884652,1696
491664,592656,69,0.883163,1720
489032,592656,68,0.886852,1720
490344,592656,68,0.885042,1720
488512,592656,68,0.887529,1720
490064,592656,68,0.885420,1720
486784,592656,69,0.889681,1704
486224,592656,69,0.890472,1672
487832,592656,69,0.888402,1672
488688,592656,69,0.887238,1672
485512,592656,69,0.891281,1672
488048,592656,69,0.888064,1672
485080,592656,68,0.891858,1672
484808,592656,69,0.892183,1672
486048,592656,68,0.890668,1688
484728,592656,69,0.892259,1688
481824,592656,68,0.895707,1688
479320,592656,68,0.898471,1688
480192,592656,68,0.897492,1688
482440,592656,68,0.894963,1688
482664,592656,67,0.894701,1696
484544,592656,67,0.892467,1696
482392,592656,68,0.894954,1696
483336,592656,68,0.893822,1696
479888,592656,69,0.897655,1696
483856,592656,69,0.893163,1696
483288,592656,69,0.893878,1696
487152,592656,69,0.889171,1696
484104,592656,70,0.892873,1696
484920,592656,69,0.891887,1712
480992,592656,70,0.896388,1712
484088,592656,70,0.892816,1712
481000,592656,70,0.896379,1712
477880,592656,71,0.899737,1672
480016,592656,70,0.897475,1688
482000,592656,70,0.895242,1688
481600,592656,71,0.895698,1680
480808,592656,72,0.896590,1664
477376,592656,72,0.900261,1664
474384,592656,71,0.883684,1664
471168,592656,72,0.887305,1632
468600,592656,72,0.890061,1632
470312,592656,72,0.888221,1632
468784,592656,73,0.889822,1632
470904,592656,73,0.887537,1632
467496,592656,74,0.891127,1592
466888,592656,75,0.891761,1568
465448,592656,76,0.893176,1568
463416,592656,77,0.895150,1528
466232,592656,76,0.892426,1552
462416,592656,77,0.896054,1552
460432,592656,77,0.897888,1552
462336,592656,77,0.896128,1552
466264,592656,76,0.892394,1552
464952,592656,76,0.893717,1552
465616,592656,75,0.893044,1584
466632,592656,75,0.891999,1584
469424,592656,75,0.889107,1584
465912,592656,75,0.892709,1584
468400,592656,75,0.890167,1584
469824,592656,74,0.888670,1600
465960,592656,75,0.892599,1600
464800,592656,76,0.893725,1600
465720,592656,76,0.892787,1600
466760,592656,76,0.891713,1600
469856,592656,76,0.888484,1600
469760,592656,77,0.888594,1592
472152,592656,77,0.885958,1592
471072,592656,77,0.887227,1560
470296,592656,77,0.888111,1560
472576,592656,77,0.885576,1560
474256,592656,77,0.883620,1560
477272,592656,77,0.879980,1560
478368,592656,77,0.878563,1560
478712,592656,76,0.878099,1584
476216,592656,76,0.881231,1584
479216,592656,76,0.877459,1584
477344,592656,77,0.879804,1584
477464,592656,76,0.879656,1584
473632,592656,76,0.884252,1584
476816,592656,76,0.880449,1584
480632,592656,75,0.875624,1584
478064,592656,74,0.879032,1584
478376,592656,73,0.878643,1584
477016,592656,74,0.880322,1584
475008,592656,74,0.882775,1584
477344,592656,74,0.879922,1584
478176,592656,73,0.878843,1624
476496,592656,73,0.880962,1624
480224,592656,73,0.876231,1624
480080,592656,74,0.876429,1616
479736,592656,74,0.876977,1584
480152,592656,73,0.876419,1600
480768,592656,72,0.875592,1616
478320,592656,73,0.878733,1616
482288,592656,73,0.873494,1616
479552,592656,74,0.877111,1616
480504,592656,73,0.875855,1632
477504,592656,73,0.879725,1632
477160,592656,73,0.880244,1600
478632,592656,73,0.878362,1600
476312,592656,74,0.881270,1552
477480,592656,74,0.879794,1552
476784,592656,75,0.880701,1504
477624,592656,75,0.879617,1504
480152,592656,75,0.876356,1504
479296,592656,76,0.877459,1504
482352,592656,76,0.873363,1504
481968,592656,77,0.873950,1456
481376,592656,77,0.874808,1456
482600,592656,77,0.873090,1456
483936,592656,77,0.871166,1456
483728,592656,76,0.871616,1440
484656,592656,76,0.870233,1440
483064,592656,77,0.872518,1408
482144,592656,77,0.873841,1408
480024,592656,78,0.876647,1408
479672,592656,78,0.877162,1408
481320,592656,78,0.874947,1408
483424,592656,78,0.872018,1408
480408,592656,79,0.876117,1384
478056,592656,79,0.854513,1384
475792,592656,78,0.857957,1384
478808,592656,77,0.853489,1408
476808,592656,76,0.856599,1408
477096,592656,75,0.856168,1416
473912,592656,75,0.860740,1416
477888,592656,75,0.855001,1416
480000,592656,75,0.851722,1416
481152,592656,75,0.849835,1416
483640,592656,75,0.845684,1416
482808,592656,76,0.847137,1376
484072,592656,76,0.844941,1376
485456,592656,76,0.842471,1376
483744,592656,76,0.845496,1376
482272,592656,77,0.847990,1344
485416,592656,77,0.842597,1344
487632,592656,77,0.838533,1344
487168,592656,78,0.839383,1344
485784,592656,78,0.841950,1344
482440,592656,79,0.847637,1344
484728,592656,79,0.843709,1344
486368,592656,79,0.840741,1344
489104,592656,79,0.835594,1344
486200,592656,80,0.840956,1344
485400,592656,80,0.842485,1328
487432,592656,80,0.838754,1328
488520,592656,79,0.836641,1376
484904,592656,80,0.843182,1376
486848,592656,80,0.839645,1376
486384,592656,79,0.840655,1376
483280,592656,79,0.846114,1376
485464,592656,79,0.842288,1376
488600,592656,79,0.836490,1376
486696,592656,79,0.840094,1376
488488,592656,79,0.836701,1376
485696,592656,79,0.841880,1376
483664,592656,79,0.845469,1376
482488,592656,80,0.847427,1376
482912,592656,79,0.846727,1376
481616,592656,79,0.848925,1376
485512,592656,79,0.842288,1376
488456,592656,79,0.836851,1376
488432,592656,79,0.836987,1376
486752,592656,78,0.840267,1368
488920,592656,78,0.836172,1368
492296,592656,78,0.829414,1368
495744,592656,78,0.821914,1368
492568,592656,77,0.803535,1328
494712,592656,77,0.798194,1328
494424,592656,78,0.798932,1320
498072,592656,78,0.789310,1320
497416,592656,79,0.791170,1288
499984,592656,79,0.783916,1288
496088,592656,80,0.794545,1288
497088,592656,80,0.791790,1288
496216,592656,79,0.794338,1288
497184,592656,79,0.791662,1288
496952,592656,80,0.792279,1288
495312,592656,80,0.796661,1288
493520,592656,80,0.801231,1288
493784,592656,79,0.800569,1296
496312,592656,79,0.794067,1296
498352,592656,78,0.788522,1328
496064,592656,78,0.794753,1328
493784,592656,78,0.800608,1328
491256,592656,78,0.806709,1328
490104,592656,78,0.809426,1328
491432,592656,77,0.806359,1352
487872,592656,78,0.814230,1352
487784,592656,79,0.814433,1344
484704,592656,78,0.820919,1344
486816,592656,77,0.816575,1384
485672,592656,77,0.819055,1360
489768,592656,77,0.810314,1360
493680,592656,76,0.801154,1400
494608,592656,75,0.798873,1400
492656,592656,75,0.803744,1392
494656,592656,75,0.798773,1392
497216,592656,75,0.792067,1392
496984,592656,76,0.792682,1392
498072,592656,76,0.789637,1392
496480,592656,77,0.793879,1392
497592,592656,77,0.790805,1392
496016,592656,77,0.795084,1392
497464,592656,77,0.791149,1392
497152,592656,77,0.792110,1392
497544,592656,76,0.791020,1408
493472,592656,77,0.801406,1408
490984,592656,77,0.807368,1408
493040,592656,77,0.802448,1408
496016,592656,77,0.794918,1408
492312,592656,77,0.804178,1408
491296,592656,78,0.806544,1408
494096,592656,78,0.799764,1408
497656,592656,77,0.790590,1408
496752,592656,77,0.793124,1408
497296,592656,76,0.791577,1448
495016,592656,76,0.797612,1448
499000,592656,76,0.786926,1448
498416,592656,76,0.788675,1448
498880,592656,75,0.787394,1448
502424,592656,75,0.776925,1448
498512,592656,76,0.788390,1408
500296,592656,76,0.783225,1408
497024,592656,77,0.792279,1408
498264,592656,77,0.788807,1408
494232,592656,77,0.799428,1408
497736,592656,77,0.790244,1408
499856,592656,77,0.784214,1408
497008,592656,77,0.792195,1408
497504,592656,76,0.790870,1408
494864,592656,77,0.797733,1408
493632,592656,77,0.800978,1376
491520,592656,77,0.806101,1376
491784,592656,76,0.805489,1376
493624,592656,76,0.800998,1376
495432,592656,76,0.796376,1376
495256,592656,76,0.796945,1376
495816,592656,76,0.795393,1376
493584,592656,77,0.800978,1376
497136,592656,77,0.791812,1376
493056,592656,78,0.802140,1376
493376,592656,77,0.801348,1384
490040,592656,78,0.809122,1384
492984,592656,78,0.802179,1384
490504,592656,79,0.807968,1384
494128,592656,79,0.799270,1384
490792,592656,78,0.766616,1384
490472,592656,79,0.767519,1376
490416,592656,79,0.767803,1376
491232,592656,78,0.765506,1392
494960,592656,78,0.754482,1392
493872,592656,79,0.757906,1344
496440,592656,79,0.749873,1344
498904,592656,78,0.741750,1360
496760,592656,78,0.748956,1360
497040,592656,77,0.748058,1360
496960,592656,77,0.748469,1360
499032,592656,77,0.741479,1360
498424,592656,77,0.743736,1344
501360,592656,77,0.733398,1344
497832,592656,78,0.745588,1328
498784,592656,78,0.742263,1328
497200,592656,77,0.747800,1328
495064,592656,77,0.754702,1312
495568,592656,76,0.753154,1312
498272,592656,76,0.744348,1312
494544,592656,77,0.756134,1312
492800,592656,77,0.761421,1312
491832,592656,77,0.764318,1312
493632,592656,76,0.758995,1360
492968,592656,76,0.761074,1360
494144,592656,75,0.757620,1360
491056,592656,76,0.766550,1336
494296,592656,76,0.757095,1336
495688,592656,76,0.752709,1336
498848,592656,76,0.742343,1336
498224,592656,76,0.744586,1336
500288,592656,75,0.737431,1376
498400,592656,76,0.743869,1376
497160,592656,77,0.747981,1360
499256,592656,77,0.740881,1360
497088,592656,77,0.748212,1360
499808,592656,77,0.738988,1360
498192,592656,77,0.744613,1360
494376,592656,78,0.756639,1360
492664,592656,77,0.761951,1360
495240,592656,77,0.754164,1360
494576,592656,78,0.756278,1328
498600,592656,78,0.743363,1328
498968,592656,77,0.742128,1328
497152,592656,78,0.748110,1328
500656,592656,78,0.736138,1328
502088,592656,78,0.730807,1328
503312,592656,78,0.726050,1328
501368,592656,79,0.733254,1328
503632,592656,79,0.724643,1328
502816,592656,80,0.727805,1312
501720,592656,81,0.731890,1304
503248,592656,81,0.726020,1304
503048,592656,81,0.726961,1304
506296,592656,81,0.713904,1304
508832,592656,81,0.702761,1304
506152,592656,82,0.714302,1304
507360,592656,82,0.709007,1304
506520,592656,83,0.712570,1304
509152,592656,82,0.700886,1352
505904,592656,82,0.715128,1352
509176,592656,82,0.700777,1352
507368,592656,81,0.679684,1352
504728,592656,80,0.692107,1352
501712,592656,81,0.704827,1328
502464,592656,80,0.701779,1328
501520,592656,81,0.705595,1328
499912,592656,81,0.712059,1328
500728,592656,80,0.708847,1344
500704,592656,81,0.708941,1344
496736,592656,81,0.723805,1344
493008,592656,81,0.736459,1344
494008,592656,81,0.733065,1344
497640,592656,81,0.720420,1344
494264,592656,81,0.732222,1344
497928,592656,81,0.719380,1344
501552,592656,81,0.705404,1344
499512,592656,82,0.713456,1312
500280,592656,81,0.710524,1312
498456,592656,81,0.717658,1288
500520,592656,81,0.709688,1288
504208,592656,81,0.694429,1288
503152,592656,82,0.698902,1288
506200,592656,82,0.685400,1288
509424,592656,82,0.669748,1288
510304,592656,82,0.665022,1288
507160,592656,82,0.680738,1288
505824,592656,82,0.687140,1280
503856,592656,83,0.695764,1280
506016,592656,83,0.686055,1280
507472,592656,83,0.679078,1280
505584,592656,83,0.688003,1280
501624,592656,84,0.704795,1280
504160,592656,84,0.694050,1280
507392,592656,84,0.679230,1280
506200,592656,85,0.684779,1280
509472,592656,85,0.668822,1280
507080,592656,86,0.680475,1280
505968,592656,86,0.685837,1280
506088,592656,85,0.685254,1288
509672,592656,85,0.667768,1288
508856,592656,84,0.672339,1288
509872,592656,83,0.667157,1304
508536,592656,84,0.673835,1304
506984,592656,85,0.681263,1304
510304,592656,85,0.664691,1304
513488,592656,85,0.647082,1304
510256,592656,85,0.664939,1304
510456,592656,84,0.663902,1304
512968,592656,84,0.650039,1304
509952,592656,84,0.666503,1304
510344,592656,83,0.664483,1304
506840,592656,84,0.681712,1304
507656,592656,83,0.677783,1320
505552,592656,84,0.687536,1320
503984,592656,84,0.694635,1320
506864,592656,84,0.681525,1320
508552,592656,84,0.673207,1320
507456,592656,84,0.678736,1320
509440,592656,84,0.668781,1320
505408,592656,83,0.688397,1320
509048,592656,83,0.670989,1320
506736,592656,84,0.682122,1320
503464,592656,85,0.696851,1272
505584,592656,85,0.687392,1272
501600,592656,86,0.704345,1272
505624,592656,86,0.745677,1272
507040,592656,86,0.740196,1272
505864,592656,87,0.744617,1272
507208,592656,87,0.739367,1272
506816,592656,88,0.740928,1256
504816,592656,88,0.748489,1256
508512,592656,88,0.734313,1256
512568,592656,88,0.782670,1256
510776,592656,89,0.788745,1256
511712,592656,89,0.785452,1256
509472,592656,90,0.792804,1256
508248,592656,90,0.796759,1256
512224,592656,90,0.847962,1256
511832,592656,91,0.848908,1256
509944,592656,90,0.853593,1224
512504,592656,90,0.847475,1224
513952,592656,90,0.843729,1224
511888,592656,91,0.848946,1184
508944,592656,92,0.855688,1184
512688,592656,92,0.846886,1184
510400,592656,91,0.852540,1184
513088,592656,91,0.846014,1184
512272,592656,92,0.848059,1168
512664,592656,91,0.847103,1168
515712,592656,91,0.839102,1168
518064,592656,90,0.832324,1208
517248,592656,90,0.834883,1192
513784,592656,91,0.844241,1192
511984,592656,91,0.848927,1144
513392,592656,91,0.845354,1144
510856,592656,92,0.851473,1144
508080,592656,92,0.857741,1144
511928,592656,91,0.849023,1160
512752,592656,90,0.847004,1168
515992,592656,90,0.838469,1168
516096,592656,89,0.838183,1168
513464,592656,89,0.845354,1120
510064,592656,89,0.853556,1120
511200,592656,88,0.850952,1120
507104,592656,89,0.859934,1120
508656,592656,89,0.856557,1120
509160,592656,88,0.855442,1128
508544,592656,88,0.856885,1128
511984,592656,88,0.848966,1128
510904,592656,88,0.851676,1104
512296,592656,88,0.848272,1104
509512,592656,89,0.854719,1104
513496,592656,89,0.845193,1104
510760,592656,90,0.851787,1104
508688,592656,90,0.856523,1104
510336,592656,90,0.852759,1104
510576,592656,89,0.852192,1112
507984,592656,89,0.858029,1104
503936,592656,90,0.866112,1104
505280,592656,90,0.863438,1104
504440,592656,90,0.865171,1096
504776,592656,89,0.864526,1096
508224,592656,89,0.857434,1096
505664,592656,88,0.862887,1096
508168,592656,87,0.857690,1128
505624,592656,86,0.863092,1128
509320,592656,86,0.855302,1128
508264,592656,87,0.857638,1104
508656,592656,86,0.856782,1112
504912,592656,87,0.864418,1112
503984,592656,87,0.866277,1112
506896,592656,87,0.860476,1112
508136,592656,87,0.857792,1112
504168,592656,87,0.865840,1112
505024,592656,87,0.864109,1112
501488,592656,87,0.870722,1112
504896,592656,87,0.864357,1112
504144,592656,88,0.865795,1112
501096,592656,89,0.871324,1112
503952,592656,88,0.866157,1112
507848,592656,88,0.858300,1112
504992,592656,89,0.864078,1112
503544,592656,89,0.866965,1088
501704,592656,89,0.870384,1088
500912,592656,90,0.871767,1088
498456,592656,90,0.875951,1088
499008,592656,89,0.875000,1120
500576,592656,89,0.872290,1120
501224,592656,88,0.871114,1152
501632,592656,87,0.870399,1152
501512,592656,88,0.870610,1152
503264,592656,88,0.867365,1152
502888,592656,88,0.868202,1120
506976,592656,88,0.860197,1120
510480,592656,88,0.852504,1120
508128,592656,89,0.857775,1080
508400,592656,88,0.857177,1088
507472,592656,89,0.859138,1088
511168,592656,89,0.850877,1088
509520,592656,90,0.854630,1088
511216,592656,90,0.850653,1088
508936,592656,91,0.855810,1088
511696,592656,90,0.849462,1112
509640,592656,90,0.854310,1112
507072,592656,90,0.859918,1112
509368,592656,90,0.854913,1112
509520,592656,89,0.854577,1112
505872,592656,89,0.862348,1112
506816,592656,89,0.860345,1112
503768,592656,88,0.866502,1112
504120,592656,87,0.865840,1112
500192,592656,88,0.872877,1112
501192,592656,88,0.871073,1112
497136,592656,89,0.877786,1112
497768,592656,89,0.876709,1112
495280,592656,89,0.880630,1112
498592,592656,89,0.875380,1112
496424,592656,90,0.878819,1112
497424,592656,90,0.877180,1112
496472,592656,90,0.878745,1112
496200,592656,91,0.879176,1104
499544,592656,91,0.873740,1104
500472,592656,90,0.872167,1104
496384,592656,90,0.878893,1104
496104,592656,90,0.879396,1104
496968,592656,90,0.877986,1104
500216,592656,90,0.872605,1104
499904,592656,90,0.873215,1104
501472,592656,90,0.870427,1104
500920,592656,91,0.871449,1072
499976,592656,91,0.873148,1072
497400,592656,90,0.877509,1072
497936,592656,89,0.876658,1072
498856,592656,89,0.875092,1072
502552,592656,89,0.868639,1072
498808,592656,88,0.875249,1072
499040,592656,87,0.874869,1072
495792,592656,87,0.880065,1072
494096,592656,87,0.882643,1072
495152,592656,87,0.881024,1072
494208,592656,87,0.882481,1072
497720,592656,87,0.877079,1072
494320,592656,87,0.882318,1072
497680,592656,87,0.877142,1072
497328,592656,88,0.877698,1072
500640,592656,88,0.872180,1072
499832,592656,88,0.873660,1056
501440,592656,88,0.870821,1056
499632,592656,89,0.873914,1056
500952,592656,88,0.871670,1056
499624,592656,89,0.873967,1032
501352,592656,89,0.870933,1032
500720,592656,89,0.872112,1032
500456,592656,90,0.872564,1032
496768,592656,91,0.878559,1032
497232,592656,90,0.877823,1040
496120,592656,90,0.879616,1040
500160,592656,90,0.873053,1040
501176,592656,90,0.871226,1040
504536,592656,90,0.865003,1040
502480,592656,91,0.868827,1040
498584,592656,90,0.875666,1040
500224,592656,90,0.872863,1040
502944,592656,89,0.868042,1056
500424,592656,90,0.872495,1056
502576,592656,90,0.868624,1056
505640,592656,90,0.862729,1056
505248,592656,91,0.863516,1048
503000,592656,92,0.867778,1048
505792,592656,91,0.862380,1080
504224,592656,91,0.865522,1080
507320,592656,91,0.859272,1080
505904,592656,91,0.862253,1080
505976,592656,90,0.862109,1080
506200,592656,89,0.861660,1080
503672,592656,89,0.866652,1080
503776,592656,88,0.866457,1080
500680,592656,89,0.872015,1080
496760,592656,89,0.878497,1080
497184,592656,88,0.877836,1080
497232,592656,87,0.877761,1080
496368,592656,88,0.879102,1080
494976,592656,88,0.881273,1080
495864,592656,88,0.879871,1080
497712,592656,88,0.876926,1080
494208,592656,88,0.882330,1080
492352,592656,88,0.885035,1080
488400,592656,87,0.890393,1080
485176,592656,87,0.894372,1080
481328,592656,88,0.898715,1064
481224,592656,89,0.898827,1064
482112,592656,89,0.897810,1064
481016,592656,90,0.898998,1064
479704,592656,90,0.900435,1064
480496,592656,89,0.899603,1064
483024,592656,88,0.896809,1104
487008,592656,88,0.892093,1104
486080,592656,88,0.893283,1096
487344,592656,88,0.891690,1096
484056,592656,88,0.895651,1096
483736,592656,89,0.896015,1096
481048,592656,89,0.899033,1096
480008,592656,90,0.900134,1096
483928,592656,89,0.895833,1112
484968,592656,88,0.894634,1112
483416,592656,88,0.896468,1112
485616,592656,88,0.893873,1112
489464,592656,87,0.889106,1120
487128,592656,88,0.892044,1120
490352,592656,87,0.887884,1168
491544,592656,87,0.886222,1168
494872,592656,87,0.881439,1168
493552,592656,87,0.883425,1168
493768,592656,86,0.883116,1168
495448,592656,86,0.880582,1168
495592,592656,85,0.880366,1168
496400,592656,85,0.879065,1168
496184,592656,86,0.879396,1168
498544,592656,85,0.875666,1176
495360,592656,85,0.880702,1176
498440,592656,84,0.875887,1192
495680,592656,85,0.880233,1168
494888,592656,86,0.881415,1168
496584,592656,86,0.878782,1168
500240,592656,86,0.872782,1168
499736,592656,86,0.873727,1160
502256,592656,86,0.869274,1160
498904,592656,87,0.875039,1152
499992,592656,86,0.873215,1160
499840,592656,87,0.873472,1160
503448,592656,87,0.867009,1160
499464,592656,88,0.874021,1160
502320,592656,87,0.869073,1160
498344,592656,87,0.875938,1160
495648,592656,87,0.880221,1160
498472,592656,86,0.875796,1168
494912,592656,86,0.881380,1168
497984,592656,86,0.876582,1168
494008,592656,85,0.826520,1168
492920,592656,84,0.829013,1168
494312,592656,84,0.825971,1168
495944,592656,84,0.822283,1168
498904,592656,84,0.815273,1168
495920,592656,85,0.822229,1168
498056,592656,85,0.817191,1168
497560,592656,86,0.818360,1168
496560,592656,86,0.820782,1168
498872,592656,86,0.815234,1168
501504,592656,86,0.808504,1168
500112,592656,86,0.812180,1168
498584,592656,86,0.816045,1168
498656,592656,85,0.815872,1168
500240,592656,85,0.811859,1168
496656,592656,86,0.820453,1168
497744,592656,86,0.817815,1168
494048,592656,87,0.826126,1168
497536,592656,87,0.818191,1168
497288,592656,87,0.818920,1152
499560,592656,87,0.813355,1152
496928,592656,87,0.819754,1152
493416,592656,87,0.784043,1152
494224,592656,87,0.781757,1152
494656,592656,86,0.780585,1152
491840,592656,87,0.788068,1128
494864,592656,87,0.779950,1128
494760,592656,88,0.780235,1128
493064,592656,88,0.784906,1128
494064,592656,88,0.782123,1128
495208,592656,88,0.778869,1128
491168,592656,88,0.789644,1128
489048,592656,88,0.794943,1128
492040,592656,88,0.787435,1128
489840,592656,88,0.793039,1128
485856,592656,88,0.802383,1128
486552,592656,87,0.800795,1144
488024,592656,87,0.797317,1144
489136,592656,87,0.794581,1144
485512,592656,87,0.803001,1144
487064,592656,87,0.799418,1144
484280,592656,88,0.805570,1144
481144,592656,89,0.812063,1144
481096,592656,90,0.812159,1144
480872,592656,91,0.812606,1144
482200,592656,90,0.809860,1176
478312,592656,91,0.817505,1176
479376,592656,91,0.815382,1176
476856,592656,92,0.820124,1176
475512,592656,92,0.822640,1176
478520,592656,92,0.817021,1176
482280,592656,92,0.809499,1176
480216,592656,92,0.813745,1176
480232,592656,91,0.813714,1176
481008,592656,90,0.812143,1192
479776,592656,90,0.814669,1192
476816,592656,90,0.820344,1192
478696,592656,90,0.816747,1192
482176,592656,90,0.809778,1192
478928,592656,90,0.816304,1192
481384,592656,90,0.811389,1192
484344,592656,89,0.805175,1216
485528,592656,89,0.802489,1216
484976,592656,89,0.803806,1216
483632,592656,90,0.806695,1216
487312,592656,90,0.798465,1216
490952,592656,90,0.789604,1216
488272,592656,90,0.796231,1216
489000,592656,89,0.794408,1256
487648,592656,90,0.797596,1256
488800,592656,90,0.794772,1256
488160,592656,91,0.796325,1240
490064,592656,91,0.791631,1240
488920,592656,91,0.794523,1240
489376,592656,90,0.793426,1240
487048,592656,90,0.799016,1240
488696,592656,90,0.795058,1240
486816,592656,90,0.799546,1240
490352,592656,90,0.791039,1240
489888,592656,91,0.792200,1232
489528,592656,92,0.793078,1232
488440,592656,92,0.795797,1232
490304,592656,92,0.791178,1232
490704,592656,91,0.790165,1240
492608,592656,91,0.785179,1240
491992,592656,91,0.786942,1224
494568,592656,91,0.779972,1224
493160,592656,91,0.783895,1224
494344,592656,91,0.780585,1224
493192,592656,91,0.783810,1224
493760,592656,90,0.782252,1240
490816,592656,90,0.790005,1240
494400,592656,90,0.780519,1240
491240,592656,90,0.788940,1240
487608,592656,89,0.797948,1240
487992,592656,88,0.797037,1248
491640,592656,88,0.788027,1248
487584,592656,89,0.797874,1248
489584,592656,89,0.793019,1248
485960,592656,89,0.801565,1248
484712,592656,89,0.804467,1224
485920,592656,89,0.801708,1224
485944,592656,88,0.801654,1224
482984,592656,89,0.808090,1200
484288,592656,88,0.805244,1240
483048,592656,88,0.808040,1208
484208,592656,88,0.805485,1208
483016,592656,89,0.808007,1208
485232,592656,89,0.803159,1208
484464,592656,89,0.795915,1208
483608,592656,89,0.797934,1208
485352,592656,89,0.793892,1208
481992,592656,88,0.801548,1208
483424,592656,87,0.798375,1240
485960,592656,87,0.792521,1240
484232,592656,87,0.796580,1240
484008,592656,87,0.797206,1232
480312,592656,88,0.805117,1232
478192,592656,89,0.809382,1232
480232,592656,89,0.805183,1232
482008,592656,89,0.801360,1232
484640,592656,89,0.795463,1232
481784,592656,90,0.801735,1232
482368,592656,89,0.800467,1240
483352,592656,88,0.798287,1256
480432,592656,88,0.804622,1256
480736,592656,87,0.803992,1256
477416,592656,88,0.810664,1256
475728,592656,87,0.814066,1256
472240,592656,87,0.820459,1256
475936,592656,86,0.813766,1256
476552,592656,85,0.812586,1264
476160,592656,84,0.813510,1264
478000,592656,84,0.809885,1264
477592,592656,85,0.810680,1264
474272,592656,85,0.817000,1264
476496,592656,85,0.812784,1264
474200,592656,85,0.817130,1264
473160,592656,86,0.818995,1264
474904,592656,86,0.815758,1264
476536,592656,86,0.812617,1264
476888,592656,85,0.811945,1264
477760,592656,85,0.810166,1264
475192,592656,85,0.815168,1248
476464,592656,85,0.812693,1248
472440,592656,86,0.820039,1248
471200,592656,85,0.822352,1248
470040,592656,85,0.824393,1248
472416,592656,85,0.820249,1248
476456,592656,85,0.812799,1248
478896,592656,85,0.807955,1248
475768,592656,85,0.814096,1248
475984,592656,84,0.813691,1248
472320,592656,84,0.820417,1248
476232,592656,84,0.813223,1248
473856,592656,84,0.817694,1248
477064,592656,84,0.811638,1248
476176,592656,84,0.813420,1248
479176,592656,83,0.807570,1256
477544,592656,84,0.810789,1256
477256,592656,85,0.811361,1248
476912,592656,85,0.812144,1232
480352,592656,85,0.805232,1232
484104,592656,85,0.797099,1232
484656,592656,84,0.795861,1232
480616,592656,85,0.804589,1232
480264,592656,86,0.805331,1224
481400,592656,85,0.802954,1232
484264,592656,85,0.796634,1232
481440,592656,86,0.802786,1224
483304,592656,86,0.798674,1224
480472,592656,86,0.804804,1224
477472,592656,87,0.810820,1216
479512,592656,87,0.806684,1216
479592,592656,86,0.806522,1216
477832,592656,87,0.810026,1216
479568,592656,86,0.806522,1240
478584,592656,87,0.808528,1224
478880,592656,86,0.807939,1224
476696,592656,86,0.812297,1224
478744,592656,86,0.808210,1224
475104,592656,86,0.815286,1224
478648,592656,86,0.808401,1224
475568,592656,86,0.814455,1208
475752,592656,85,0.814096,1216
474720,592656,86,0.816008,1216
473952,592656,85,0.817578,1216
475648,592656,85,0.814380,1216
473512,592656,85,0.818368,1216
473792,592656,84,0.817837,1232
472576,592656,83,0.820165,1232
468656,592656,83,0.826883,1216
468864,592656,82,0.826505,1240
465416,592656,82,0.832023,1240
469248,592656,81,0.825903,1272
470096,592656,80,0.824473,1288
470272,592656,79,0.824179,1288
467912,592656,80,0.828056,1280
469624,592656,80,0.825191,1280
467160,592656,81,0.829202,1264
470960,592656,81,0.822897,1264
468456,592656,82,0.827103,1232
471424,592656,82,0.822078,1232
468544,592656,83,0.826883,1232
470352,592656,83,0.823817,1232
468704,592656,84,0.826544,1232
468352,592656,85,0.827116,1232
468088,592656,85,0.827633,1224
468520,592656,84,0.826909,1240
471328,592656,84,0.822147,1240
474312,592656,84,0.816796,1240
472560,592656,85,0.819927,1240
475216,592656,85,0.815049,1240
473000,592656,85,0.819151,1240
469352,592656,86,0.825390,1240
467784,592656,85,0.828095,1240
469064,592656,85,0.825943,1240
468176,592656,86,0.827388,1240
470240,592656,86,0.823911,1240
472440,592656,86,0.820053,1240
474696,592656,86,0.815920,1240
472832,592656,86,0.819363,1240
472960,592656,85,0.819136,1240
471112,592656,85,0.822434,1240
472584,592656,84,0.819870,1248
472248,592656,85,0.820459,1248
474456,592656,84,0.816447,1288
472984,592656,85,0.819094,1288
474952,592656,85,0.815449,1288
474032,592656,85,0.817217,1288
471432,592656,84,0.821969,1288
470880,592656,85,0.822911,1288
469456,592656,85,0.825403,1272
469936,592656,84,0.824607,1272
471832,592656,84,0.821307,1272
472544,592656,83,0.820053,1280
474288,592656,82,0.816927,1288
470560,592656,83,0.823453,1288
470632,592656,82,0.823331,1288
470336,592656,82,0.823991,1240
471880,592656,81,0.821335,1256
470288,592656,82,0.824045,1256
472648,592656,82,0.819913,1256
472088,592656,82,0.820974,1256
470376,592656,82,0.823978,1256
474216,592656,82,0.817203,1256
471584,592656,83,0.821845,1256
472088,592656,82,0.820960,1264
470088,592656,83,0.824366,1264
466848,592656,83,0.829693,1264
470856,592656,83,0.823074,1264
474344,592656,83,0.816869,1264
475712,592656,83,0.814260,1264
475032,592656,83,0.815611,1264
478296,592656,83,0.809303,1264
476552,592656,83,0.812769,1264
480080,592656,83,0.805724,1264
478776,592656,84,0.808433,1224
479856,592656,83,0.806181,1264
477984,592656,83,0.810010,1264
480232,592656,83,0.805413,1264
478680,592656,83,0.808639,1264
480288,592656,82,0.805347,1288
479904,592656,83,0.806213,1248
481064,592656,82,0.803792,1264
478784,592656,83,0.808433,1264
478664,592656,84,0.808687,1256
479344,592656,84,0.807233,1256
478344,592656,85,0.809225,1256
480992,592656,85,0.803758,1256
479936,592656,85,0.806034,1256
483448,592656,85,0.798498,1256
479688,592656,85,0.806538,1256
482472,592656,85,0.800622,1256
480776,592656,85,0.804307,1256
480408,592656,85,0.805183,1248
478440,592656,85,0.809240,1248
479296,592656,84,0.807474,1280
479120,592656,85,0.807827,1280
476984,592656,86,0.812037,1264
477168,592656,85,0.811669,1272
479672,592656,85,0.806635,1272
481768,592656,85,0.802194,1272
481560,592656,86,0.802668,1256
483328,592656,86,0.798762,1256
480232,592656,85,0.805527,1256
481312,592656,84,0.803189,1304
483192,592656,84,0.799060,1304
483176,592656,83,0.799304,1304
485128,592656,82,0.794863,1344
484368,592656,82,0.796706,1336
480672,592656,82,0.804754,1336
481104,592656,81,0.803808,1360
478568,592656,82,0.808956,1360
477216,592656,81,0.811792,1352
473672,592656,80,0.818525,1352
475360,592656,79,0.815463,1352
477096,592656,79,0.812113,1352
480864,592656,79,0.804523,1352
483392,592656,78,0.799130,1360
480152,592656,77,0.806164,1360
479960,592656,78,0.806554,1360
483464,592656,77,0.799130,1384
481312,592656,78,0.803725,1384
485176,592656,78,0.795209,1384
485584,592656,77,0.794278,1384
483944,592656,77,0.798075,1384
481560,592656,77,0.803307,1384
481792,592656,76,0.802819,1384
482192,592656,75,0.801956,1392
485120,592656,75,0.795426,1392
481856,592656,75,0.802668,1392
480984,592656,75,0.804589,1392
481224,592656,74,0.804058,1408
477552,592656,74,0.811500,1408
479312,592656,74,0.807955,1408
481152,592656,74,0.804108,1408
480672,592656,75,0.805100,1408
480256,592656,75,0.806083,1392
482600,592656,75,0.801086,1392
486176,592656,75,0.793004,1392
484496,592656,76,0.796831,1392
485000,592656,76,0.795589,1392
483936,592656,76,0.798075,1392
485128,592656,75,0.795408,1392
482064,592656,74,0.725248,1392
484480,592656,74,0.717804,1392
480784,592656,75,0.728825,1392
478256,592656,75,0.736119,1352
479840,592656,75,0.731615,1352
477032,592656,75,0.739399,1352
478608,592656,75,0.735029,1352
482016,592656,75,0.725225,1352
481512,592656,76,0.726700,1352
481272,592656,77,0.727419,1344
480840,592656,77,0.728802,1344
477264,592656,77,0.738805,1344
473784,592656,77,0.747858,1344
471472,592656,78,0.753458,1344
473240,592656,78,0.749081,1344
476560,592656,78,0.740537,1344
477280,592656,78,0.738507,1344
475080,592656,79,0.744240,1344
471248,592656,79,0.753837,1312
473120,592656,79,0.749218,1312
473928,592656,79,0.747103,1312
477448,592656,79,0.737887,1312
479512,592656,79,0.732109,1312
477312,592656,79,0.738251,1312
474328,592656,79,0.746102,1312
473904,592656,80,0.747163,1312
475480,592656,80,0.743052,1312
472408,592656,81,0.750719,1312
474248,592656,81,0.746062,1312
474216,592656,81,0.746263,1312
472744,592656,81,0.750039,1304
474768,592656,81,0.744891,1304
478776,592656,80,0.734217,1336
478512,592656,79,0.735270,1312
480232,592656,79,0.730352,1312
479512,592656,79,0.732511,1312
480176,592656,79,0.730511,1312
481840,592656,79,0.725577,1312
480192,592656,79,0.730465,1312
478448,592656,79,0.735466,1304
477624,592656,80,0.737716,1296
476608,592656,81,0.740453,1280
477688,592656,80,0.737501,1312
477464,592656,81,0.738122,1304
478512,592656,80,0.735226,1328
478984,592656,79,0.733908,1336
481864,592656,79,0.725577,1336
479824,592656,80,0.731436,1336
476480,592656,81,0.740516,1336
472728,592656,82,0.750000,1336
472864,592656,81,0.749668,1336
470352,592656,81,0.755767,1336
471152,592656,80,0.753818,1368
472120,592656,79,0.751433,1400
469240,592656,79,0.758288,1400
472632,592656,79,0.750195,1400
471552,592656,80,0.752889,1360
475256,592656,79,0.743627,1408
479000,592656,78,0.733621,1424
481872,592656,78,0.725295,1424
482704,592656,78,0.722683,1424
484984,592656,78,0.715527,1424
484048,592656,77,0.718745,1424
488120,592656,77,0.705445,1424
487816,592656,78,0.706469,1424
490288,592656,78,0.697758,1424
489048,592656,78,0.702274,1424
488384,592656,78,0.704713,1424
491456,592656,78,0.693718,1424
492016,592656,77,0.691509,1464
490792,592656,77,0.696155,1464
492328,592656,77,0.690347,1464
492088,592656,78,0.691301,1448
488584,592656,79,0.703786,1448
491120,592656,79,0.694680,1448
492576,592656,78,0.689238,1464
489600,592656,79,0.700047,1464
486048,592656,79,0.712158,1464
488160,592656,79,0.705011,1464
492016,592656,78,0.691331,1464
489520,592656,78,0.670806,1464
491904,592656,78,0.661190,1464
490032,592656,78,0.668827,1464
491864,592656,78,0.661352,1464
491464,592656,79,0.663003,1456
492656,592656,78,0.657936,1504
492072,592656,78,0.660570,1496
494392,592656,78,0.650614,1496
493312,592656,79,0.655429,1448
494552,592656,78,0.650025,1472
490528,592656,79,0.666667,1472
486520,592656,80,0.681740,1472
488184,592656,79,0.675591,1488
490672,592656,79,0.665845,1488
486688,592656,79,0.681078,1488
489424,592656,79,0.670713,1488
487400,592656,79,0.678490,1488
488016,592656,78,0.676187,1496
487448,592656,79,0.678343,1480
491312,592656,79,0.663325,1480
490632,592656,79,0.666225,1480
489936,592656,80,0.669013,1464
487728,592656,81,0.677520,1424
486384,592656,81,0.682571,1424
486512,592656,80,0.682113,1424
489296,592656,80,0.671633,1424
491608,592656,79,0.662519,1432
491184,592656,80,0.664222,1432
494376,592656,80,0.650753,1432
496512,592656,80,0.641047,1432
495400,592656,81,0.646055,1432
499072,592656,81,0.628725,1432
495368,592656,82,0.646197,1384
496840,592656,81,0.639542,1384
495408,592656,82,0.646162,1352
499064,592656,82,0.628920,1352
497880,592656,83,0.634611,1352
498216,592656,82,0.633014,1352
496000,592656,83,0.643298,1352
498608,592656,83,0.630901,1352
497472,592656,84,0.636307,1352
498752,592656,84,0.629972,1352
495072,592656,84,0.647224,1352
495872,592656,83,0.643622,1360
493752,592656,84,0.652919,1360
491336,592656,84,0.663132,1360
490952,592656,84,0.664956,1336
490144,592656,85,0.668141,1336
493056,592656,85,0.656168,1336
493704,592656,85,0.653226,1336
493856,592656,84,0.652577,1336
496024,592656,83,0.642828,1384
493488,592656,83,0.654144,1384
489952,592656,84,0.668516,1384
493032,592656,84,0.655866,1384
491952,592656,85,0.660472,1352
493208,592656,85,0.655058,1352
489688,592656,86,0.669293,1352
493440,592656,86,0.653873,1352
493704,592656,85,0.652748,1352
491656,592656,84,0.661677,1352
495464,592656,84,0.693763,1352
494272,592656,85,0.698465,1304
495400,592656,84,0.694193,1304
494544,592656,85,0.697566,1272
495560,592656,84,0.693701,1272
492112,592656,84,0.706602,1272
496128,592656,84,0.691497,1272
495040,592656,84,0.695904,1264
491552,592656,85,0.708597,1264
494920,592656,85,0.696177,1264
494416,592656,86,0.698106,1256
498104,592656,86,0.683444,1256
499816,592656,86,0.676032,1256
498128,592656,87,0.683148,1256
496464,592656,88,0.689926,1240
497680,592656,87,0.684951,1264
498280,592656,86,0.682454,1272
496216,592656,86,0.690964,1272
499768,592656,86,0.724043,1272
497944,592656,87,0.730577,1272
494176,592656,87,0.743295,1272
492936,592656,87,0.747395,1248
491800,592656,87,0.751008,1240
494840,592656,87,0.741427,1240
494824,592656,87,0.741633,1240
493560,592656,87,0.745786,1240
495112,592656,87,0.740704,1240
491920,592656,88,0.750649,1240
490528,592656,87,0.755029,1240
490056,592656,88,0.756409,1232
490776,592656,88,0.754193,1232
486912,592656,89,0.764951,1232
488752,592656,89,0.759815,1232
487752,592656,89,0.750709,1232
488792,592656,88,0.747709,1232
492176,592656,88,0.737273,1232
490336,592656,88,0.743118,1232
488752,592656,87,0.748105,1232
486640,592656,88,0.754217,1192
489880,592656,88,0.744755,1192
489608,592656,88,0.745707,1192
493016,592656,88,0.777032,1192
496984,592656,88,0.816909,1192
497672,592656,88,0.815170,1192
494888,592656,89,0.821578,1192
498808,592656,89,0.864284,1192
501264,592656,89,0.859681,1192
497904,592656,90,0.865789,1192
493992,592656,90,0.872338,1192
494064,592656,89,0.872225,1192
490512,592656,90,0.877588,1192
487272,592656,90,0.882166,1192
487880,592656,90,0.881280,1192
489672,592656,89,0.878757,1216
487960,592656,89,0.881204,1216
484320,592656,90,0.885963,1216
480776,592656,90,0.890301,1216
480392,592656,90,0.890809,1208
478624,592656,89,0.892913,1208
474880,592656,89,0.896952,1208
478064,592656,88,0.893573,1216
480328,592656,88,0.890984,1216
476920,592656,88,0.894810,1216
476848,592656,88,0.894938,1216
472984,592656,88,0.898947,1216
474960,592656,87,0.896936,1240
476112,592656,86,0.895707,1272
474656,592656,87,0.897230,1256
470960,592656,87,0.900911,1256
474336,592656,87,0.897556,1256
472080,592656,87,0.899838,1256
469088,592656,87,0.902697,1256
470400,592656,87,0.901438,1256
471400,592656,87,0.900446,1256
470584,592656,87,0.901281,1240
466520,592656,88,0.904961,1240
468704,592656,88,0.902974,1240
469472,592656,88,0.902227,1240
469712,592656,87,0.902005,1240
466992,592656,86,0.904548,1240
467448,592656,85,0.904138,1248
471248,592656,84,0.900644,1248
471320,592656,83,0.900576,1248
475384,592656,82,0.896541,1248
479160,592656,81,0.892433,1296
475648,592656,82,0.896217,1296
476296,592656,82,0.895489,1296
473536,592656,83,0.898320,1296
474104,592656,82,0.897734,1312
477600,592656,81,0.894061,1328
480840,592656,80,0.890394,1360
483160,592656,80,0.887577,1360
483848,592656,80,0.886672,1360
487088,592656,80,0.882444,1360
491000,592656,80,0.876913,1360
490224,592656,80,0.878129,1344
493336,592656,80,0.873424,1344
491888,592656,81,0.875624,1344
488088,592656,82,0.881051,1344
487848,592656,82,0.881443,1344
485392,592656,82,0.884745,1344
481552,592656,82,0.889524,1344
479672,592656,82,0.891750,1344
478960,592656,82,0.892611,1336
479320,592656,81,0.892209,1336
482984,592656,81,0.887879,1336
479328,592656,80,0.892254,1336
482008,592656,79,0.889127,1368
478952,592656,78,0.892745,1368
475840,592656,78,0.896142,1368
477224,592656,78,0.894630,1368
480144,592656,77,0.891377,1392
480536,592656,76,0.890911,1408
478800,592656,76,0.892949,1384
482448,592656,76,0.888698,1384
486080,592656,76,0.884116,1384
488272,592656,76,0.881138,1384
491248,592656,76,0.876866,1384
493872,592656,76,0.872827,1384
491248,592656,76,0.876866,1384
494792,592656,76,0.871375,1384
491768,592656,76,0.876100,1384
488264,592656,76,0.881182,1360
492240,592656,75,0.875433,1408
493488,592656,74,0.873510,1424
491840,592656,74,0.876077,1424
494560,592656,74,0.871833,1424
492392,592656,75,0.875253,1376
491008,592656,75,0.877367,1376
492720,592656,74,0.874831,1376
494032,592656,74,0.872740,1376
493200,592656,74,0.874101,1376
491888,592656,74,0.876148,1376
491328,592656,75,0.877030,1336
495408,592656,75,0.870694,1336
491664,592656,76,0.876490,1320
489928,592656,77,0.878995,1320
487424,592656,77,0.882497,1320
488128,592656,77,0.881486,1320
491960,592656,77,0.875982,1320
494104,592656,76,0.872702,1328
492224,592656,76,0.875648,1328
491536,592656,76,0.876737,1328
493984,592656,76,0.872964,1328
492888,592656,76,0.874722,1328
494152,592656,76,0.872702,1328
494304,592656,75,0.872426,1352
490608,592656,76,0.878014,1328
488496,592656,76,0.881040,1328
485968,592656,77,0.884406,1320
485000,592656,77,0.885742,1288
486056,592656,77,0.884334,1288
488712,592656,77,0.880733,1288
491048,592656,77,0.877367,1288
493872,592656,76,0.873052,1336
491608,592656,76,0.876549,1336
495272,592656,76,0.870836,1336
495832,592656,76,0.869849,1336
498152,592656,76,0.865859,1336
497816,592656,77,0.866440,1336
501360,592656,77,0.859955,1336
498352,592656,78,0.865427,1336
501536,592656,77,0.859605,1344
501184,592656,78,0.860332,1312
500232,592656,79,0.862131,1296
502536,592656,79,0.857677,1296
502864,592656,78,0.857017,1304
501864,592656,77,0.859147,1304
503632,592656,77,0.855582,1304
503088,592656,77,0.856843,1264
505832,592656,77,0.851098,1264
504072,592656,78,0.854772,1264
507192,592656,78,0.848023,1264
506952,592656,79,0.848556,1264
510320,592656,79,0.840596,1264
506520,592656,79,0.849506,1264
506792,592656,78,0.848891,1272
504928,592656,78,0.852991,1272
504464,592656,79,0.854035,1232
502744,592656,80,0.857489,1232
500912,592656,81,0.860992,1232
504576,592656,81,0.853705,1232
508216,592656,81,0.845668,1232
509984,592656,81,0.841377,1232
513808,592656,81,0.831380,1232
510280,592656,82,0.840537,1232
514352,592656,82,0.897449,1232
511864,592656,82,0.901552,1232
513824,592656,82,0.898332,1232
511984,592656,83,0.901291,1232
513240,592656,83,0.899212,1232
512872,592656,82,0.899962,1232
513176,592656,81,0.899394,1280
509104,592656,82,0.905592,1280
509384,592656,81,0.905190,1280
506592,592656,81,0.909154,1248
504688,592656,82,0.911605,1248
503760,592656,83,0.912752,1248
501440,592656,83,0.915548,1248
498952,592656,83,0.918350,1248
499608,592656,82,0.917600,1288
503544,592656,82,0.913024,1288
501968,592656,83,0.914894,1288
502016,592656,82,0.914838,1288
502680,592656,82,0.914002,1288
503736,592656,82,0.912674,1288
504312,592656,81,0.911944,1304
503296,592656,82,0.913189,1304
504296,592656,81,0.911944,1320
503592,592656,82,0.912839,1296
504312,592656,81,0.911944,1304
501488,592656,82,0.915374,1256
504128,592656,81,0.912192,1288
503072,592656,80,0.913593,1288
503104,592656,79,0.913554,1288
501976,592656,80,0.914884,1288
499416,592656,80,0.917808,1288
498600,592656,81,0.918691,1280
501536,592656,81,0.915401,1280
505200,592656,81,0.910918,1280
508376,592656,81,0.906620,1280
508096,592656,82,0.907032,1264
507288,592656,83,0.908138,1264
505680,592656,83,0.910324,1264
507856,592656,82,0.907374,1304
504944,592656,81,0.911333,1304
502848,592656,81,0.913955,1304
503088,592656,81,0.913612,1304
504528,592656,81,0.911795,1304
504712,592656,80,0.911565,1304
506352,592656,79,0.909397,1352
502856,592656,80,0.913793,1336
501664,592656,81,0.915190,1336
501688,592656,80,0.915162,1336
497720,592656,80,0.901918,1336
499016,592656,80,0.900189,1336
495368,592656,80,0.904805,1336
492720,592656,79,0.907965,1336
492880,592656,78,0.907777,1344
490008,592656,79,0.910880,1344
490984,592656,79,0.909798,1344
492480,592656,79,0.908116,1344
495288,592656,79,0.904833,1344
493504,592656,80,0.906911,1344
496440,592656,80,0.903383,1344
496368,592656,81,0.903471,1344
492536,592656,82,0.907947,1344
491208,592656,82,0.909489,1312
494080,592656,81,0.906287,1312
496768,592656,81,0.903019,1312
500408,592656,81,0.898234,1312
500144,592656,82,0.898592,1312
501688,592656,82,0.896394,1312
501544,592656,82,0.896664,1312
504144,592656,82,0.892809,1312
500832,592656,83,0.897588,1312
503736,592656,83,0.893350,1312
501296,592656,83,0.896944,1312
500840,592656,84,0.897577,1312
504920,592656,84,0.891550,1312
504736,592656,84,0.891920,1304
506408,592656,84,0.889212,1304
508400,592656,84,0.885821,1304
508152,592656,84,0.886353,1288
511888,592656,83,0.879559,1328
509696,592656,83,0.883684,1328
511152,592656,83,0.880946,1328
507768,592656,82,0.887095,1328
507408,592656,83,0.887695,1328
511040,592656,83,0.881244,1328
511496,592656,82,0.880392,1328
510616,592656,83,0.882025,1328
512000,592656,83,0.879345,1328
509664,592656,83,0.883741,1328
507856,592656,84,0.886867,1328
503792,592656,85,0.893314,1328
500520,592656,84,0.898125,1328
503424,592656,84,0.893933,1328
500032,592656,85,0.898722,1328
502984,592656,85,0.894509,1328
503424,592656,84,0.893826,1352
506520,592656,84,0.888954,1352
510192,592656,84,0.882578,1352
507096,592656,85,0.887933,1352
507216,592656,84,0.887721,1360
505960,592656,84,0.879995,1360
509896,592656,84,0.872649,1360
507856,592656,84,0.876608,1360
508888,592656,84,0.874591,1360
508592,592656,84,0.875241,1360
512024,592656,84,0.868344,1360
508952,592656,85,0.874470,1360
512744,592656,85,0.928470,1360
511728,592656,86,0.929620,1360
510064,592656,87,0.931426,1360
508160,592656,88,0.933381,1360
510808,592656,88,0.930578,1360
513744,592656,88,0.927187,1360
517448,592656,88,0.946003,1360
513640,592656,89,0.937721,1360
514248,592656,89,0.937045,1360
510560,592656,90,0.940663,1360
506856,592656,90,0.936911,1320
505648,592656,89,0.938099,1320
506816,592656,88,0.937015,1344
506904,592656,87,0.936934,1344
507128,592656,86,0.936718,1352
504856,592656,86,0.936758,1352
508768,592656,86,0.932970,1352
505448,592656,86,0.936219,1352
508040,592656,86,0.933700,1352
507352,592656,87,0.934376,1352
505360,592656,87,0.936300,1352
508248,592656,87,0.933493,1352
511176,592656,87,0.930385,1352
508640,592656,88,0.933051,1352
506168,592656,89,0.935461,1352
505984,592656,90,0.935634,1352
507808,592656,90,0.933835,1352
509704,592656,89,0.931899,1360
511816,592656,88,0.929606,1368
508176,592656,88,0.933501,1368
509848,592656,88,0.931740,1368
509232,592656,89,0.932390,1360
513032,592656,88,0.928220,1368
511864,592656,89,0.929579,1344
513456,592656,89,0.927695,1344
509440,592656,89,0.932191,1344
512024,592656,89,0.929346,1344
509072,592656,89,0.932571,1344
506264,592656,88,0.926565,1344
503328,592656,89,0.929577,1344
503432,592656,88,0.929475,1344
506720,592656,88,0.926022,1344
508488,592656,88,0.923996,1344
506896,592656,88,0.925830,1344
507960,592656,88,0.924596,1344
505568,592656,89,0.927201,1344
501960,592656,90,0.930807,1344
498296,592656,91,0.934121,1344
500552,592656,91,0.932075,1344
503344,592656,91,0.929372,1344
504536,592656,90,0.928172,1344
502256,592656,89,0.930525,1344
503744,592656,89,0.929022,1344
501096,592656,89,0.931618,1344
504928,592656,89,0.927819,1344
502224,592656,90,0.930510,1344
499048,592656,91,0.933425,1344
502296,592656,91,0.930394,1344
504952,592656,90,0.927694,1392
504816,592656,90,0.927885,1392
502072,592656,89,0.930701,1392
498664,592656,89,0.933844,1392
497088,592656,90,0.935185,1392
499896,592656,90,0.932714,1392
501920,592656,90,0.930800,1392
500856,592656,90,0.931840,1392
503736,592656,90,0.929030,1392
502936,592656,91,0.929852,1360
499104,592656,91,0.933446,1360
501312,592656,90,0.931410,1400
500608,592656,90,0.932105,1400
503960,592656,90,0.928846,1400
505040,592656,89,0.927694,1448
507248,592656,89,0.925276,1448
508312,592656,89,0.924023,1448
508208,592656,90,0.924142,1448
505752,592656,89,0.926948,1448
502816,592656,90,0.929930,1448
503616,592656,89,0.929134,1456
503272,592656,89,0.929546,1432
499536,592656,90,0.933078,1392
502928,592656,90,0.929875,1392
500616,592656,91,0.932068,1384
498664,592656,91,0.933886,1344
501040,592656,91,0.931715,1344
505048,592656,91,0.927744,1344
506384,592656,91,0.926281,1344
509176,592656,91,0.923086,1344
512456,592656,91,0.918971,1344
508912,592656,91,0.923395,1344
510264,592656,91,0.921729,1344
506832,592656,91,0.925743,1344
505800,592656,90,0.926957,1344
506928,592656,90,0.925690,1344
504360,592656,91,0.928401,1344
507800,592656,91,0.924668,1344
510856,592656,91,0.921003,1344
508136,592656,92,0.924233,1344
507136,592656,92,0.925408,1344
506600,592656,92,0.926048,1344
503720,592656,92,0.929094,1344
503480,592656,91,0.929428,1344
503984,592656,90,0.928926,1344
503960,592656,91,0.928950,1344
502960,592656,91,0.929984,1344
499168,592656,92,0.933488,1344
496960,592656,92,0.935411,1344
500016,592656,92,0.932735,1344
501272,592656,92,0.931544,1344
505064,592656,91,0.927827,1344
504912,592656,91,0.928033,1344
507856,592656,90,0.924830,1384
504944,592656,91,0.927959,1384
508024,592656,91,0.924587,1384
504168,592656,91,0.928749,1384
500160,592656,92,0.932599,1352
496184,592656,93,0.936041,1304
499760,592656,93,0.932957,1304
503456,592656,93,0.929443,1304
505328,592656,93,0.927495,1304
505520,592656,92,0.927294,1304
506528,592656,91,0.926212,1312
504144,592656,90,0.928797,1312
508144,592656,90,0.924479,1312
506560,592656,91,0.926230,1312
505840,592656,91,0.927050,1312
509320,592656,91,0.923124,1312
508992,592656,91,0.923572,1304
509752,592656,90,0.922671,1312
510336,592656,90,0.921914,1312
510720,592656,89,0.921446,1312
512624,592656,89,0.918981,1312
508984,592656,90,0.923460,1312
511088,592656,90,0.920874,1312
508992,592656,91,0.923395,1312
512704,592656,91,0.918752,1312
511096,592656,91,0.920894,1288
514712,592656,90,0.916101,1312
517696,592656,90,0.911641,1312
515248,592656,89,0.915414,1312
511880,592656,90,0.919939,1312
513736,592656,90,0.917442,1312
514288,592656,89,0.916656,1336
513440,592656,90,0.917830,1320
513632,592656,89,0.917572,1320
511472,592656,89,0.920445,1320
515384,592656,89,0.915140,1320
511728,592656,90,0.920061,1320
508416,592656,90,0.924106,1320
510024,592656,90,0.922165,1320
507232,592656,90,0.925435,1320
509376,592656,90,0.922936,1320
511080,592656,90,0.920814,1320
510360,592656,90,0.921768,1312
514128,592656,90,0.938358,1312
513552,592656,91,0.938954,1296
510944,592656,92,0.941449,1296
508352,592656,92,0.943776,1296
504440,592656,92,0.942393,1296
505112,592656,92,0.941798,1296
505360,592656,91,0.941576,1312
505168,592656,91,0.941778,1312
508848,592656,91,0.938486,1312
508824,592656,92,0.938508,1312
512648,592656,92,0.934673,1312
509208,592656,93,0.938103,1312
505856,592656,94,0.941115,1312
508200,592656,94,0.938997,1312
511248,592656,93,0.936066,1312
511592,592656,92,0.935717,1312
508320,592656,92,0.938930,1312
508864,592656,91,0.938426,1312
512416,592656,91,0.934866,1312
512264,592656,91,0.935100,1288
515984,592656,91,0.941425,1288
514704,592656,90,0.942766,1288
516664,592656,90,0.940788,1288
513272,592656,90,0.938638,1288
517280,596712,90,0.938638,1288
515536,596712,90,0.940374,1288
513288,596712,90,0.942460,1288
515832,596712,90,0.940094,1288
516032,596712,89,0.939888,1304
515872,596712,90,0.940048,1296
516248,596712,89,0.939688,1296
514072,596712,89,0.918239,1256
514368,596712,88,0.917864,1256
511128,596712,88,0.921844,1256
507944,596712,89,0.925355,1248
508880,596712,88,0.924358,1248
511072,596712,88,0.921862,1248
507792,596712,88,0.925514,1248
510544,596712,88,0.922465,1248
508936,596712,88,0.924298,1248
507664,596712,89,0.925648,1248
505344,596712,90,0.927990,1248
506712,596712,89,0.926594,1280
505584,596712,88,0.927817,1280
508672,596712,87,0.924642,1288
512408,596712,86,0.920370,1328
516456,596712,86,0.915152,1328
513400,596712,86,0.917337,1328
510864,596712,86,0.920469,1328
511312,596712,85,0.919915,1352
513336,596712,84,0.917438,1360
512480,596712,85,0.918500,1360
515120,596712,85,0.915070,1360
511208,596712,84,0.920085,1360
514680,596712,84,0.915714,1360
512336,596712,84,0.918734,1360
511256,596712,84,0.920141,1312
507776,596712,84,0.904042,1312
507856,596712,83,0.903935,1312
508768,596712,82,0.902658,1336
512800,596712,82,0.896672,1336
510944,596712,83,0.899484,1336
512112,596712,82,0.897696,1360
509472,596712,83,0.901619,1328
507576,596712,84,0.904235,1320
505200,596712,84,0.907371,1320
506984,596712,83,0.905063,1336
507584,596712,82,0.904267,1336
504528,596712,83,0.908185,1336
500792,596712,84,0.912605,1296
499256,596712,84,0.914334,1296
499552,596712,83,0.913990,1320
501392,596712,82,0.911940,1336
500952,596712,82,0.912515,1312
504552,596712,82,0.908244,1312
508600,596712,82,0.902923,1312
512136,596712,82,0.897733,1312
512064,596712,82,0.897915,1312
514904,596712,82,0.893328,1312
511352,596712,82,0.845945,1312
510784,596712,82,0.847367,1296
512216,596712,82,0.843996,1296
515152,596712,82,0.836727,1296
511712,596712,81,0.845271,1296
507712,596712,81,0.854015,1296
504336,596712,80,0.860765,1296
502224,596712,81,0.864588,1288
501576,596712,81,0.865797,1288
501072,596712,82,0.866660,1288
504200,596712,82,0.861031,1288
504920,596712,81,0.859689,1288
508040,596712,81,0.853459,1288
506200,596712,81,0.857236,1288
508992,596712,81,0.851477,1288
509616,596712,80,0.850115,1304
511712,596712,79,0.845417,1328
511464,596712,80,0.846018,1312
515352,596712,80,0.836543,1312
517720,596712,80,0.830127,1312
517376,596712,81,0.831071,1312
518928,596712,81,0.826589,1312
515296,596712,82,0.836441,1312
517048,596712,82,0.831702,1312
514392,596712,83,0.838722,1264
516016,596712,83,0.834452,1264
514680,596712,84,0.837881,1264
512080,596712,85,0.844164,1264
513576,596712,85,0.840493,1264
514912,596712,84,0.837175,1264
510880,596712,84,0.846902,1264
514120,596712,84,0.839158,1264
510352,596712,84,0.848076,1264
513056,596712,83,0.841863,1264
510872,596712,83,0.847027,1264
512336,596712,83,0.843567,1264
512120,596712,83,0.844182,1264
509144,596712,83,0.850901,1264
506272,596712,83,0.856861,1264
509680,596712,83,0.849753,1264
513144,596712,83,0.841768,1264
516872,596712,83,0.832178,1264
516440,596712,82,0.833652,1240
514664,596712,82,0.838343,1240
516504,596712,82,0.833482,1240
512800,596712,83,0.842757,1240
516608,596712,83,0.833078,1240
516968,596712,82,0.832113,1240
516768,596712,83,0.832650,1240
515000,596712,82,0.837498,1240
512896,596712,81,0.842871,1240
516688,596712,81,0.833248,1240
516408,596712,81,0.834116,1240
513768,596712,81,0.840901,1240
514784,596712,80,0.838303,1280
515904,596712,79,0.835349,1320
513696,596712,80,0.840978,1280
511928,596712,80,0.845252,1280
510720,596712,81,0.847970,1280
508824,596712,82,0.852049,1280
507192,596712,83,0.855388,1280
504400,596712,83,0.860854,1280
507400,596712,83,0.854971,1280
508896,596712,82,0.851831,1312
510504,596712,81,0.848323,1336
512784,596712,80,0.843116,1344
512832,596712,79,0.843003,1344
510808,596712,80,0.847633,1344
510360,596712,81,0.848674,1320
512184,596712,80,0.844571,1320
514408,596712,79,0.839198,1344
513240,596712,80,0.842035,1344
513776,596712,79,0.840629,1392
512304,596712,80,0.844126,1392
510808,596712,81,0.847598,1360
512344,596712,81,0.843996,1360
513288,596712,81,0.841653,1360
512664,596712,82,0.843173,1344
515752,596712,82,0.835432,1344
518560,596712,82,0.827686,1344
514624,596712,82,0.838303,1344
517400,596712,82,0.830918,1344
520936,596712,82,0.820516,1344
522928,596712,81,0.814056,1376
521496,596712,81,0.818825,1376
524912,596712,81,0.807256,1376
521824,596712,81,0.817789,1376
518920,596712,81,0.826704,1376
516216,596712,82,0.834137,1376
517512,596712,81,0.830590,1400
515888,596712,80,0.835183,1400
518480,596712,79,0.828139,1408
514720,596712,80,0.838142,1408
516416,596712,80,0.833652,1408
517520,596712,80,0.830546,1408
515696,596712,81,0.835411,1408
513392,596712,80,0.841403,1408
509384,596712,80,0.850594,1408
510792,596712,80,0.847420,1408
513200,596712,80,0.841748,1408
512192,596712,81,0.844145,1400
510520,596712,81,0.848041,1400
509256,596712,81,0.850884,1400
508000,596712,81,0.853607,1400
505408,596712,82,0.858749,1392
502168,596712,81,0.864840,1392
506256,596712,81,0.857205,1392
504560,596712,81,0.860527,1392
508056,596712,81,0.853607,1392
508664,596712,80,0.852350,1392
511688,596712,80,0.845654,1392
508504,596712,80,0.852699,1384
505720,596712,79,0.858443,1384
502056,596712,80,0.865133,1384
505136,596712,80,0.859462,1384
508904,596712,79,0.851948,1392
511088,596712,79,0.847117,1392
513656,596712,79,0.841036,1392
516208,596712,79,0.834494,1392
514776,596712,78,0.838403,1392
514704,596712,77,0.838821,1392
516848,596712,77,0.833184,1392
519152,596712,77,0.826681,1392
516464,596712,77,0.834200,1392
519392,596712,77,0.825989,1392
516488,596712,77,0.834137,1392
517936,596712,77,0.830105,1392
520128,596712,77,0.823688,1392
519152,596712,77,0.826681,1392
519808,596712,77,0.824634,1392
522352,596712,77,0.816664,1392
525160,596712,77,0.806999,1392
524888,596712,78,0.807992,1384
526712,596712,77,0.801338,1384
522824,596712,77,0.815161,1384
521520,596712,78,0.819325,1384
522432,596712,78,0.816278,1384
522032,596712,78,0.817738,1376
525808,596712,78,0.804721,1376
529864,596712,78,0.788511,1376
528864,596712,78,0.792967,1360
532024,596712,78,0.778924,1360
529216,596712,78,0.791514,1360
528984,596712,78,0.792671,1360
527528,596712,78,0.769717,1360
529392,596712,77,0.761029,1384
530056,596712,77,0.757581,1384
528720,596712,77,0.764196,1384
532448,596712,77,0.825665,1384
531848,596712,78,0.827865,1384
534048,596712,78,0.819322,1384
537848,596712,78,0.895387,1384
534640,596712,78,0.903006,1384
532232,596712,77,0.907304,1384
529480,596712,77,0.912494,1384
527336,596712,78,0.916104,1376
527112,596712,78,0.916552,1368
529896,596712,78,0.911788,1368
526608,596712,78,0.917347,1368
529264,596712,78,0.912898,1368
530896,596712,78,0.909885,1368
530360,596712,79,0.910956,1320
530232,596712,79,0.911273,1320
532232,596712,79,0.907429,1320
535120,596712,79,0.901299,1320
536616,596712,78,0.897738,1368
536912,596712,77,0.897026,1368
535376,596712,77,0.900726,1368
535288,596712,77,0.901031,1368
536928,596712,76,0.897200,1376
538128,596712,75,0.894197,1384
534352,596712,75,0.892705,1384
536008,596712,75,0.888500,1384
534552,596712,75,0.892228,1384
533592,596712,76,0.894554,1352
537352,596712,76,0.885031,1352
536752,596712,76,0.886792,1344
533152,596712,75,0.895787,1344
530344,596712,76,0.901719,1344
533232,596712,76,0.895499,1344
532504,596712,76,0.897306,1304
530304,596712,76,0.901973,1304
532048,596712,76,0.898288,1304
529744,596712,76,0.903071,1304
530688,596712,75,0.901110,1352
531320,596712,75,0.899719,1352
534864,596712,75,0.891670,1352
534928,596712,74,0.891515,1352
533632,596712,75,0.894627,1328
530088,596712,75,0.902258,1328
533040,596712,75,0.895966,1328
535056,596712,75,0.891144,1328
535224,596712,74,0.890732,1328
539192,596712,74,0.879857,1328
536264,596712,74,0.888109,1328
540152,596712,74,0.876929,1328
538016,596712,75,0.883259,1328
537936,596712,76,0.883484,1328
538928,596712,75,0.880568,1352
538632,596712,76,0.881432,1352
541064,596712,76,0.873776,1352
539768,596712,77,0.877896,1352
542656,596712,77,0.941906,1352
544672,596712,77,0.944905,1352
540976,596712,76,0.889235,1352
541824,596712,75,0.886716,1360
541152,596712,76,0.888703,1360
541728,596712,75,0.887004,1360
538632,596712,76,0.895572,1360
540912,596712,76,0.889258,1360
537968,596712,77,0.897223,1320
535104,596712,77,0.903964,1320
535576,596712,76,0.902914,1328
539224,596712,76,0.893994,1328
538176,596712,76,0.896865,1304
536392,596712,77,0.901168,1288
536760,596712,76,0.900318,1288
539720,596712,75,0.892843,1312
536056,596712,76,0.901878,1312
537280,596712,75,0.899034,1312
535096,596712,75,0.904102,1312
535240,596712,74,0.903738,1336
534248,596712,75,0.905897,1312
533672,596712,76,0.907078,1312
534992,596712,75,0.904326,1312
536784,596712,74,0.900299,1320
534824,596712,74,0.904770,1320
535944,596712,73,0.902309,1328
532864,596712,72,0.889800,1328
535520,596712,72,0.883046,1328
532360,596712,72,0.890974,1328
536240,596712,72,0.881106,1328
534416,596712,73,0.885901,1328
536944,596712,73,0.879010,1328
536648,596712,74,0.879911,1304
537896,596712,73,0.876318,1304
535896,596712,73,0.882106,1304
532008,596712,73,0.891833,1304
535344,596712,73,0.883574,1304
534880,596712,74,0.884780,1304
538168,596712,74,0.875507,1304
536720,596712,75,0.879709,1304
533104,596712,76,0.889118,1280
535448,596712,76,0.883110,1280
539288,596712,76,0.871820,1280
542904,596712,76,0.941189,1280
542360,596712,77,0.942051,1280
543712,596712,76,0.939781,1328
539920,596712,76,0.900950,1328
542832,596712,76,0.941228,1328
538984,596712,76,0.881343,1320
536056,596712,77,0.889339,1320
536664,596712,76,0.887768,1320
540680,596712,76,0.924489,1320
537840,596712,77,0.929642,1320
537464,596712,78,0.930272,1320
539048,596712,78,0.927453,1320
539640,596712,77,0.926373,1320
537544,596712,78,0.930099,1296
537600,596712,77,0.930006,1296
535376,596712,77,0.933611,1296
539192,600576,77,0.933611,1296
536384,600576,77,0.932368,1296
537752,600576,77,0.930265,1296
535736,600576,78,0.933221,1296
538472,600576,78,0.929069,1296
535104,600576,79,0.930043,1296
532192,600576,79,0.923294,1296
533496,600576,78,0.921285,1296
536304,600576,77,0.916496,1344
535240,600576,77,0.918429,1344
538824,600576,77,0.924185,1344
536848,600576,78,0.927451,1320
540320,604096,78,0.927451,1320
536784,604096,77,0.919290,1320
536880,604096,76,0.919135,1320
534224,604096,77,0.923217,1320
538216,604096,76,0.930665,1368
534392,604096,76,0.902379,1368
535144,604096,75,0.900929,1384
533320,604096,76,0.904306,1384
533672,604096,75,0.903643,1400
530592,604096,76,0.908923,1400
527048,604096,77,0.914324,1400
525728,604096,78,0.916176,1400
527368,604096,78,0.913793,1400
526248,604096,79,0.915445,1360
528416,604096,79,0.912233,1360
530648,604096,79,0.908663,1360
526656,604096,80,0.914803,1312
527728,604096,80,0.913185,1312
527176,604096,80,0.914094,1288
531040,604096,80,0.908059,1288
534320,604096,80,0.902215,1288
532712,604096,80,0.905255,1264
535832,604096,80,0.899355,1264
532744,604096,81,0.905129,1256
533488,604096,80,0.903803,1256
532688,604096,80,0.905325,1248
536784,604096,80,0.923903,1248
535432,604096,81,0.925978,1200
538824,604096,81,0.920661,1200
535744,604096,81,0.925525,1200
539400,604096,81,0.923753,1200
537560,604096,82,0.926607,1200
539928,604096,82,0.922814,1200
537000,604096,83,0.927364,1200
537592,604096,82,0.926475,1208
534584,604096,82,0.930786,1208
538296,607856,82,0.930786,1208
538248,607856,83,0.930849,1208
534664,607856,84,0.935294,1208
535400,607856,84,0.934371,1208
535320,607856,84,0.934524,1208
535248,607856,84,0.934666,1208
532328,607856,85,0.937973,1184
535696,607856,85,0.934103,1184
532472,607856,85,0.937870,1136
531088,607856,86,0.939316,1136
532976,607856,85,0.937300,1160
532472,607856,86,0.937845,1160
529032,607856,86,0.941108,1160
528984,607856,86,0.941199,1160
531408,607856,86,0.938742,1160
534224,607856,86,0.935626,1160
535920,607856,86,0.933568,1160
539216,607856,85,0.929241,1200
535544,607856,86,0.933100,1200
537072,607856,86,0.931122,1200
540680,607856,85,0.926123,1200
536840,607856,84,0.849068,1200
536952,607856,83,0.848729,1208
533560,607856,83,0.857865,1208
530624,607856,83,0.864941,1208
534608,607856,83,0.927314,1208
536064,607856,82,0.925349,1224
536096,607856,81,0.925305,1224
538264,607856,81,0.922134,1224
536240,607856,82,0.925052,1216
537248,607856,81,0.923621,1224
533448,607856,80,0.869431,1224
536632,607856,80,0.861598,1224
533344,607856,80,0.869669,1224
533432,607856,79,0.869468,1224
530096,607856,79,0.876768,1224
529728,607856,79,0.877610,1224
529752,607856,78,0.877562,1224
529560,607856,77,0.878138,1224
531632,607856,77,0.873764,1224
529760,607856,78,0.877642,1224
527176,607856,78,0.882708,1224
528560,607856,77,0.880098,1224
530424,607856,76,0.876376,1232
530944,607856,75,0.875251,1256
526960,607856,75,0.873103,1256
527328,607856,74,0.872351,1264
524784,607856,75,0.877274,1264
524568,607856,76,0.877674,1264
523816,607856,77,0.879078,1248
525360,607856,77,0.876132,1248
526776,607856,77,0.873294,1248
528592,607856,77,0.869487,1248
524840,607856,78,0.876931,1248
522976,607856,79,0.880336,1240
522384,607856,79,0.881471,1232
523792,607856,79,0.878889,1232
526472,607856,78,0.873784,1256
525208,607856,77,0.876404,1256
524360,607856,78,0.877999,1248
522720,607856,79,0.880955,1240
522336,607856,79,0.881707,1240
524816,607856,79,0.877170,1240
528128,607856,79,0.870572,1240
529624,607856,79,0.867296,1240
531936,607856,79,0.861956,1240
533624,607856,79,0.857745,1240
533016,607856,79,0.859366,1240
530944,607856,79,0.864361,1240
531448,607856,78,0.863206,1240
532696,607856,78,0.860144,1240
532576,607856,78,0.860568,1232
529392,607856,78,0.867920,1232
531176,607856,78,0.863850,1232
528456,607856,78,0.869940,1216
529720,607856,78,0.867139,1216
531616,607856,78,0.862761,1216
528728,607856,78,0.869268,1216
531472,607856,78,0.863095,1216
527712,607856,78,0.871378,1216
530016,607856,78,0.866385,1216
529928,607856,79,0.866579,1216
532680,607856,79,0.860124,1216
529552,607856,79,0.867400,1216
528888,607856,78,0.869031,1216
532320,607856,78,0.861218,1216
533752,607856,78,0.857605,1216
529744,607856,79,0.866982,1216
532368,607856,79,0.860874,1216
532256,607856,80,0.861161,1208
533440,607856,80,0.858164,1208
529440,607856,81,0.867487,1192
531888,607856,81,0.861843,1192
528096,607856,81,0.870340,1192
529776,607856,81,0.866649,1192
528592,607856,81,0.869301,1192
529152,607856,80,0.868075,1208
528544,607856,81,0.869369,1208
531424,607856,81,0.862891,1208
530816,607856,82,0.864289,1208
532296,607856,81,0.860740,1248
530400,607856,81,0.865246,1248
531992,607856,81,0.861465,1248
531624,607856,81,0.862463,1240
530440,607856,81,0.865282,1240
533448,607856,81,0.858065,1240
529536,607856,80,0.867383,1240
530216,607856,80,0.865782,1240
533744,607856,80,0.857324,1240
532672,607856,80,0.860086,1240
534256,607856,80,0.856025,1240
531376,607856,80,0.863151,1240
534648,607856,80,0.855014,1240
531176,607856,81,0.863501,1240
534040,607856,80,0.856495,1272
531088,607856,79,0.863850,1272
530696,607856,80,0.864778,1256
533456,607856,80,0.858124,1256
535344,607856,80,0.853142,1256
532224,607856,81,0.861008,1256
535624,607856,81,0.852263,1256
532600,607856,81,0.860105,1256
533800,607856,80,0.857062,1288
532864,607856,80,0.859503,1288
530128,607856,79,0.866084,1288
527008,607856,79,0.872752,1288
527856,607856,79,0.870935,1288
528040,607856,78,0.870539,1296
529544,607856,78,0.867244,1296
528240,607856,79,0.870023,1296
531784,607856,79,0.862069,1296
529160,607856,79,0.868075,1296
528312,607856,79,0.869973,1296
528968,607856,78,0.868571,1304
526288,607856,79,0.874098,1280
528008,607856,79,0.870539,1280
527360,607856,78,0.844832,1248
528304,607856,77,0.842402,1280
531576,607856,77,0.833537,1280
528776,607856,77,0.841200,1280
530272,607856,77,0.837135,1280
527536,607856,78,0.844202,1280
530752,607856,77,0.835807,1288
530096,607856,78,0.837695,1248
527528,607856,78,0.844419,1248
529176,607856,78,0.840125,1248
530304,607856,77,0.837049,1280
529832,607856,77,0.838464,1272
527544,607856,78,0.844320,1272
526128,607856,78,0.847850,1272
527800,607856,78,0.843686,1272
530440,607856,78,0.836702,1272
534248,607856,78,0.825519,1272
530632,607856,79,0.836048,1272
530688,607856,78,0.835851,1288
529144,607856,79,0.839979,1288
528376,607856,80,0.841956,1288
532256,607856,80,0.831296,1288
534472,607856,80,0.824471,1288
530416,607856,81,0.836332,1288
533912,607856,80,0.826112,1320
530416,607856,81,0.836332,1288
533136,607856,81,0.828420,1288
532616,607856,81,0.830176,1264
535832,607856,81,0.820021,1264
535624,607856,82,0.820782,1240
534128,607856,83,0.825543,1240
536664,607856,83,0.817153,1240
537160,607856,82,0.815394,1256
533336,607856,82,0.827915,1256
529288,607856,82,0.839435,1256
527808,607856,83,0.843327,1216
525440,607856,83,0.849140,1216
528312,607856,83,0.842058,1216
529968,607856,83,0.837609,1216
531840,607856,83,0.832286,1216
532216,607856,82,0.831133,1240
530256,607856,83,0.836637,1240
527272,607856,84,0.844360,1240
528584,607856,84,0.840933,1240
529704,607856,83,0.837909,1272
527480,607856,84,0.843706,1248
529848,607856,84,0.837459,1248
528416,607856,85,0.841221,1248
530624,607856,84,0.835234,1288
527088,607856,84,0.844577,1288
530440,607856,84,0.835741,1288
528096,607856,84,0.842058,1288
531864,607856,84,0.831735,1288
529416,607856,84,0.838633,1288
525752,607856,84,0.847907,1288
522168,607856,84,0.856004,1288
520376,607856,84,0.859833,1264
516408,607856,84,0.867430,1264
516992,607856,83,0.866347,1280
519576,607856,83,0.861384,1280
522056,607856,83,0.856257,1280
524152,607856,83,0.851601,1280
525624,607856,82,0.848170,1304
523832,607856,83,0.852280,1296
526600,607856,83,0.845748,1296
523944,607856,83,0.852030,1296
520144,607856,83,0.860137,1296
523872,607856,83,0.852191,1296
526424,607856,83,0.846173,1296
523672,607856,83,0.852634,1296
525136,607856,83,0.849214,1296
524552,607856,84,0.850590,1280
526656,607856,84,0.845535,1280
525744,607856,85,0.847718,1280
527408,607856,85,0.843567,1280
527032,607856,86,0.844557,1256
530152,607856,86,0.836354,1256
529096,607856,87,0.839183,1256
525232,607856,87,0.848862,1256
528560,607856,87,0.840582,1256
524984,607856,87,0.849436,1256
520896,607856,87,0.858411,1256
521824,607856,87,0.856391,1256
520568,607856,87,0.859077,1256
518680,607856,88,0.862839,1232
520288,607856,88,0.859593,1232
520920,607856,87,0.858297,1240
517920,607856,86,0.864354,1240
521528,607856,86,0.857143,1240
520216,607856,87,0.859817,1240
519568,607856,87,0.861196,1240
518952,607856,87,0.862501,1232
522792,607856,87,0.854589,1232
521544,607856,86,0.857425,1232
524232,607856,86,0.851529,1232
520312,607856,86,0.859929,1232
523872,607856,86,0.852333,1232
522520,607856,86,0.855376,1232
519656,607856,87,0.861290,1200
519864,607856,86,0.860866,1208
517280,607856,86,0.865866,1208
520784,607856,86,0.859029,1208
518232,607856,86,0.864099,1208
518616,607856,85,0.863328,1232
520368,607856,85,0.859817,1232
522448,607856,85,0.855427,1232
522152,607856,85,0.856156,1232
522808,607856,84,0.854726,1248
521280,607856,84,0.858035,1248
524472,607856,84,0.851061,1248
524880,607856,83,0.850116,1256
527160,607856,83,0.844596,1256
525960,607856,83,0.847624,1248
523480,607856,83,0.853373,1248
525128,607856,83,0.849565,1248
521880,607856,83,0.856793,1248
518040,607856,83,0.864474,1248
516456,607856,84,0.867372,1248
518768,607856,84,0.863008,1248
517176,607856,83,0.866158,1248
513464,607856,84,0.872601,1248
509816,607856,84,0.878428,1248
512312,607856,84,0.874476,1248
511928,607856,85,0.875127,1224
514912,607856,85,0.870122,1224
511496,607856,85,0.875809,1224
508168,607856,86,0.880823,1224
508448,607856,85,0.880417,1224
511864,607856,85,0.875153,1224
515856,607856,84,0.868396,1272
517096,607856,83,0.866173,1272
513856,607856,84,0.871883,1240
515744,607856,83,0.868607,1264
515968,607856,82,0.868184,1280
518176,607856,82,0.864069,1280
518496,607856,81,0.863434,1296
522168,607856,81,0.855987,1296
521016,607856,81,0.858542,1264
521648,607856,80,0.857209,1280
520280,607856,79,0.860184,1280
519560,607856,79,0.861696,1280
521352,607856,79,0.858018,1280
524104,607856,79,0.852030,1280
520672,607856,78,0.859497,1280
524664,607856,77,0.850880,1328
522128,607856,76,0.856609,1328
525088,607856,76,0.850024,1328
524680,607856,76,0.851061,1328
526720,607856,75,0.846231,1360
524880,607856,74,0.850754,1360
522448,607856,75,0.856071,1360
525704,607856,75,0.848750,1360
528080,607856,75,0.842886,1360
526472,607856,76,0.846825,1360
529736,607856,76,0.838485,1360
526336,607856,77,0.847150,1312
528416,607856,76,0.841916,1360
524624,607856,76,0.851115,1360
521864,607856,77,0.857093,1360
522584,607856,76,0.855529,1384
524104,607856,75,0.852173,1408
524080,607856,75,0.852333,1408
523848,607856,76,0.852846,1408
525928,607856,76,0.848001,1408
525424,607856,77,0.849177,1408
527616,607856,77,0.843806,1408
524144,607856,78,0.851977,1408
524872,607856,77,0.850226,1456
528704,607856,77,0.840809,1456
525888,607856,77,0.847869,1456
529272,607856,77,0.839330,1456
526488,607856,77,0.846442,1456
523080,607856,77,0.854312,1456
525512,607856,77,0.848750,1456
526528,607856,76,0.846346,1456
523160,607856,75,0.854243,1456
527128,607856,75,0.845008,1456
524768,607856,75,0.850681,1456
526288,607856,74,0.847073,1488
526256,607856,73,0.847378,1488
524488,607856,74,0.851458,1488
528312,607856,74,0.842220,1488
527904,607856,75,0.843267,1480
529080,607856,74,0.840250,1488
526144,607856,75,0.847529,1488
523104,607856,76,0.854399,1488
521984,607856,77,0.856843,1456
522096,607856,76,0.856609,1456
520624,607856,77,0.859673,1432
523312,607856,77,0.853966,1432
523472,607856,76,0.853618,1432
527272,607856,76,0.844714,1432
527336,607856,75,0.844557,1432
524568,607856,75,0.851188,1432
523624,607856,75,0.853391,1432
524336,607856,75,0.851709,1432
526992,607856,75,0.845398,1432
525328,607856,75,0.849454,1432
521800,607856,75,0.857276,1432
523144,607856,75,0.854330,1432
519368,607856,76,0.862146,1384
520720,607856,76,0.859384,1384
521816,607856,76,0.857043,1384
519096,607856,77,0.862486,1384
521208,607856,77,0.858199,1384
518656,607856,76,0.863419,1384
517008,607856,77,0.866478,1384
515104,607856,78,0.869846,1384
517040,607856,78,0.866333,1384
519576,607856,78,0.861462,1384
518400,607856,79,0.863737,1376
516256,607856,80,0.867672,1376
519904,607856,79,0.860739,1424
521360,607856,78,0.857722,1464
521744,607856,77,0.856926,1464
517776,607856,77,0.864832,1464
521520,607856,77,0.857392,1464
521064,607856,77,0.858444,1456
521608,607856,76,0.857292,1472
518800,607856,76,0.863069,1424
517112,607856,77,0.866216,1424
520168,607856,77,0.860312,1424
517976,607856,77,0.864624,1424
519208,607856,77,0.862193,1424
519968,607856,76,0.860629,1464
516312,607856,75,0.867672,1464
519144,607856,75,0.862332,1464
518200,607856,76,0.864189,1432
514848,607856,76,0.870286,1432
517296,607856,76,0.865866,1432
518184,607856,76,0.864129,1432
517832,607856,76,0.864906,1416
520232,607856,76,0.860200,1416
517696,607856,76,0.865159,1416
518888,607856,76,0.862824,1416
517344,607856,76,0.865836,1400
517312,607856,77,0.865895,1400
518296,607856,76,0.864039,1416
522312,607856,76,0.855936,1416
518488,607856,75,0.850788,1416
522072,607856,74,0.842966,1424
519296,607856,74,0.849181,1424
516800,607856,74,0.854374,1424
519512,607856,74,0.848723,1424
521264,607856,73,0.844796,1472
520768,607856,73,0.846039,1456
517712,607856,73,0.852587,1456
518248,607856,72,0.851430,1488
517240,607856,73,0.853486,1480
519384,607856,73,0.848978,1480
521840,607856,73,0.843477,1480
519528,607856,72,0.848774,1480
519144,607856,73,0.849586,1480
521080,607856,73,0.845296,1480
517584,607856,74,0.852700,1480
520840,607856,74,0.845721,1480
520968,607856,73,0.845420,1488
518888,607856,73,0.850006,1488
520560,607856,72,0.846391,1504
519064,607856,73,0.849603,1504
515072,607856,74,0.857642,1456
518264,607856,74,0.851266,1456
519432,607856,73,0.848791,1472
517936,607856,74,0.852003,1424
516408,607856,75,0.855049,1424
512600,607856,75,0.862207,1424
515736,607856,75,0.856349,1424
519448,607856,75,0.848757,1424
520816,607856,75,0.845686,1424
520096,607856,76,0.847315,1400
518392,607856,77,0.850920,1400
519392,607856,76,0.848791,1416
516712,607856,75,0.854532,1384
516760,607856,74,0.854437,1384
514768,607856,74,0.858406,1352
515696,607856,73,0.856579,1392
517584,607856,73,0.852780,1392
513976,607856,74,0.859706,1392
512664,607856,74,0.862150,1392
515224,607856,74,0.857385,1392
511968,607856,74,0.863369,1392
508088,607856,75,0.869784,1392
504832,607856,74,0.874860,1392
501112,607856,74,0.880114,1392
497840,607856,75,0.884331,1392
500104,607856,75,0.881383,1392
503264,607856,75,0.877034,1392
500784,607856,75,0.880487,1392
504432,607856,75,0.875371,1392
502560,607856,76,0.878016,1392
498816,607856,75,0.883104,1392
496624,607856,76,0.885823,1392
497264,607856,76,0.884984,1392
500016,607856,76,0.881435,1392
498384,607856,76,0.883590,1392
497280,607856,77,0.884964,1392
495728,607856,78,0.886842,1392
494288,607856,78,0.888585,1392
494576,607856,77,0.888252,1392
496032,607856,77,0.886479,1392
494840,607856,77,0.887945,1392
491720,607856,77,0.891524,1392
488320,607856,78,0.895119,1392
489768,607856,78,0.893567,1392
487624,607856,78,0.895825,1392
489192,607856,77,0.894178,1432
487472,607856,77,0.895986,1432
483800,607856,78,0.899552,1432
479984,607856,78,0.903049,1432
480832,607856,78,0.902260,1432
479568,607856,79,0.903369,1432
477120,607856,79,0.905488,1432
478312,607856,79,0.904447,1432
478560,607856,78,0.904236,1432
476864,607856,78,0.905700,1432
473096,607856,78,0.908752,1432
471856,607856,78,0.909738,1432
469408,607856,78,0.911589,1432
469296,607856,79,0.911670,1432
470144,607856,79,0.911016,1432
470352,607856,78,0.910856,1440
470376,607856,77,0.910839,1440
467688,607856,76,0.912849,1440
468280,607856,75,0.912418,1456
469008,607856,74,0.911884,1472
469776,607856,73,0.911326,1472
471224,607856,73,0.910220,1472
472664,607856,73,0.909091,1472
475216,607856,73,0.907049,1472
473752,607856,73,0.908247,1472
476816,607856,73,0.905746,1472
478752,607856,73,0.904079,1472
479888,607856,73,0.903056,1472
481688,607856,73,0.901415,1472
484656,607856,73,0.898613,1472
482448,607856,73,0.900760,1432
485720,607856,73,0.897625,1432
486632,607856,73,0.896682,1432
490024,607856,73,0.893152,1432
491040,607856,73,0.892011,1432
489400,607856,73,0.893810,1432
490800,607856,72,0.892322,1432
491448,607856,71,0.891567,1480
489792,607856,72,0.893347,1480
492120,607856,71,0.890784,1520
489464,607856,72,0.893651,1520
492880,607856,72,0.889880,1520
492200,607856,73,0.890642,1520
491352,607856,73,0.891628,1520
491736,607856,72,0.891208,1520
492800,607856,72,0.889971,1520
491152,607856,72,0.891846,1520
494928,607856,72,0.887523,1520
492560,607856,72,0.890294,1520
493984,607856,72,0.888622,1520
492048,607856,73,0.890810,1520
491888,607856,74,0.890987,1520
491256,607856,75,0.891689,1512
493240,607856,75,0.889428,1512
494320,607856,75,0.888131,1512
495248,607856,74,0.887003,1544
494488,607856,74,0.888001,1504
496680,607856,74,0.885327,1504
495560,607856,75,0.886689,1496
498624,607856,74,0.882850,1544
498336,607856,75,0.883216,1544
501544,607856,75,0.878938,1544
499216,607856,76,0.882080,1504
498560,607856,77,0.882921,1504
500560,607856,77,0.880253,1504
496544,607856,78,0.885376,1504
495072,607856,78,0.881080,1504
491048,607856,78,0.885949,1504
490984,607856,79,0.886022,1504
489888,607856,80,0.887263,1504
486696,607856,80,0.890780,1504
485928,607856,81,0.891582,1504
484088,607856,81,0.893520,1488
481896,607856,82,0.895666,1488
485528,607856,82,0.892011,1488
484872,607856,82,0.892746,1472
488936,607856,82,0.888408,1472
485208,607856,82,0.892405,1472
484080,607856,83,0.893576,1440
486672,607856,83,0.890873,1440
485000,607856,83,0.892649,1440
482600,607856,84,0.895033,1440
481840,607856,85,0.895774,1432
484488,607856,84,0.893175,1432
482816,607856,84,0.894877,1432
482720,607856,84,0.895017,1432
479736,607856,84,0.897883,1432
480448,607856,84,0.897179,1432
483496,607856,84,0.894211,1432
487528,607856,84,0.890026,1432
490688,607856,84,0.886496,1432
488432,607856,85,0.889002,1432
485680,607856,86,0.891912,1432
481880,607856,87,0.895689,1432
484864,607856,87,0.892698,1432
488064,607856,87,0.889297,1432
489024,607856,87,0.888197,1432
485560,607856,88,0.891888,1432
487160,607856,88,0.890163,1432
488416,607856,88,0.888758,1432
491680,607856,88,0.885024,1432
491048,607856,89,0.885774,1416
494456,607856,89,0.881656,1416
491184,607856,89,0.885617,1416
495144,607856,89,0.880800,1416
491928,607856,88,0.884809,1416
489272,607856,87,0.887941,1416
487752,607856,88,0.889624,1392
490144,607856,88,0.886940,1392
490792,607856,87,0.886205,1392
490064,607856,87,0.887138,1344
493712,607856,87,0.882829,1344
492304,607856,88,0.884509,1344
491576,607856,89,0.885377,1328
490328,607856,90,0.886805,1328
489616,607856,90,0.887656,1328
493680,607856,90,0.882887,1328
491448,607856,90,0.862584,1328
490640,607856,90,0.863760,1328
494528,607856,90,0.858178,1328
494280,607856,91,0.858543,1328
495800,607856,90,0.856238,1352
497520,607856,90,0.853505,1352
501184,607856,90,0.847415,1352
504888,607856,90,0.840722,1352
507456,607856,90,0.835697,1352
511272,607856,90,0.827666,1352
512440,607856,89,0.825046,1368
513440,607856,88,0.822660,1416
515768,607856,88,0.817000,1416
511936,607856,89,0.825958,1416
513904,607856,89,0.821357,1416
517280,607856,88,0.813022,1440
515016,607856,89,0.818656,1440
512872,607856,88,0.823907,1440
515392,607856,88,0.817861,1440
512872,607856,88,0.823907,1440
514088,607856,87,0.821057,1456
512872,607856,87,0.824034,1432
511416,607856,88,0.827282,1432
509528,607856,89,0.831319,1432
507160,607856,90,0.836124,1432
508632,607856,90,0.833072,1432
511800,607856,89,0.826278,1456
515040,607856,89,0.818675,1456
517656,607856,89,0.812010,1456
520792,607856,89,0.803371,1456
522808,607856,89,0.797334,1456
523064,607856,88,0.796560,1456
519792,607856,89,0.806036,1456
523456,607856,89,0.795214,1456
521112,607856,88,0.802459,1456
520568,607856,89,0.804050,1440
521824,607856,89,0.800305,1440
517888,607856,90,0.811197,1440
514648,607856,90,0.819425,1440
515320,607856,90,0.817685,1440
512864,607856,91,0.823487,1440
515344,607856,91,0.817510,1440
516080,607856,90,0.815613,1472
519008,607856,90,0.807875,1472
520088,607856,89,0.804769,1520
519784,607856,90,0.805749,1472
521352,607856,90,0.801168,1472
517720,607856,90,0.811302,1472
515704,607856,90,0.816546,1472
513064,607856,90,0.822955,1472
513784,607856,89,0.821170,1520
514416,607856,88,0.819674,1520
517056,607856,88,0.813022,1520
514840,607856,89,0.818540,1520
516000,607856,88,0.815693,1520
518424,607856,87,0.809380,1544
521304,607856,87,0.801237,1544
517896,607856,88,0.810652,1544
518888,607856,88,0.807875,1544
517144,607856,89,0.812486,1544
520048,607856,89,0.804545,1544
519104,607856,89,0.807418,1496
522480,607856,89,0.797623,1496
521496,607856,90,0.800585,1480
525416,607856,89,0.788316,1520
522672,607856,90,0.796972,1520
519712,607856,89,0.805815,1520
521184,607856,89,0.801515,1520
523848,607856,89,0.793350,1520
522920,607856,88,0.796511,1520
518824,607856,88,0.808372,1520
518640,607856,88,0.809016,1512
519952,607856,88,0.805305,1512
519320,607856,89,0.807047,1512
518680,607856,90,0.808781,1512
521480,607856,90,0.800819,1512
517600,607856,89,0.811761,1512
520936,607856,89,0.802528,1512
519072,607856,90,0.807788,1488
522272,607856,90,0.798557,1488
520616,607856,91,0.803371,1488
519168,607856,90,0.807658,1488
522904,607856,90,0.796802,1488
522232,607856,90,0.798961,1488
520184,607856,90,0.804993,1488
516552,607856,89,0.814871,1488
512744,607856,89,0.824088,1488
515776,607856,89,0.816803,1488
515520,607856,90,0.817431,1488
519464,607856,90,0.807113,1488
516904,607856,90,0.813981,1488
518064,607856,89,0.810862,1536
514384,607856,89,0.820169,1536
510672,607856,90,0.828569,1536
511064,607856,89,0.827701,1544
514672,607856,89,0.819349,1544
518296,607856,89,0.810103,1544
516184,607856,88,0.815772,1544
518728,607856,88,0.809081,1544
518544,607856,88,0.809721,1536
516376,607856,89,0.815313,1536
512752,607856,89,0.824070,1536
514296,607856,89,0.820378,1536
513664,607856,90,0.821862,1536
517376,607856,90,0.812651,1536
521336,607856,90,0.801723,1536
524296,607856,90,0.792646,1536
524472,607856,89,0.792089,1536
528520,607856,89,0.844902,1536
529960,607856,88,0.841136,1552
528792,607856,89,0.844212,1536
527880,607856,89,0.846679,1512
528224,607856,88,0.845805,1520
526840,607856,89,0.849183,1520
527736,607856,88,0.846994,1528
523656,607856,88,0.856506,1528
525640,607856,88,0.851976,1528
526608,607856,87,0.849640,1560
527800,607856,87,0.846639,1560
526208,607856,88,0.850471,1560
528848,607856,88,0.843885,1560
529640,607856,87,0.841812,1568
528272,607856,88,0.845405,1536
528528,607856,87,0.844760,1536
531536,607856,87,0.836626,1536
530928,607856,86,0.838574,1536
531504,607856,85,0.836939,1552
530304,607856,86,0.840306,1520
531064,607856,85,0.838135,1560
529600,607856,85,0.842189,1560
528520,607856,86,0.845083,1512
527960,607856,86,0.846600,1512
528352,607856,85,0.845565,1536
529928,607856,84,0.841475,1552
528480,607856,83,0.845445,1552
530744,607856,83,0.839423,1552
534136,607856,83,0.891083,1552
533376,607856,84,0.892620,1512
532376,607856,84,0.894598,1496
529944,607856,84,0.898938,1496
533152,607856,84,0.943984,1496
532560,607856,85,0.944576,1480
532840,607856,84,0.944305,1480
536896,611960,84,0.944305,1480
538632,611960,83,0.942565,1480
536072,611960,84,0.945094,1480
539424,615360,84,0.945094,1480
537680,615360,84,0.946736,1480
538904,615360,83,0.945618,1488
537712,615360,84,0.946701,1488
539176,615360,84,0.945320,1488
535960,615360,84,0.939917,1480
538712,615360,84,0.937058,1480
537464,615360,85,0.938382,1464
541144,615360,84,0.943412,1488
539648,615360,84,0.944920,1488
542632,615360,84,0.953387,1488
542424,615360,85,0.953569,1480
544808,615360,84,0.951442,1512
544272,615360,83,0.916979,1480
546744,615360,83,0.912866,1480
543552,615360,82,0.902497,1480
545632,615360,82,0.898508,1480
544632,615360,83,0.900513,1432
541664,615360,83,0.905862,1432
538528,615360,84,0.910847,1432
534968,615360,85,0.915902,1432
538848,615360,85,0.910290,1432
542680,615360,85,0.935244,1432
545288,615360,85,0.931957,1432
547904,615360,85,0.928307,1432
546088,615360,85,0.927174,1432
546288,615360,84,0.926890,1432
545944,615360,85,0.927388,1424
547808,615360,84,0.924634,1448
544920,615360,85,0.928767,1448
547344,615360,84,0.925283,1480
545576,615360,84,0.927891,1480
547256,615360,84,0.925413,1480
543880,615360,85,0.930136,1456
543224,615360,85,0.931050,1448
539848,615360,85,0.931950,1448
540000,615360,84,0.931761,1456
537920,615360,83,0.934295,1408
539280,615360,82,0.932759,1416
537712,615360,83,0.934514,1416
536216,615360,84,0.936104,1416
537056,615360,83,0.935186,1448
533344,615360,82,0.932069,1448
529800,615360,82,0.935651,1448
527424,615360,82,0.937861,1448
527552,615360,81,0.937748,1448
527688,615360,80,0.937628,1448
528104,615360,80,0.937214,1448
524144,615360,81,0.940583,1448
521096,615360,81,0.942976,1448
523640,615360,81,0.940986,1448
519720,615360,82,0.943973,1408
523760,615360,82,0.946602,1408
526584,615360,82,0.944451,1408
530328,615360,81,0.941365,1416
526264,615360,80,0.937849,1416
526384,615360,79,0.937731,1432
528352,615360,79,0.935925,1432
532256,615360,78,0.932081,1464
532088,615360,78,0.932304,1464
534048,615360,78,0.930174,1464
531656,615360,78,0.932746,1464
533144,615360,77,0.931192,1472
532712,615360,77,0.931715,1456
535816,615360,76,0.928268,1488
534064,615360,77,0.930288,1440
532264,615360,77,0.932247,1440
532320,615360,76,0.932189,1440
531280,615360,76,0.933293,1440
533568,615360,75,0.930876,1488
533808,615360,74,0.930618,1488
532672,615360,74,0.931874,1488
535408,615360,74,0.928845,1488
533368,615360,75,0.931124,1456
536520,615360,75,0.927540,1456
533128,615360,74,0.929706,1456
530240,615360,75,0.932697,1456
528768,615360,75,0.934171,1456
529680,615360,75,0.933248,1456
530208,615360,74,0.932689,1496
532288,615360,74,0.930510,1496
529024,615360,75,0.933797,1496
531384,615360,75,0.931403,1496
530128,615360,76,0.932673,1496
533664,615360,75,0.928945,1520
530792,615360,76,0.931983,1520
531136,615360,75,0.931625,1528
528168,615360,75,0.927131,1528
531312,615360,75,0.923640,1528
529912,615360,76,0.925212,1528
529928,615360,75,0.925194,1528
529400,615360,76,0.925814,1488
527832,615360,77,0.927513,1448
527040,615360,78,0.928330,1440
523832,615360,77,0.931517,1440
522488,615360,77,0.932777,1440
522072,615360,77,0.933186,1440
522504,615360,76,0.932770,1480
524312,615360,76,0.931079,1480
524896,615360,75,0.930515,1496
523928,615360,76,0.931451,1464
525824,615360,76,0.929607,1464
525160,615360,76,0.930294,1464
525480,615360,76,0.929941,1464
521416,615360,77,0.933653,1464
519224,615360,77,0.935536,1464
520720,615360,77,0.934250,1464
517048,615360,77,0.937266,1464
517480,615360,77,0.936892,1464
515400,615360,77,0.938515,1464
517328,615360,77,0.937011,1464
518296,615360,76,0.936234,1480
520704,615360,75,0.934236,1496
518048,615360,76,0.936419,1496
519384,615360,75,0.935300,1544
522760,615360,75,0.932355,1544
525136,615360,75,0.930102,1544
523768,615360,75,0.931436,1544
526976,615360,75,0.928290,1544
525040,615360,76,0.930194,1544
524912,615360,76,0.930370,1536
523848,615360,76,0.931414,1536
523456,615360,77,0.931782,1528
525200,615360,77,0.930102,1528
527744,615360,77,0.927521,1528
524032,615360,77,0.931206,1528
524048,615360,76,0.931191,1528
525032,615360,75,0.930248,1544
523680,615360,76,0.931517,1544
527080,615360,76,0.928184,1544
523576,615360,77,0.931569,1544
526656,615360,77,0.928563,1544
526376,615360,78,0.928843,1544
526632,615360,77,0.928563,1568
523232,615360,77,0.931862,1568
520248,615360,77,0.934521,1568
517088,615360,77,0.937117,1568
514616,615360,76,0.934164,1568
512024,615360,76,0.936182,1568
512416,615360,75,0.935884,1576
512920,615360,75,0.935469,1576
509536,615360,75,0.937968,1576
510360,615360,74,0.937358,1616
512752,615360,74,0.935566,1616
515984,615360,74,0.932989,1616
518192,615360,74,0.931093,1616
516648,615360,74,0.932442,1616
519784,615360,74,0.929690,1616
518416,615360,74,0.930941,1616
520456,615360,74,0.929080,1616
523728,615360,74,0.925906,1616
522288,615360,74,0.927378,1600
525160,615360,74,0.924464,1600
523200,615360,74,0.926493,1600
525736,615360,74,0.923861,1600
523656,615360,74,0.926042,1600
525560,615360,73,0.924063,1632
524648,615360,73,0.925057,1632
525840,615360,73,0.923768,1632
522608,615360,73,0.927086,1632
525976,615360,73,0.923624,1632
522968,615360,73,0.926736,1632
523328,615360,72,0.926367,1648
519280,615360,73,0.930155,1648
522152,615360,73,0.927463,1648
518840,615360,73,0.930543,1648
517928,615360,73,0.931375,1648
513912,615360,72,0.934727,1648
513712,615360,73,0.934882,1648
515568,615360,73,0.933379,1648
517328,615360,73,0.931886,1648
521200,615360,73,0.928408,1648
524904,615360,73,0.924729,1648
524400,615360,73,0.925294,1648
528424,615360,73,0.920916,1648
526016,615360,73,0.923633,1632
524560,615360,74,0.925188,1592
521824,615360,73,0.927965,1592
520336,615360,74,0.929343,1592
520136,615360,75,0.929538,1576
521648,615360,75,0.928100,1576
519032,615360,76,0.930480,1576
522640,615360,76,0.927109,1576
525368,615360,76,0.924323,1576
522792,615360,76,0.926962,1576
524656,615360,76,0.925057,1576
526456,615360,76,0.923120,1576
522808,615360,76,0.926899,1576
520080,615360,76,0.929502,1576
522160,615360,76,0.927524,1576
522968,615360,75,0.926697,1624
526048,615360,75,0.923505,1624
527576,615360,75,0.921790,1624
524544,615360,74,0.870627,1624
526784,615360,74,0.866464,1624
525472,615360,75,0.868883,1624
526576,615360,74,0.866809,1648
523744,615360,74,0.871980,1648
524736,615360,73,0.870160,1696
521600,615360,73,0.875577,1696
524352,615360,73,0.870838,1696
523072,615360,73,0.873130,1696
527088,615360,73,0.865845,1696
524880,615360,73,0.869989,1696
527808,615360,73,0.864467,1696
525192,615360,74,0.869345,1696
521584,615360,74,0.875603,1696
522256,615360,73,0.874498,1696
526080,615360,73,0.867729,1696
524584,615360,73,0.870514,1696
528184,615360,73,0.863736,1696
525704,615360,73,0.868506,1696
529616,615360,73,0.860877,1696
526472,615360,74,0.867003,1696
525456,615360,73,0.869042,1696
527080,615360,72,0.865982,1728
530392,615360,72,0.859310,1728
528968,615360,73,0.862217,1728
529992,615360,73,0.860040,1728
528152,615360,73,0.863829,1728
528872,615360,72,0.862409,1728
525768,615360,73,0.868389,1696
524088,615360,73,0.871467,1696
524360,615360,72,0.870978,1704
521720,615360,73,0.875446,1704
523592,615360,73,0.872228,1704
525808,615360,73,0.868214,1704
524640,615360,74,0.870344,1688
524704,615360,73,0.870231,1688
521496,615360,74,0.875681,1688
517536,615360,74,0.881879,1688
517640,615360,73,0.881726,1688
520408,615360,73,0.877427,1688
518952,615360,73,0.879785,1672
521096,615360,73,0.876354,1672
517320,615360,73,0.882219,1672
517424,615360,72,0.882031,1696
514008,615360,71,0.886963,1696
510136,615360,72,0.891944,1696
513328,615360,71,0.887850,1712
510048,615360,71,0.892091,1712
513944,615360,71,0.887028,1712
516720,615360,71,0.883100,1712
514080,615360,71,0.880458,1712
513928,615360,72,0.880685,1704
515688,615360,72,0.878063,1704
514160,615360,72,0.880355,1704
510248,615360,71,0.885813,1704
513720,615360,71,0.881047,1704
514368,615360,71,0.880057,1704
515560,615360,70,0.878300,1720
515200,615360,71,0.878829,1720
515232,615360,70,0.878782,1720
514000,615360,71,0.880560,1720
515568,615360,70,0.878288,1720
513240,615360,70,0.881698,1720
513784,615360,69,0.880923,1728
512624,615360,70,0.882606,1680
515592,615360,70,0.878311,1680
514920,615360,71,0.879295,1680
518656,615360,71,0.873538,1680
514608,615360,71,0.879747,1680
511408,615360,72,0.884189,1680
508696,615360,73,0.887705,1680
512680,615360,73,0.882397,1680
515752,615360,73,0.877932,1680
518592,615360,73,0.873487,1680
516208,615360,74,0.877227,1648
518736,615360,74,0.873231,1648
516192,615360,73,0.877323,1648
520152,615360,73,0.871001,1648
519872,615360,74,0.871464,1648
516736,615360,74,0.876502,1648
519664,615360,74,0.871805,1648
515632,615360,74,0.878158,1648
514472,615360,74,0.879920,1648
517616,615360,74,0.875149,1648
519864,615360,74,0.871477,1648
522032,615360,74,0.867722,1648
519144,615360,74,0.872652,1648
519728,615360,73,0.871674,1664
517872,615360,73,0.874725,1664
515968,615360,74,0.877682,1632
514368,615360,74,0.880092,1632
516496,615360,74,0.876890,1632
518688,615360,74,0.873410,1632
521080,615360,74,0.869389,1632
520152,615360,75,0.871014,1592
521096,615360,74,0.869416,1600
520112,615360,75,0.871094,1584
520408,615360,74,0.870602,1584
518648,615360,74,0.873550,1584
518592,615360,74,0.873741,1568
521080,615360,74,0.869579,1568
517432,615360,74,0.875558,1568
513616,615360,74,0.881250,1568
511448,615360,74,0.884285,1568
509776,615360,74,0.886557,1552
512640,615360,73,0.882738,1568
514560,615360,72,0.880023,1584
516768,615360,72,0.876696,1584
515688,615360,72,0.878382,1584
519432,615360,72,0.872522,1584
520096,615360,71,0.871424,1592
516784,615360,72,0.876660,1592
514888,615360,73,0.879469,1592
515240,615360,72,0.878934,1608
512472,615360,72,0.882913,1608
512752,615360,71,0.882529,1608
508728,615360,72,0.887815,1608
509696,615360,71,0.886588,1608
512464,615360,71,0.882858,1608
510496,615360,71,0.885553,1608
507352,615360,71,0.889574,1608
509448,615360,70,0.886966,1608
505504,615360,70,0.848788,1608
509576,615360,69,0.841816,1624
508584,615360,70,0.843650,1576
511232,615360,70,0.838805,1576
507864,615360,70,0.844895,1576
507848,615360,71,0.844922,1576
504976,615360,72,0.849696,1576
504080,615360,73,0.851138,1568
508104,615360,72,0.844496,1568
506008,615360,72,0.848107,1568
506784,615360,72,0.846739,1568
508480,615360,71,0.843845,1568
505600,615360,72,0.848697,1568
501696,615360,73,0.854860,1536
502272,615360,72,0.853941,1568
502760,615360,71,0.853146,1600
501352,615360,72,0.855279,1600
504624,615360,71,0.850158,1640
505600,615360,70,0.848540,1664
502952,615360,71,0.852751,1664
502696,615360,71,0.853219,1664
500152,615360,72,0.857026,1664
503624,615360,72,0.851705,1664
503768,615360,71,0.851478,1664
505656,615360,70,0.848435,1672
503768,615360,71,0.851504,1648
503856,615360,70,0.851365,1648
506936,615360,70,0.846269,1648
508976,615360,70,0.842667,1648
511680,615360,70,0.837655,1648
511248,615360,70,0.838627,1608
511472,615360,69,0.838165,1632
508600,615360,69,0.843440,1632
512480,615360,69,0.836260,1632
510936,615360,70,0.839160,1632
512472,615360,69,0.836260,1640
511368,615360,70,0.838388,1616
508432,615360,71,0.843678,1616
505040,615360,72,0.849373,1616
504328,615360,73,0.850516,1616
504904,615360,73,0.849515,1616
505064,615360,72,0.849256,1616
508176,615360,72,0.843956,1616
505376,615360,71,0.848827,1616
509040,615360,71,0.842526,1616
505144,615360,71,0.849204,1616
506688,615360,71,0.846578,1616
504384,615360,71,0.850427,1616
505976,615360,71,0.847764,1616
505656,615360,71,0.848396,1600
507208,615360,71,0.845727,1600
510160,615360,71,0.840462,1600
507048,615360,71,0.845998,1600
508544,615360,71,0.843342,1600
505680,615360,72,0.848225,1584
505408,615360,72,0.848762,1576
509240,615360,72,0.842157,1576
510488,615360,72,0.839821,1576
507840,615360,72,0.844606,1576
509624,615360,72,0.841386,1576
507760,615360,72,0.844744,1576
507944,615360,71,0.844399,1592
505664,615360,71,0.848317,1592
506400,615360,71,0.847020,1592
505680,615360,71,0.848291,1592
508800,615360,70,0.842963,1608
507280,615360,70,0.845714,1584
505216,615360,71,0.849139,1584
502152,615360,72,0.853953,1584
504320,615360,72,0.850503,1584
507112,615360,72,0.845836,1584
506184,615360,73,0.847446,1552
504640,615360,73,0.850043,1552
506288,615360,73,0.847273,1552
507584,615360,72,0.845032,1584
507096,615360,73,0.845917,1552
507360,615360,72,0.845455,1560
504288,615360,72,0.850592,1560
505864,615360,72,0.847962,1560
507408,615360,72,0.845292,1560
504136,615360,71,0.850834,1560
507728,615360,71,0.844826,1560
507152,615360,71,0.845890,1560
509168,615360,71,0.842314,1560
506880,615360,72,0.846349,1512
510176,615360,72,0.840506,1512
507856,615360,73,0.844606,1512
508904,615360,73,0.842696,1512
506480,615360,74,0.846900,1488
507000,615360,73,0.846025,1488
504072,615360,74,0.850821,1488
506680,615360,74,0.846484,1488
505144,615360,75,0.849035,1480
507880,615360,75,0.844371,1480
504272,615360,76,0.850363,1480
501104,615360,76,0.855363,1456
501888,615360,75,0.854135,1488
505792,615360,75,0.847883,1488
502192,615360,76,0.853599,1488
498488,615360,77,0.859050,1488
501288,615360,77,0.854896,1488
498512,615360,77,0.859016,1488
501248,615360,77,0.854956,1488
499888,615360,77,0.857050,1480
498144,615360,76,0.859681,1480
496552,615360,77,0.861882,1480
493504,615360,78,0.865907,1480
492456,615360,78,0.867298,1480
494304,615360,78,0.864873,1480
490424,615360,79,0.869743,1480
493048,615360,79,0.866428,1480
490624,615360,80,0.869442,1480
490864,615360,79,0.869140,1488
489672,615360,80,0.870580,1488
487880,615360,81,0.872685,1488
489304,615360,80,0.871018,1488
485568,615360,81,0.875302,1488
486600,615360,81,0.874093,1488
484800,615360,82,0.876096,1488
487024,615360,82,0.873557,1488
486960,615360,83,0.873630,1488
487432,615360,82,0.873091,1488
488264,615360,81,0.872128,1488
488128,615360,82,0.872286,1488
485288,615360,83,0.875506,1488
488256,615360,83,0.872081,1488
486040,615360,83,0.874669,1488
483288,615360,84,0.877678,1488
483064,615360,84,0.877984,1472
485960,615360,84,0.874777,1472
487080,615360,84,0.873457,1472
487208,615360,83,0.873311,1472
487160,615360,82,0.873475,1472
487520,615360,81,0.873045,1488
491096,615360,80,0.868758,1520
488736,615360,80,0.871650,1520
490720,615360,80,0.869218,1520
494056,615360,80,0.864956,1520
496808,615360,79,0.861280,1520
498144,615360,78,0.859400,1536
500568,615360,77,0.855898,1536
500312,615360,78,0.856311,1512
499096,615360,79,0.858103,1496
497520,615360,79,0.860397,1496
496296,615360,80,0.862088,1488
492216,615360,80,0.867468,1488
494464,615360,79,0.864550,1520
495216,615360,79,0.863495,1520
495200,615360,80,0.863516,1520
491536,615360,81,0.868215,1520
490048,615360,81,0.870100,1512
490280,615360,80,0.869801,1528
487528,615360,80,0.873100,1528
489736,615360,80,0.870455,1528
493232,615360,80,0.866071,1528
496928,615360,79,0.861116,1568
498584,615360,79,0.858732,1568
498200,615360,79,0.859344,1568
502288,615360,79,0.853256,1568
500952,615360,80,0.855303,1552
499928,615360,80,0.856886,1552
496104,615360,81,0.862261,1552
492048,615360,82,0.867538,1552
490408,615360,83,0.869617,1504
493064,615360,83,0.866255,1504
489320,615360,84,0.870875,1496
485712,615360,84,0.875080,1496
487208,615360,84,0.873338,1496
484472,615360,84,0.876445,1496
483752,615360,84,0.877327,1448
486968,615360,84,0.873721,1448
487656,615360,83,0.872907,1472
488144,615360,82,0.872333,1480
489368,615360,81,0.870885,1488
493424,615360,80,0.865876,1488
491664,615360,80,0.868156,1488
487928,615360,79,0.872740,1488
490488,615360,79,0.869656,1488
492096,615360,79,0.867618,1488
493584,615360,78,0.865681,1528
489752,615360,79,0.870436,1528
491256,615360,79,0.868551,1528
490672,615360,80,0.869286,1512
491016,615360,79,0.868866,1512
492832,615360,79,0.866540,1512
496800,615360,79,0.861236,1512
493608,615360,80,0.865506,1496
491040,615360,80,0.868797,1496
490832,615360,81,0.869062,1488
492208,615360,80,0.867328,1512
495944,615360,79,0.862445,1528
499528,615360,79,0.857364,1528
502544,615360,78,0.852776,1576
501584,615360,79,0.854245,1576
503992,615360,78,0.850439,1616
503888,615360,79,0.850643,1592
506800,615360,79,0.845782,1592
507280,615360,78,0.844963,1592
504456,615360,79,0.849657,1592
503160,615360,80,0.851767,1560
502144,615360,81,0.853404,1520
505640,615360,81,0.847764,1520
508816,615360,81,0.842243,1520
511400,615360,80,0.837429,1568
510656,615360,80,0.838908,1568
512656,615360,80,0.835027,1568
510112,615360,81,0.839821,1568
513048,615360,81,0.834169,1568
512576,615360,82,0.835089,1568
512232,615360,83,0.835754,1568
508264,615360,84,0.843048,1568
511792,615360,84,0.836504,1568
514352,615360,84,0.831377,1568
512840,615360,84,0.834482,1568
514040,615360,83,0.832040,1600
513304,615360,83,0.833602,1600
517368,615360,83,0.825067,1600
517128,615360,84,0.825607,1592
520888,615360,84,0.816938,1592
523928,615360,84,0.809249,1592
523896,615360,85,0.809332,1592
526416,615360,84,0.802501,1616
524848,615360,84,0.784644,1616
523096,615360,84,0.789853,1616
519216,615360,83,0.800510,1616
522424,615360,83,0.791866,1616
526000,615360,83,0.781320,1616
524744,615360,83,0.785236,1616
526912,615360,83,0.778495,1616
528160,615360,83,0.774354,1616
524432,615360,83,0.786011,1616
526896,615360,83,0.778395,1616
524896,615360,83,0.784644,1616
521736,615360,82,0.793885,1616
517968,615360,83,0.803656,1608
521000,615360,83,0.795758,1608
524496,615360,83,0.785847,1608
527224,615360,83,0.777386,1608
527104,615360,84,0.777816,1592
526528,615360,84,0.779818,1576
527624,615360,83,0.776316,1592
529824,615360,83,0.768885,1592
526616,615360,83,0.779495,1592
522936,615360,84,0.790438,1568
523912,615360,84,0.787523,1568
524928,615360,84,0.784407,1568
522000,615360,85,0.792771,1568
523832,615360,84,0.787615,1568
521664,615360,84,0.793820,1568
524904,615360,84,0.784478,1568
523464,615360,83,0.788945,1568
522520,615360,84,0.791622,1560
518928,615360,84,0.801261,1560
520144,615360,84,0.798016,1560
517240,615360,84,0.805434,1560
517056,615360,85,0.805917,1544
516168,615360,86,0.808032,1544
516544,615360,85,0.807123,1552
518320,615360,85,0.802685,1552
518632,615360,84,0.801905,1552
522184,615360,84,0.792441,1552
519104,615360,85,0.800592,1552
516856,615360,84,0.806378,1552
517904,615360,84,0.803715,1552
516872,615360,85,0.806225,1552
518360,615360,85,0.802465,1552
515424,615360,85,0.809640,1552
514600,615360,86,0.811621,1512
516208,615360,86,0.807787,1512
517232,615360,85,0.805318,1520
519504,615360,85,0.799528,1520
522440,615360,84,0.791600,1552
520216,615360,83,0.797849,1552
517064,615360,82,0.805994,1552
518856,615360,82,0.801462,1552
522088,615360,82,0.792837,1552
521544,615360,82,0.794470,1544
518888,615360,82,0.801523,1544
520896,615360,82,0.796206,1544
523944,615360,81,0.787685,1576
520416,615360,81,0.797514,1576
518872,615360,80,0.801724,1576
515376,615360,81,0.810139,1576
512792,615360,82,0.816017,1528
516096,615360,82,0.808465,1528
518112,615360,82,0.803498,1528
515704,615360,83,0.809361,1488
512488,615360,84,0.816553,1488
513632,615360,84,0.813951,1488
516312,615360,84,0.807711,1488
514144,615360,84,0.812811,1488
517584,615360,84,0.804656,1488
518160,615360,83,0.803221,1496
520016,615360,83,0.798391,1496
516776,615360,83,0.806589,1496
512712,615360,82,0.816052,1496
514696,615360,82,0.811548,1496
512272,615360,83,0.816896,1496
509520,615360,84,0.822611,1496
507248,615360,84,0.827159,1496
509336,615360,84,0.822981,1496
506272,615360,85,0.829004,1448
509208,615360,85,0.823237,1448
511312,615360,85,0.818831,1448
511952,615360,84,0.817477,1448
509744,615360,84,0.822160,1448
511800,615360,84,0.817801,1448
512384,615360,83,0.816518,1464
509472,615360,83,0.822676,1464
511376,615360,83,0.818662,1464
508256,615360,83,0.825119,1448
506472,615360,83,0.828629,1448
507448,615360,83,0.826684,1448
505408,615360,83,0.830604,1448
502288,615360,84,0.836141,1448
506048,615360,84,0.829332,1448
502056,615360,85,0.836538,1400
503104,615360,85,0.834644,1400
504008,615360,85,0.832963,1400
500744,615360,86,0.838590,1400
503960,615360,85,0.833049,1400
507152,615360,84,0.827129,1416
504256,615360,84,0.832577,1416
500184,615360,84,0.839675,1400
500976,615360,83,0.838323,1424
503976,615360,83,0.833063,1424
500536,615360,83,0.839055,1424
498256,615360,84,0.842745,1424
499744,615360,84,0.840278,1424
501408,615360,84,0.837436,1424
501016,615360,84,0.838216,1400
501504,615360,83,0.837395,1400
500920,615360,84,0.838403,1384
497512,615360,84,0.843974,1384
495992,615360,84,0.846426,1352
499760,615360,84,0.840447,1352
502736,615360,84,0.835368,1352
500904,615360,85,0.838483,1352
499680,615360,86,0.840499,1352
495720,615360,85,0.846835,1352
493472,615360,86,0.850180,1320
497392,615360,86,0.844260,1320
500928,615360,86,0.838496,1320
499504,615360,86,0.840915,1320
497728,615360,87,0.843738,1320
497336,615360,88,0.844360,1312
501408,615360,88,0.837705,1312
503568,615360,88,0.833900,1312
502984,615360,87,0.835091,1312
500424,615360,87,0.839504,1312
500368,615360,87,0.839675,1312
502872,615360,87,0.835368,1312
506480,615360,87,0.828779,1312
504928,615360,87,0.831727,1312
505904,615360,87,0.829852,1312
505328,615360,87,0.831058,1280
504080,615360,87,0.833390,1280
506472,615360,87,0.828944,1280
507368,615360,86,0.827221,1296
507928,615360,85,0.826068,1336
506912,615360,86,0.828011,1336
504360,615360,87,0.832706,1336
507952,615360,87,0.825928,1336
507368,615360,87,0.827175,1320
509400,615360,87,0.823109,1320
512704,615360,87,0.816138,1320
509208,615360,87,0.823492,1320
510552,615360,87,0.820675,1320
513944,615360,87,0.813312,1320
514920,615360,86,0.811111,1320
516096,615360,85,0.808277,1368
517872,615360,84,0.804010,1368
515248,615360,84,0.810360,1368
517000,615360,84,0.806129,1368
514856,615360,85,0.811148,1368
518104,615360,85,0.803320,1368
517976,615360,86,0.803636,1368
515736,615360,87,0.809007,1368
516872,615360,87,0.806205,1368
520864,615360,87,0.795993,1368
517448,615360,88,0.804695,1368
513432,615360,89,0.814022,1368
510200,615360,89,0.821003,1368
506896,615360,89,0.827617,1368
505760,615360,89,0.829837,1368
504792,615360,88,0.831813,1352
502112,615360,88,0.836607,1352
498528,615360,89,0.842504,1352
496520,615360,89,0.845699,1352
494864,615360,89,0.848250,1352
496384,615360,89,0.845905,1352
497680,615360,88,0.843887,1368
500272,615360,88,0.839662,1368
499056,615360,88,0.841713,1368
501600,615360,87,0.837517,1376
502224,615360,87,0.836374,1376
504448,615360,86,0.832448,1392
501760,615360,87,0.837138,1392
504768,615360,87,0.831785,1392
505064,615360,86,0.831247,1392
506760,615360,86,0.828011,1392
504600,615360,86,0.832088,1392
506576,615360,86,0.828358,1392
505328,615360,86,0.830765,1392
508440,615360,86,0.824774,1392
508480,615360,85,0.824695,1392
512328,615360,85,0.816690,1392
509136,615360,86,0.823333,1376
506872,615360,87,0.827738,1376
509888,615360,87,0.821722,1376
509264,615360,87,0.823077,1376
508968,615360,88,0.823667,1376
510008,615360,87,0.821477,1424
508984,615360,88,0.823556,1416
510200,615360,88,0.821003,1416
508704,615360,87,0.824206,1416
509360,615360,86,0.822852,1440
509616,615360,85,0.822321,1448
512736,615360,85,0.815688,1448
511616,615360,86,0.818089,1448
512472,615360,85,0.816242,1456
514280,615360,85,0.812146,1456
511312,615360,86,0.818612,1456
511760,615360,85,0.817665,1456
508056,615360,84,0.782620,1456
505120,615360,84,0.789701,1424
507792,615360,84,0.783336,1424
505024,615360,85,0.789810,1424
505760,615360,84,0.788108,1432
507096,615360,83,0.784944,1448
505952,615360,84,0.787628,1448
508464,615360,84,0.781528,1448
504880,615360,84,0.790100,1440
508104,615360,84,0.782426,1440
506256,615360,84,0.786940,1440
509704,615360,84,0.778465,1440
508952,615360,83,0.780582,1440
506920,615360,84,0.785494,1440
504640,615360,84,0.790876,1432
506480,615360,84,0.786547,1432
510392,615360,84,0.776861,1432
513864,615360,84,0.767482,1432
510032,615360,85,0.777656,1432
509016,615360,85,0.780325,1432
504992,615360,85,0.789973,1432
506688,615360,85,0.785947,1432
507136,615360,84,0.784868,1440
506816,615360,85,0.785626,1440
508464,615360,85,0.781547,1440
509256,615360,84,0.779549,1456
506304,615360,85,0.786678,1456
508248,615360,85,0.781919,1456
504976,615360,86,0.789719,1416
506720,615360,86,0.785570,1416
504520,615360,87,0.790642,1416
504560,615360,86,0.790552,1416
500760,615360,86,0.798893,1408
504800,615360,86,0.790028,1408
503808,615360,87,0.792250,1408
500592,615360,87,0.799241,1408
502160,615360,87,0.795840,1408
502680,615360,86,0.794703,1416
501176,615360,86,0.798008,1416
504808,615360,86,0.789991,1416
503072,615360,86,0.793956,1416
504992,615360,86,0.789574,1416
504024,615360,87,0.791752,1416
505648,615360,87,0.787961,1416
503672,615360,87,0.792533,1416
505424,615360,87,0.788477,1416
504584,615360,88,0.790461,1384
505304,615360,87,0.788807,1392
504568,615360,88,0.790552,1360
502552,615360,89,0.794997,1360
501896,615360,89,0.796556,1336
503112,615360,89,0.793834,1336
499864,615360,88,0.800884,1336
497768,615360,88,0.805155,1336
499768,615360,87,0.801144,1352
495904,615360,87,0.770367,1352
499560,615360,87,0.761699,1352
502952,615360,87,0.753042,1352
503200,615360,86,0.752393,1352
502968,615360,86,0.753167,1336
499592,615360,86,0.761777,1336
499464,615360,86,0.762203,1336
502056,615360,86,0.755643,1336
503032,615360,85,0.753083,1352
506088,615360,85,0.744716,1352
507400,615360,85,0.740869,1352
503328,615360,85,0.752183,1352
507040,615360,85,0.741898,1352
505552,615360,85,0.746201,1352
507000,615360,85,0.742012,1352
506856,615360,86,0.742422,1352
510384,615360,86,0.731859,1352
507376,615360,86,0.740938,1352
505272,615360,86,0.746970,1352
502472,615360,87,0.754411,1352
499968,615360,88,0.760704,1352
499928,615360,89,0.760802,1352
503880,615360,89,0.750597,1352
503584,615360,89,0.751509,1352
501376,615360,89,0.757327,1352
499712,615360,89,0.761563,1352
501688,615360,88,0.756538,1400
505200,615360,88,0.747167,1400
504224,615360,88,0.749936,1400
507296,615360,88,0.741305,1400
506648,615360,87,0.743416,1400
507776,615360,86,0.740062,1448
507736,615360,87,0.740178,1448
505680,615360,86,0.746245,1448
506312,615360,85,0.744426,1472
505336,615360,86,0.747167,1456
505112,615360,87,0.747843,1432
505672,615360,86,0.746245,1456
506360,615360,85,0.744314,1464
506400,615360,84,0.744202,1464
505768,615360,85,0.746025,1440
506584,615360,84,0.743709,1456
509384,615360,83,0.735595,1456
509632,615360,82,0.734851,1456
508840,615360,83,0.737258,1440
505504,615360,83,0.746883,1440
502944,615360,83,0.753832,1440
506648,615360,82,0.743844,1440
510048,615360,82,0.733789,1440
507440,615360,82,0.741602,1440
508360,615360,81,0.738901,1456
509072,615360,81,0.736667,1456
509920,615360,80,0.734128,1456
512352,615360,80,0.726413,1456
513768,615360,80,0.721646,1456
510976,615360,80,0.730748,1456
514136,615360,80,0.720421,1456
511744,615360,81,0.728194,1456
514216,615360,80,0.719992,1504
510296,615360,80,0.732693,1504
506408,615360,81,0.744068,1504
510280,615360,80,0.732693,1520
512344,615360,80,0.726080,1520
510896,615360,80,0.730798,1520
510640,615360,80,0.731761,1512
514672,615360,79,0.718726,1520
515408,615360,78,0.716048,1568
513016,615360,79,0.724063,1568
513880,615360,78,0.721194,1576
512432,615360,79,0.725926,1576
513624,615360,78,0.721990,1592
512576,615360,78,0.725566,1592
511728,615360,79,0.728270,1592
510872,615360,80,0.730971,1584
510208,615360,80,0.733181,1576
508224,615360,80,0.739227,1576
504480,615360,81,0.749679,1576
505112,615360,80,0.747909,1600
505488,615360,79,0.746861,1608
505656,615360,78,0.746377,1616
503872,615360,79,0.751192,1616
507840,615360,79,0.740085,1616
509432,615360,79,0.735259,1616
511304,615360,79,0.729377,1616
513480,615360,79,0.722228,1616
509448,615360,80,0.734947,1608
513040,615360,80,0.723541,1608
509168,615360,81,0.735690,1592
510344,615360,81,0.731982,1592
506808,615360,80,0.742694,1592
509976,615360,80,0.733254,1592
508368,615360,80,0.738200,1592
511896,615360,80,0.727281,1592
508560,615360,81,0.737494,1592
509040,615360,80,0.736025,1608
507168,615360,80,0.741625,1608
506360,615360,79,0.744314,1560
504840,615360,79,0.748624,1560
505808,615360,78,0.745981,1560
505752,615360,78,0.746267,1560
502360,615360,78,0.755397,1560
502592,615360,77,0.754741,1584
500896,615360,77,0.759146,1584
503680,615360,77,0.751910,1584
506544,615360,76,0.744090,1600
502776,615360,76,0.754349,1600
504624,615360,75,0.749443,1616
506504,615360,75,0.744158,1616
503488,615360,75,0.752456,1616
502928,615360,76,0.753977,1592
504120,615360,76,0.750725,1592
506144,615360,76,0.745095,1592
502592,615360,75,0.754844,1592
504240,615360,74,0.750427,1632
502320,615360,75,0.755438,1632
499592,615360,74,0.762454,1632
502240,615360,74,0.755765,1632
503896,615360,74,0.751340,1632
504664,615360,73,0.749185,1672
502680,615360,73,0.754535,1672
503056,615360,72,0.753521,1688
501360,615360,73,0.757849,1688
503024,615360,72,0.753521,1720
502576,615360,72,0.754802,1720
504856,615360,72,0.748667,1720
501152,615360,73,0.758290,1720
504064,615360,73,0.750661,1720
503144,615360,74,0.753125,1704
499848,615360,73,0.761660,1704
503112,615360,73,0.753333,1704
500832,615360,73,0.759246,1704
498832,615360,74,0.764141,1688
499504,615360,74,0.762416,1688
499616,615360,73,0.762145,1688
501352,615360,73,0.757749,1688
497592,615360,74,0.766832,1688
496624,615360,75,0.769061,1688
500032,615360,75,0.760900,1688
503416,615360,75,0.752204,1688
503040,615360,76,0.753229,1672
503608,615360,75,0.751699,1688
502392,615360,75,0.754987,1688
500416,615360,76,0.760076,1640
503912,615360,76,0.751022,1640
501488,615360,76,0.757488,1608
503320,615360,76,0.752665,1608
502632,615360,77,0.754473,1600
504416,615360,77,0.749657,1600
506176,615360,77,0.744716,1600
504480,615360,76,0.749615,1600
508240,615360,76,0.738971,1600
506408,615360,76,0.744337,1600
508616,615360,76,0.737871,1600
506856,615360,76,0.743078,1600
505664,615360,75,0.746663,1600
505712,615360,74,0.746487,1616
503224,615360,74,0.753271,1616
501728,615360,73,0.757347,1616
498120,615360,73,0.766216,1616
499248,615360,73,0.763435,1616
498728,615360,73,0.764786,1616
500944,615360,73,0.759305,1616
503272,615360,73,0.753271,1616
504000,615360,73,0.751234,1616
504336,615360,73,0.750214,1616
504224,615360,74,0.750512,1616
508080,615360,74,0.739669,1616
505408,615360,74,0.747320,1616
508456,615360,73,0.738621,1648
507728,615360,73,0.740869,1648
504280,615360,74,0.750406,1648
503760,615360,75,0.751804,1640
504408,615360,74,0.750021,1664
507840,615360,73,0.740455,1680
509152,615360,73,0.736477,1680
506632,615360,74,0.743821,1656
507928,615360,74,0.739993,1656
505280,615360,74,0.747560,1656
505040,615360,75,0.748213,1656
506232,615360,75,0.744805,1656
506936,615360,75,0.742694,1656
503344,615360,75,0.752603,1656
506032,615360,75,0.745228,1656
502456,615360,76,0.754782,1656
498960,615360,75,0.763683,1656
501248,615360,75,0.757970,1656
503512,615360,75,0.752036,1656
500112,615360,76,0.760665,1656
499680,615360,77,0.761718,1656
499536,615360,78,0.762126,1632
495680,615360,78,0.771212,1632
498480,615360,78,0.764654,1632
501528,615360,78,0.757085,1632
499592,615360,79,0.761874,1632
497048,615360,80,0.767905,1624
494248,615360,80,0.774286,1624
497568,615360,80,0.766701,1624
499328,615360,80,0.762416,1624
500320,615360,80,0.759878,1624
497336,615360,80,0.767129,1624
495592,615360,81,0.771104,1624
492120,615360,81,0.778728,1624
495696,615360,80,0.770979,1624
492376,615360,80,0.778292,1624
490272,615360,80,0.782725,1624
491880,615360,80,0.779330,1624
495448,615360,80,0.771534,1624
491784,615360,80,0.779529,1624
494272,615360,80,0.774129,1624
494416,615360,79,0.773814,1624
497184,615360,79,0.767481,1624
495160,615360,79,0.772175,1624
491504,615360,79,0.780110,1624
495072,615360,79,0.772370,1624
493128,615360,80,0.776597,1624
495656,615360,80,0.770961,1624
498080,615360,80,0.765277,1624
500616,615360,80,0.759027,1624
502344,615360,80,0.754535,1624
500136,615360,81,0.760095,1624
499464,615360,81,0.761854,1624
498728,615360,82,0.763645,1616
502816,615360,82,0.753333,1616
499800,615360,82,0.761173,1568
500672,615360,82,0.758908,1568
501544,615360,82,0.756599,1568
501840,615360,81,0.755847,1568
501464,615360,82,0.756822,1560
504048,615360,82,0.749979,1560
502632,615360,82,0.753832,1560
505360,615360,82,0.746421,1560
503480,615360,82,0.751615,1560
502352,615360,82,0.754802,1512
501160,615360,82,0.757950,1512
504248,615360,82,0.749829,1512
504208,615360,83,0.749936,1512
500800,615360,83,0.758848,1512
500240,615360,84,0.760272,1496
497816,615360,84,0.766197,1496
498424,615360,83,0.764711,1520
499640,615360,83,0.761680,1520
499512,615360,84,0.761990,1520
500120,615360,84,0.760390,1520
497088,615360,84,0.767721,1520
500616,615360,83,0.759186,1560
500056,615360,84,0.760665,1520
502288,615360,84,0.754946,1520
505800,615360,84,0.745450,1520
508504,615360,84,0.737589,1520
504808,615360,84,0.748278,1480
502840,615360,85,0.753500,1480
505880,615360,85,0.745206,1480
509752,615360,85,0.733837,1480
510160,615360,84,0.732595,1480
512528,615360,84,0.724998,1480
508576,615360,85,0.737211,1480
512584,615360,85,0.724661,1480
509016,615360,85,0.735905,1480
512576,615360,85,0.724687,1480
509048,615360,86,0.735666,1480
507544,615360,87,0.740085,1480
504280,615360,87,0.749314,1480
501768,615360,88,0.755888,1480
505624,615360,88,0.745516,1480
503888,615360,88,0.750363,1480
504040,615360,87,0.749957,1480
501128,615360,86,0.757749,1480
504016,615360,86,0.750150,1480
506280,615360,86,0.743821,1480
509576,615360,86,0.734079,1480
505536,615360,87,0.745760,1480
506344,615360,86,0.743439,1504
508904,615360,86,0.735881,1504
505864,615360,87,0.744649,1504
508648,615360,87,0.736500,1504
507096,615360,88,0.741030,1504
508624,615360,87,0.736500,1528
505320,615360,86,0.746223,1528
504120,615360,87,0.749572,1496
505792,615360,86,0.744894,1536
509784,615360,85,0.733132,1584
508032,615360,86,0.738364,1584
509696,615360,86,0.733254,1584
508504,615360,87,0.736880,1568
510696,615360,86,0.730176,1584
507696,615360,86,0.739344,1584
510144,615360,86,0.731884,1584
506576,615360,85,0.742694,1584
509560,615360,85,0.733813,1584
506856,615360,85,0.741898,1584
509544,615360,85,0.733861,1584
508696,615360,86,0.736405,1584
512552,615360,86,0.724271,1584
508496,615360,87,0.736856,1584
508648,615360,86,0.736405,1584
506744,615360,87,0.741944,1584
503816,615360,87,0.750150,1584
504912,615360,86,0.747189,1584
504424,615360,87,0.748516,1584
505920,615360,86,0.744381,1592
505200,615360,86,0.746531,1584
502496,615360,86,0.753873,1584
500872,615360,87,0.758090,1552
503744,615360,86,0.750619,1576
501016,615360,86,0.757789,1576
500368,615360,87,0.759463,1552
499024,615360,88,0.762744,1552
497808,615360,88,0.765748,1552
500416,615360,88,0.759345,1552
497808,615360,88,0.765748,1552
497000,615360,89,0.767684,1528
498384,615360,88,0.764407,1544
501032,615360,88,0.757829,1544
502168,615360,88,0.754823,1544
502568,615360,87,0.753790,1544
501832,615360,88,0.755684,1544
503944,615360,88,0.750043,1544
500432,615360,89,0.759087,1544
503872,615360,89,0.750107,1544
507848,615360,89,0.738878,1544
504520,615360,89,0.748364,1544
503656,615360,89,0.750831,1536
506328,615360,89,0.743394,1536
506472,615360,88,0.742988,1536
506872,615360,87,0.741853,1536
503208,615360,87,0.752015,1536
506360,615360,87,0.743304,1536
507072,615360,86,0.741282,1536
509976,615360,86,0.732546,1536
507712,615360,87,0.739297,1536
508712,615360,87,0.736215,1536
507120,615360,88,0.740869,1536
504256,615360,89,0.748883,1520
503440,615360,89,0.751234,1504
506216,615360,89,0.743529,1504
505024,615360,90,0.746883,1488
506512,615360,90,0.742603,1488
504736,615360,90,0.747669,1488
507536,615360,90,0.739669,1488
509856,615360,90,0.732620,1488
512168,615360,90,0.725204,1488
511560,615360,90,0.727383,1464
514624,615360,90,0.717120,1464
514264,615360,91,0.718401,1448
515344,615360,91,0.714523,1448
513032,615360,92,0.722359,1448
515832,615360,92,0.712643,1448
512656,615360,92,0.723593,1448
509008,615360,92,0.735307,1400
510768,615360,92,0.729777,1400
512496,615360,92,0.724115,1400
508424,615360,93,0.736762,1400
510384,615360,92,0.730822,1400
509072,615360,92,0.734971,1400
507352,615360,93,0.740039,1400
509560,615360,93,0.733352,1400
510112,615360,92,0.731589,1424
506680,615360,92,0.741944,1408
503632,615360,91,0.750597,1408
506064,615360,91,0.743821,1408
507560,615360,91,0.739413,1408
506568,615360,90,0.742535,1408
508448,615360,89,0.736975,1448
506800,615360,89,0.742012,1408
504784,615360,90,0.747626,1408
503208,615360,91,0.751889,1392
499120,615360,92,0.762203,1392
500464,615360,92,0.758789,1392
500712,615360,91,0.758170,1392
501632,615360,90,0.755806,1408
498552,615360,91,0.763416,1408
495960,615360,91,0.769570,1408
497760,615360,91,0.765296,1408
498288,615360,91,0.763932,1408
496496,615360,92,0.768126,1408
495624,615360,92,0.770222,1408
499392,615360,92,0.761271,1408
503168,615360,92,0.751572,1408
501368,615360,92,0.756356,1408
504848,615360,92,0.747058,1408
507720,615360,92,0.738808,1408
505968,615360,93,0.743821,1408
504312,615360,94,0.748386,1408
507384,615360,94,0.739645,1408
510328,615360,94,0.730674,1408
507784,615360,94,0.738481,1408
509792,615360,93,0.732449,1416
507104,615360,93,0.740570,1416
503368,615360,93,0.751065,1400
502736,615360,94,0.752791,1376
501640,615360,95,0.755622,1376
501072,615360,96,0.757105,1360
500824,615360,97,0.757729,1360
501056,615360,96,0.757125,1368
503904,615360,95,0.749657,1392
502296,615360,96,0.753894,1392
504328,615360,96,0.748386,1392
507008,615360,95,0.740800,1432
509648,615360,95,0.732840,1432
507160,615360,96,0.740224,1432
503664,615360,95,0.750192,1432
505736,615360,95,0.744404,1432
505760,615360,94,0.744337,1432
507168,615360,93,0.740293,1448
504488,615360,94,0.747909,1408
502024,615360,94,0.754555,1408
498448,615360,94,0.763626,1376
500104,615360,93,0.759602,1376
503928,615360,93,0.749636,1376
506144,615360,93,0.743416,1376
509400,615360,93,0.733764,1376
505640,615360,93,0.744828,1376
508752,615360,93,0.735714,1376
506712,615360,93,0.741807,1376
507256,615360,92,0.740132,1416
507208,615360,91,0.740593,1400
504408,615360,92,0.748408,1400
501328,615360,91,0.756721,1400
503960,615360,91,0.749743,1400
506768,615360,91,0.741853,1400
508128,615360,91,0.737777,1400
504776,615360,91,0.747408,1400
505496,615360,90,0.745383,1416
502864,615360,90,0.752603,1416
505432,615360,90,0.745561,1416
504528,615360,89,0.748299,1416
506688,615360,89,0.742172,1416
504424,615360,89,0.748581,1416
501992,615360,88,0.755234,1416
500280,615360,89,0.759543,1416
504072,615360,88,0.749743,1432
501280,615360,87,0.723943,1432
502040,615360,87,0.721608,1432
504184,615360,87,0.715069,1432
506752,615360,87,0.706852,1432
503272,615360,88,0.717683,1432
502936,615360,89,0.718687,1432
504216,615360,89,0.714678,1432
501528,615360,89,0.722815,1432
499056,615360,90,0.729910,1384
497560,615360,91,0.733974,1376
498952,615360,91,0.730085,1376
500256,615360,91,0.726330,1376
504232,615360,91,0.714507,1376
506168,615360,91,0.708293,1376
504504,615360,92,0.713621,1344
505272,615360,92,0.711082,1344
502744,615360,91,0.719091,1344
499488,615360,92,0.728431,1344
503304,615360,92,0.717275,1344
504392,615360,92,0.713818,1344
502104,615360,92,0.720836,1344
505928,615360,92,0.709008,1344
504176,615360,92,0.714629,1344
501984,615360,93,0.721234,1328
502048,615360,92,0.721001,1344
499264,615360,91,0.729184,1344
500304,615360,91,0.726149,1344
502512,615360,90,0.719777,1344
499472,615360,91,0.728476,1344
498392,615360,92,0.731437,1344
497264,615360,91,0.734717,1344
493728,615360,91,0.743933,1320
494992,615360,91,0.740657,1320
494384,615360,91,0.742306,1320
492520,615360,91,0.747051,1296
489768,615360,91,0.753614,1296
491496,615360,90,0.749548,1320
491120,615360,90,0.750563,1312
489008,615360,90,0.755516,1312
492224,615360,89,0.747972,1352
490224,615360,89,0.752771,1352
492408,615360,89,0.747532,1352
496400,615360,89,0.737461,1352
494336,615360,89,0.742824,1352
496040,615360,88,0.738515,1352
500088,615360,88,0.727541,1352
497216,615360,89,0.735392,1328
495056,615360,89,0.741081,1328
495152,615360,88,0.740839,1328
499224,615360,88,0.729998,1328
496152,615360,89,0.738165,1328
492592,615360,89,0.747147,1328
496328,615360,88,0.737834,1328
499880,615360,88,0.728187,1328
500800,615360,87,0.725493,1368
503536,615360,87,0.717371,1368
504824,615360,87,0.713300,1368
506848,615360,87,0.706749,1368
506672,615360,87,0.707472,1368
508392,615360,86,0.701723,1400
506160,615360,87,0.709008,1400
507240,615360,86,0.705528,1400
504280,615360,86,0.715021,1400
508088,615360,86,0.745842,1400
507688,615360,87,0.746973,1400
510440,615360,87,0.738835,1400
508064,615360,87,0.745910,1400
508448,615360,86,0.744769,1416
506720,615360,86,0.749758,1416
509912,615360,86,0.740504,1416
506864,615360,86,0.749449,1384
507992,615360,86,0.746159,1384
506208,615360,86,0.751247,1384
503672,615360,86,0.758086,1384
500200,615360,87,0.766705,1384
500976,615360,87,0.764716,1384
502952,615360,86,0.759682,1432
501672,615360,86,0.763009,1432
500800,615360,87,0.765143,1432
501152,615360,86,0.764247,1448
502200,615360,86,0.761537,1448
502936,615360,85,0.759662,1456
502624,615360,86,0.760452,1456
503040,615360,85,0.759356,1472
500912,615360,85,0.764774,1472
501232,615360,84,0.763953,1488
499624,615360,84,0.767943,1488
501520,615360,84,0.763246,1488
497512,615360,85,0.772731,1488
500608,615360,85,0.765357,1488
499472,615360,85,0.768189,1488
501648,615360,85,0.762811,1488
501200,615360,86,0.763934,1480
497232,615360,87,0.773275,1480
500056,615360,87,0.766590,1480
496864,615360,87,0.774104,1480
496096,615360,88,0.775903,1440
496128,615360,87,0.775832,1440
498912,615360,87,0.769393,1440
500496,615360,87,0.765512,1440
498640,615360,87,0.770028,1440
496416,615360,87,0.775229,1424
494440,615360,88,0.779639,1376
493984,615360,89,0.780608,1376
496512,615360,89,0.775016,1376
495464,615360,88,0.777534,1376
493800,615360,87,0.781301,1376
494136,615360,86,0.780541,1400
491768,615360,86,0.785542,1400
493944,615360,86,0.780947,1400
495464,615360,85,0.777673,1408
495400,615360,86,0.777847,1392
495640,615360,85,0.777325,1392
494448,615360,86,0.779895,1392
497664,615360,86,0.772713,1392
500832,615360,86,0.765163,1392
499312,615360,87,0.768812,1384
503360,615360,87,0.758764,1384
500696,615360,88,0.765395,1384
503000,615360,87,0.759621,1408
499024,615360,87,0.769430,1408
501544,615360,87,0.763265,1408
500184,615360,88,0.766571,1408
500088,615360,89,0.766801,1408
496352,615360,90,0.775407,1408
497928,615360,90,0.771745,1408
498376,615360,89,0.770695,1416
495608,615360,90,0.776923,1416
499296,615360,89,0.768435,1464
497640,615360,90,0.772276,1464
498360,615360,89,0.770547,1496
497072,615360,89,0.773600,1496
500224,615360,89,0.766148,1496
500424,615360,88,0.765628,1512
500920,615360,87,0.764364,1536
504792,615360,87,0.754386,1536
504496,615360,88,0.755169,1536
508232,615360,87,0.744883,1544
508208,615360,88,0.744952,1544
511744,615360,88,0.734268,1544
508208,615360,88,0.744952,1544
510416,615360,88,0.738330,1544
508208,615360,88,0.744952,1544
505424,615360,89,0.752676,1544
501616,615360,89,0.722375,1544
499304,615360,89,0.729051,1544
500032,615360,89,0.726892,1544
503176,615360,89,0.717635,1544
505488,615360,89,0.710377,1544
509224,615360,89,0.697928,1544
508744,615360,89,0.699729,1544
509568,615360,88,0.696743,1592
507248,615360,87,0.704874,1592
509320,615360,87,0.697763,1592
508832,615360,88,0.699458,1584
505672,615360,89,0.709821,1584
501824,615360,89,0.721655,1584
499608,615360,89,0.728098,1584
500496,615360,88,0.725584,1592
502792,615360,88,0.718782,1592
502768,615360,88,0.718996,1592
502920,615360,87,0.718544,1592
506792,615360,87,0.706360,1592
505416,615360,87,0.710982,1568
508864,615360,87,0.699566,1568
508384,615360,86,0.701562,1552
511488,615360,86,0.690618,1552
514864,615360,86,0.677782,1552
514288,615360,87,0.680046,1544
518096,615360,87,0.664480,1544
517360,615360,88,0.667766,1496
518416,615360,88,0.663119,1496
517640,615360,88,0.666600,1496
518416,615360,87,0.663290,1504
517240,615360,87,0.668429,1504
516416,615360,88,0.671995,1456
519104,615360,88,0.660539,1456
518064,615360,88,0.665189,1456
521520,615360,88,0.649737,1456
525360,615360,88,0.630831,1456
524712,615360,88,0.634364,1456
524168,615360,89,0.637276,1416
520096,615360,89,0.656576,1416
516880,615360,89,0.670630,1376
513064,615360,90,0.685495,1376
515208,615360,90,0.677125,1376
511384,615360,90,0.691623,1376
509352,615360,91,0.698722,1376
512512,615360,91,0.687359,1376
514000,615360,91,0.681609,1376
516704,615360,91,0.670761,1376
517840,615360,91,0.665862,1376
518184,615360,90,0.664242,1416
520112,615360,90,0.655651,1416
517968,615360,90,0.665156,1416
516624,615360,89,0.671119,1416
515912,615360,89,0.674182,1416
516520,615360,88,0.671736,1416
518888,615360,88,0.661645,1416
516368,615360,88,0.672351,1416
513296,615360,88,0.684480,1416
515040,615360,87,0.677626,1464
513848,615360,88,0.682218,1464
512960,615360,89,0.685585,1456
514640,615360,89,0.679027,1456
515680,615360,89,0.674755,1456
518072,615360,89,0.664750,1456
520072,615360,88,0.655936,1488
516928,615360,88,0.669583,1488
519600,615360,88,0.658025,1488
516048,615360,87,0.673349,1488
516512,615360,86,0.671379,1512
514592,615360,86,0.679243,1496
510616,615360,86,0.694092,1496
512760,615360,86,0.686178,1496
511448,615360,87,0.690963,1496
513016,615360,86,0.685108,1528
514464,615360,86,0.679429,1528
511240,615360,87,0.691422,1528
508304,615360,87,0.701750,1528
510656,615360,87,0.693499,1528
506944,615360,87,0.706231,1528
508032,615360,87,0.702497,1528
508616,615360,86,0.700541,1528
505912,615360,86,0.709542,1528
503024,615360,87,0.718424,1528
502312,615360,87,0.720672,1528
504120,615360,87,0.715118,1528
506656,615360,87,0.707007,1528
509192,615360,87,0.698421,1528
508944,615360,87,0.699430,1528
507008,615360,88,0.705867,1528
505360,615360,88,0.711283,1528
504568,615360,89,0.713818,1504
506864,615360,89,0.706412,1504
509824,615360,89,0.696327,1504
510712,615360,88,0.693188,1512
513720,615360,88,0.681975,1512
509896,615360,88,0.696050,1512
510224,615360,88,0.694738,1512
509944,615360,88,0.695883,1512
512200,615360,88,0.687653,1512
510352,615360,89,0.694345,1496
506480,615360,89,0.707523,1496
506656,615360,88,0.706930,1504
502672,615360,88,0.719399,1504
498680,615360,89,0.730741,1504
499984,615360,88,0.727116,1512
499624,615360,88,0.728298,1496
502784,615360,88,0.719091,1496
506016,615360,88,0.709008,1496
508320,615360,88,0.701321,1496
505168,615360,89,0.711533,1496
507856,615360,89,0.702710,1496
505648,615360,90,0.709872,1496
508624,615360,90,0.699973,1496
504768,615360,90,0.712631,1496
507536,615360,90,0.703611,1496
503696,615360,91,0.715776,1496
504280,615360,90,0.713991,1496
501512,615360,90,0.722399,1496
502784,615360,90,0.718520,1496
502320,615360,91,0.719966,1472
504744,615360,91,0.712482,1472
503336,615360,91,0.716986,1456
505696,615360,91,0.709542,1456
505552,615360,92,0.709998,1456
509344,615360,92,0.697323,1456
508896,615360,93,0.698886,1448
507136,615360,92,0.705084,1448
506000,615360,91,0.709059,1448
502624,615360,92,0.719423,1448
500864,615360,92,0.724675,1448
504552,615360,92,0.713596,1448
506552,615360,91,0.707266,1456
503704,615360,91,0.716382,1432
499792,615360,91,0.727876,1432
496280,615360,91,0.737441,1432
495152,615360,92,0.740333,1432
492480,615360,92,0.747051,1432
492328,615360,93,0.747416,1432
496424,615360,93,0.737067,1432
493264,615360,93,0.745151,1432
489672,615360,92,0.753851,1432
487784,615360,92,0.758202,1424
487200,615360,93,0.759479,1424
486480,615360,94,0.761104,1392
482792,615360,95,0.768862,1344
485008,615360,94,0.764239,1384
488272,615360,94,0.757106,1384
488288,615360,93,0.757071,1384
487552,615360,94,0.758711,1376
491600,615360,94,0.749397,1376
494736,615360,94,0.741645,1376
492656,615360,94,0.746878,1376
492160,615360,95,0.748125,1352
488712,615360,96,0.756090,1352
486904,615360,95,0.760277,1352
487536,615360,94,0.758816,1392
484592,615360,95,0.765088,1392
482264,615360,95,0.769918,1392
484472,615360,94,0.765436,1392
481664,615360,93,0.771295,1392
480176,615360,92,0.774369,1392
479008,615360,93,0.776628,1368
477008,615360,94,0.780333,1360
478080,615360,93,0.778356,1368
479776,615360,92,0.775162,1376
483144,615360,92,0.768475,1376
486264,615360,92,0.761908,1376
486864,615360,91,0.760622,1376
486104,615360,90,0.762453,1376
482720,615360,89,0.769615,1376
480552,615360,89,0.773954,1376
482248,615360,89,0.770553,1376
481448,615360,90,0.772141,1368
481120,615360,90,0.772873,1368
480704,615360,91,0.773708,1352
481376,615360,90,0.772329,1392
481888,615360,89,0.771311,1400
479808,615360,90,0.775330,1400
481000,615360,89,0.773044,1400
484664,615360,88,0.765701,1408
484648,615360,89,0.765734,1408
484544,615360,89,0.766047,1408
485288,615360,88,0.764506,1408
486600,615360,88,0.761635,1408
489352,615360,88,0.755498,1408
490720,615360,88,0.752273,1408
490568,615360,89,0.752623,1408
489528,615360,90,0.755102,1360
491744,615360,90,0.749887,1360
494016,615360,90,0.744308,1360
491872,615360,90,0.749586,1360
488416,615360,91,0.757478,1360
491800,615360,91,0.749642,1360
495200,615360,91,0.741242,1360
491464,615360,92,0.750338,1352
489976,615360,92,0.753978,1312
488352,615360,92,0.757726,1312
486960,615360,93,0.760760,1312
484976,615360,93,0.765055,1312
482152,615360,93,0.770869,1312
484360,615360,93,0.766327,1312
482520,615360,94,0.770045,1312
479984,615360,93,0.775162,1312
478176,615360,93,0.778636,1312
478592,615360,92,0.777867,1312
480696,615360,91,0.773878,1320
478520,615360,91,0.778075,1320
481288,615360,91,0.772733,1320
480240,615360,92,0.774751,1320
476944,615360,92,0.780956,1320
478688,615360,91,0.777718,1344
474912,615360,90,0.784687,1344
471856,615360,91,0.789886,1344
468328,615360,92,0.795647,1304
469008,615360,92,0.794498,1304
466000,615360,92,0.799239,1304
464280,615360,92,0.801931,1272
465544,615360,92,0.799976,1272
467144,615360,92,0.797465,1272
467584,615360,91,0.796710,1320
466248,615360,91,0.798862,1304
467400,615360,91,0.797020,1304
471304,615360,91,0.790706,1304
469776,615360,91,0.793309,1280
469528,615360,92,0.793707,1280
467104,615360,92,0.797589,1280
464536,615360,93,0.801469,1280
462968,615360,94,0.803813,1248
466896,615360,94,0.797884,1248
467176,615360,93,0.797453,1248
464088,615360,93,0.802178,1248
465864,615360,93,0.799457,1248
464640,615360,94,0.801303,1240
465992,615360,94,0.799203,1240
469384,615360,94,0.793848,1240
471424,615360,93,0.790469,1280
472296,615360,92,0.788979,1304
470296,615360,92,0.792406,1272
467232,615360,92,0.797329,1272
469936,615360,92,0.792987,1272
467744,615360,92,0.796535,1272
470128,615360,91,0.792703,1304
467256,615360,91,0.797317,1304
468280,615360,91,0.795647,1304
469192,615360,91,0.794129,1304
466040,615360,90,0.799178,1304
464056,615360,89,0.802284,1304
461752,615360,89,0.805716,1280
461872,615360,88,0.805546,1280
464016,615360,88,0.802378,1280
464968,615360,88,0.800898,1280
465624,615360,87,0.799855,1320
467344,615360,87,0.797156,1320
468976,615360,87,0.794523,1320
467392,615360,88,0.797008,1320
470560,615360,88,0.791899,1320
469288,615360,88,0.794027,1320
471320,615360,88,0.790654,1320
472328,615360,88,0.788899,1320
469368,615360,88,0.793860,1296
469392,615360,87,0.793822,1296
472920,615360,86,0.787956,1336
475400,615360,86,0.783594,1336
473704,615360,86,0.786622,1336
474904,615360,86,0.784464,1336
478904,615360,85,0.777212,1352
477608,615360,84,0.779809,1336
481096,615360,84,0.773168,1336
483840,615360,84,0.767634,1336
481312,615360,84,0.772749,1336
479008,615360,84,0.777227,1336
481800,615360,84,0.771797,1336
483688,615360,84,0.767942,1336
484232,615360,83,0.766753,1376
487168,615360,83,0.760484,1376
483432,615360,83,0.768379,1376
483960,615360,83,0.767211,1376
485512,615360,83,0.763904,1376
489440,615360,83,0.755264,1376
489208,615360,84,0.755804,1368
489176,615360,84,0.755983,1368
491688,615360,83,0.750150,1400
493320,615360,83,0.746143,1400
494504,615360,83,0.743122,1400
492488,615360,84,0.748029,1400
488680,615360,85,0.756804,1400
489624,615360,85,0.754578,1400
489448,615360,86,0.754994,1392
491368,615360,86,0.750469,1392
491776,615360,85,0.749510,1392
495240,615360,85,0.740940,1392
494832,615360,86,0.741966,1392
496040,615360,86,0.738782,1392
498304,615360,86,0.732711,1392
500688,615360,86,0.726014,1392
498304,615360,87,0.732668,1360
502184,615360,87,0.721678,1360
505400,615360,87,0.711834,1360
504096,615360,88,0.715873,1352
507248,615360,88,0.705815,1352
507160,615360,88,0.706257,1352
506648,615360,89,0.707934,1344
506848,615360,88,0.707291,1344
503728,615360,87,0.717299,1344
507688,615360,86,0.704822,1360
507104,615360,87,0.706723,1360
506216,615360,88,0.709593,1352
505872,615360,88,0.710856,1344
505464,615360,89,0.712133,1344
504512,615360,89,0.715216,1344
505640,615360,89,0.711584,1344
505008,615360,90,0.713670,1304
504480,615360,90,0.715435,1304
502120,615360,91,0.722445,1304
502680,615360,90,0.720743,1328
505488,615360,90,0.712108,1328
507864,615360,89,0.704376,1368
508896,615360,89,0.700783,1368
511584,615360,89,0.691279,1368
512048,615360,88,0.689549,1384
509248,615360,88,0.699539,1384
512136,615360,88,0.689230,1384
513136,615360,88,0.685376,1384
511584,615360,88,0.691222,1384
511632,615360,87,0.691049,1384
508944,615360,87,0.700568,1384
507888,615360,88,0.704086,1384
510840,615360,88,0.693866,1384
508304,615360,88,0.702710,1384
508040,615360,88,0.703770,1376
510184,615360,87,0.696494,1384
510496,615360,86,0.695325,1408
510624,615360,85,0.694878,1408
509464,615360,85,0.699104,1392
507168,615360,86,0.706723,1392
510648,615360,86,0.694850,1392
514592,615360,86,0.680200,1392
513824,615360,86,0.683308,1392
515592,615360,86,0.676307,1392
513008,615360,87,0.686178,1392
513792,615360,87,0.683066,1392
514992,615360,87,0.678281,1392
516288,615360,87,0.672963,1392
519248,615360,87,0.660400,1392
519312,615360,86,0.660123,1392
518536,615360,86,0.663665,1392
517928,615360,86,0.666433,1392
520296,615360,86,0.656007,1392
517128,615360,85,0.669943,1392
516440,615360,86,0.672835,1368
514744,615360,87,0.679553,1360
510872,615360,86,0.694176,1360
511192,615360,85,0.692933,1392
513984,615360,85,0.682521,1392
511600,615360,85,0.691479,1392
509920,615360,86,0.697378,1392
511360,615360,86,0.692165,1392
514128,615360,85,0.681975,1392
516912,615360,85,0.670826,1392
516384,615360,86,0.672963,1392
514576,615360,86,0.680262,1392
513112,615360,87,0.685793,1392
510160,615360,88,0.696383,1392
511776,615360,88,0.690503,1392
515168,615360,88,0.677595,1392
519000,615360,88,0.661679,1392
522224,615360,88,0.646984,1392
523192,615360,88,0.642157,1392
526232,615360,88,0.626643,1392
523136,615360,88,0.642427,1392
520384,615360,88,0.655401,1392
521400,615360,88,0.650583,1392
521848,615360,88,0.648291,1392
521728,615360,89,0.648849,1392
523088,615360,89,0.642196,1392
519216,615360,89,0.660123,1392
516864,615360,89,0.670238,1392
520232,615360,89,0.655651,1392
518360,615360,89,0.664005,1392
514528,615360,90,0.679522,1392
515208,615360,89,0.676748,1424
517304,615360,89,0.668098,1424
517176,615360,90,0.668627,1424
515792,615360,90,0.674501,1408
513696,615360,90,0.682824,1408
513896,615360,89,0.682036,1416
517936,615360,89,0.665694,1416
514672,615360,89,0.679058,1416
512360,615360,89,0.687946,1416
515984,615360,89,0.673894,1416
515008,615360,90,0.677751,1416
513704,615360,89,0.683127,1416
512920,615360,89,0.686356,1384
512136,615360,89,0.689404,1384
509176,615360,90,0.699783,1384
509216,615360,89,0.699648,1384
510984,615360,89,0.693358,1384
509904,615360,89,0.697295,1384
510848,615360,88,0.693979,1392
513624,615360,88,0.683700,1392
514616,615360,88,0.679738,1392
514448,615360,88,0.680600,1384
516352,615360,87,0.672996,1416
516576,615360,86,0.672092,1416
518208,615360,85,0.665257,1440
518624,615360,84,0.663495,1440
516448,615360,83,0.672899,1440
518080,615360,83,0.665997,1440
515936,615360,82,0.675137,1440
519296,615360,82,0.661024,1440
522976,615360,82,0.644111,1440
520600,615360,83,0.655258,1400
518592,615360,83,0.664242,1392
519640,615360,83,0.659531,1392
522560,615360,82,0.646157,1424
521112,615360,82,0.653063,1424
522576,615360,82,0.646082,1424
518488,615360,83,0.664344,1424
522144,615360,83,0.647881,1424
518848,615360,83,0.662983,1384
516592,615360,84,0.672351,1384
512688,615360,84,0.687565,1384
515856,615360,84,0.675295,1384
517088,615360,84,0.670140,1384
517304,615360,83,0.669221,1392
516656,615360,83,0.672254,1344
520672,615360,82,0.654972,1392
520440,615360,83,0.656114,1368
517520,615360,84,0.668759,1336
516344,615360,85,0.673734,1288
517688,615360,85,0.668065,1288
514552,615360,85,0.680753,1288
517184,615360,85,0.670140,1288
520968,615360,85,0.703584,1288
524568,615360,85,0.738679,1288
520568,615360,86,0.752281,1272
519656,615360,86,0.755326,1272
522952,615360,86,0.744383,1272
526448,615360,86,0.731663,1272
524360,615360,86,0.739477,1272
523232,615360,86,0.743587,1272
523704,615360,85,0.741953,1272
524776,615360,85,0.737991,1272
521008,615360,84,0.751172,1272
523224,615360,83,0.743697,1296
521408,615360,84,0.749791,1296
525112,615360,84,0.736865,1296
523072,615360,84,0.744355,1256
520304,615360,84,0.753635,1256
520968,615360,83,0.751508,1256
520048,615360,84,0.754496,1240
516424,615360,84,0.765554,1240
517456,615360,84,0.762407,1240
519032,615360,84,0.757511,1240
521712,615360,84,0.748817,1240
517720,615360,84,0.761482,1240
521720,615360,84,0.748791,1240
520352,615360,85,0.753228,1240
516568,615360,86,0.764723,1240
520568,615360,86,0.752384,1240
521632,615360,86,0.748764,1240
520640,615360,86,0.752153,1240
522304,615360,86,0.746525,1240
520632,615360,86,0.752307,1200
518648,615360,85,0.758809,1200
517648,615360,86,0.761815,1200
514960,615360,87,0.769535,1200
514760,615360,87,0.770244,1192
517184,615360,86,0.763231,1232
514072,615360,86,0.772151,1232
517512,615360,86,0.762265,1232
519568,615360,86,0.755876,1232
522928,615360,86,0.744765,1232
520120,615360,86,0.754142,1232
517376,615360,85,0.762808,1232
517512,615360,84,0.762407,1232
517912,615360,84,0.761076,1232
515952,615360,84,0.766927,1232
517632,615360,84,0.761910,1232
517032,615360,84,0.763816,1232
515696,615360,84,0.767923,1184
516384,615360,83,0.765830,1232
519656,615360,83,0.755901,1232
516128,615360,83,0.766562,1232
512248,615360,83,0.777249,1232
511936,615360,84,0.778118,1208
514840,615360,83,0.770244,1256
513608,615360,83,0.773726,1256
516712,615360,83,0.764955,1256
519944,615360,83,0.755075,1256
521936,615360,83,0.748500,1256
525888,615360,83,0.734526,1256
528552,615360,82,0.724229,1280
525184,615360,83,0.737010,1280
524984,615360,84,0.737789,1264
522768,615360,85,0.745607,1240
524352,615360,85,0.739959,1240
527920,615360,85,0.726503,1240
532016,615360,85,0.709261,1240
528624,615360,85,0.723719,1240
530424,615360,85,0.716136,1240
528792,615360,85,0.723047,1240
529040,615360,84,0.722048,1240
527320,615360,84,0.729015,1240
530864,615360,84,0.714474,1240
530704,615360,84,0.715358,1240
530952,615360,83,0.714303,1240
529880,615360,84,0.718842,1232
532016,615360,84,0.709509,1232
531880,615360,84,0.710319,1232
528904,615360,85,0.722822,1232
525216,615360,86,0.736894,1232
527848,615360,86,0.726815,1232
528688,615360,85,0.723335,1272
531912,615360,85,0.709579,1272
530336,615360,85,0.716574,1272
532128,615360,84,0.708730,1296
528768,615360,85,0.722918,1296
526496,615360,86,0.731754,1296
522568,615360,87,0.745770,1296
520200,615360,87,0.753686,1296
521176,615360,86,0.750548,1296
518528,615360,87,0.758882,1296
514768,615360,87,0.769935,1296
514552,615360,88,0.770553,1288
518128,615360,88,0.760116,1288
514728,615360,89,0.769935,1288
514376,615360,89,0.771081,1272
513368,615360,89,0.773940,1272
511152,615360,90,0.779816,1232
509016,615360,90,0.785220,1232
505656,615360,89,0.793250,1232
502216,615360,89,0.800767,1232
505192,615360,88,0.794389,1232
504320,615360,88,0.796456,1208
502752,615360,88,0.799899,1208
498712,615360,89,0.808020,1208
496984,615360,90,0.811295,1208
493768,615360,89,0.817271,1208
495544,615360,89,0.814028,1208
496088,615360,88,0.812994,1232
493656,615360,88,0.817425,1232
496064,615360,87,0.813111,1240
492016,615360,87,0.820308,1240
491576,615360,87,0.821209,1192
490112,615360,87,0.823703,1192
492672,615360,87,0.819357,1192
492032,615360,87,0.820524,1192
491344,615360,88,0.821756,1144
488680,615360,89,0.826115,1120
484632,615360,89,0.832363,1120
485968,615360,89,0.830303,1120
484224,615360,89,0.833030,1072
483024,615360,88,0.834900,1072
486824,615360,87,0.829272,1088
490696,615360,87,0.823076,1088
493544,615360,87,0.818203,1088
489504,615360,86,0.825084,1088
489664,615360,85,0.824815,1096
490648,615360,84,0.823194,1112
492776,615360,84,0.819562,1112
495736,615360,84,0.814288,1112
493208,615360,85,0.818741,1112
495864,615360,84,0.813999,1144
493720,615360,85,0.817814,1136
493520,615360,85,0.818244,1136
494072,615360,84,0.817229,1168
497736,615360,84,0.810502,1168
501432,615360,84,0.803196,1168
501960,615360,84,0.802022,1168
498472,615360,84,0.809018,1168
500072,615360,84,0.805820,1168
503176,615360,84,0.799395,1168
504504,615360,84,0.796456,1168
504632,615360,83,0.796143,1184
501880,615360,82,0.802153,1184
502840,615360,81,0.800134,1200
501640,615360,82,0.802611,1200
503752,615360,81,0.798124,1240
504168,615360,80,0.797199,1256
507200,615360,80,0.790347,1256
510536,615360,80,0.782264,1256
513216,615360,80,0.775280,1256
516048,615360,80,0.767403,1256
515344,615360,80,0.769513,1256
515024,615360,80,0.770619,1224
514040,615360,81,0.773340,1208
516808,615360,81,0.765508,1208
515128,615360,80,0.770509,1208
515656,615360,80,0.768911,1208
513752,615360,81,0.774197,1176
510648,615360,81,0.782304,1176
510504,615360,82,0.782660,1176
507400,615360,82,0.790181,1176
506056,615360,82,0.793339,1176
508168,615360,82,0.788397,1176
506096,615360,83,0.793142,1176
503120,615360,83,0.799698,1176
501352,615360,83,0.803439,1176
504240,615360,83,0.797319,1176
502888,615360,84,0.800184,1176
501008,615360,85,0.804116,1136
498824,615360,86,0.808405,1136
502840,615360,86,0.800268,1136
500200,615360,87,0.805630,1136
503080,615360,87,0.799665,1136
505824,615360,87,0.793625,1136
509480,615360,87,0.785027,1136
509896,615360,87,0.783899,1136
511376,615360,86,0.780099,1184
507424,615360,85,0.789886,1184
505400,615360,86,0.794459,1184
503272,615360,86,0.799159,1184
502184,615360,86,0.801529,1184
505328,615360,86,0.794724,1184
502936,615360,86,0.799967,1184
504344,615360,86,0.796871,1184
503928,615360,87,0.797765,1184
506608,615360,87,0.791754,1184
508328,615360,87,0.787663,1184
509832,615360,87,0.783938,1184
506952,615360,87,0.790861,1184
510472,615360,87,0.782363,1184
513784,615360,87,0.773705,1184
510512,615360,87,0.782264,1184
507280,615360,87,0.790107,1184
507152,615360,88,0.790439,1168
507944,615360,87,0.788603,1168
507416,615360,87,0.789941,1168
509424,615360,86,0.785201,1168
511592,615360,85,0.779795,1184
507896,615360,86,0.788790,1184
510456,615360,85,0.782581,1208
512000,615360,85,0.778571,1208
508952,615360,85,0.786315,1176
512040,615360,84,0.778550,1224
508080,615360,84,0.788416,1208
511672,615360,83,0.779531,1256
510832,615360,84,0.781747,1216
508032,615360,84,0.788621,1216
509664,615360,84,0.784620,1216
511712,615360,84,0.779409,1216
513896,615360,84,0.773576,1216
514680,615360,84,0.771322,1216
517960,615360,84,0.761838,1216
514808,615360,83,0.771103,1216
515488,615360,83,0.769090,1216
515800,615360,82,0.768193,1224
515256,615360,83,0.769824,1184
518816,615360,83,0.759367,1184
515968,615360,83,0.767833,1184
513408,615360,84,0.774899,1160
511144,615360,85,0.780745,1160
510424,615360,86,0.782581,1144
511696,615360,85,0.779328,1168
514520,615360,85,0.771759,1168
513848,615360,85,0.773812,1128
513432,615360,84,0.775216,1112
516992,615360,84,0.765255,1112
521016,615360,84,0.752896,1112
522752,615360,84,0.747062,1112
518656,615360,84,0.760213,1112
522216,615360,84,0.748844,1112
521272,615360,84,0.752101,1104
521448,615360,83,0.751534,1104
525536,615360,83,0.737415,1104
526000,615360,83,0.735555,1104
529128,615360,83,0.723399,1104
530256,615360,82,0.718676,1136
529712,615360,83,0.721009,1112
526680,615360,83,0.733013,1112
528776,615360,83,0.724770,1112
530304,615360,83,0.718378,1112
530992,615360,82,0.715290,1160
529392,615360,82,0.722112,1160
531080,615360,81,0.714950,1200
534424,615360,81,0.699761,1200
537128,615360,81,0.686195,1200
540280,615360,81,0.668792,1200
536648,615360,81,0.688649,1200
539488,615360,81,0.673277,1200
535920,615360,81,0.692298,1200
534832,615360,81,0.697824,1200
537376,615360,80,0.684953,1240
535320,615360,80,0.695514,1240
535864,615360,79,0.692773,1256
538072,615360,78,0.681212,1304
537520,615360,79,0.684287,1272
539888,615360,79,0.671163,1272
537104,615360,80,0.686195,1272
540864,615360,80,0.665266,1272
538696,615360,81,0.677598,1256
541328,615360,81,0.662332,1256
538880,615360,81,0.676594,1256
541712,615360,81,0.660026,1256
538480,615360,81,0.678768,1256
536896,615360,81,0.687345,1256
537968,615360,81,0.681509,1256
534984,615360,82,0.696596,1256
531224,615360,82,0.713892,1256
534304,615360,82,0.699837,1256
532568,615360,83,0.707803,1256
534352,615360,83,0.699383,1256
537952,615360,83,0.681084,1256
539880,615360,83,0.670210,1256
536664,615360,84,0.687549,1256
539848,615360,83,0.670210,1288
537744,615360,83,0.682060,1280
540640,615360,83,0.665687,1280
536544,615360,83,0.688283,1280
536608,615360,82,0.687957,1280
533720,615360,83,0.702008,1280
534344,615360,83,0.698853,1280
530328,615360,83,0.717178,1232
528032,615360,84,0.726471,1232
531912,615360,84,0.710178,1232
528616,615360,84,0.724166,1232
532560,615360,84,0.707302,1232
534288,615360,83,0.699308,1240
531760,615360,84,0.710810,1240
533280,615360,84,0.703782,1240
531096,615360,84,0.713686,1240
527432,615360,85,0.728615,1232
528672,615360,84,0.723623,1264
530904,615360,83,0.714234,1304
529568,615360,83,0.720028,1304
529120,615360,83,0.722048,1304
532392,615360,83,0.707946,1304
531616,615360,83,0.711613,1296
528056,615360,83,0.726503,1296
527736,615360,84,0.727811,1280
527488,615360,84,0.728954,1280
528520,615360,83,0.724801,1312
531640,615360,83,0.711648,1312
533288,615360,83,0.704075,1312
536152,615360,82,0.690223,1336
536912,615360,82,0.686112,1336
535264,615360,81,0.694852,1336
532560,615360,81,0.707696,1336
531016,615360,81,0.714644,1336
530120,615360,81,0.718676,1320
530072,615360,81,0.719073,1320
526128,615360,81,0.734644,1320
527624,615360,81,0.728831,1320
529552,615360,81,0.721009,1320
526808,615360,81,0.731934,1320
523680,615360,82,0.743201,1320
521568,615360,82,0.750444,1320
525472,615360,82,0.736865,1320
527984,615360,81,0.727376,1336
531128,615360,81,0.714371,1336
530096,615360,82,0.718842,1304
533064,615360,81,0.705969,1312
536120,615360,81,0.691224,1312
532464,615360,82,0.708445,1312
531672,615360,82,0.712134,1312
529880,615360,83,0.719798,1288
531920,615360,83,0.710950,1288
533240,615360,82,0.704916,1320
531032,615360,82,0.714848,1320
534496,615360,82,0.699080,1320
533840,615360,82,0.702565,1280
534952,615360,82,0.697096,1280
534400,615360,83,0.699837,1256
531712,615360,84,0.711995,1256
530968,615360,85,0.715188,1256
529336,615360,84,0.722338,1256
525480,615360,85,0.737068,1256
528088,615360,84,0.727190,1280
531608,615360,84,0.712550,1280
534000,615360,84,0.701599,1280
536064,615360,84,0.691423,1280
535648,615360,85,0.693482,1280
537928,615360,85,0.681594,1280
541976,615360,85,0.658275,1280
542568,615360,85,0.654319,1280
538888,615360,85,0.676156,1280
537888,615360,85,0.681806,1280
538872,615360,85,0.676243,1280
534880,615360,86,0.696981,1232
538752,615360,86,0.676900,1232
539480,615360,85,0.672785,1248
543440,615360,85,0.648676,1248
540808,615360,86,0.664890,1248
539784,615360,87,0.670801,1248
535736,615360,87,0.692496,1248
533056,615360,87,0.705425,1248
536656,615360,87,0.687876,1248
535336,615360,88,0.694618,1216
537600,615360,88,0.682904,1216
537776,615360,87,0.681976,1216
540952,615360,87,0.663947,1216
537432,615360,87,0.683786,1216
539992,615360,87,0.669526,1216
539712,615360,88,0.671118,1216
539880,615360,87,0.669936,1256
543800,615360,87,0.645654,1256
542824,615360,87,0.652256,1256
544936,615360,87,0.638030,1256
544248,615360,88,0.643007,1208
543464,615360,89,0.648159,1208
542256,615360,88,0.656407,1208
540728,615360,88,0.665874,1208
542416,615360,88,0.655416,1208
545848,615360,88,0.632348,1208
546528,615360,88,0.627127,1208
548160,615360,87,0.614740,1224
549656,615360,87,0.602364,1224
550840,615360,86,0.592112,1248
549256,615360,87,0.605450,1248
552776,615360,87,0.574077,1248
549576,615360,88,0.602430,1248
553400,615360,88,0.655204,1248
550176,615360,88,0.678969,1248
546616,615360,87,0.701925,1248
546456,615360,88,0.702901,1240
543688,615360,88,0.718362,1240
544832,615360,88,0.712018,1240
546680,615360,88,0.701317,1240
544008,615360,89,0.716180,1240
541744,615360,89,0.727896,1240
541400,615360,89,0.729979,1200
538920,615360,90,0.741344,1200
538376,615360,91,0.743779,1184
539024,615360,91,0.740746,1184
540928,615360,91,0.731841,1184
542808,615360,91,0.722425,1184
543040,615360,90,0.721247,1184
546544,615360,89,0.701878,1232
546896,615360,88,0.699811,1232
549488,615360,88,0.683344,1232
547560,615360,88,0.695833,1232
543968,615360,89,0.716433,1184
545056,615360,89,0.710310,1184
549016,615360,89,0.686420,1184
545896,615360,89,0.705610,1184
542400,615360,90,0.724233,1184
543968,615360,89,0.716095,1200
546320,615360,89,0.702808,1200
545640,615360,90,0.706697,1200
545736,615360,89,0.706155,1200
542776,615360,90,0.722020,1200
540880,615360,90,0.731539,1200
538784,615360,89,0.741520,1200
541368,615360,89,0.729442,1200
539960,615360,89,0.736259,1200
542840,615360,89,0.722182,1200
539952,615360,90,0.736076,1200
540816,615360,89,0.731917,1232
544568,615360,89,0.712713,1232
547648,615360,89,0.694712,1232
546984,615360,90,0.698719,1232
547744,615360,90,0.693828,1232
543992,615360,90,0.715544,1232
542488,615360,89,0.723793,1232
541192,615360,89,0.730361,1232
541256,615360,88,0.730017,1240
541592,615360,87,0.728284,1264
542144,615360,86,0.725544,1272
539512,615360,86,0.738180,1272
539592,615360,85,0.737820,1272
535648,615360,85,0.754668,1272
536248,615360,85,0.752082,1272
535568,615360,85,0.754984,1272
535928,615360,84,0.753558,1272
535464,615360,83,0.755769,1272
537552,615360,83,0.747113,1272
535624,615360,83,0.755141,1272
538264,615360,83,0.744089,1272
538088,615360,84,0.744843,1272
537912,615360,85,0.745593,1272
540592,615360,85,0.733455,1272
543384,615360,85,0.719523,1272
541808,615360,86,0.727429,1272
544504,615360,86,0.713361,1272
541544,615360,86,0.728710,1272
539120,615360,86,0.740322,1232
541344,615360,86,0.729864,1232
540424,615360,86,0.734606,1192
542808,615360,86,0.722869,1192
542824,615360,85,0.722788,1192
540312,615360,86,0.735049,1160
541304,615360,86,0.730170,1160
539672,615360,85,0.738180,1160
541688,615360,85,0.728555,1160
539680,615360,86,0.737928,1160
540832,615360,86,0.732406,1160
538272,615360,86,0.744124,1160
539880,615360,86,0.736806,1160
537056,615360,85,0.749441,1160
539256,615360,85,0.739825,1160
535464,615360,84,0.756082,1144
532184,615360,84,0.768417,1144
536184,615360,84,0.753238,1144
539896,615360,84,0.737241,1144
537688,615360,85,0.747079,1096
540544,615360,85,0.734273,1096
538696,615360,86,0.742568,1096
538728,615360,85,0.742428,1096
535152,615360,85,0.757294,1096
534112,615360,85,0.761428,1096
534048,615360,85,0.761845,1096
530544,615360,86,0.774369,1048
528768,615360,87,0.780150,1048
528088,615360,87,0.782534,1016
531952,615360,87,0.769677,1016
534384,615360,87,0.760708,1016
530584,615360,88,0.774236,1000
530232,615360,88,0.775618,984
528144,615360,88,0.782460,984
524544,615360,88,0.793227,984
526992,615360,88,0.785979,984
523328,615360,87,0.796713,984
519960,615360,87,0.805573,984
521640,615360,87,0.801190,984
519376,615360,88,0.806893,984
521600,615360,87,0.801210,1016
517584,615360,87,0.811218,1016
521208,615360,87,0.802222,1016
517768,615360,87,0.810787,1016
521832,615360,86,0.800628,1056
522824,615360,86,0.797878,1056
520712,615360,86,0.803608,1016
520736,615360,85,0.803547,1016
521648,615360,84,0.801148,1040
522816,615360,83,0.798028,1056
524200,615360,83,0.794121,1056
527256,615360,83,0.785110,1056
526632,615360,84,0.786984,1056
529280,615360,84,0.778643,1056
531648,615360,84,0.770592,1056
534064,615360,84,0.761756,1056
531432,615360,83,0.771501,1056
533112,615360,83,0.765423,1056
529648,615360,83,0.777453,1056
532592,615360,83,0.767286,1056
528888,615360,83,0.779896,1056
529120,615360,82,0.779130,1064
529888,615360,81,0.776566,1088
528200,615360,82,0.782086,1048
528352,615360,81,0.781612,1048
525384,615360,82,0.790544,1040
526088,615360,81,0.788498,1040
525736,615360,82,0.789526,1040
528360,615360,82,0.781462,1040
525992,615360,82,0.788779,1040
527576,615360,82,0.783891,1040
525648,615360,82,0.789782,1040
526776,615360,81,0.786411,1056
523912,615360,82,0.794720,1032
526816,615360,82,0.786219,1032
523936,615360,82,0.794653,1032
527168,615360,82,0.785158,1032
524232,615360,83,0.793697,1032
522624,615360,83,0.798221,1032
524000,615360,83,0.794343,1032
523136,615360,84,0.796800,1000
525248,615360,84,0.790774,1000
525184,615360,85,0.790981,992
522592,615360,85,0.798285,992
522848,615360,84,0.797599,992
526936,615360,84,0.785835,992
524712,615360,85,0.792325,992
525608,615360,84,0.789758,992
525688,615360,83,0.789526,992
525464,615360,84,0.790175,992
522560,615360,85,0.798242,992
519968,615360,85,0.805055,992
523896,615360,85,0.794609,992
526336,615360,85,0.787483,992
528360,615360,85,0.781160,992
525176,615360,86,0.790820,960
528448,615360,86,0.780833,960
524528,615360,86,0.792664,960
520816,615360,86,0.802754,960
522288,615360,86,0.798796,960
526000,615360,86,0.788286,960
524112,615360,86,0.793831,960
521744,615360,85,0.800482,960
520912,615360,86,0.802632,960
521904,615360,86,0.799937,960
522688,615360,85,0.797728,1008
519632,615360,85,0.805731,1008
521648,615360,85,0.800482,1008
524272,615360,85,0.793249,1008
523960,615360,85,0.794276,1000
527560,615360,85,0.783621,1000
525520,615360,85,0.789851,1000
528896,615360,85,0.779437,1000
527904,615360,85,0.782708,1000
525344,615360,85,0.790498,1000
528320,615360,85,0.781411,1000
525344,615360,85,0.790498,1000
525776,615360,84,0.789247,1000
526144,615360,83,0.788145,1008
524400,615360,84,0.793227,984
528480,615360,84,0.780959,984
527216,615360,84,0.785013,984
528328,615360,83,0.781587,984
528248,615360,84,0.781837,984
528384,615360,83,0.781386,992
526392,615360,83,0.787602,992
523656,615360,83,0.795535,992
520976,615360,83,0.802754,992
521960,615360,83,0.800084,992
523008,615360,83,0.797168,992
524936,615360,83,0.791689,992
524896,615360,84,0.791803,992
524744,615360,85,0.792235,992
526856,615360,85,0.785931,992
524936,615360,85,0.791689,992
526056,615360,85,0.788310,992
525064,615360,85,0.791324,992
527808,615360,85,0.783030,992
527984,615360,84,0.782485,992
526512,615360,84,0.787103,992
523832,615360,85,0.794786,992
522144,615360,85,0.799474,992
524352,615360,85,0.793339,992
525168,615360,85,0.790889,992
526304,615360,85,0.787436,992
523912,615360,86,0.794299,992
527824,615360,86,0.782683,992
525472,615360,87,0.789735,992
527000,615360,87,0.785061,992
523848,615360,88,0.794210,992
525896,615360,88,0.788216,992
522368,615360,88,0.798349,952
522992,615360,87,0.796670,952
522232,615360,86,0.798966,952
521504,615360,87,0.800878,952
523776,615360,87,0.794653,952
525136,615360,87,0.790682,952
524776,615360,87,0.791849,952
525168,615360,86,0.790728,952
523648,615360,86,0.795139,952
527000,615360,85,0.785400,976
525224,615360,86,0.790636,976
526520,615360,86,0.786698,976
522960,615360,86,0.796952,976
526584,615360,85,0.786602,992
525600,615360,86,0.789503,992
527744,615360,86,0.782931,992
525600,615360,87,0.789363,992
527408,615360,87,0.783818,992
524784,615360,87,0.791712,992
523520,615360,87,0.795381,992
526768,615360,87,0.785907,992
529424,615360,87,0.777453,992
529024,615360,87,0.778900,992
526256,615360,87,0.787578,992
527744,615360,87,0.782931,992
530968,615360,87,0.772320,992
529168,615360,86,0.778591,992
533136,615360,86,0.764873,992
530704,615360,87,0.773376,992
530112,615360,87,0.775513,992
528928,615360,88,0.779437,968
528456,615360,88,0.781085,968
524528,615360,89,0.792777,968
528520,615360,89,0.838858,968
527392,615360,89,0.841611,936
530760,615360,89,0.833571,936
530360,615360,90,0.834554,936
533560,615360,89,0.826303,952
529736,615360,90,0.836027,952
530032,615360,89,0.835313,952
529480,615360,89,0.836773,944
526368,615360,89,0.843959,944
523928,615360,89,0.849187,944
522784,615360,89,0.851569,944
525664,615360,89,0.845577,944
526736,615360,89,0.843155,944
525136,615360,90,0.846592,944
523416,615360,90,0.850219,944
525296,615360,89,0.846356,944
527608,615360,89,0.841216,944
526224,615360,88,0.844479,944
526648,615360,87,0.843558,944
525176,615360,88,0.846710,944
529216,615360,88,0.896892,944
526272,615360,87,0.901244,944
529696,615360,87,0.896242,944
527552,615360,87,0.899457,944
531360,615360,86,0.893711,960
533144,615360,86,0.890719,960
530488,615360,86,0.895078,960
534208,615360,86,0.888903,960
533424,615360,87,0.890328,912
536504,615360,87,0.884770,912
539424,615360,86,0.878982,944
542368,615360,86,0.872490,944
540160,615360,87,0.877345,944
540856,615360,86,0.875821,960
540624,615360,86,0.876425,960
541136,615360,85,0.875281,976
540712,615360,86,0.876201,976
541864,615360,86,0.873560,976
542600,615360,85,0.871884,976
539232,615360,85,0.879310,976
540520,615360,84,0.876579,992
543976,615360,84,0.868588,992
543584,615360,85,0.869533,992
545296,615360,85,0.865180,992
541416,615360,85,0.874524,992
538720,615360,86,0.880221,992
542712,615360,86,0.871476,992
542464,615360,86,0.872160,992
543736,615360,86,0.869053,992
546256,615360,86,0.862554,992
548816,615360,86,0.855259,992
547632,615360,86,0.858799,992
550480,615360,85,0.850211,1032
548816,615360,86,0.855282,1032
551792,615360,86,0.845794,1032
550112,615360,86,0.851363,1032
552296,615360,86,0.844090,1032
550080,615360,86,0.851462,1032
546120,615360,86,0.862936,1032
543560,615360,86,0.869495,1032
545264,615360,86,0.865160,1032
547896,615360,86,0.857942,1032
548688,615360,85,0.855541,1072
547552,615360,85,0.858934,1072
551152,615360,85,0.847930,1072
548880,615360,85,0.855117,1072
545872,615360,86,0.863483,1072
547120,615360,86,0.860000,1072
545488,615360,87,0.864420,1048
542832,615360,88,0.871029,1016
543208,615360,87,0.870143,1016
541136,615360,87,0.874982,1016
545160,615360,87,0.937443,1016
546136,615360,86,0.936256,1024
549672,618944,86,0.936256,1024
548360,618944,85,0.937941,1024
549992,618944,84,0.935949,1048
545912,618944,85,0.926703,1048
544184,618944,84,0.909142,1040
543224,618944,85,0.910658,1024
545136,618944,85,0.907559,1024
545424,618944,84,0.907059,1040
548960,618944,84,0.900730,1040
547248,618944,84,0.903942,1040
546008,618944,84,0.906219,1008
546344,618944,83,0.905595,1040
546688,618944,82,0.904921,1088
543456,618944,83,0.910204,1088
542344,618944,84,0.911888,1088
542368,618944,83,0.911852,1088
542216,618944,84,0.912078,1088
540512,618944,84,0.914596,1088
542080,618944,84,0.912278,1088
542360,618944,83,0.911793,1136
538312,618944,82,0.917561,1136
535568,618944,82,0.921040,1136
537624,618944,82,0.918446,1136
539240,618944,82,0.916271,1136
536136,618944,82,0.920298,1136
540208,618944,82,0.914952,1136
536248,618944,82,0.920161,1136
539752,618944,82,0.915579,1136
540016,618944,82,0.915151,1136
538128,618944,81,0.917800,1136
534256,618944,82,0.922520,1136
535592,618944,81,0.920916,1168
531728,618944,81,0.906014,1168
528184,618944,81,0.910604,1168
525104,618944,81,0.914250,1168
521136,618944,82,0.918469,1168
524768,618944,82,0.914571,1168
524904,618944,81,0.914420,1168
521760,618944,81,0.917833,1168
522456,618944,80,0.917087,1192
524360,618944,80,0.914995,1192
527272,618944,80,0.911613,1192
524704,618944,80,0.914615,1192
524272,618944,81,0.915091,1192
520960,618944,81,0.918622,1192
522792,618944,81,0.916684,1192
523776,618944,81,0.915580,1192
526416,618944,80,0.912562,1240
530288,618944,79,0.907817,1240
529120,618944,79,0.909382,1224
525600,618944,80,0.913574,1224
527104,618944,80,0.911774,1224
529400,618944,80,0.908910,1224
525896,618944,80,0.913181,1224
521824,618944,80,0.917660,1224
522320,618944,79,0.917145,1224
526336,618944,78,0.912720,1232
524960,618944,78,0.914339,1232
528072,618944,77,0.910672,1272
527040,618944,77,0.911963,1272
526808,618944,77,0.912301,1264
527728,618944,76,0.911193,1280
526200,618944,76,0.913043,1280
528608,618944,76,0.910125,1280
530392,618944,76,0.907817,1280
529056,618944,77,0.909551,1248
525056,618944,78,0.914268,1248
521328,618944,79,0.918241,1248
518424,618944,80,0.921091,1248
517632,618944,81,0.921871,1208
518392,618944,80,0.921128,1240
520640,618944,80,0.918895,1240
519008,618944,80,0.920541,1240
522536,618944,80,0.916953,1240
526192,618944,80,0.912878,1240
527600,618944,80,0.911164,1240
531200,618944,80,0.906559,1240
529184,618944,79,0.909282,1240
529248,618944,78,0.909201,1240
525712,618944,78,0.913483,1240
521688,618944,78,0.906394,1240
518216,618944,77,0.910386,1240
515824,618944,77,0.912926,1240
513712,618944,77,0.915058,1240
511192,618944,77,0.917459,1240
513056,618944,77,0.915684,1240
516768,618944,77,0.911961,1240
520536,618944,77,0.907830,1240
517480,618944,78,0.911168,1240
518760,618944,78,0.909748,1240
518064,618944,78,0.910566,1224
516152,618944,78,0.912610,1224
512280,618944,77,0.916474,1224
512664,618944,76,0.916077,1264
512704,618944,75,0.916039,1264
516200,618944,74,0.912593,1288
512824,618944,75,0.915904,1288
513160,618944,74,0.915578,1296
517120,618944,74,0.911587,1296
515216,618944,74,0.913577,1296
513568,618944,75,0.915188,1296
509968,618944,76,0.918508,1296
508240,618944,77,0.920031,1272
508896,618944,76,0.919460,1280
506016,618944,77,0.921878,1280
507704,618944,76,0.920452,1312
506808,618944,77,0.921201,1312
506936,618944,76,0.921095,1312
509744,618944,76,0.918649,1312
511464,618944,75,0.917072,1344
512920,618944,75,0.915669,1344
515856,618944,74,0.912764,1368
516352,618944,73,0.912258,1368
513104,618944,74,0.915471,1368
513792,618944,73,0.914810,1368
513448,618944,74,0.915188,1320
513184,618944,74,0.915487,1320
510040,618944,74,0.918422,1320
514048,618944,74,0.914655,1320
511256,618944,74,0.917328,1320
511672,618944,73,0.916933,1336
514040,618944,72,0.914663,1368
513704,618944,73,0.915011,1344
516352,618944,72,0.912356,1368
514520,618944,73,0.914194,1368
516712,618944,72,0.911969,1384
520032,618944,72,0.908344,1384
518104,618944,72,0.910506,1384
516600,618944,73,0.912085,1384
516424,618944,73,0.912315,1384
512888,618944,74,0.915798,1384
516792,618944,74,0.911886,1384
512920,618944,75,0.915722,1384
511848,618944,75,0.916770,1384
512392,618944,75,0.916220,1384
509168,618944,76,0.919134,1384
510472,618944,76,0.917937,1384
512624,618944,76,0.915911,1384
513744,618944,76,0.914795,1384
511520,618944,77,0.916925,1352
510456,618944,78,0.917893,1352
507248,618944,78,0.920721,1352
505760,618944,78,0.921988,1352
501856,618944,78,0.925070,1352
498232,618944,78,0.892317,1352
494736,618944,79,0.895852,1328
496464,618944,79,0.894098,1328
498864,618944,79,0.891581,1328
496320,618944,80,0.894234,1288
497672,618944,80,0.892813,1288
495968,618944,80,0.894586,1288
496952,618944,80,0.893549,1288
498856,618944,80,0.891531,1288
502552,618944,80,0.887438,1288
503912,618944,80,0.885817,1288
501984,618944,80,0.888078,1288
502880,618944,79,0.887064,1288
503544,618944,79,0.886245,1288
504992,618944,79,0.884485,1288
503312,618944,79,0.886513,1288
502800,618944,80,0.887119,1272
500592,618944,81,0.889583,1272
503928,618944,81,0.885761,1272
507920,618944,81,0.880837,1272
509320,618944,81,0.878967,1272
511256,618944,81,0.876307,1272
514928,618944,81,0.870992,1272
512736,618944,82,0.874200,1256
509928,618944,82,0.878121,1256
508312,618944,83,0.880233,1256
509160,618944,83,0.879071,1256
508112,618944,83,0.880490,1256
509312,618944,82,0.878883,1296
505384,618944,82,0.883889,1296
504680,618944,83,0.884733,1296
508648,618944,83,0.879748,1296
512280,618944,82,0.874809,1328
515000,618944,82,0.870801,1328
517200,618944,81,0.867414,1336
516464,618944,82,0.868562,1336
516784,618944,81,0.868053,1344
514976,618944,81,0.870884,1344
516048,618944,81,0.869190,1344
512024,618944,82,0.875078,1344
515064,618944,81,0.870657,1360
512432,618944,81,0.874551,1360
514648,618944,81,0.871277,1360
511808,618944,82,0.875357,1360
509608,618944,83,0.878355,1352
506272,618944,84,0.882620,1352
509536,618944,83,0.878397,1392
512744,618944,82,0.873984,1400
513088,618944,81,0.873482,1408
509096,618944,82,0.878956,1408
506688,618944,82,0.882095,1408
507152,618944,81,0.881504,1416
510080,618944,81,0.877640,1416
508584,618944,81,0.879676,1416
505608,618944,81,0.883472,1416
506024,618944,80,0.882964,1416
504144,618944,81,0.885226,1416
502792,618944,81,0.886854,1416
504096,618944,81,0.885282,1416
503960,618944,81,0.885508,1408
505800,618944,80,0.883258,1448
504904,618944,80,0.884399,1448
501792,618944,81,0.888051,1408
503408,618944,81,0.886152,1408
502944,618944,82,0.886707,1392
505360,618944,82,0.883802,1392
506392,618944,81,0.882501,1424
509888,618944,80,0.877961,1464
507864,618944,80,0.880663,1464
510832,618944,80,0.876689,1464
513088,618944,80,0.873470,1464
510680,618944,81,0.876842,1456
508896,618944,82,0.879218,1456
506864,618944,83,0.881815,1456
503640,618944,83,0.885770,1456
500040,618944,82,0.889931,1456
502984,618944,82,0.886587,1456
502952,618944,83,0.886624,1456
503696,618944,83,0.885705,1456
507400,618944,83,0.881141,1456
507904,618944,82,0.880469,1480
511208,618944,81,0.876043,1512
508264,618944,81,0.880028,1512
511416,618944,80,0.875823,1512
511992,618944,79,0.875000,1528
510944,618944,79,0.876515,1528
511712,618944,79,0.875391,1528
509064,618944,79,0.879061,1504
511464,618944,79,0.875768,1504
509352,618944,80,0.878619,1504
513128,618944,80,0.873356,1504
513032,618944,80,0.873562,1504
513328,618944,79,0.873137,1504
512728,618944,80,0.873996,1504
513600,618944,80,0.872674,1504
512200,618944,81,0.874675,1504
508496,618944,81,0.879738,1504
509648,618944,81,0.878164,1504
508560,618944,82,0.879593,1504
509624,618944,81,0.878164,1528
509560,618944,81,0.878312,1528
509944,618944,80,0.877801,1528
506640,618944,81,0.882105,1496
509920,618944,81,0.877812,1496
508632,618944,82,0.879531,1480
509128,618944,81,0.878883,1480
512696,618944,81,0.873939,1480
510248,618944,81,0.877393,1480
510960,618944,80,0.876395,1504
509600,618944,80,0.878291,1504
507816,618944,81,0.880612,1504
508544,618944,81,0.879614,1504
506336,618944,82,0.882412,1504
508968,618944,82,0.878998,1504
511616,618944,82,0.875357,1504
511552,618944,83,0.875446,1504
514608,618944,83,0.870980,1504
513024,618944,83,0.873367,1504
516120,618944,83,0.868686,1504
513144,618944,83,0.873195,1504
516800,618944,83,0.867628,1504
516560,618944,82,0.868153,1504
515360,618944,83,0.870055,1464
518792,618944,83,0.864571,1464
522440,618944,83,0.858217,1464
519704,618944,84,0.862976,1464
521128,618944,83,0.860526,1472
520480,618944,82,0.861810,1472
518848,618944,83,0.864584,1448
519096,618944,82,0.864176,1448
516944,618944,83,0.867640,1448
518824,618944,83,0.864545,1448
520696,618944,83,0.861315,1448
520360,618944,84,0.861933,1424
523088,618944,83,0.857099,1432
520832,618944,84,0.861108,1432
522344,618944,84,0.858360,1432
521040,618944,84,0.860748,1432
522184,618944,84,0.858647,1432
521264,618944,84,0.860386,1416
523864,618944,83,0.855696,1416
520704,618944,84,0.861357,1416
520680,618944,85,0.861398,1416
524648,618944,85,0.854127,1416
527536,618944,85,0.848310,1416
527240,618944,85,0.849016,1416
527576,618944,84,0.848310,1424
524664,618944,85,0.854082,1424
525008,618944,84,0.853392,1440
524296,618944,84,0.854886,1416
524328,618944,83,0.854825,1416
523344,618944,83,0.856747,1416
519688,618944,83,0.863245,1416
522656,618944,83,0.858000,1416
526728,618944,83,0.850150,1416
522736,618944,83,0.857856,1416
519064,618944,83,0.864282,1416
516552,618944,84,0.868327,1400
520480,618944,84,0.861851,1400
524504,618944,84,0.854523,1400
525288,618944,84,0.852929,1400
521968,618944,84,0.859175,1400
517960,618944,85,0.865950,1400
518472,618944,84,0.865043,1448
519728,618944,83,0.862882,1496
518472,618944,84,0.865043,1448
521624,618944,84,0.859614,1448
519376,618944,85,0.863472,1448
521576,618944,84,0.859684,1456
520584,618944,84,0.861494,1456
524232,618944,83,0.854931,1456
524192,618944,84,0.855006,1456
523040,618944,85,0.857143,1456
519384,618944,85,0.863605,1456
517504,618944,85,0.866743,1456
516808,618944,85,0.867953,1432
518816,618944,84,0.864702,1456
517672,618944,84,0.866628,1456
521680,618944,83,0.859924,1456
525272,618944,83,0.853223,1456
528648,618944,83,0.846306,1456
532336,618944,83,0.837976,1456
529544,618944,84,0.844283,1456
527432,618944,85,0.848738,1456
529400,618944,85,0.844491,1456
526232,618944,85,0.851157,1456
527984,618944,84,0.847532,1488
527608,618944,85,0.848310,1488
528960,618944,84,0.845370,1536
530032,618944,84,0.842934,1536
532072,618944,84,0.838182,1536
528984,618944,84,0.845319,1488
528848,618944,85,0.845609,1488
525640,618944,86,0.852181,1480
526728,618944,86,0.849925,1480
529776,618944,86,0.843410,1480
532944,618944,86,0.836016,1480
532624,618944,87,0.836801,1472
530408,618944,87,0.842028,1472
529912,618944,88,0.843128,1472
533688,618944,88,0.834224,1472
529976,618944,88,0.842987,1472
530344,618944,87,0.842153,1480
527496,618944,88,0.848343,1440
524152,618944,88,0.855021,1440
521512,618944,89,0.859825,1440
524416,618944,88,0.854508,1448
523440,618944,89,0.856334,1448
525120,618944,89,0.853068,1448
523672,618944,90,0.855815,1448
526104,618944,90,0.851046,1448
523736,618944,90,0.855755,1416
519808,618944,90,0.862801,1416
519824,618944,89,0.862774,1416
521448,618944,88,0.859910,1456
522880,618944,87,0.857318,1472
525632,618944,86,0.852040,1512
527512,618944,86,0.848162,1512
529464,618944,86,0.843918,1512
526712,618944,87,0.849779,1472
530448,618944,86,0.841723,1520
528272,618944,86,0.846560,1520
529656,618944,86,0.843480,1520
529080,618944,87,0.844768,1504
531560,618944,87,0.839115,1504
527496,618944,88,0.848096,1464
523496,618944,89,0.855934,1464
522736,618944,89,0.857478,1432
525352,618944,89,0.852462,1432
527720,618944,89,0.847598,1432
529880,618944,89,0.842864,1432
525912,618944,90,0.851173,1432
524472,618944,90,0.854066,1432
526560,618944,90,0.849876,1432
527976,618944,90,0.846863,1432
525760,618944,90,0.851474,1432
522864,618944,91,0.856982,1432
522928,618944,90,0.856865,1432
525896,618944,90,0.851109,1432
525168,618944,91,0.852572,1416
528176,618944,91,0.846374,1416
526880,618944,92,0.849065,1416
527216,618944,91,0.848327,1440
524272,618944,91,0.854249,1440
526720,618944,91,0.849342,1440
523712,618944,91,0.855307,1440
527040,618944,91,0.848688,1440
524416,618944,91,0.853975,1440
524000,618944,92,0.854795,1424
522384,618944,92,0.857870,1424
520888,618944,93,0.860526,1424
518440,618944,93,0.864742,1424
518944,618944,93,0.863831,1424
522144,618944,93,0.858217,1424
526032,618944,93,0.850759,1424
523992,618944,92,0.854901,1424
523656,618944,93,0.855576,1400
527552,618944,93,0.847814,1400
528912,618944,93,0.844837,1400
530704,618944,93,0.840767,1400
532024,618944,93,0.837599,1400
531048,618944,94,0.839927,1376
528440,618944,95,0.845746,1352
532304,618944,95,0.836935,1352
531536,618944,94,0.839022,1328
534408,618944,93,0.832030,1344
533592,618944,92,0.834303,1344
535208,618944,92,0.830108,1344
534120,618944,92,0.832994,1344
534896,618944,92,0.830911,1344
537160,618944,92,0.824777,1344
535000,618944,92,0.830644,1344
533312,618944,93,0.834949,1312
534688,618944,93,0.831401,1312
535568,618944,93,0.829005,1312
534800,618944,93,0.831115,1312
536784,618944,93,0.825761,1312
533856,618944,94,0.833373,1312
537704,618944,94,0.823090,1312
535824,618944,94,0.828333,1312
536104,618944,93,0.827590,1312
536080,618944,92,0.827909,1312
536720,618944,92,0.826065,1312
534016,618944,92,0.833214,1312
536512,618944,92,0.826627,1312
533312,618944,92,0.834949,1312
533920,618944,91,0.833413,1328
533640,618944,92,0.834224,1280
534784,618944,92,0.831238,1280
531072,618944,92,0.840311,1280
533032,618944,92,0.835591,1280
532184,618944,92,0.837731,1280
533888,618944,92,0.833492,1280
530720,618944,93,0.841002,1280
528240,618944,93,0.846526,1280
531608,618944,93,0.838966,1280
527616,618944,93,0.847831,1280
529488,618944,93,0.843743,1280
527224,618944,94,0.848541,1280
528472,618944,93,0.845831,1328
528672,618944,92,0.845404,1328
527544,618944,93,0.847814,1312
524152,618944,93,0.854629,1312
521784,618944,93,0.859061,1312
521256,618944,94,0.859994,1312
517776,618944,95,0.865847,1312
521224,618944,94,0.859994,1344
520128,618944,94,0.862001,1328
523488,618944,94,0.855934,1328
521808,618944,93,0.859161,1328
525048,618944,93,0.853068,1328
522768,618944,93,0.857435,1328
525360,618944,93,0.852462,1328
525496,618944,92,0.852197,1328
522112,618944,92,0.858619,1328
522480,618944,91,0.857942,1336
518392,618944,91,0.865043,1336
519792,618944,91,0.862639,1336
521672,618944,91,0.859303,1336
520288,618944,91,0.861796,1336
520320,618944,90,0.861741,1336
519128,618944,90,0.863831,1336
520616,618944,90,0.861233,1336
522320,618944,90,0.858144,1336
523152,618944,90,0.856541,1336
519376,618944,91,0.863177,1336
518304,618944,90,0.865108,1336
516816,618944,90,0.867565,1336
513184,618944,90,0.873102,1336
514720,618944,90,0.870777,1336
518368,618944,89,0.865016,1376
519032,618944,89,0.863845,1376
518248,618944,90,0.865134,1376
515936,618944,90,0.868871,1376
514320,618944,90,0.871384,1376
517048,618944,90,0.867136,1376
520976,618944,90,0.860539,1376
524952,618944,90,0.853161,1376
524936,618944,90,0.853284,1376
524856,618944,91,0.853438,1376
527504,618944,91,0.848063,1376
524224,618944,91,0.854644,1376
525032,618944,91,0.853006,1376
523096,618944,91,0.856747,1376
525416,618944,91,0.852259,1376
527520,618944,90,0.847930,1424
531608,618944,90,0.838855,1424
530832,618944,90,0.840748,1424
530072,618944,89,0.842669,1424
529728,618944,89,0.843568,1408
533624,618944,89,0.834421,1408
536808,618944,89,0.826087,1408
535448,618944,88,0.829943,1408
532720,618944,88,0.836840,1408
536720,618944,88,0.826584,1408
533864,618944,88,0.834066,1408
537856,618944,88,0.823470,1408
541520,618944,88,0.812466,1408
539792,618944,88,0.817897,1408
540392,618944,87,0.816001,1440
536416,618944,87,0.827441,1440
537448,618944,86,0.824623,1448
541504,618944,86,0.812542,1448
540432,618944,85,0.816146,1448
538808,618944,85,0.821186,1408
541624,618944,85,0.812592,1408
545432,618944,85,0.799627,1408
542248,618944,85,0.810609,1408
543392,618944,84,0.806862,1408
541376,618944,85,0.813369,1408
545176,618944,85,0.800543,1408
544144,618944,86,0.804180,1400
548096,618944,86,0.864836,1400
546392,618944,86,0.869159,1400
546504,618944,85,0.868891,1400
543584,618944,85,0.875711,1368
543752,618944,84,0.875348,1368
542784,618944,84,0.877512,1368
542440,618944,85,0.878244,1360
541608,618944,85,0.880037,1360
538976,618944,86,0.885099,1360
541856,618944,86,0.879440,1360
540240,618944,86,0.882723,1360
537272,618944,86,0.888237,1360
539304,618944,86,0.884491,1360
540096,618944,86,0.882906,1360
543104,618944,86,0.876754,1360
544016,618944,86,0.874685,1360
544400,618944,86,0.873732,1360
542000,618944,87,0.878853,1360
542888,618944,87,0.876906,1360
539880,618944,87,0.883044,1360
543760,618944,87,0.938773,1360
539760,618944,88,0.934811,1360
540440,618944,88,0.934028,1360
538256,618944,88,0.936371,1360
537840,618944,88,0.936837,1360
538048,618944,87,0.936629,1360
541584,618944,87,0.941010,1360
538152,618944,87,0.942364,1360
540344,618944,87,0.940240,1360
536776,618944,87,0.938005,1360
539744,618944,87,0.934958,1360
538176,618944,86,0.936691,1344
538792,618944,86,0.936017,1344
536016,618944,86,0.938788,1344
539432,618944,86,0.935354,1344
538368,618944,87,0.936474,1320
539008,618944,87,0.935770,1320
538672,618944,88,0.936148,1288
541872,618944,87,0.932704,1288
541584,618944,87,0.933101,1272
543032,618944,86,0.931437,1272
542528,618944,86,0.932081,1272
539640,618944,86,0.935312,1272
535944,618944,86,0.939012,1272
535200,618944,86,0.939742,1272
532480,618944,86,0.942158,1272
532272,618944,86,0.942372,1272
531544,618944,86,0.943011,1272
532504,618944,86,0.942178,1272
535984,618944,86,0.939065,1272
538952,618944,86,0.936124,1272
538336,618944,86,0.936795,1272
538400,618944,85,0.936731,1272
541232,618944,84,0.933705,1320
544784,618944,84,0.929490,1320
542992,618944,84,0.931709,1320
539720,618944,84,0.935379,1320
540320,618944,83,0.934720,1344
537384,618944,83,0.932668,1320
540456,618944,83,0.929227,1320
541128,618944,83,0.928382,1320
542632,618944,83,0.926491,1320
544544,618944,82,0.924008,1328
543184,618944,83,0.925783,1328
542152,618944,84,0.927116,1296
539592,618944,84,0.930187,1296
539224,618944,84,0.930663,1288
541392,618944,84,0.928105,1288
544416,618944,83,0.924242,1328
543776,618944,83,0.925146,1328
541872,618944,84,0.927536,1328
544952,618944,84,0.923524,1328
545448,618944,83,0.922824,1344
543416,618944,83,0.925589,1344
544216,618944,83,0.924486,1344
545920,618944,83,0.922100,1344
544568,618944,82,0.924147,1296
545040,618944,82,0.923448,1296
547488,618944,82,0.919905,1296
545440,618944,82,0.910194,1296
546904,618944,81,0.907758,1312
546408,618944,82,0.908615,1296
548376,618944,81,0.905185,1320
544856,618944,81,0.911158,1320
548192,618944,80,0.905598,1320
544760,618944,80,0.911383,1320
547600,618944,80,0.906635,1320
546584,618944,80,0.908443,1320
549144,618944,80,0.903881,1320
548672,618944,80,0.904827,1320
552584,618944,80,0.897121,1320
549904,618944,79,0.902647,1320
550360,618944,79,0.901688,1320
548872,618944,79,0.904552,1320
550656,618944,79,0.901116,1320
548272,618944,80,0.905541,1320
545872,618944,80,0.909691,1320
543552,618944,80,0.913373,1320
542912,618944,80,0.914387,1320
541480,618944,80,0.916512,1304
541672,618944,79,0.916234,1312
538600,618944,79,0.920370,1312
539264,618944,78,0.919473,1352
538192,618944,78,0.903283,1352
539552,618944,77,0.901170,1352
536736,618944,77,0.905517,1352
534752,618944,78,0.908310,1352
537152,618944,77,0.904862,1384
537456,618944,76,0.904377,1408
538904,618944,76,0.902101,1408
535848,618944,77,0.906641,1408
537760,618944,76,0.903827,1424
538480,618944,76,0.902658,1424
542456,618944,76,0.896039,1424
539184,618944,77,0.901486,1424
540712,618944,77,0.898935,1424
536696,618944,78,0.905202,1416
536664,618944,79,0.905249,1416
540656,618944,78,0.898989,1448
538592,618944,79,0.902300,1448
534688,618944,80,0.908003,1448
534520,618944,81,0.908289,1408
531552,618944,81,0.912235,1408
533712,618944,81,0.909380,1408
536528,618944,81,0.905389,1408
538688,618944,81,0.902063,1408
538624,618944,82,0.902163,1408
539200,618944,81,0.901246,1416
542344,618944,80,0.895955,1440
542400,618944,79,0.895856,1440
541152,618944,80,0.898011,1440
537240,618944,81,0.904222,1440
533432,618944,82,0.909604,1424
535960,618944,82,0.906048,1424
536632,618944,82,0.905003,1424
539888,618944,81,0.899948,1440
543288,618944,81,0.894004,1440
541840,618944,81,0.896668,1440
543176,618944,80,0.894281,1448
540776,618944,81,0.898522,1416
536888,618944,81,0.889839,1416
539536,618944,81,0.885038,1416
535888,618944,82,0.891440,1416
533392,618944,82,0.895498,1416
534240,618944,82,0.894104,1416
532184,618944,82,0.897320,1416
531224,618944,82,0.898793,1416
531672,618944,81,0.898144,1416
535464,618944,80,0.892242,1448
531672,618944,80,0.876289,1448
534352,618944,80,0.871260,1448
537832,618944,80,0.864117,1448
539832,618944,79,0.859667,1464
538680,618944,79,0.862350,1464
540472,618944,79,0.858193,1464
538720,618944,80,0.862227,1432
535360,618944,81,0.869234,1432
536168,618944,81,0.867517,1432
533288,618944,82,0.873120,1432
536784,618944,82,0.866154,1432
538128,618944,82,0.863205,1432
535936,618944,81,0.867987,1432
539720,618944,81,0.859777,1432
535728,618944,82,0.868373,1400
533960,618944,82,0.871917,1400
537912,618944,82,0.863843,1400
537000,618944,82,0.865922,1376
537768,618944,82,0.864202,1376
540712,618944,82,0.857501,1376
537840,618944,82,0.864083,1360
538624,618944,82,0.862280,1360
535528,618944,83,0.868757,1360
533568,618944,82,0.872732,1360
535416,618944,81,0.869170,1360
538208,618944,81,0.863291,1360
537440,618944,81,0.865034,1360
540304,618944,81,0.858602,1360
538960,618944,81,0.861751,1360
541472,618944,81,0.855846,1360
539992,618944,82,0.859430,1312
538616,618944,82,0.862613,1312
535752,618944,82,0.868693,1312
539800,618944,82,0.859977,1312
542904,618944,82,0.852439,1312
546944,618944,82,0.841363,1312
545032,618944,83,0.846765,1304
547456,618944,82,0.839858,1312
544728,618944,83,0.847587,1304
547768,618944,83,0.838806,1304
546736,618944,83,0.841990,1304
549720,618944,83,0.832714,1304
548152,618944,82,0.837935,1304
545952,618944,82,0.844515,1296
548624,618944,82,0.836512,1296
551576,618944,82,0.826673,1296
550456,618944,82,0.830641,1296
550928,618944,81,0.829006,1312
550056,618944,81,0.832063,1312
551496,618944,81,0.827062,1312
549992,618944,81,0.832272,1312
547624,618944,81,0.839786,1312
549144,618944,80,0.835115,1320
553176,618944,80,0.821192,1320
550072,618944,81,0.831985,1320
548952,618944,82,0.835566,1320
551080,618944,82,0.828463,1320
547200,618944,83,0.840731,1320
550064,618944,83,0.831697,1320
551736,618944,83,0.825863,1320
549952,618944,83,0.832063,1320
550888,618944,83,0.828789,1320
549360,618944,83,0.833974,1320
552272,618944,83,0.823961,1320
552144,618944,84,0.824419,1320
553992,618944,83,0.817475,1344
552544,618944,83,0.823067,1344
553968,618944,83,0.817568,1344
551320,618944,83,0.827393,1344
554400,618944,83,0.815888,1344
551360,618944,84,0.827145,1328
549480,618944,85,0.833410,1328
552368,618944,85,0.823414,1328
555400,618944,85,0.811551,1328
554416,618944,86,0.815511,1328
554696,618944,85,0.814369,1336
552848,618944,86,0.821458,1336
554160,618944,86,0.816295,1336
553792,618944,86,0.817937,1328
555472,618944,86,0.811057,1328
551464,618944,87,0.826283,1328
552496,618944,87,0.822427,1328
550984,618944,88,0.827779,1328
553736,618944,87,0.817660,1360
551288,618944,87,0.826784,1360
553200,618944,87,0.819699,1360
549224,618944,87,0.833667,1360
549256,618944,86,0.833564,1360
546424,618944,86,0.842451,1312
547152,618944,86,0.840189,1312
543248,618944,85,0.851199,1312
543888,618944,85,0.849414,1312
540848,618944,85,0.857105,1312
544208,618944,85,0.848570,1312
540744,618944,86,0.857237,1312
543184,618944,86,0.851117,1312
540064,618944,86,0.807059,1312
536984,618944,86,0.816441,1312
540232,618944,86,0.806528,1312
541064,618944,86,0.803697,1312
537024,618944,86,0.816189,1312
538264,618944,85,0.812571,1312
538208,618944,86,0.812738,1312
538904,618944,86,0.810502,1312
536368,618944,86,0.818047,1312
532776,618944,87,0.827590,1312
531632,618944,86,0.830656,1312
533848,618944,86,0.824973,1312
537576,618944,86,0.814596,1312
533920,618944,87,0.824661,1312
533504,618944,87,0.825861,1312
533736,618944,87,0.825139,1312
531088,618944,87,0.831852,1312
533880,618944,87,0.824766,1312
534672,618944,87,0.822553,1312
535688,618944,87,0.819670,1312
535304,618944,87,0.820852,1312
536144,618944,87,0.818406,1312
534296,618944,88,0.823487,1288
537464,618944,88,0.814573,1288
533656,618944,89,0.825036,1288
534752,618944,89,0.822019,1288
534080,618944,90,0.823803,1288
537184,618944,89,0.815153,1320
535872,618944,89,0.819007,1320
536728,618944,89,0.816464,1320
532736,618944,89,0.827308,1320
532864,618944,88,0.826984,1320
530736,618944,88,0.832330,1320
531864,618944,88,0.829482,1320
529864,618944,89,0.834306,1304
533880,618944,89,0.824286,1304
532040,618944,90,0.829068,1264
533512,618944,90,0.825222,1264
530088,618944,91,0.833653,1264
530672,618944,90,0.832273,1264
527072,618944,90,0.840536,1264
528856,618944,90,0.836491,1264
528160,618944,90,0.838158,1264
528384,618944,89,0.837659,1264
525280,618944,90,0.844369,1232
528608,618944,90,0.837122,1232
528544,618944,90,0.837373,1232
532536,618944,89,0.827892,1240
530336,618944,90,0.833239,1240
529872,618944,90,0.834455,1232
532240,618944,89,0.828770,1232
532704,618944,88,0.827610,1232
529920,618944,89,0.834343,1232
530968,618944,89,0.831757,1232
529264,618944,89,0.835854,1232
530632,618944,89,0.832558,1232
529752,618944,90,0.834622,1232
526808,618944,91,0.841171,1232
527848,618944,91,0.838812,1232
530080,618944,91,0.833634,1232
527480,618944,92,0.839513,1232
530600,618944,91,0.832368,1248
528072,618944,90,0.838388,1248
530528,618944,90,0.832653,1248
526528,618944,91,0.841631,1248
524848,618944,91,0.845218,1248
527752,618944,90,0.839005,1288
528928,618944,90,0.836273,1288
525672,618944,91,0.843379,1272
522216,618944,91,0.850335,1272
518424,618944,92,0.857253,1240
519776,618944,92,0.854796,1240
519104,618944,92,0.856070,1240
520784,618944,92,0.852973,1240
520592,618944,92,0.853426,1232
521000,618944,91,0.852665,1240
518168,618944,92,0.857694,1240
521920,618944,92,0.850864,1240
521584,618944,93,0.851509,1232
520048,618944,93,0.854409,1232
522968,618944,93,0.848879,1232
524264,618944,93,0.846234,1232
527976,618944,93,0.838317,1232
527720,618944,94,0.838882,1232
528904,618944,94,0.836127,1232
531016,618944,94,0.831063,1232
530440,618944,95,0.832463,1224
530792,618944,94,0.831622,1224
529816,618944,94,0.834045,1224
531488,618944,94,0.829934,1224
530128,618944,94,0.833315,1224
530792,618944,93,0.831718,1232
527552,618944,94,0.839146,1232
527168,618944,95,0.840017,1216
528328,618944,95,0.837355,1216
526608,618944,95,0.841290,1184
527152,618944,94,0.840121,1184
528416,618944,94,0.837230,1184
526200,618944,94,0.842156,1184
526184,618944,94,0.842291,1184
527576,618944,94,0.839198,1184
523928,618944,95,0.846888,1144
521016,618944,96,0.852459,1144
521176,618944,95,0.852163,1144
517624,618944,95,0.858539,1144
519552,618944,95,0.855109,1144
520128,618944,94,0.854064,1152
523680,618944,94,0.847268,1152
523648,618944,94,0.847426,1152
524184,618944,93,0.846330,1168
522744,618944,92,0.849342,1168
524864,618944,92,0.845056,1168
523528,618944,93,0.847741,1160
520360,618944,93,0.853803,1160
516672,618944,94,0.860188,1160
519168,618944,94,0.855845,1160
521872,618944,94,0.850834,1160
524784,618944,94,0.845039,1160
523392,618944,94,0.847913,1160
524800,618944,94,0.845007,1160
524552,618944,94,0.845607,1160
524784,618944,93,0.845088,1184
524584,618944,94,0.845494,1184
527632,618944,94,0.838970,1184
524000,618944,95,0.846633,1152
525800,618944,95,0.842862,1152
522080,618944,95,0.850365,1152
523768,618944,95,0.846999,1152
522488,618944,95,0.849587,1152
524712,618944,95,0.845104,1152
523408,618944,94,0.847898,1152
525688,618944,94,0.843196,1152
525008,618944,94,0.844697,1152
525864,618944,93,0.842929,1152
522136,618944,94,0.850350,1152
518120,618944,95,0.857598,1152
516072,618944,95,0.861108,1152
519600,618944,95,0.855010,1152
522120,618944,95,0.850289,1152
519472,618944,94,0.855322,1152
516304,618944,94,0.860807,1152
519024,618944,94,0.856112,1152
520624,618944,94,0.853164,1152
517144,618944,94,0.859335,1152
514504,618944,95,0.863699,1104
516112,618944,95,0.861043,1104
515304,618944,96,0.862352,1104
516448,618944,96,0.860412,1104
516152,618944,96,0.860978,1104
517568,618944,95,0.858553,1144
516272,618944,95,0.860794,1144
519472,618944,95,0.855252,1144
521608,618944,95,0.851270,1144
521712,618944,94,0.851060,1152
519192,618944,94,0.855733,1152
522328,618944,94,0.849893,1152
520832,618944,94,0.852783,1152
524680,618944,93,0.845267,1200
522120,618944,92,0.850471,1200
524352,618944,92,0.846025,1200
521312,618944,92,0.851986,1200
525408,618944,92,0.843876,1200
523248,618944,91,0.848398,1200
524328,618944,91,0.846170,1200
521248,618944,91,0.852193,1200
522816,618944,91,0.849141,1200
521352,618944,91,0.852030,1184
520168,618944,91,0.854280,1184
521008,618944,91,0.852665,1184
518552,618944,91,0.857129,1184
515056,618944,92,0.862991,1144
515568,618944,91,0.862095,1192
517880,618944,91,0.858186,1192
515200,618944,92,0.862608,1192
516656,618944,92,0.860161,1192
520376,618944,91,0.853702,1200
518168,618944,91,0.857680,1200
519960,618944,91,0.854452,1200
519552,618944,91,0.855280,1192
518720,618944,90,0.856907,1192
521944,618944,90,0.850999,1192
519336,618944,90,0.855831,1192
523000,618944,90,0.848987,1192
524128,618944,90,0.846681,1192
523632,618944,90,0.847757,1192
526024,618944,90,0.842812,1192
524848,618944,91,0.845234,1192
524720,618944,91,0.845591,1192
523320,618944,92,0.848367,1192
524016,618944,91,0.846983,1200
519944,618944,91,0.854739,1200
522448,618944,91,0.850030,1200
523736,618944,91,0.847442,1200
524712,618944,91,0.845396,1200
520672,618944,91,0.853251,1200
517008,618944,91,0.859722,1200
513080,618944,92,0.865977,1200
512536,618944,92,0.866871,1200
516112,618944,92,0.861200,1200
514952,618944,93,0.863067,1200
512520,618944,94,0.866823,1200
509024,618944,95,0.871875,1200
512400,618944,95,0.866931,1200
510608,618944,95,0.869634,1200
513512,618944,94,0.865255,1240
514744,618944,94,0.863257,1240
513472,618944,95,0.865242,1240
514944,618944,95,0.862864,1240
512664,618944,95,0.866474,1240
511592,618944,96,0.868073,1240
513656,618944,96,0.864885,1240
514456,618944,95,0.863624,1248
516704,618944,95,0.859909,1248
514832,618944,96,0.862953,1248
516688,618944,95,0.859909,1264
517888,618944,95,0.857803,1264
514768,618944,95,0.863054,1248
518864,618944,94,0.856182,1272
519256,618944,93,0.855492,1272
515920,618944,94,0.861161,1272
513168,618944,95,0.865562,1240
513272,618944,94,0.865390,1248
514888,618944,94,0.862787,1248
515648,618944,93,0.861512,1280
514496,618944,92,0.863510,1280
518456,618944,91,0.856894,1320
517032,618944,91,0.859415,1312
519512,618944,91,0.855053,1312
516736,618944,92,0.859829,1312
519616,618944,92,0.854782,1312
517608,618944,92,0.858404,1288
519872,618944,92,0.854366,1288
516120,618944,91,0.860965,1288
519592,618944,91,0.854953,1288
515696,618944,90,0.861733,1288
515184,618944,90,0.862710,1240
519192,618944,89,0.855986,1248
516608,618944,90,0.860386,1248
518528,618944,90,0.857060,1248
518248,618944,91,0.857556,1240
519104,618944,91,0.855986,1240
521856,618944,90,0.850939,1264
520840,618944,90,0.852915,1264
523016,618944,90,0.848724,1264
521608,618944,90,0.851494,1264
519192,618944,90,0.855958,1264
519912,618944,90,0.854596,1264
519400,618944,90,0.855676,1216
516256,618944,90,0.861135,1192
513416,618944,90,0.865696,1192
517080,618944,90,0.859776,1192
518592,618944,90,0.857129,1192
519008,618944,89,0.856406,1192
522488,618944,89,0.849970,1192
521032,618944,89,0.852783,1192
518128,618944,89,0.858022,1184
519096,618944,89,0.856266,1184
516128,618944,89,0.861356,1184
514160,618944,89,0.864600,1160
511568,618944,90,0.868508,1160
507704,618944,90,0.873997,1160
507728,618944,89,0.873965,1160
504896,618944,90,0.877663,1160
502480,618944,90,0.880708,1160
503832,618944,90,0.878997,1160
501336,618944,90,0.882071,1160
504568,618944,89,0.878107,1184
505184,618944,88,0.877327,1184
501784,618944,88,0.881569,1184
501248,618944,89,0.882222,1168
504608,618944,89,0.878077,1168
503528,618944,89,0.879481,1168
501744,618944,90,0.881636,1168
497784,618944,91,0.886199,1128
494304,618944,92,0.889892,1128
496664,618944,92,0.887363,1128
497120,618944,91,0.886845,1152
497432,618944,90,0.886496,1160
499040,618944,90,0.884660,1160
498424,618944,91,0.885350,1160
494456,618944,91,0.889653,1160
497568,618944,91,0.886295,1160
494416,618944,91,0.889694,1160
491664,618944,92,0.892483,1136
487632,618944,92,0.896334,1136
489360,618944,92,0.894692,1136
486712,618944,93,0.897121,1136
482760,618944,93,0.900586,1136
485992,618944,93,0.897763,1136
486936,618944,93,0.896877,1136
489408,618944,93,0.894556,1136
492168,618944,92,0.891876,1152
494648,618944,92,0.889314,1152
494064,618944,93,0.889916,1152
493400,618944,92,0.890691,1152
489864,618944,92,0.894201,1152
491888,618944,91,0.892239,1160
492904,618944,91,0.891183,1160
489680,618944,92,0.894322,1160
490920,618944,92,0.893090,1160
492944,618944,92,0.891046,1160
489776,618944,92,0.894186,1160
486176,618944,93,0.897493,1160
484688,618944,93,0.898842,1160
487328,618944,93,0.896457,1160
489368,618944,93,0.894526,1160
489808,618944,92,0.894110,1160
491624,618944,92,0.892310,1160
492840,618944,92,0.891054,1160
489312,618944,92,0.894534,1160
488456,618944,92,0.895379,1160
487656,618944,93,0.896122,1152
485152,618944,93,0.898403,1152
481144,618944,93,0.901836,1144
483592,618944,93,0.899756,1144
485280,618944,93,0.898256,1144
484552,618944,92,0.898973,1144
481504,618944,92,0.901580,1144
479896,618944,91,0.902959,1144
476760,618944,92,0.905397,1144
479456,618944,92,0.903270,1144
483024,618944,91,0.900338,1168
484976,618944,91,0.898626,1168
483560,618944,92,0.899878,1128
482880,618944,93,0.900452,1128
486816,618944,92,0.897006,1160
489552,618944,92,0.894443,1160
489488,618944,92,0.894549,1160
486584,618944,92,0.897293,1120
489664,618944,92,0.894421,1120
488976,618944,93,0.895066,1120
492032,618944,93,0.892089,1120
491640,618944,94,0.892475,1120
494000,618944,94,0.890064,1120
496728,618944,94,0.887147,1120
493680,618944,94,0.890391,1120
490600,618944,94,0.865267,1120
494080,618944,94,0.860838,1120
496336,618944,94,0.857785,1120
495616,618944,94,0.858817,1120
499048,618944,94,0.854015,1120
496928,618944,94,0.857044,1120
498488,618944,93,0.854821,1160
497344,618944,92,0.856550,1160
501216,618944,92,0.850938,1160
500992,618944,92,0.851342,1160
502064,618944,92,0.849666,1160
498912,618944,91,0.854425,1160
502504,618944,91,0.849070,1160
498656,618944,91,0.854855,1112
500544,618944,90,0.852095,1144
501400,618944,89,0.850795,1168
502400,618944,88,0.849290,1168
504664,618944,88,0.845690,1168
502024,618944,88,0.849859,1168
505864,618944,88,0.843753,1168
504064,618944,88,0.846716,1168
505192,618944,88,0.844843,1168
503264,618944,89,0.847890,1168
499784,618944,89,0.853166,1168
501656,618944,89,0.850341,1168
502784,618944,89,0.848556,1168
502952,618944,88,0.848285,1176
500728,618944,89,0.851637,1176
501080,618944,88,0.851116,1176
499264,618944,88,0.853832,1176
497392,618944,88,0.856528,1176
500936,618944,88,0.851401,1176
503568,618944,88,0.847330,1176
502320,618944,88,0.849399,1128
504208,618944,87,0.846464,1136
502976,618944,86,0.848532,1136
502400,618944,87,0.849423,1128
504024,618944,87,0.846842,1128
506712,618944,87,0.842421,1128
506824,618944,86,0.842234,1128
507064,618944,85,0.841833,1128
503216,618944,86,0.848026,1128
505312,618944,86,0.844637,1128
506016,618944,85,0.843438,1160
505472,618944,86,0.844326,1160
508464,618944,85,0.839260,1192
505744,618944,86,0.843831,1192
506800,618944,86,0.842007,1192
504896,618944,87,0.845127,1192
501128,618944,87,0.851021,1192
497408,618944,86,0.856495,1184
494176,618944,86,0.860879,1184
495240,618944,86,0.859423,1184
497896,618944,86,0.855752,1184
498752,618944,86,0.854482,1184
501472,618944,86,0.850449,1184
497480,618944,87,0.856208,1176
495376,618944,88,0.859126,1128
497312,618944,88,0.856440,1128
493784,618944,89,0.861148,1128
495400,618944,89,0.858967,1128
499320,618944,89,0.853477,1128
496624,618944,89,0.857318,1128
500416,618944,88,0.851908,1160
497448,618944,89,0.856141,1160
500320,618944,89,0.851978,1160
497288,618944,89,0.856363,1160
500920,618944,89,0.851093,1160
498744,618944,89,0.854323,1160
500992,618944,88,0.851045,1168
499752,618944,88,0.852934,1168
499368,618944,88,0.853557,1168
500152,618944,87,0.852388,1192
497840,618944,87,0.855752,1192
501864,618944,87,0.849847,1192
504112,618944,86,0.846337,1216
503976,618944,86,0.846628,1216
500040,618944,87,0.852632,1184
498768,618944,88,0.854493,1160
498104,618944,89,0.855439,1152
497648,618944,89,0.856174,1128
501256,618944,89,0.850926,1128
501824,618944,88,0.850052,1144
503968,618944,88,0.846678,1144
507216,618944,88,0.841309,1144
509520,618944,88,0.837242,1144
506144,618944,88,0.843096,1144
505304,618944,89,0.844469,1144
504104,618944,88,0.846540,1144
502976,618944,88,0.848372,1144
499408,618944,89,0.853706,1120
498464,618944,89,0.855114,1120
494752,618944,89,0.860213,1120
497336,618944,89,0.856682,1120
494416,618944,89,0.860651,1120
493432,618944,90,0.861918,1120
493688,618944,89,0.861591,1120
492848,618944,90,0.862660,1120
491936,618944,90,0.863862,1120
492920,618944,89,0.862630,1120
491704,618944,90,0.864149,1120
493728,618944,90,0.861540,1120
491288,618944,91,0.864602,1120
493952,618944,91,0.861190,1120
495072,618944,90,0.859666,1168
497296,618944,90,0.856605,1168
499296,618944,90,0.853729,1168
496568,618944,91,0.857535,1168
495144,618944,92,0.859444,1168
497736,618944,92,0.855864,1168
498256,618944,91,0.855092,1200
499272,618944,90,0.853626,1216
501488,618944,90,0.850305,1216
501048,618944,91,0.850962,1216
498984,618944,91,0.854038,1216
500232,618944,90,0.852236,1216
503784,618944,90,0.846779,1216
502224,618944,91,0.849253,1176
502984,618944,90,0.848088,1176
501072,618944,90,0.851081,1160
501488,618944,89,0.850425,1184
500336,618944,90,0.852131,1184
498336,618944,90,0.855069,1184
502128,618944,90,0.849460,1184
505816,618944,90,0.843569,1184
509568,618944,90,0.837086,1184
505544,618944,90,0.844014,1184
502344,618944,90,0.849131,1184
502008,618944,89,0.849799,1176
503072,618944,89,0.848100,1176
502616,618944,89,0.848875,1176
502096,618944,90,0.849714,1144
501240,618944,89,0.851140,1144
503968,618944,89,0.846904,1144
505360,618944,88,0.844637,1176
502696,618944,88,0.848899,1176
504400,618944,88,0.846173,1176
505144,618944,88,0.844908,1176
501672,618944,89,0.850305,1176
504184,618944,89,0.846363,1176
506320,618944,89,0.842832,1176
508280,618944,89,0.839439,1176
511864,618944,88,0.832946,1208
509840,618944,89,0.836644,1208
509048,618944,89,0.838131,1208
508192,618944,89,0.839701,1208
509368,618944,89,0.837567,1208
512128,618944,89,0.832451,1208
516200,618944,89,0.824332,1208
519040,618944,89,0.818155,1208
515120,618944,90,0.826439,1208
515880,618944,89,0.824794,1256
513120,618944,90,0.830319,1240
516320,618944,90,0.823818,1240
516216,618944,91,0.824051,1232
515424,618944,91,0.825775,1232
517672,618944,91,0.820980,1232
519624,618944,91,0.816583,1232
517736,618944,92,0.820757,1224
513680,618944,92,0.829170,1224
517168,618944,92,0.821970,1224
518512,618944,91,0.819072,1224
515928,618944,91,0.824662,1224
519592,618944,91,0.816673,1224
516344,618944,91,0.823801,1224
513264,618944,92,0.829979,1224
515104,618944,92,0.826245,1224
518592,618944,91,0.818808,1264
517936,618944,92,0.820256,1256
515488,618944,93,0.825400,1256
515512,618944,92,0.825351,1256
513592,618944,92,0.829279,1256
514680,618944,92,0.827034,1256
512992,618944,92,0.830442,1256
511056,618944,91,0.834265,1256
513992,618944,91,0.828590,1256
510656,618944,91,0.834998,1256
512560,618944,90,0.831407,1280
513080,618944,89,0.830350,1312
513712,618944,88,0.829123,1312
510136,618944,89,0.835839,1312
506264,618944,89,0.842620,1312
509032,618944,89,0.837807,1312
508616,618944,90,0.838579,1288
511936,618944,90,0.832481,1288
515000,618944,90,0.826422,1288
512832,618944,91,0.830688,1288
514368,618944,91,0.827593,1288
511712,618944,91,0.832811,1288
512408,618944,91,0.831407,1288
511280,618944,92,0.833527,1288
514184,618944,92,0.827863,1288
513560,618944,92,0.829186,1288
511136,618944,93,0.833808,1280
507584,618944,92,0.840291,1280
505216,618944,92,0.844313,1280
505488,618944,91,0.843870,1280
505136,618944,91,0.844520,1280
504720,618944,91,0.845268,1280
502584,618944,91,0.848691,1280
501600,618944,91,0.850257,1280
505040,618944,90,0.844869,1304
503672,618944,91,0.847042,1304
501424,618944,91,0.850568,1296
504336,618944,91,0.846008,1296
507280,618944,91,0.841106,1296
509136,618944,91,0.837821,1296
509744,618944,90,0.836744,1296
511784,618944,90,0.832931,1296
509272,618944,89,0.837666,1296
512760,618944,89,0.831178,1296
514848,618944,89,0.827001,1296
514288,618944,90,0.828164,1272
514696,618944,89,0.827353,1272
515832,618944,89,0.824958,1272
518008,618944,89,0.820273,1272
514112,618944,88,0.828511,1272
511320,618944,87,0.834015,1272
507712,618944,87,0.840496,1272
509936,618944,87,0.836529,1272
513664,618944,87,0.829482,1272
515648,618944,87,0.825432,1272
514296,618944,86,0.828338,1272
512976,618944,86,0.830995,1272
511016,618944,85,0.834837,1272
511216,618944,84,0.834471,1272
512464,618944,84,0.832059,1272
514040,618944,83,0.828982,1296
513064,618944,83,0.830980,1288
513112,618944,82,0.830888,1288
511144,618944,82,0.834662,1288
513584,618944,82,0.829979,1288
512520,618944,81,0.832195,1288
511584,618944,81,0.834030,1288
511656,618944,80,0.833897,1288
510120,618944,81,0.836686,1288
508392,618944,82,0.839715,1288
509048,618944,81,0.838579,1288
504952,618944,82,0.845460,1264
506752,618944,82,0.842447,1264
508016,618944,82,0.840236,1264
509800,618944,81,0.837114,1272
507504,618944,81,0.841174,1272
510480,618944,81,0.835897,1272
507808,618944,81,0.840659,1272
510776,618944,81,0.835362,1272
507232,618944,81,0.841632,1272
511056,618944,81,0.834852,1272
507568,618944,82,0.841052,1232
507888,618944,81,0.840509,1232
504984,618944,82,0.845306,1232
507344,618944,82,0.841349,1232
505392,618944,82,0.844650,1232
508176,618944,82,0.839935,1232
505440,618944,82,0.844572,1232
504320,618944,83,0.846439,1184
500368,618944,84,0.852434,1184
501704,618944,84,0.850389,1184
502760,618944,83,0.848765,1200
506840,618944,83,0.842168,1200
503392,618944,84,0.847766,1168
507128,618944,84,0.841659,1168
503640,618944,84,0.847380,1168
507488,618944,84,0.841052,1168
505232,618944,85,0.844779,1168
507488,618944,84,0.841052,1168
504504,618944,84,0.846021,1168
507224,618944,84,0.841498,1168
507024,618944,85,0.841833,1168
509248,618944,85,0.837934,1168
509016,618944,86,0.838383,1144
505768,618944,86,0.843949,1144
504312,618944,86,0.846363,1144
501592,618944,86,0.850616,1144
503528,618944,86,0.847592,1144
500552,618944,86,0.852154,1144
497224,618944,87,0.856869,1144
497504,618944,86,0.856484,1144
495480,618944,86,0.859285,1144
494464,618944,87,0.860620,1144
496728,618944,87,0.857546,1144
498888,618944,87,0.854482,1144
499096,618944,86,0.854175,1152
499520,618944,85,0.853534,1176
499352,618944,85,0.853855,1168
498408,618944,86,0.855193,1168
501520,618944,86,0.850616,1168
499952,618944,86,0.852992,1168
498920,618944,87,0.854470,1168
501496,618944,87,0.850652,1168
502752,618944,87,0.848679,1168
505040,618944,87,0.845011,1168
508720,618944,87,0.838774,1168
511488,618944,87,0.833719,1168
510352,618944,86,0.835969,1168
510544,618944,85,0.835622,1168
508744,618944,85,0.838899,1168
512112,618944,85,0.832736,1168
511144,618944,85,0.834618,1168
513648,618944,85,0.829809,1168
509856,618944,86,0.836858,1168
509552,618944,86,0.837525,1144
512656,618944,86,0.831756,1144
508920,618944,86,0.801918,1096
509368,618944,85,0.800955,1096
505880,618944,86,0.808213,1096
507784,618944,86,0.804218,1096
511120,618944,86,0.796882,1096
509856,618944,86,0.799790,1096
511312,618944,86,0.796449,1096
510552,618944,87,0.798258,1048
511064,618944,86,0.797116,1048
510792,618944,87,0.797724,1048
509616,618944,88,0.800314,1048
513640,618944,88,0.791052,1048
511024,618944,89,0.797098,1048
508768,618944,90,0.802037,1048
507720,618944,91,0.804251,1048
509864,618944,91,0.799563,1048
511552,618944,90,0.795706,1088
513640,618944,90,0.790727,1088
509616,618944,90,0.800017,1088
510624,618944,89,0.797778,1096
511072,618944,88,0.796738,1112
509168,618944,88,0.801093,1088
506920,618944,88,0.805925,1088
506160,618944,89,0.807537,1056
506184,618944,88,0.807457,1072
504512,618944,88,0.810871,1072
507032,618944,88,0.805727,1072
508888,618944,87,0.801832,1072
504976,618944,87,0.809962,1072
504480,618944,86,0.811120,1072
505232,618944,85,0.809567,1112
507672,618944,85,0.804518,1112
510520,618944,85,0.798293,1112
506672,618944,85,0.806580,1112
506752,618944,84,0.806400,1120
505696,618944,85,0.808534,1120
506168,618944,84,0.807570,1128
504032,618944,85,0.811787,1128
503584,618944,86,0.812648,1128
506880,618944,86,0.806023,1128
503680,618944,87,0.812372,1128
499944,618944,87,0.819363,1128
502016,618944,87,0.815512,1128
498784,618944,88,0.821362,1104
500080,618944,87,0.819007,1144
498752,618944,88,0.821348,1144
495960,618944,88,0.826156,1144
491888,618944,89,0.832616,1144
488064,618944,88,0.838396,1144
490600,618944,88,0.834631,1144
488816,618944,89,0.837260,1136
489520,618944,88,0.836238,1136
486584,618944,88,0.840487,1136
488720,618944,88,0.837399,1136
486200,618944,88,0.841018,1136
483248,618944,87,0.845109,1136
482464,618944,87,0.846190,1136
485680,618944,86,0.841873,1176
488224,618944,86,0.838259,1176
487208,618944,87,0.839718,1160
484848,618944,87,0.843020,1160
482088,618944,87,0.846704,1160
483016,618944,86,0.845485,1176
485264,618944,86,0.842438,1176
481680,618944,87,0.847184,1144
485712,618944,86,0.841818,1184
486696,618944,85,0.840398,1232
482896,618944,85,0.845568,1232
483792,618944,85,0.844331,1232
484872,618944,85,0.842827,1232
487728,618944,85,0.838816,1232
491664,618944,84,0.833018,1248
490416,618944,84,0.834965,1248
488128,618944,85,0.838293,1248
488872,618944,85,0.837156,1248
487272,618944,85,0.839504,1248
489184,618944,85,0.836704,1248
490640,618944,84,0.834560,1248
493728,618944,84,0.829745,1248
495224,618944,84,0.827269,1248
498440,618944,84,0.821792,1248
495080,618944,84,0.827503,1248
497856,618944,84,0.822798,1248
494680,618944,84,0.828150,1248
491616,618944,84,0.833018,1248
489440,618944,84,0.836331,1248
490984,618944,84,0.833973,1248
487544,618944,85,0.839020,1224
489376,618944,84,0.836343,1256
486000,618944,84,0.841194,1256
485432,618944,85,0.841993,1240
482704,618944,86,0.845620,1240
484776,618944,86,0.842816,1240
485824,618944,85,0.841381,1248
486272,618944,85,0.840698,1248
487576,618944,84,0.838839,1272
484280,618944,83,0.843503,1272
486216,618944,83,0.840808,1272
485288,618944,83,0.842167,1256
487568,618944,83,0.838941,1256
487728,618944,82,0.838714,1256
485656,618944,82,0.841666,1256
481976,618944,83,0.846540,1256
482104,618944,82,0.846375,1256
478784,618944,82,0.850590,1256
480872,618944,82,0.847944,1256
479016,618944,83,0.850268,1240
478664,618944,83,0.850755,1240
478888,618944,82,0.850453,1264
481920,618944,82,0.846602,1264
483544,618944,82,0.844426,1264
481184,618944,81,0.847601,1264
484512,618944,81,0.843203,1264
483424,618944,82,0.844648,1264
483144,618944,83,0.845015,1264
486504,618944,83,0.840420,1264
490168,618944,82,0.835143,1280
488872,618944,83,0.837099,1240
486368,618944,84,0.840642,1240
486872,618944,84,0.839874,1240
488136,618944,84,0.838019,1240
486272,618944,85,0.840642,1240
486672,618944,84,0.840064,1256
482648,618944,84,0.845548,1256
481024,618944,84,0.847692,1256
485008,618944,84,0.842416,1256
487232,618944,84,0.839279,1256
485560,618944,84,0.841666,1256
489144,618944,83,0.836565,1288
487632,618944,83,0.838805,1288
484664,618944,83,0.842967,1288
485216,618944,83,0.842156,1288
488104,618944,83,0.838065,1288
486016,618944,83,0.841062,1288
483112,618944,83,0.845089,1240
485232,618944,82,0.842210,1280
488240,618944,82,0.837951,1280
487920,618944,83,0.838407,1280
487136,618944,84,0.839549,1256
490864,618944,84,0.834069,1256
493720,618944,84,0.829593,1256
491632,618944,84,0.832908,1256
495264,618944,84,0.827113,1256
493792,618944,84,0.829555,1256
496256,618944,83,0.825495,1296
495280,618944,83,0.827178,1296
496720,618944,83,0.824721,1296
495976,618944,83,0.826037,1296
497616,618944,83,0.823207,1296
495352,618944,83,0.827061,1296
498800,618944,83,0.821167,1296
496888,618944,84,0.824439,1296
498896,618944,84,0.820915,1296
497280,618944,85,0.823697,1296
499784,618944,85,0.819264,1296
497064,618944,86,0.823981,1296
493696,618944,86,0.829567,1296
490904,618944,86,0.833949,1296
492056,618944,86,0.832125,1296
495208,618944,86,0.827061,1296
493088,618944,87,0.830512,1256
494368,618944,87,0.828407,1256
492144,618944,88,0.831904,1256
495336,618944,88,0.826760,1256
492120,618944,89,0.831928,1216
495032,618944,89,0.827243,1216
493248,618944,90,0.830098,1216
490376,618944,90,0.834572,1216
490960,618944,89,0.833696,1216
488176,618944,89,0.837859,1216
489096,618944,89,0.836460,1216
491872,618944,89,0.832236,1216
493016,618944,89,0.830387,1216
489080,618944,90,0.836366,1200
492208,618944,90,0.831595,1200
489152,618944,90,0.836261,1200
489792,618944,89,0.835320,1200
489184,618944,90,0.836214,1200
487496,618944,91,0.838703,1160
489248,618944,90,0.836132,1192
490568,618944,90,0.834105,1192
487752,618944,90,0.838293,1192
491504,618944,90,0.832689,1192
490064,618944,90,0.834929,1192
486400,618944,90,0.840265,1192
484360,618944,90,0.843117,1192
480672,618944,91,0.847914,1192
480952,618944,90,0.847560,1192
477400,618944,90,0.851988,1192
473736,618944,91,0.856238,1192
475208,618944,91,0.854505,1192
472904,618944,91,0.857170,1192
471832,618944,91,0.858404,1192
473056,618944,91,0.857000,1192
473248,618944,90,0.856786,1192
473880,618944,89,0.856076,1192
473280,618944,89,0.856840,1160
476624,618944,89,0.852947,1160
473768,618944,90,0.856238,1160
474904,618944,90,0.854892,1160
472464,618944,90,0.857693,1160
470320,618944,90,0.860072,1160
469040,618944,90,0.861475,1160
472232,618944,89,0.858019,1192
474128,618944,88,0.855886,1208
476288,618944,87,0.853398,1208
474192,618944,88,0.855813,1208
473984,618944,89,0.856058,1200
473880,618944,90,0.856184,1192
475912,618944,90,0.853800,1192
472072,618944,90,0.858194,1192
475040,618944,89,0.854827,1224
474384,618944,90,0.855577,1224
470592,618944,90,0.859850,1192
472880,618944,90,0.857303,1192
471176,618944,89,0.859273,1192
470864,618944,90,0.859618,1184
473880,618944,89,0.856292,1192
474704,618944,89,0.855304,1192
472456,618944,89,0.857878,1192
468728,618944,89,0.861917,1192
465952,618944,89,0.864792,1192
465352,618944,90,0.865411,1168
462496,618944,91,0.868173,1168
464312,618944,91,0.866383,1168
466720,618944,90,0.863981,1184
467512,618944,89,0.863178,1184
466248,618944,90,0.864456,1184
466960,618944,90,0.863690,1184
468400,618944,90,0.862166,1184
470128,618944,90,0.860302,1184
473176,618944,90,0.856929,1184
474480,618944,90,0.855404,1184
472392,618944,90,0.857798,1184
473192,618944,90,0.856857,1184
476512,618944,90,0.852994,1184
473880,618944,90,0.856085,1184
474912,618944,89,0.854901,1192
475904,618944,89,0.853697,1192
477040,618944,89,0.852303,1192
481040,618944,89,0.847327,1192
480280,618944,89,0.848347,1192
478056,618944,90,0.851085,1192
475032,618944,90,0.854754,1152
473952,618944,90,0.856040,1152
476608,618944,90,0.852919,1152
478760,618944,90,0.850278,1152
479384,618944,89,0.849511,1152
481408,618944,89,0.846909,1152
480896,618944,90,0.847560,1152
482136,618944,89,0.845942,1176
481336,618944,90,0.846970,1176
483736,618944,90,0.843780,1176
479776,618944,91,0.848876,1176
482360,618944,91,0.845527,1176
478712,618944,92,0.850131,1176
482632,618944,91,0.845120,1216
479528,618944,92,0.849075,1216
479808,618944,91,0.848727,1216
479144,618944,92,0.849551,1216
476984,618944,92,0.852227,1216
478072,618944,92,0.850862,1216
477792,618944,93,0.851201,1216
478384,618944,92,0.850463,1232
478408,618944,91,0.850434,1232
477160,618944,90,0.852055,1232
480864,618944,90,0.847438,1232
480840,618944,91,0.847469,1232
482056,618944,91,0.845849,1232
480768,618944,91,0.847560,1232
478616,618944,91,0.850297,1232
480704,618944,91,0.847641,1232
479088,618944,91,0.849718,1232
482400,618944,91,0.845464,1232
484336,618944,91,0.842838,1232
481824,618944,91,0.846211,1232
481664,618944,91,0.846478,1232
482184,618944,90,0.845745,1280
479936,618944,90,0.848697,1256
480896,618944,90,0.847428,1256
480736,618944,91,0.847631,1256
478504,618944,92,0.850453,1216
475144,618944,93,0.854440,1216
473288,618944,93,0.856607,1216
472160,618944,93,0.857913,1216
472080,618944,94,0.858010,1208
469488,618944,94,0.860853,1208
469592,618944,93,0.860743,1208
467368,618944,94,0.863055,1208
465576,618944,93,0.864959,1208
463936,618944,94,0.866570,1208
467344,618944,94,0.863129,1208
468640,618944,94,0.861743,1208
469408,618944,93,0.860929,1216
472824,618944,93,0.857178,1216
472192,618944,93,0.857931,1216
473176,618944,93,0.856786,1216
474408,618944,93,0.855340,1216
473944,618944,94,0.855868,1216
472424,618944,94,0.857631,1208
473704,618944,94,0.856148,1208
469784,618944,95,0.860481,1168
470400,618944,94,0.859798,1192
470528,618944,93,0.859661,1192
470024,618944,93,0.860277,1168
470368,618944,92,0.859910,1168
466776,618944,92,0.863699,1168
466392,618944,92,0.860680,1128
465688,618944,93,0.861402,1128
465808,618944,92,0.861272,1136
464456,618944,92,0.862689,1136
461920,618944,93,0.865184,1136
462176,618944,92,0.864913,1160
463112,618944,92,0.863952,1160
463080,618944,93,0.863983,1160
463296,618944,92,0.863771,1160
466544,618944,92,0.860440,1160
464592,618944,93,0.862432,1160
465400,618944,92,0.861582,1192
466344,618944,92,0.860564,1192
463576,618944,91,0.863462,1192
460800,618944,91,0.866204,1192
464656,618944,91,0.862384,1192
462192,618944,92,0.864859,1152
459248,618944,91,0.867746,1152
458696,618944,90,0.868346,1152
460824,618944,90,0.866310,1152
464792,618944,90,0.862384,1152
467064,618944,89,0.860058,1152
466240,618944,89,0.860960,1152
468656,618944,89,0.858382,1152
471144,618944,89,0.855626,1152
474192,618944,89,0.852113,1152
474320,618944,88,0.851964,1152
475320,618944,88,0.850733,1152
475208,618944,88,0.850922,1152
478208,618944,88,0.847233,1152
477512,618944,88,0.848160,1144
479256,618944,88,0.845932,1144
476352,618944,88,0.849616,1104
475648,618944,88,0.850553,1072
478640,618944,88,0.846855,1072
475792,618944,89,0.850325,1072
478424,618944,89,0.847064,1072
479072,618944,88,0.846244,1080
481584,618944,88,0.842959,1080
479696,618944,88,0.845497,1048
480840,618944,88,0.843970,1048
484432,618944,88,0.839113,1048
482216,618944,88,0.842169,1048
484952,618944,88,0.838395,1048
482408,618944,87,0.841978,1048
481464,618944,87,0.843284,1048
481592,618944,86,0.843116,1048
484248,618944,86,0.839498,1048
480472,618944,86,0.844568,1048
482616,618944,86,0.841701,1048
479880,618944,86,0.845324,1048
479936,618944,85,0.845253,1048
477448,618944,86,0.848356,1048
476296,618944,86,0.849808,1048
477888,618944,86,0.847816,1048
478192,618944,85,0.847431,1056
477912,618944,86,0.847777,1056
477440,618944,87,0.848366,1048
480568,618944,87,0.844383,1048
476584,618944,88,0.849347,1048
475488,618944,88,0.850714,1048
476728,618944,88,0.849173,1048
479728,618944,88,0.845395,1048
477024,618944,89,0.848756,1048
477984,618944,89,0.847520,1048
481720,618944,89,0.842697,1048
478808,618944,89,0.846495,1048
478784,618944,90,0.846545,1032
475208,618944,90,0.822243,1032
476496,618944,90,0.820342,1032
477880,618944,89,0.818270,1072
480264,618944,89,0.814619,1072
477048,618944,89,0.819486,1072
478048,618944,89,0.817952,1072
477008,618944,90,0.819475,1072
475136,618944,90,0.822221,1072
475760,618944,89,0.821281,1112
479304,618944,89,0.816017,1112
477400,618944,89,0.818915,1112
476592,618944,90,0.820135,1080
478120,618944,90,0.817833,1080
476096,618944,90,0.820847,1080
473816,618944,91,0.824050,1080
477288,618944,91,0.819056,1080
479456,618944,90,0.815812,1096
481632,618944,90,0.812387,1096
478768,618944,90,0.816846,1096
479904,618944,90,0.815059,1096
479880,618944,90,0.815169,1096
481504,618944,90,0.812588,1096
481032,618944,90,0.813423,1080
478000,618944,91,0.818011,1080
474640,618944,91,0.822905,1080
478256,618944,91,0.817632,1080
480400,618944,91,0.814324,1080
478568,618944,91,0.817216,1048
477560,618944,92,0.818716,1040
481224,618944,92,0.813112,1040
479984,618944,92,0.815132,1016
480608,618944,91,0.814115,1056
478192,618944,91,0.817833,1056
481688,618944,91,0.812437,1056
480192,618944,91,0.814827,1056
478512,618944,92,0.817359,1056
481728,618944,92,0.812375,1056
477760,618944,92,0.818470,1056
478568,618944,92,0.817204,1056
477248,618944,92,0.819219,1056
480752,618944,92,0.813893,1056
480768,618944,91,0.813869,1056
483584,618944,91,0.809339,1056
487568,618944,91,0.802576,1056
484368,618944,92,0.808008,1040
484808,618944,91,0.807256,1056
483584,618944,90,0.809417,1056
480592,618944,90,0.814214,1056
481552,618944,90,0.812650,1056
478200,618944,91,0.817786,1032
477312,618944,92,0.819091,1032
475152,618944,92,0.822255,1032
474560,618944,93,0.823107,1016
472312,618944,92,0.826316,1016
470632,618944,92,0.828608,1016
472912,618944,92,0.825505,1016
476728,618944,92,0.820100,1016
474872,618944,92,0.822805,1016
471904,618944,91,0.826991,1016
468400,618944,91,0.831602,1016
467104,618944,91,0.833284,1016
464944,618944,91,0.835975,1016
465416,618944,90,0.835397,1024
462200,618944,91,0.839191,1024
463088,618944,90,0.838161,1024
464544,618944,90,0.836386,1024
466544,618944,90,0.833906,1024
470624,618944,90,0.828671,1024
473208,618944,90,0.825157,1024
476320,618944,89,0.820778,1048
477080,618944,88,0.819637,1080
475472,618944,89,0.821939,1080
476208,618944,89,0.820824,1080
479336,618944,88,0.816186,1112
480656,618944,88,0.814103,1112
481904,618944,88,0.812085,1112
479816,618944,88,0.815388,1112
480320,618944,87,0.814607,1120
478696,618944,88,0.817061,1120
475224,618944,89,0.822097,1120
477936,618944,88,0.818188,1120
474272,618944,88,0.823496,1120
474144,618944,89,0.823674,1120
475984,618944,89,0.821018,1120
475344,618944,90,0.821927,1120
474008,618944,90,0.823862,1120
472872,618944,90,0.825484,1120
470464,618944,90,0.828775,1104
469880,618944,89,0.829659,1104
470968,618944,88,0.828199,1136
472144,618944,87,0.826606,1160
469136,618944,87,0.830606,1160
468368,618944,87,0.831653,1152
469744,618944,86,0.829876,1168
473528,618944,86,0.824786,1168
472632,618944,85,0.826133,1168
474776,618944,85,0.823129,1168
477352,618944,85,0.819393,1168
481224,618944,85,0.813510,1168
477632,618944,85,0.818986,1168
479288,618944,85,0.816463,1168
476848,618944,85,0.820123,1168
473880,618944,85,0.824369,1168
472496,618944,86,0.826305,1128
470808,618944,86,0.828608,1128
469720,618944,87,0.830062,1096
470952,618944,87,0.828398,1096
473504,618944,87,0.824917,1096
475424,618944,87,0.822187,1096
476048,618944,86,0.821258,1128
480120,618944,86,0.815193,1128
483912,618944,86,0.809158,1128
481736,618944,86,0.812700,1128
482680,618944,86,0.811137,1128
482048,618944,86,0.812211,1128
483608,618944,86,0.809650,1128
482368,618944,87,0.811631,1128
480448,618944,87,0.814692,1128
482008,618944,87,0.812199,1128
482208,618944,86,0.811884,1128
484520,618944,86,0.808087,1128
483520,618944,85,0.769674,1128
482896,618944,86,0.770963,1088
480312,618944,87,0.775843,1088
479080,618944,88,0.778097,1088
480208,618944,88,0.775946,1088
477160,618944,88,0.781521,1088
480128,618944,88,0.776094,1088
482288,618944,88,0.771946,1088
486080,618944,88,0.764355,1088
487032,618944,88,0.762295,1088
488936,618944,88,0.758167,1088
486864,618944,89,0.762544,1088
490648,618944,89,0.754320,1088
487808,618944,88,0.760671,1088
484056,618944,88,0.768418,1088
486992,618944,88,0.762378,1088
490744,618944,88,0.754213,1088
486960,618944,87,0.762544,1088
484928,618944,88,0.766685,1088
487856,618944,88,0.760569,1088
485376,618944,89,0.765687,1088
487264,618944,89,0.761711,1088
487192,618944,89,0.761961,1088
485256,618944,90,0.765930,1088
487560,618944,90,0.761091,1088
487192,618944,90,0.761978,1080
483648,618944,90,0.769236,1080
480024,618944,91,0.776153,1064
482808,618944,91,0.770808,1064
486616,618944,91,0.763107,1064
488144,618944,91,0.759808,1064
490256,618944,91,0.755134,1064
490720,618944,90,0.754107,1064
489720,618944,90,0.756416,1064
491080,618944,90,0.753303,1064
487008,618944,91,0.762095,1064
488976,618944,90,0.757908,1072
487352,618944,90,0.761460,1072
491160,618944,90,0.753106,1072
488448,618944,91,0.759041,1072
484864,618944,92,0.766525,1040
488856,618944,92,0.758132,1040
489000,618944,91,0.757822,1040
486840,618944,91,0.762494,1040
486104,618944,91,0.764110,1040
489688,618944,90,0.756468,1072
492832,618944,90,0.749299,1072
489952,618944,91,0.755786,1072
494008,618944,91,0.746437,1072
492168,618944,91,0.750825,1072
490808,618944,90,0.754107,1072
494192,618944,90,0.746229,1072
495840,618944,90,0.742146,1072
493728,618944,91,0.747210,1072
495368,618944,91,0.743179,1072
493328,618944,91,0.748147,1072
490000,618944,91,0.755786,1072
491280,618944,91,0.752837,1072
490424,618944,91,0.754852,1072
489008,618944,90,0.758149,1072
487744,618944,90,0.760940,1072
486288,618944,91,0.763962,1072
488264,618944,91,0.759740,1072
484880,618944,91,0.766813,1072
488232,618944,91,0.759808,1072
489792,618944,91,0.756346,1072
492256,618944,91,0.750734,1072
488472,618944,92,0.759093,1072
490040,618944,92,0.755592,1072
492184,618944,92,0.750679,1072
490608,618944,93,0.754284,1048
494480,618944,93,0.745258,1048
496016,618944,93,0.741420,1048
492824,618944,93,0.749225,1016
494088,618944,93,0.746153,1016
490216,618944,93,0.755117,1016
491968,618944,93,0.751081,1016
490128,618944,92,0.755416,1016
489168,618944,92,0.757615,1016
491944,618944,92,0.751354,1016
493856,618944,92,0.746815,1016
493512,618944,92,0.747736,1016
495944,618944,92,0.741793,1016
492832,618944,93,0.749262,992
491392,618944,92,0.752765,992
492096,618944,91,0.751172,992
494576,618944,91,0.745277,992
493184,618944,92,0.748631,960
491048,618944,92,0.753607,960
491344,618944,91,0.752945,960
492320,618944,90,0.750715,968
488328,618944,91,0.759519,968
488632,618944,90,0.758853,976
486320,618944,90,0.763798,976
487200,618944,89,0.761928,1000
484072,618944,90,0.768276,1000
481928,618944,89,0.772618,1000
481944,618944,88,0.772587,1000
483672,618944,88,0.769158,1000
480360,618944,88,0.775561,1000
484192,618944,88,0.768134,1000
482896,618944,88,0.770762,1000
485104,618944,88,0.766316,1000
484480,618944,89,0.767563,1000
487856,618944,89,0.760552,1000
487384,618944,89,0.761661,992
488632,618944,89,0.758922,992
485240,618944,90,0.765962,992
485480,618944,89,0.765461,1000
483824,618944,89,0.768859,1000
481392,618944,90,0.773542,1000
481672,618944,89,0.772998,1008
482416,618944,88,0.771578,1008
480440,618944,88,0.775398,1008
477296,618944,88,0.781170,1008
480632,618944,87,0.775071,1040
480416,618944,88,0.775472,1040
481648,618944,87,0.773149,1048
479920,618944,87,0.776462,1048
475832,618944,87,0.783815,1048
477384,618944,86,0.781071,1072
478552,618944,86,0.778906,1072
478840,618944,85,0.778329,1104
476840,618944,86,0.781886,1104
479112,618944,86,0.777749,1104
478920,618944,86,0.778184,1104
477168,618944,86,0.781395,1104
478584,618944,86,0.778790,1104
479952,618944,86,0.776212,1104
477264,618944,87,0.781057,1104
473432,618944,87,0.787691,1104
471880,618944,88,0.790273,1080
474992,618944,87,0.785086,1096
478232,618944,87,0.779351,1096
480560,618944,87,0.775012,1096
478416,618944,87,0.779021,1096
474336,618944,87,0.786195,1096
475360,618944,86,0.784405,1128
473272,618944,87,0.787917,1128
477016,618944,87,0.781451,1128
478152,618944,87,0.779351,1128
475600,618944,88,0.783828,1128
478496,618944,88,0.778646,1128
476768,618944,88,0.781802,1128
477768,618944,88,0.779951,1128
476480,618944,88,0.782305,1128
476536,618944,87,0.782207,1128
474256,618944,87,0.786195,1128
474240,618944,88,0.786222,1128
476888,618944,87,0.781606,1168
475360,618944,86,0.784418,1168
471504,618944,86,0.790892,1168
468312,618944,87,0.795904,1168
468392,618944,86,0.795769,1176
472104,618944,86,0.789832,1176
468752,618944,86,0.795215,1176
472096,618944,85,0.789845,1224
475488,618944,85,0.784103,1224
478568,618944,85,0.778603,1224
478424,618944,86,0.778862,1224
474632,618944,87,0.785480,1224
471392,618944,88,0.790828,1224
468376,618944,89,0.795584,1216
470600,618944,89,0.792031,1216
470944,618944,88,0.791419,1256
472384,618944,88,0.789010,1256
473784,618944,87,0.786678,1264
473136,618944,88,0.787771,1256
470136,618944,88,0.792704,1256
473456,618944,88,0.787239,1256
477064,618944,88,0.780972,1256
476936,618944,88,0.781282,1256
479984,618944,88,0.775695,1256
479784,618944,89,0.776064,1256
483464,618944,89,0.768969,1256
479408,618944,89,0.776756,1256
480632,618944,89,0.774399,1256
478504,618944,89,0.778401,1256
481144,618944,89,0.773436,1256
480480,618944,90,0.774758,1216
484400,618944,90,0.767101,1216
480736,618944,91,0.774189,1216
481120,618944,90,0.773452,1224
478848,618944,91,0.777661,1224
479376,618944,90,0.776668,1240
479248,618944,90,0.776990,1240
480616,618944,90,0.774369,1240
479360,618944,91,0.776697,1240
483312,618944,91,0.769111,1240
482688,618944,91,0.770483,1208
481096,618944,91,0.773618,1208
480656,618944,92,0.774474,1192
477248,618944,93,0.780675,1192
480816,618944,93,0.774084,1192
477152,618944,93,0.780873,1176
480664,618944,93,0.774399,1176
482088,618944,93,0.771609,1176
483360,618944,93,0.769048,1176
486360,618944,93,0.762908,1176
483712,618944,94,0.768339,1136
481568,618944,93,0.772679,1136
477816,618944,94,0.779594,1136
478064,618944,94,0.779064,1136
479512,618944,94,0.776344,1136
478624,618944,95,0.777967,1136
477352,618944,95,0.780335,1136
479024,618944,95,0.777239,1136
479056,618944,94,0.777180,1136
476584,618944,94,0.781690,1136
479224,618944,93,0.776873,1184
480384,618944,93,0.774639,1184
478472,618944,93,0.778242,1184
478216,618944,94,0.778747,1160
481480,618944,94,0.772618,1160
483056,618944,94,0.769486,1160
479640,618944,94,0.776064,1160
482680,618944,94,0.770219,1160
481448,618944,95,0.772603,1152
484896,618944,95,0.765752,1152
482240,618944,95,0.771086,1152
482648,618944,94,0.770266,1168
482392,618944,95,0.770762,1168
482312,618944,95,0.771024,1160
478944,618944,95,0.777428,1160
480600,618944,95,0.774279,1160
484472,618944,95,0.766685,1160
487672,618944,95,0.759994,1160
486824,618944,95,0.761878,1160
489728,618944,95,0.755557,1160
487744,618944,95,0.759943,1160
489568,618944,95,0.755908,1160
489160,618944,96,0.756834,1144
490736,618944,96,0.753250,1144
487032,618944,96,0.761376,1144
488192,618944,96,0.758819,1144
487200,618944,97,0.760923,1144
484936,618944,97,0.765687,1144
486288,618944,97,0.762825,1144
489600,618944,97,0.755663,1144
488280,618944,97,0.758630,1144
489040,618944,97,0.756886,1144
488512,618944,98,0.758063,1128
486032,618944,99,0.763288,1128
487656,618944,99,0.759791,1128
488232,618944,98,0.758510,1152
486000,618944,99,0.763206,1152
486968,618944,98,0.761158,1168
482920,618944,98,0.769455,1168
481672,618944,97,0.772053,1168
483640,618944,97,0.768134,1168
486464,618944,97,0.762311,1168
483952,618944,97,0.767515,1168
485224,618944,97,0.764861,1168
483056,618944,98,0.769220,1152
482024,618944,98,0.771332,1144
483672,618944,98,0.768023,1144
484432,618944,98,0.766412,1144
482072,618944,98,0.771148,1144
481968,618944,98,0.771440,1144
480392,618944,99,0.774429,1144
480600,618944,98,0.774039,1144
477632,618944,98,0.779623,1112
480480,618944,98,0.774324,1112
483400,618944,98,0.768623,1112
485264,618944,98,0.764795,1112
482360,618944,98,0.770653,1112
479856,618944,99,0.775398,1112
477648,618944,100,0.779422,1112
480168,618944,99,0.774728,1160
484192,618944,99,0.766861,1160
484832,618944,98,0.765574,1160
483264,618944,97,0.768891,1160
479240,618944,97,0.776624,1160
482024,618944,97,0.771302,1160
481264,618944,98,0.772815,1128
478608,618944,98,0.777836,1128
480264,618944,98,0.774698,1128
482064,618944,98,0.771194,1128
482272,618944,97,0.770777,1136
480648,618944,97,0.773964,1136
477216,618944,97,0.780321,1136
475912,618944,98,0.782611,1136
477672,618944,98,0.779422,1136
475792,618944,97,0.782903,1136
479408,618944,97,0.776359,1136
480288,618944,97,0.774639,1136
481544,618944,96,0.772176,1184
478208,618944,96,0.750880,1184
481144,618944,96,0.744671,1184
480200,618944,96,0.746769,1184
478552,618944,96,0.750278,1184
479288,618944,95,0.748718,1208
477816,618944,96,0.751722,1208
476648,618944,97,0.754055,1208
476304,618944,98,0.754813,1168
476480,618944,97,0.754450,1176
479296,618944,96,0.748701,1208
478232,618944,96,0.750978,1208
478272,618944,95,0.750896,1208
480280,618944,95,0.746652,1208
480304,618944,94,0.746584,1216
478296,618944,94,0.750831,1216
478976,618944,93,0.749377,1248
476064,618944,93,0.755315,1248
476280,618944,92,0.754813,1288
475016,618944,91,0.757458,1288
476008,618944,90,0.755534,1288
473744,618944,90,0.759972,1288
475008,618944,90,0.757474,1288
471056,618944,91,0.764847,1288
473424,618944,91,0.760394,1288
472784,618944,91,0.761679,1288
472592,618944,92,0.762035,1288
471144,618944,93,0.764688,1288
467536,618944,94,0.771047,1288
469416,618944,94,0.767692,1288
472888,618944,93,0.761322,1328
473088,618944,92,0.760948,1328
475192,618944,92,0.756857,1328
471448,618944,91,0.764063,1328
474624,618944,90,0.758134,1328
474568,618944,90,0.758333,1328
476360,618944,90,0.754765,1328
473576,618944,90,0.760213,1328
474784,618944,90,0.757827,1328
473136,618944,90,0.761038,1328
472160,618944,90,0.762951,1320
474216,618944,90,0.759019,1320
470584,618944,90,0.765813,1320
469592,618944,90,0.767664,1320
472528,618944,90,0.762272,1320
469416,618944,90,0.767974,1320
473280,618944,90,0.760874,1320
473680,618944,89,0.760078,1344
477640,618944,89,0.752285,1344
475760,618944,89,0.756096,1344
475792,618944,88,0.756034,1344
474248,618944,88,0.759095,1344
472840,618944,88,0.761828,1344
469128,618944,88,0.768607,1344
470168,618944,87,0.766742,1360
469200,618944,88,0.768480,1344
467192,618944,88,0.772030,1344
468408,618944,88,0.769861,1344
470192,618944,88,0.766642,1344
473432,618944,88,0.760634,1344
476712,618944,88,0.754229,1344
476264,618944,88,0.755205,1344
473936,618944,89,0.759686,1344
476080,618944,89,0.755472,1344
475080,618944,89,0.757505,1344
475344,618944,88,0.756965,1360
477328,618944,88,0.752974,1360
475504,618944,89,0.756562,1360
475056,618944,90,0.757458,1344
478960,618944,90,0.749607,1344
480920,618944,90,0.745419,1344
477016,618944,90,0.753532,1344
480880,618944,90,0.745504,1344
477880,618944,90,0.751803,1344
474152,618944,90,0.759186,1344
478032,618944,90,0.751496,1344
481712,618944,90,0.743729,1344
479136,618944,90,0.749245,1344
477576,618944,90,0.752510,1344
479240,618944,89,0.749031,1392
481240,618944,89,0.744739,1392
477744,618944,89,0.752076,1392
474464,618944,89,0.758592,1392
477944,618944,89,0.751673,1392
480200,618944,89,0.746937,1392
480144,618944,90,0.747054,1392
480432,618944,89,0.746450,1392
480128,618944,90,0.747104,1384
481368,618944,90,0.744381,1384
479480,618944,89,0.748552,1384
479200,618944,89,0.749245,1376
482976,618944,89,0.741125,1376
483784,618944,89,0.739234,1376
480704,618944,89,0.746012,1376
481024,618944,88,0.745335,1376
478256,618944,89,0.751075,1376
479512,618944,89,0.748403,1376
476872,618944,90,0.753849,1328
479168,618944,90,0.749114,1328
476592,618944,91,0.754308,1328
473264,618944,92,0.760709,1328
475728,618944,92,0.755909,1328
477544,618944,91,0.752301,1336
473760,618944,91,0.759761,1336
474360,618944,90,0.758608,1344
473608,618944,91,0.760108,1304
470560,618944,92,0.765712,1304
474408,618944,92,0.758501,1304
476840,618944,92,0.753675,1304
475056,618944,92,0.757258,1304
478624,618944,92,0.750082,1304
477384,618944,92,0.752686,1304
476920,618944,92,0.753706,1304
477624,618944,91,0.752269,1320
480192,618944,91,0.746903,1320
479552,618944,91,0.748337,1320
480664,618944,90,0.746012,1320
478760,618944,89,0.750163,1320
482752,618944,89,0.741632,1320
481832,618944,89,0.743729,1320
478568,618944,89,0.750734,1280
481552,618944,89,0.744415,1280
483864,618944,89,0.739270,1280
482904,618944,90,0.741387,1280
486232,618944,90,0.733784,1280
485024,618944,90,0.736664,1280
482240,618944,91,0.742832,1280
485048,618944,91,0.736501,1280
487808,618944,90,0.730022,1304
485944,618944,91,0.734395,1304
488736,618944,91,0.727674,1304
488512,618944,91,0.728391,1280
486144,618944,91,0.734099,1280
487360,618944,91,0.731143,1280
489544,618944,90,0.725877,1280
488400,618944,91,0.728661,1280
490512,618944,91,0.723357,1280
488200,618944,91,0.729142,1280
490112,618944,90,0.724454,1288
488896,618944,90,0.727558,1288
485568,618944,90,0.735516,1288
485168,618944,90,0.736574,1272
488176,618944,90,0.729448,1272
485400,618944,91,0.735936,1272
484704,618944,91,0.737623,1272
488128,618944,91,0.729563,1272
491368,618944,91,0.721461,1272
489704,618944,92,0.725739,1224
493048,618944,92,0.717131,1224
492648,618944,93,0.718236,1200
496088,618944,93,0.708876,1200
496360,618944,92,0.708075,1216
496960,618944,91,0.706348,1232
494848,618944,91,0.712317,1232
494144,618944,92,0.714254,1216
495416,618944,92,0.710684,1216
496984,618944,91,0.706303,1224
495848,618944,92,0.709474,1224
493848,618944,92,0.715021,1224
491912,618944,91,0.720319,1224
492240,618944,90,0.719457,1232
495472,618944,90,0.710749,1232
497208,618944,90,0.705783,1232
496904,618944,90,0.706799,1224
497200,618944,89,0.705964,1224
497032,618944,90,0.706438,1224
495904,618944,91,0.709584,1224
492528,618944,92,0.718610,1224
494104,618944,92,0.714339,1224
497904,618944,92,0.703684,1224
501888,618944,92,0.691631,1224
499784,618944,92,0.698183,1224
495800,618944,93,0.709606,1224
496928,618944,92,0.706461,1224
497872,618944,91,0.703730,1240
494256,618944,91,0.713890,1240
492344,618944,92,0.718941,1232
491000,618944,93,0.722372,1232
494656,618944,93,0.712707,1232
493288,618944,93,0.716480,1232
496536,618944,93,0.707539,1232
494904,618944,93,0.712209,1216
493344,618944,94,0.716375,1216
493312,618944,95,0.716459,1216
496952,618944,95,0.706416,1216
499856,618944,95,0.697849,1216
501928,618944,94,0.691482,1232
501904,618944,94,0.691706,1232
501656,618944,94,0.692623,1232
498416,618944,94,0.702461,1232
495848,618944,94,0.709849,1232
497080,618944,94,0.706280,1232
500728,618944,93,0.695586,1240
501584,618944,93,0.692821,1240
498696,618944,94,0.701484,1240
500304,618944,94,0.696577,1240
497664,618944,94,0.704463,1240
501536,618944,94,0.692821,1240
499960,618944,94,0.697754,1240
501096,618944,93,0.694320,1240
503280,618944,93,0.687341,1240
502488,618944,92,0.690156,1240
501064,618944,91,0.694857,1240
502608,618944,90,0.690030,1256
505080,618944,89,0.682034,1264
502192,618944,90,0.691307,1264
499256,618944,90,0.700337,1264
501024,618944,89,0.694930,1304
501288,618944,88,0.694075,1320
500240,618944,88,0.697418,1312
501832,618944,88,0.692425,1312
502632,618944,88,0.689778,1312
504424,618944,88,0.683875,1312
502888,618944,88,0.688970,1312
502680,618944,88,0.689778,1312
499240,618944,89,0.700243,1312
499496,618944,88,0.699394,1344
501384,618944,88,0.693560,1344
498800,618944,89,0.701298,1344
501448,618944,88,0.693216,1392
499656,618944,89,0.698636,1392
498000,618944,89,0.703615,1392
502000,618944,89,0.691507,1392
504216,618944,89,0.684293,1392
505232,618944,88,0.680892,1408
501968,618944,88,0.691556,1408
504840,618944,87,0.682298,1424
502872,618944,87,0.688818,1424
506760,618944,87,0.675829,1424
505104,618944,87,0.681583,1424
505680,618944,87,0.679500,1424
502336,618944,87,0.690507,1424
498888,618944,88,0.700947,1424
495088,618944,89,0.711666,1424
496512,618944,88,0.707741,1424
498456,618944,88,0.702066,1424
499192,618944,87,0.699796,1464
495320,618944,88,0.710793,1464
497448,618944,88,0.704714,1464
495056,618944,88,0.711514,1464
493320,618944,88,0.716290,1464
495352,618944,88,0.710706,1464
497744,618944,88,0.703867,1464
496136,618944,88,0.708543,1464
495376,618944,88,0.710771,1464
494520,618944,88,0.713224,1464
493568,618944,88,0.715890,1464
492328,618944,88,0.719251,1464
495232,618944,88,0.711427,1464
497904,618944,88,0.703821,1464
501256,618944,88,0.693732,1464
497936,618944,89,0.703592,1464
501216,618944,88,0.693732,1504
498288,618944,87,0.702738,1504
494896,618944,87,0.712361,1504
493128,618944,88,0.717172,1464
494920,618944,87,0.712404,1464
497032,618944,87,0.706438,1464
499552,618944,87,0.699015,1464
500064,618944,86,0.697490,1464
501328,618944,85,0.693560,1496
497648,618944,84,0.704737,1496
499920,618944,84,0.697969,1496
498616,618944,85,0.701880,1472
499800,618944,85,0.698255,1472
496792,618944,84,0.707225,1472
499880,618944,84,0.698159,1472
498512,618944,83,0.702461,1472
500008,618944,83,0.697921,1472
498984,618944,84,0.701041,1440
497416,618944,85,0.705579,1432
500016,618944,85,0.697873,1432
501464,618944,85,0.693339,1432
498352,618944,86,0.702669,1416
501536,618944,86,0.693018,1416
500800,618944,87,0.695392,1376
504136,618944,87,0.684762,1376
502344,618944,87,0.690632,1376
501232,618944,87,0.694222,1376
504632,618944,87,0.683299,1376
505904,618944,87,0.678908,1376
505160,618944,88,0.681397,1376
507936,618944,88,0.671735,1376
505088,618944,87,0.681795,1376
505152,618944,86,0.681583,1376
501968,618944,86,0.691954,1376
504736,618944,86,0.682957,1376
504456,618944,87,0.683875,1376
506928,618944,87,0.675416,1376
503248,618944,88,0.687623,1376
506392,618944,88,0.677089,1376
502392,618944,88,0.690331,1376
504328,618944,88,0.683980,1376
503816,618944,89,0.685644,1376
504112,618944,88,0.684658,1384
501512,618944,88,0.693043,1384
498112,618944,88,0.703315,1384
494600,618944,88,0.713224,1384
493384,618944,89,0.716459,1384
489496,618944,88,0.726564,1384
492496,618944,88,0.718899,1384
495840,618944,88,0.709849,1384
494664,618944,89,0.713117,1360
497248,618944,89,0.705851,1360
498664,618944,89,0.701648,1360
499984,618944,89,0.697610,1360
496568,618944,88,0.673652,1360
493520,618944,89,0.682892,1360
491248,618944,89,0.689582,1360
493232,618944,89,0.683739,1360
493784,618944,88,0.682113,1360
494896,618944,87,0.678762,1368
497744,618944,87,0.669762,1368
495280,618944,86,0.677743,1368
493824,618944,86,0.682255,1368
497424,618944,86,0.671086,1368
495680,618944,87,0.676522,1368
499432,618944,87,0.664439,1368
500408,618944,86,0.661053,1408
499960,618944,87,0.662554,1408
499160,618944,87,0.665360,1408
496368,618944,88,0.674275,1408
492576,618944,88,0.685788,1408
492168,618944,89,0.686964,1408
495800,618944,89,0.676031,1408
495504,618944,90,0.676963,1400
492592,618944,91,0.685626,1400
488784,618944,92,0.696277,1400
492576,618944,91,0.685626,1416
492952,618944,90,0.684487,1432
493976,618944,89,0.681377,1464
495856,618944,88,0.675563,1504
496736,618944,87,0.672826,1504
500720,618944,87,0.659675,1504
499128,618944,87,0.665149,1504
497232,618944,87,0.671466,1488
497720,618944,86,0.669916,1488
501712,618944,86,0.656497,1488
500992,618944,86,0.659131,1488
503016,618944,86,0.651929,1488
499448,618944,87,0.664148,1488
501008,618944,87,0.658749,1488
499024,618944,88,0.665386,1488
502608,618944,88,0.653033,1488
503544,618944,87,0.649528,1536
502968,618944,87,0.651759,1536
503936,618944,87,0.648111,1536
500616,618944,88,0.659756,1536
500672,618944,87,0.659566,1536
500096,618944,87,0.661752,1512
498952,618944,87,0.665700,1512
500720,618944,87,0.659647,1512
499584,618944,87,0.663618,1512
497824,618944,88,0.669353,1512
501640,618944,88,0.656497,1512
504368,618944,88,0.646625,1512
508072,618944,88,0.632345,1512
506888,618944,88,0.637160,1512
503096,618944,88,0.651446,1496
506528,618944,88,0.638604,1496
503048,618944,89,0.651446,1496
503504,618944,88,0.649815,1496
503712,618944,87,0.649038,1504
502912,618944,87,0.652071,1504
498912,618944,86,0.666014,1504
501616,618944,86,0.656773,1504
501496,618944,87,0.657214,1496
501808,618944,86,0.656137,1496
501920,618944,85,0.655721,1504
499112,618944,86,0.665202,1504
500192,618944,86,0.661457,1504
499336,618944,87,0.664386,1480
502568,618944,86,0.653287,1504
500656,618944,87,0.659892,1504
501832,618944,86,0.655859,1504
500480,618944,87,0.660487,1504
499496,618944,87,0.663936,1504
503184,618944,87,0.651104,1504
501952,618944,87,0.655609,1504
498952,618944,87,0.665884,1504
500888,618944,86,0.659267,1552
503448,618944,86,0.650160,1552
500360,618944,87,0.660892,1552
498176,618944,87,0.668248,1552
500176,618944,86,0.661618,1568
503552,618944,86,0.649729,1568
504072,618944,85,0.647792,1584
503776,618944,85,0.649038,1584
507056,618944,84,0.636696,1608
503320,618944,84,0.612048,1608
504528,618944,84,0.606998,1608
504152,618944,85,0.608588,1592
505672,618944,84,0.602182,1632
501752,618944,85,0.617896,1632
504536,618944,85,0.606672,1632
502504,618944,85,0.614978,1632
505640,618944,85,0.602115,1632
504832,618944,85,0.605657,1632
505760,618944,85,0.601614,1632
501672,618944,85,0.618204,1632
504256,618944,84,0.608005,1632
502800,618944,85,0.613818,1632
499800,618944,86,0.625267,1632
501688,618944,85,0.618050,1656
499704,618944,86,0.625533,1656
497032,618944,86,0.635329,1656
499856,618944,86,0.624970,1656
503896,618944,86,0.609169,1656
501376,618944,87,0.619063,1656
497392,618944,88,0.633722,1656
493808,618944,89,0.645978,1656
492552,618944,89,0.650236,1656
494560,618944,89,0.643475,1656
495008,618944,88,0.641967,1656
498184,618944,88,0.630726,1656
501864,618944,88,0.616815,1656
503784,618944,88,0.609040,1656
500440,618944,89,0.622070,1656
496448,618944,90,0.636531,1656
495432,618944,91,0.640091,1640
499520,618944,91,0.625385,1640
499936,618944,90,0.623839,1640
501216,618944,89,0.618818,1688
498104,618944,90,0.630381,1688
501992,618944,90,0.615634,1688
498744,618944,90,0.628060,1688
501072,618944,90,0.619185,1688
497736,618944,91,0.631530,1688
501168,618944,91,0.618634,1688
498384,618944,91,0.629195,1688
500536,618944,91,0.621043,1688
498152,618944,91,0.630034,1688
501104,618944,91,0.618879,1688
500400,618944,91,0.621738,1688
501024,618944,91,0.619185,1688
500144,618944,92,0.622611,1664
503832,618944,92,0.608038,1664
501808,618944,93,0.616101,1656
499736,618944,93,0.624227,1640
501064,618944,92,0.619124,1664
503840,618944,92,0.608005,1664
503728,618944,92,0.608653,1664
507280,618944,92,0.632139,1664
506064,618944,92,0.637056,1664
507912,618944,92,0.629630,1664
504360,618944,92,0.606083,1664
500728,618944,91,0.620770,1664
498600,618944,91,0.628847,1664
500664,618944,91,0.621012,1664
496816,618944,92,0.635048,1664
500784,618944,92,0.620375,1664
500968,618944,91,0.619674,1664
498064,618944,92,0.630438,1664
497184,618944,92,0.633751,1664
500976,618944,92,0.619644,1664
498864,618944,91,0.627885,1664
502784,618944,91,0.653325,1664
500016,618944,91,0.663014,1664
502640,618944,91,0.653834,1664
502040,618944,90,0.656328,1648
499648,618944,90,0.664612,1648
500336,618944,89,0.662209,1680
504432,618944,89,0.647684,1680
501672,618944,90,0.657576,1656
503448,618944,90,0.651159,1656
501744,618944,89,0.657493,1656
505624,618944,89,0.684622,1656
502800,618944,89,0.693858,1656
502760,618944,88,0.694282,1656
499288,618944,88,0.704976,1616
502896,618944,88,0.693982,1616
504944,618944,88,0.687302,1616
505624,618944,87,0.684913,1664
507176,618944,86,0.679614,1688
508216,618944,85,0.675907,1720
506264,618944,85,0.682756,1720
507376,618944,85,0.678819,1720
503560,618944,85,0.691568,1720
506936,618944,84,0.680487,1720
504416,618944,85,0.688986,1672
507696,618944,85,0.677882,1672
506472,618944,86,0.682057,1672
507824,618944,85,0.677411,1680
506648,618944,85,0.681598,1680
507328,618944,85,0.679121,1680
507120,618944,85,0.680024,1672
509840,618944,85,0.670298,1672
507376,618944,84,0.679313,1672
505408,618944,84,0.664938,1664
504408,618944,83,0.668734,1664
504472,618944,82,0.668515,1664
506472,618944,82,0.661341,1664
509272,618944,82,0.650832,1664
507336,618944,82,0.658220,1664
510416,618944,82,0.646425,1664
509168,618944,82,0.651410,1664
508680,618944,83,0.653250,1664
510112,618944,82,0.647700,1688
511520,618944,81,0.642098,1704
509296,618944,80,0.651136,1704
511504,618944,80,0.642353,1704
511120,618944,81,0.643911,1696
511528,618944,80,0.642194,1720
510976,618944,81,0.644385,1720
511464,618944,80,0.642449,1720
510032,618944,80,0.648350,1696
507136,618944,81,0.659180,1696
504848,618944,80,0.667607,1696
508624,618944,80,0.653879,1696
510472,618944,80,0.646644,1696
511912,618944,79,0.640750,1744
509976,618944,79,0.648751,1696
510136,618944,78,0.648134,1696
509200,618944,78,0.651894,1696
509472,618944,77,0.650863,1696
505720,618944,76,0.664910,1696
507168,618944,76,0.659585,1696
503720,618944,76,0.671774,1696
506376,618944,75,0.662482,1728
504312,618944,75,0.669826,1728
502304,618944,76,0.676518,1728
499432,618944,77,0.685681,1712
502032,618944,77,0.677300,1712
504504,618944,77,0.668898,1712
502248,618944,76,0.676753,1712
502992,618944,75,0.674229,1736
503968,618944,74,0.670911,1752
499888,618944,74,0.684293,1752
497160,618944,73,0.692839,1752
497672,618944,72,0.691324,1752
500160,618944,72,0.683595,1752
496816,618944,72,0.693988,1704
496136,618944,73,0.696055,1672
493904,618944,74,0.702355,1672
496296,618944,74,0.695454,1672
498776,618944,74,0.687958,1672
499120,618944,73,0.686909,1672
495232,618944,74,0.698366,1672
495568,618944,73,0.697386,1680
495304,618944,73,0.698321,1664
497608,618944,73,0.691490,1664
496680,618944,74,0.694222,1664
497544,618944,73,0.691633,1680
496128,618944,74,0.695778,1680
493504,618944,73,0.703435,1680
497320,618944,73,0.692438,1680
496112,618944,73,0.696101,1680
498016,618944,73,0.690369,1680
494136,618944,73,0.701690,1680
497216,618944,73,0.692744,1680
498904,618944,73,0.687544,1680
495776,618944,73,0.696928,1680
496648,618944,72,0.694362,1696
495608,618944,73,0.697409,1680
494168,618944,74,0.701601,1632
495744,618944,74,0.697020,1632
492136,618944,74,0.707142,1632
491392,618944,75,0.709183,1608
493816,618944,75,0.702510,1608
492552,618944,76,0.706046,1576
488872,618944,76,0.715766,1576
492296,618944,76,0.706735,1576
488432,618944,77,0.716750,1576
489152,618944,76,0.714815,1624
489704,618944,75,0.713407,1624
492496,618944,75,0.705938,1624
494512,618944,75,0.700262,1624
491664,618944,76,0.708039,1624
491344,618944,77,0.708887,1624
492840,618944,77,0.704746,1624
492584,618944,78,0.705528,1592
490112,618944,78,0.712192,1592
491824,618944,78,0.707570,1592
490568,618944,77,0.711258,1544
492288,618944,77,0.706585,1544
491144,618944,78,0.709626,1544
487488,618944,79,0.718936,1544
491544,618944,79,0.708443,1544
493056,618944,79,0.704245,1544
494624,618944,79,0.699768,1544
496952,618944,79,0.692933,1544
496840,618944,80,0.693285,1536
497800,618944,79,0.690369,1560
496424,618944,79,0.694618,1544
499256,618944,79,0.686001,1544
497456,618944,80,0.691443,1544
499048,618944,80,0.686492,1544
498776,618944,79,0.687617,1544
502248,618944,79,0.676518,1544
500136,618944,79,0.683420,1544
502152,618944,78,0.676935,1560
498376,618944,78,0.688927,1560
500984,618944,78,0.680695,1560
497608,618944,77,0.691371,1560
500896,618944,77,0.681127,1560
498312,618944,78,0.689120,1560
501080,618944,78,0.680389,1560
499360,618944,78,0.685927,1560
496424,618944,78,0.694851,1560
498752,618944,78,0.687787,1560
501568,618944,78,0.678826,1560
499624,618944,79,0.684964,1560
501424,618944,78,0.679289,1560
497736,618944,78,0.690847,1560
498536,618944,77,0.688443,1560
497176,618944,77,0.692650,1560
500632,618944,77,0.681963,1560
498304,618944,77,0.689289,1560
495128,618944,78,0.698570,1560
496688,618944,78,0.693941,1560
493920,618944,78,0.701957,1560
496456,618944,77,0.694618,1608
497672,618944,76,0.690895,1656
493688,618944,77,0.702333,1656
490888,618944,77,0.710004,1656
487808,618944,76,0.718106,1656
484888,618944,77,0.725165,1656
480848,618944,77,0.734473,1656
484032,618944,77,0.727167,1656
484840,618944,76,0.725202,1688
486376,618944,76,0.721419,1688
484104,618944,77,0.726814,1688
485144,618944,76,0.724333,1704
487352,618944,76,0.718877,1704
487952,618944,76,0.717270,1704
486840,618944,77,0.720036,1696
486816,618944,77,0.720212,1696
488200,618944,76,0.716710,1728
487176,618944,76,0.719448,1696
483752,618944,75,0.727835,1696
479832,618944,76,0.736603,1696
481840,618944,75,0.732112,1728
481568,618944,76,0.732755,1712
482936,618944,76,0.729562,1712
484840,618944,76,0.725033,1712
485264,618944,76,0.723915,1712
487312,618944,76,0.718838,1712
484168,618944,76,0.726497,1712
480136,618944,77,0.735682,1672
477528,618944,78,0.741248,1672
480472,618944,78,0.734842,1672
479664,618944,78,0.736707,1672
476536,618944,78,0.743468,1640
473336,618944,79,0.749875,1640
469904,618944,80,0.756400,1640
470328,618944,80,0.755523,1640
470496,618944,79,0.755194,1648
469520,618944,80,0.757035,1632
472736,618944,80,0.750871,1632
472880,618944,79,0.750560,1648
474640,618944,79,0.747000,1648
475672,618944,79,0.744825,1648
475056,618944,79,0.746215,1624
478200,618944,79,0.739633,1624
478472,618944,78,0.739040,1632
476568,618944,78,0.743123,1632
479320,618944,78,0.737225,1632
477400,618944,78,0.741398,1632
478112,618944,77,0.739904,1632
477392,618944,77,0.741615,1584
480952,618944,77,0.733874,1584
479992,618944,78,0.735978,1584
482632,618944,78,0.729999,1584
479928,618944,79,0.736013,1584
481616,618944,79,0.732183,1584
480264,618944,78,0.735403,1576
478264,618944,78,0.739803,1576
476792,618944,79,0.742875,1576
475680,618944,79,0.745246,1576
471864,618944,79,0.752838,1576
475808,618944,78,0.745003,1616
472992,618944,79,0.750591,1616
473152,618944,78,0.750234,1640
472632,618944,78,0.751427,1592
475736,618944,78,0.745198,1592
473584,618944,79,0.749484,1592
474624,618944,79,0.747335,1592
472480,618944,79,0.751628,1592
476560,618944,79,0.743419,1592
474784,618944,79,0.747112,1592
477496,618944,79,0.741482,1592
473504,618944,79,0.749641,1592
471456,618944,79,0.753674,1592
471128,618944,79,0.754399,1584
473712,618944,79,0.749343,1584
471232,618944,79,0.754203,1584
471760,618944,79,0.753112,1584
467704,618944,79,0.760679,1584
468928,618944,79,0.758384,1584
472048,618944,79,0.752472,1584
475368,618944,79,0.745861,1584
473552,618944,80,0.749468,1584
476912,618944,80,0.742611,1584
476576,618944,80,0.743419,1576
475136,618944,80,0.746440,1576
472152,618944,81,0.752288,1576
470704,618944,81,0.755120,1576
467912,618944,80,0.760407,1576
469000,618944,80,0.758354,1576
472352,618944,80,0.751997,1576
473808,618944,79,0.749139,1592
475344,618944,78,0.746086,1592
476448,618944,78,0.743747,1592
480456,618944,78,0.735158,1592
484240,618944,78,0.726497,1592
484896,618944,77,0.724863,1632
484752,618944,77,0.725353,1616
485000,618944,76,0.724768,1616
487928,618944,75,0.717649,1624
485288,618944,75,0.724181,1624
488016,618944,75,0.717430,1624
487512,618944,75,0.718798,1624
489496,618944,75,0.713694,1624
489448,618944,76,0.713816,1624
486160,618944,77,0.721979,1624
482296,618944,78,0.730997,1624
482384,618944,77,0.730798,1624
483384,618944,77,0.728407,1624
484056,618944,77,0.726739,1624
482520,618944,77,0.730381,1624
486192,618944,77,0.721670,1624
482992,618944,78,0.729196,1624
479176,618944,78,0.737759,1624
482656,618944,78,0.729963,1624
481552,618944,78,0.732559,1624
485424,618944,78,0.723514,1624
485928,618944,78,0.722191,1624
485840,618944,79,0.722403,1624
487808,618944,79,0.717469,1624
484016,618944,79,0.726721,1624
480640,618944,80,0.734368,1624
479096,618944,80,0.737862,1608
482376,618944,79,0.730617,1616
480080,618944,80,0.735717,1616
484032,618944,80,0.726702,1616
482952,618944,81,0.729196,1616
482992,618944,80,0.729105,1616
479816,618944,81,0.736187,1616
481544,618944,81,0.732273,1616
480008,618944,82,0.735665,1616
480144,618944,81,0.735368,1616
483440,618944,81,0.727853,1616
485632,618944,81,0.722576,1616
482544,618944,82,0.729799,1616
484320,618944,81,0.725616,1648
481072,618944,81,0.733147,1648
477592,618944,80,0.740863,1648
476992,618944,81,0.742114,1648
477432,618944,81,0.741097,1648
479704,618944,81,0.736152,1648
478016,618944,81,0.739870,1648
481072,618944,80,0.733182,1680
484808,618944,80,0.724503,1680
480936,618944,80,0.733484,1680
477336,618944,80,0.741331,1680
479744,618944,80,0.736100,1680
479064,618944,81,0.737570,1680
480608,618944,81,0.734103,1680
483400,618944,81,0.727687,1680
481256,618944,80,0.732773,1680
478824,618944,80,0.738187,1680
478992,618944,79,0.737793,1696
479848,618944,78,0.735839,1744
478352,618944,79,0.739057,1744
478080,618944,80,0.739650,1736
481936,618944,80,0.731123,1736
483528,618944,80,0.727372,1736
482768,618944,80,0.729233,1736
482344,618944,80,0.730308,1736
485168,618944,80,0.723629,1736
484928,618944,81,0.724200,1736
486112,618944,81,0.721244,1736
482360,618944,82,0.730054,1736
482072,618944,83,0.730707,1736
482584,618944,82,0.729489,1760
486280,618944,81,0.720681,1800
487160,618944,80,0.718462,1824
485840,618944,81,0.721690,1824
489632,618944,81,0.712089,1824
488416,618944,81,0.715321,1824
491448,618944,81,0.707314,1824
490320,618944,82,0.710298,1824
490152,618944,83,0.710758,1816
493232,618944,83,0.702355,1816
494208,618944,82,0.699588,1832
492000,618944,83,0.705679,1832
494432,618944,83,0.698820,1832
491296,618944,83,0.707570,1832
490872,618944,84,0.708760,1808
494440,618944,84,0.698865,1808
493952,618944,84,0.700374,1808
491160,618944,84,0.708124,1808
494656,618944,84,0.698389,1808
491008,618944,84,0.708549,1800
487648,618944,84,0.717310,1800
489936,618944,84,0.711362,1800
487112,618944,84,0.718640,1800
486080,618944,84,0.721283,1800
488424,618944,84,0.715362,1800
489568,618944,84,0.712316,1800
490344,618944,83,0.710277,1808
493880,618944,83,0.700576,1808
497664,618944,83,0.689457,1808
494544,618944,84,0.698570,1808
495104,618944,84,0.696837,1808
494512,618944,84,0.698661,1808
491408,618944,85,0.707207,1808
491792,618944,85,0.706046,1808
491288,618944,85,0.707549,1800
493336,618944,85,0.701846,1800
497256,618944,85,0.690417,1800
496320,618944,85,0.693473,1752
499112,618944,85,0.684914,1752
495968,618944,85,0.694502,1752
498384,618944,85,0.687153,1752
498144,618944,85,0.688055,1744
495936,618944,85,0.694758,1744
496856,618944,84,0.692036,1752
492768,618944,84,0.703808,1752
494504,618944,84,0.698842,1752
493464,618944,83,0.702023,1752
492424,618944,84,0.704920,1736
491144,618944,85,0.708358,1736
494728,618944,85,0.698389,1736
496112,618944,85,0.694268,1736
494984,618944,85,0.697660,1736
497920,618944,85,0.688903,1736
494976,618944,85,0.697683,1736
497600,618944,85,0.689866,1736
496056,618944,84,0.694711,1736
497608,618944,84,0.689986,1736
500072,618944,84,0.682265,1736
499104,618944,85,0.685286,1736
499608,618944,85,0.683570,1736
499832,618944,84,0.682819,1752
499520,618944,85,0.683795,1752
495888,618944,86,0.694734,1752
495864,618944,87,0.694827,1744
492168,618944,88,0.705311,1704
492264,618944,87,0.705029,1712
492656,618944,87,0.703830,1712
496072,618944,87,0.694035,1712
496832,618944,86,0.691680,1752
495192,618944,87,0.696469,1752
493920,618944,87,0.700217,1752
490624,618944,87,0.709310,1752
490408,618944,88,0.709983,1712
491896,618944,87,0.705938,1744
493072,618944,86,0.702598,1792
491984,618944,85,0.705831,1792
491776,618944,86,0.706413,1784
488624,618944,86,0.714774,1784
488784,618944,85,0.714367,1784
491608,618944,85,0.706864,1784
492664,618944,84,0.703917,1816
493944,618944,83,0.700374,1816
491408,618944,84,0.707442,1768
492600,618944,84,0.704092,1768
488816,618944,85,0.714082,1768
491952,618944,85,0.705722,1768
489128,618944,85,0.713284,1768
490376,618944,85,0.709920,1768
489568,618944,85,0.712151,1768
487096,618944,85,0.718541,1760
490160,618944,85,0.710633,1760
491256,618944,84,0.707655,1792
487520,618944,84,0.717410,1792
488992,618944,84,0.713571,1792
491384,618944,84,0.707185,1792
490056,618944,84,0.710883,1768
491512,618944,84,0.706907,1768
490328,618944,83,0.710298,1768
492976,618944,83,0.703061,1768
491184,618944,84,0.707911,1768
491992,618944,83,0.705658,1800
489992,618944,83,0.711134,1784
490552,618944,83,0.709542,1784
486936,618944,83,0.718877,1784
485848,618944,83,0.721651,1784
488992,618944,83,0.713714,1784
490568,618944,83,0.709500,1784
490344,618944,84,0.710130,1768
491200,618944,83,0.707847,1776
490400,618944,84,0.709962,1776
487752,618944,84,0.716870,1776
485952,618944,85,0.721302,1776
487312,618944,85,0.717848,1776
485464,618944,85,0.722480,1776
489272,618944,85,0.712893,1776
488464,618944,86,0.715038,1744
484584,618944,85,0.687942,1744
486248,618944,85,0.683286,1744
483856,618944,86,0.689754,1744
482592,618944,87,0.693067,1744
486160,618944,87,0.683396,1744
488456,618944,87,0.676795,1744
491216,618944,87,0.668516,1744
494240,618944,87,0.658958,1744
496656,618944,87,0.650884,1744
493072,618944,88,0.662506,1744
495080,618944,87,0.656013,1768
494896,618944,88,0.656611,1768
496056,618944,87,0.652752,1784
495528,618944,87,0.654653,1784
491672,618944,87,0.667009,1784
494888,618944,87,0.656741,1784
497936,618944,87,0.646399,1784
497072,618944,87,0.649564,1768
499928,618944,87,0.639467,1768
499048,618944,87,0.642840,1744
496232,618944,87,0.652726,1712
494480,618944,87,0.658702,1680
491544,618944,87,0.668007,1680
493424,618944,86,0.662204,1680
491024,618944,85,0.669865,1680
494536,618944,85,0.658830,1680
493664,618944,86,0.661651,1664
493728,618944,85,0.661449,1664
496936,618944,85,0.650857,1664
493376,618944,85,0.629049,1664
496320,618944,85,0.618447,1664
500272,618944,85,0.603289,1664
500024,618944,86,0.604264,1664
500088,618944,85,0.603982,1672
502488,618944,85,0.594131,1672
498784,618944,85,0.609036,1672
499408,618944,84,0.606510,1704
497448,618944,85,0.613963,1704
494816,618944,86,0.623539,1704
492232,618944,86,0.632652,1704
494736,618944,86,0.623823,1704
495512,618944,85,0.620967,1728
495552,618944,84,0.620823,1728
494280,618944,84,0.613140,1728
494832,618944,84,0.610952,1728
491480,618944,85,0.622871,1728
489792,618944,84,0.628921,1728
490792,618944,84,0.625390,1728
489656,618944,84,0.629374,1728
489864,618944,83,0.628680,1728
493008,618944,83,0.617699,1728
491536,618944,83,0.623008,1728
489240,618944,82,0.631071,1728
492752,618944,82,0.618942,1728
494808,618944,82,0.611392,1728
492416,618944,82,0.620121,1728
495320,618944,82,0.609509,1728
492568,618944,82,0.619588,1728
489288,618944,83,0.630833,1704
485944,618944,83,0.641706,1704
482624,618944,83,0.651886,1704
482104,618944,83,0.653640,1672
485664,618944,83,0.642823,1672
484088,618944,83,0.647774,1672
483792,618944,83,0.648805,1672
487480,618944,83,0.637271,1672
485080,618944,84,0.644766,1672
486184,618944,84,0.641208,1672
487568,618944,84,0.636684,1672
487360,618944,85,0.637348,1672
483760,618944,85,0.648614,1672
486720,618944,85,0.639376,1672
490616,618944,85,0.626503,1672
494168,618944,85,0.613922,1672
491696,618944,85,0.622815,1672
493344,618944,85,0.616876,1672
490032,618944,86,0.628306,1672
488096,618944,87,0.634677,1672
490920,618944,86,0.625173,1712
494256,618944,86,0.613285,1712
494928,618944,86,0.610658,1712
491032,618944,87,0.624463,1712
489608,618944,88,0.629268,1712
490384,618944,87,0.626557,1744
493456,618944,87,0.615706,1744
496456,618944,87,0.604478,1744
499016,618944,86,0.594433,1768
497368,618944,86,0.601083,1768
499504,618944,86,0.592478,1768
495968,618944,86,0.606410,1768
499856,618944,85,0.591219,1776
497352,618944,85,0.601299,1776
495856,618944,86,0.606980,1776
498416,618944,86,0.596968,1776
497416,618944,86,0.601052,1776
496456,618944,86,0.604993,1752
494112,618944,87,0.613662,1752
493768,618944,86,0.615247,1752
492792,618944,86,0.618942,1736
492560,618944,87,0.619757,1736
492616,618944,86,0.619560,1736
492824,618944,85,0.618829,1736
489544,618944,85,0.630224,1728
489672,618944,84,0.629773,1736
492360,618944,84,0.620456,1736
493776,618944,83,0.615419,1744
490344,618944,83,0.627501,1744
492608,618944,83,0.619560,1744
493512,618944,82,0.616334,1752
495720,618944,82,0.608114,1752
497712,618944,82,0.600372,1752
494528,618944,83,0.612326,1752
495584,618944,82,0.608442,1752
492624,618944,82,0.619308,1752
493120,618944,81,0.617529,1760
492728,618944,81,0.619083,1760
491616,618944,81,0.623119,1760
495592,618944,81,0.608739,1760
494784,618944,82,0.611830,1728
498288,618944,82,0.598412,1728
499152,618944,81,0.594911,1752
495376,618944,80,0.609745,1752
499352,618944,79,0.594401,1776
499288,618944,80,0.594656,1776
502384,618944,80,0.581739,1776
499824,618944,81,0.592414,1752
501200,618944,80,0.586798,1752
500744,618944,81,0.588676,1752
504072,618944,81,0.574352,1752
503312,618944,82,0.577836,1712
502904,618944,83,0.579694,1688
503528,618944,82,0.577005,1688
502816,618944,82,0.580275,1688
505072,618944,82,0.570202,1688
508680,618944,82,0.553188,1688
508080,618944,82,0.556339,1680
509384,618944,82,0.549795,1680
509344,618944,81,0.550462,1680
509800,618944,80,0.548218,1680
508520,618944,80,0.554692,1680
508080,618944,79,0.557253,1680
506488,618944,79,0.564909,1680
506792,618944,78,0.563510,1680
509232,618944,78,0.551712,1680
512736,618944,78,0.533719,1680
511320,618944,79,0.541103,1672
510400,618944,80,0.545791,1664
508840,618944,80,0.553690,1664
505792,618944,81,0.567934,1664
506416,618944,81,0.564873,1664
509152,618944,81,0.551712,1664
512232,618944,81,0.535942,1664
514672,618944,81,0.522584,1664
513080,618944,81,0.531474,1664
514488,618944,80,0.523774,1680
514040,618944,80,0.526485,1680
513264,618944,81,0.530835,1648
513360,618944,80,0.530280,1656
511952,618944,81,0.537772,1640
507872,618944,81,0.558201,1640
504592,618944,81,0.573402,1640
503816,618944,82,0.576901,1616
500024,618944,83,0.592736,1616
501984,618944,83,0.584501,1616
503216,618944,82,0.579145,1648
503160,618944,82,0.579591,1648
504920,618944,82,0.571701,1648
502592,618944,83,0.581806,1648
505136,618944,83,0.570525,1648
503904,618944,84,0.576101,1616
502680,618944,83,0.581772,1616
504632,618944,83,0.573119,1616
507984,618944,83,0.557557,1616
508136,618944,82,0.556759,1632
509424,618944,82,0.550305,1632
510872,618944,81,0.542852,1680
507792,618944,82,0.557936,1680
508368,618944,81,0.555000,1720
511488,618944,81,0.539259,1720
508408,618944,82,0.554577,1720
507720,618944,83,0.558012,1688
505256,618944,84,0.569377,1688
502328,618944,84,0.582382,1680
503056,618944,83,0.579214,1696
505704,618944,83,0.567318,1696
509000,618944,83,0.551595,1696
505432,618944,82,0.568765,1696
508544,618944,82,0.554038,1696
510728,618944,81,0.543055,1736
508040,618944,81,0.556492,1736
509816,618944,81,0.547623,1736
507040,618944,81,0.561208,1736
506056,618944,80,0.550353,1688
506552,618944,79,0.547806,1728
506512,618944,80,0.547997,1728
508832,618944,80,0.536401,1728
505224,618944,81,0.553841,1728
501536,618944,81,0.570568,1728
499776,618944,81,0.578221,1728
499640,618944,81,0.578985,1728
499840,618944,80,0.578155,1728
500176,618944,79,0.576719,1736
496896,618944,80,0.590178,1696
499224,618944,80,0.580635,1696
502632,618944,80,0.565934,1696
505176,618944,80,0.554213,1696
505112,618944,80,0.554732,1696
504456,618944,81,0.557934,1656
504712,618944,80,0.556762,1656
504736,618944,79,0.556651,1656
504720,618944,80,0.556725,1656
504096,618944,81,0.559572,1656
507688,618944,81,0.542429,1656
510864,618944,81,0.526092,1656
507352,618944,82,0.543834,1656
505088,618944,82,0.554806,1656
506872,618944,82,0.546156,1656
503304,618944,83,0.562704,1656
506096,618944,83,0.549634,1656
507928,618944,83,0.540543,1656
510672,618944,83,0.526344,1656
510512,618944,83,0.527432,1656
514080,618944,82,0.508047,1656
510904,618944,82,0.525630,1656
511800,618944,82,0.520613,1656
511248,618944,83,0.523559,1656
509296,618944,83,0.533937,1656
513000,618944,83,0.514081,1656
515040,618944,83,0.502280,1656
513272,618944,83,0.512575,1656
510208,618944,82,0.529510,1656
512104,618944,82,0.519234,1656
509064,618944,82,0.535354,1656
511528,618944,82,0.522325,1656
511496,618944,83,0.522496,1656
514008,618944,83,0.508454,1656
517824,618944,83,0.485624,1656
514616,618944,82,0.505272,1656
516296,618944,81,0.495425,1664
513640,618944,82,0.510926,1632
516208,618944,82,0.495853,1632
513464,618944,82,0.511908,1632
510920,618944,82,0.525924,1632
514104,618944,82,0.508319,1632
513200,618944,82,0.513683,1624
509776,618944,83,0.531898,1624
510984,618944,82,0.525546,1640
514368,618944,81,0.506823,1680
515432,618944,81,0.500420,1680
512096,618944,81,0.519407,1680
510432,618944,81,0.528473,1680
507832,618944,81,0.541842,1680
508520,618944,80,0.538402,1688
506736,618944,80,0.547347,1688
507176,618944,79,0.544998,1736
504152,618944,80,0.559173,1736
502736,618944,80,0.565722,1736
504856,618944,80,0.555952,1736
506688,618944,79,0.547232,1760
509592,618944,79,0.532634,1760
505616,618944,80,0.552085,1760
502648,618944,81,0.565581,1760
503936,618944,81,0.559608,1760
503072,618944,82,0.563596,1736
505992,618944,81,0.549975,1784
509096,618944,81,0.534546,1784
510968,618944,81,0.524618,1784
510760,618944,82,0.525714,1784
513648,618944,82,0.509761,1784
511136,618944,82,0.523729,1784
513456,618944,82,0.510837,1784
512784,618944,81,0.515094,1784
516296,618944,80,0.494996,1784
513344,618944,80,0.512264,1784
514480,618944,80,0.505592,1784
512432,618944,80,0.517282,1784
513512,618944,80,0.511060,1784
511048,618944,80,0.524702,1784
513456,618944,80,0.511373,1784
510048,618944,80,0.529924,1784
507464,618944,79,0.543367,1784
511272,618944,79,0.523771,1784
510648,618944,80,0.527223,1752
510952,618944,79,0.525630,1752
513360,618944,79,0.512353,1752
509552,618944,80,0.532634,1752
507224,618944,81,0.544223,1752
506048,618944,82,0.550088,1704
504232,618944,82,0.558773,1696
507328,618944,82,0.543990,1696
510248,618944,82,0.529096,1696
514144,618944,82,0.507731,1696
514944,618944,81,0.503112,1704
513888,618944,80,0.509761,1688
515192,618944,80,0.502048,1688
514152,618944,81,0.508183,1656
517184,618944,81,0.490134,1656
515776,618944,82,0.498641,1640
516464,618944,81,0.494519,1648
516400,618944,82,0.494949,1640
520192,618944,81,0.471181,1656
519568,618944,82,0.475485,1616
515896,618944,81,0.498641,1616
518544,618944,81,0.482288,1616
522312,618944,81,0.457230,1616
519424,618944,81,0.476717,1616
517440,618944,81,0.489404,1616
516464,618944,82,0.495520,1576
515080,618944,82,0.503895,1576
516520,618944,82,0.495187,1576
520512,618944,82,0.519968,1576
524600,618944,82,0.548047,1576
523296,618944,82,0.555886,1576
522608,618944,83,0.559817,1568
522304,618944,84,0.561512,1568
520544,618944,85,0.571075,1568
523016,618944,85,0.557250,1568
522592,618944,84,0.560175,1568
521304,618944,85,0.567257,1568
521408,618944,84,0.566693,1568
524640,618944,84,0.590957,1568
525592,618944,83,0.585634,1600
526344,618944,82,0.581383,1616
527456,618944,82,0.574794,1616
525136,618944,82,0.588031,1616
528592,618944,82,0.616428,1616
524824,618944,82,0.635592,1616
525312,618944,81,0.633056,1656
527000,618944,81,0.624460,1656
523440,618944,81,0.641894,1656
527440,618944,81,0.622217,1656
526688,618944,82,0.626115,1640
530696,618944,82,0.662196,1640
530088,618944,83,0.665164,1624
530160,618944,82,0.664825,1624
527888,618944,83,0.675227,1624
524752,618944,83,0.688763,1624
524464,618944,83,0.690255,1592
522728,618944,84,0.697106,1592
525968,618944,84,0.683863,1592
528032,618944,84,0.674729,1592
529216,618944,84,0.669153,1592
525920,618944,85,0.683662,1592
522800,618944,86,0.696270,1592
523088,618944,85,0.695086,1608
525488,618944,85,0.685203,1608
525592,618944,84,0.684702,1624
524512,618944,84,0.689349,1624
523568,618944,85,0.693197,1608
524904,618944,85,0.687618,1608
523056,618944,86,0.695023,1608
521168,618944,85,0.702592,1608
519616,618944,86,0.708342,1584
521120,618944,86,0.702681,1584
519600,618944,85,0.708713,1544
520208,618944,84,0.706469,1560
522272,618944,84,0.698611,1560
518704,618944,84,0.711820,1560
520328,618944,84,0.705859,1560
523704,618944,84,0.692848,1560
522176,618944,84,0.698977,1560
524656,618944,84,0.689024,1560
526488,618944,83,0.681321,1576
526288,618944,84,0.682173,1576
523216,618944,85,0.694710,1576
526552,618944,85,0.726267,1576
530584,618944,85,0.768348,1576
528104,618944,85,0.776376,1576
525920,618944,86,0.782877,1576
528328,618944,86,0.775539,1576
529104,618944,85,0.772990,1616
526200,618944,85,0.781948,1616
526440,618944,84,0.781247,1616
525880,618944,84,0.783016,1616
529648,618944,84,0.824888,1616
526552,618944,85,0.832169,1616
529128,618944,85,0.826039,1616
528968,618944,86,0.826483,1592
532512,618944,86,0.869870,1592
528808,618944,86,0.876635,1592
524936,618944,86,0.882990,1592
525576,618944,85,0.881997,1592
522784,618944,86,0.886208,1592
526584,618944,86,0.880323,1592
530480,618944,86,0.873623,1592
527264,618944,86,0.879219,1592
528624,618944,86,0.876867,1592
525168,618944,87,0.882483,1592
524712,618944,88,0.883186,1592
524920,618944,87,0.882867,1592
525120,618944,86,0.882558,1592
523216,618944,85,0.885576,1592
527160,618944,85,0.933463,1592
524432,618944,85,0.935875,1592
525168,618944,84,0.935225,1624
521832,618944,85,0.937955,1624
522816,618944,84,0.937155,1648
519672,618944,84,0.939620,1648
516080,618944,84,0.942206,1648
516832,618944,84,0.941657,1648
518920,618944,84,0.940138,1648
517648,618944,85,0.941052,1648
519808,618944,85,0.939448,1648
517840,618944,86,0.940882,1648
517680,618944,86,0.941030,1648
520536,618944,86,0.938899,1648
522752,618944,86,0.937129,1648
522008,618944,86,0.937760,1648
518464,618944,87,0.940435,1648
520928,618944,87,0.938563,1648
523200,618944,87,0.936727,1648
522576,618944,87,0.937270,1648
525112,618944,87,0.935129,1648
522208,618944,88,0.937525,1648
523704,618944,88,0.936274,1648
519816,618944,89,0.939340,1640
520456,618944,88,0.938845,1656
517808,618944,89,0.940831,1608
519944,618944,89,0.939232,1608
518072,618944,90,0.940607,1608
520064,618944,90,0.939105,1608
517976,618944,90,0.940676,1608
515120,618944,90,0.942686,1608
511888,618944,90,0.944799,1608
515752,618944,89,0.942272,1640
517552,618944,88,0.941013,1656
521016,618944,88,0.938415,1656
518600,618944,89,0.940226,1656
516136,618944,89,0.941999,1656
518448,618944,89,0.940336,1656
522504,618944,89,0.949478,1656
519088,618944,89,0.919792,1656
517944,618944,89,0.920946,1656
520344,618944,89,0.918540,1656
523744,618944,89,0.914891,1656
521096,618944,88,0.917821,1656
518448,618944,89,0.920462,1656
514984,618944,89,0.923715,1656
518280,618944,88,0.920670,1656
519128,618944,87,0.919832,1672
517672,618944,87,0.921280,1672
519584,618944,87,0.919382,1672
520720,618944,87,0.918190,1672
519488,618944,88,0.919429,1672
519280,618944,89,0.919635,1672
515928,618944,89,0.922852,1672
511832,618944,90,0.926402,1672
509272,618944,90,0.928497,1672
506848,618944,91,0.930339,1672
508688,618944,91,0.928912,1672
512520,618944,90,0.925815,1688
513776,618944,90,0.924704,1688
515488,618944,89,0.923149,1736
516184,618944,88,0.922517,1736
512712,618944,88,0.925613,1736
513096,618944,87,0.925287,1736
516128,618944,87,0.922568,1736
515576,618944,88,0.923070,1736
519120,618944,87,0.919729,1736
518008,618944,87,0.920854,1736
519456,618944,87,0.919398,1736
517336,618944,88,0.921446,1736
513528,618944,88,0.919050,1736
515664,618944,88,0.916972,1736
513504,618944,88,0.919072,1736
511448,618944,89,0.920935,1736
515272,618944,89,0.917353,1736
515720,618944,88,0.916910,1744
516296,618944,87,0.916343,1744
514920,618944,88,0.917684,1744
518688,618944,88,0.913854,1744
516624,618944,88,0.916017,1744
517688,618944,87,0.914933,1752
516400,618944,88,0.916232,1752
520384,618944,88,0.912026,1752
516816,618944,89,0.915768,1752
518392,618944,89,0.914105,1752
515984,618944,89,0.916596,1752
516744,618944,88,0.915792,1800
514856,618944,89,0.917669,1776
515888,618944,88,0.916651,1792
515312,618944,89,0.917252,1752
514704,618944,90,0.917853,1736
510752,618944,91,0.921462,1736
512056,618944,91,0.920264,1736
510600,618944,92,0.921567,1720
510624,618944,91,0.921546,1720
512840,618944,90,0.919544,1744
512328,618944,90,0.920054,1744
509848,618944,90,0.922278,1744
510152,618944,89,0.922010,1752
510096,618944,90,0.922058,1752
513480,618944,90,0.918991,1752
517488,618944,90,0.915039,1752
516736,618944,90,0.915849,1752
518768,618944,90,0.913711,1752
521384,618944,90,0.910808,1752
520224,618944,90,0.912148,1752
523024,618944,89,0.908960,1768
522400,618944,89,0.909741,1768
525336,618944,89,0.906164,1768
524576,618944,90,0.907160,1720
522552,618944,90,0.909621,1720
526320,618944,90,0.904982,1720
527232,618944,89,0.903802,1720
526848,618944,89,0.904365,1720
529808,618944,89,0.900305,1720
527752,618944,89,0.903180,1720
527464,618944,90,0.903582,1704
530272,618944,90,0.899670,1704
531112,618944,89,0.898459,1704
527616,618944,89,0.903381,1704
524856,618944,89,0.906955,1704
523696,618944,89,0.908412,1704
522072,618944,89,0.910355,1704
525144,618944,88,0.906669,1744
526120,618944,87,0.905400,1784
525240,618944,88,0.906501,1784
529328,618944,88,0.901087,1784
531040,618944,87,0.898622,1808
532360,618944,87,0.896592,1808
531840,618944,88,0.897397,1792
530928,618944,89,0.898739,1792
532240,618944,89,0.896725,1792
531176,618944,90,0.898319,1784
532840,618944,90,0.895750,1784
534896,618944,90,0.892409,1784
533944,618944,89,0.894150,1752
537360,618944,89,0.888355,1752
536632,618944,90,0.889653,1736
539152,618944,90,0.885041,1736
536576,618944,90,0.889749,1736
533432,618944,91,0.894906,1736
537352,618944,91,0.888313,1736
537872,618944,90,0.887358,1752
534840,618944,90,0.892631,1752
536976,618944,90,0.888945,1752
535016,618944,90,0.892343,1752
538280,618944,90,0.886620,1752
536784,618944,89,0.889445,1752
539976,618944,89,0.883540,1752
538616,618944,89,0.886182,1752
536128,618944,89,0.890650,1752
538792,618944,89,0.885858,1752
537216,618944,89,0.888777,1752
539416,618944,89,0.884696,1752
541888,618944,89,0.879749,1752
540440,618944,89,0.882736,1752
538256,618944,90,0.886911,1712
540160,618944,90,0.883263,1712
543744,618944,90,0.875809,1712
543672,618944,91,0.875966,1712
542536,618944,91,0.878492,1712
542360,618944,92,0.878875,1704
544256,618944,92,0.874698,1704
545600,618944,92,0.871526,1704
547384,618944,91,0.867178,1720
547144,618944,91,0.867893,1720
549832,618944,91,0.860769,1720
547688,618944,91,0.866536,1720
548816,618944,91,0.863503,1720
546624,618944,91,0.869166,1720
546360,618944,92,0.869841,1704
543928,618944,93,0.875423,1704
540712,618944,93,0.882204,1704
544792,618944,93,0.930372,1704
547472,618944,92,0.926851,1712
545256,618944,92,0.929840,1712
542016,618944,91,0.933007,1712
540960,618944,91,0.934277,1680
543368,618944,90,0.931495,1704
539784,618944,90,0.898900,1704
543656,618944,89,0.892028,1720
546304,618944,89,0.886687,1720
548184,618944,89,0.882532,1720
551376,618944,89,0.874818,1720
549360,618944,89,0.879882,1704
546328,618944,89,0.886671,1704
550072,618944,89,0.878195,1704
549096,618944,90,0.880588,1664
551808,618944,90,0.873856,1664
549400,618944,91,0.879826,1640
548904,618944,92,0.880993,1632
548704,618944,92,0.881559,1632
546824,618944,93,0.885765,1592
548992,618944,93,0.880883,1592
550000,618944,92,0.878502,1600
552064,618944,92,0.873235,1600
548872,618944,92,0.881139,1600
552080,618944,92,0.873193,1600
555176,618944,91,0.864561,1608
558880,618944,91,0.941694,1608
560928,618944,91,0.938619,1608
558024,618944,92,0.931920,1608
558712,618944,91,0.930804,1608
556664,618944,90,0.934168,1608
555360,618944,90,0.936125,1608
553056,618944,90,0.939267,1608
555648,618944,90,0.935718,1608
559160,622504,90,0.935718,1608
558304,622504,90,0.936990,1600
560024,622504,89,0.934536,1608
560816,622504,88,0.933321,1624
558904,622504,89,0.936125,1624
555392,622504,89,0.923792,1624
554888,622504,90,0.924568,1624
553752,622504,90,0.926329,1624
554288,622504,89,0.925518,1640
556808,622504,89,0.921499,1640
554800,622504,89,0.924799,1608
553024,622504,88,0.927529,1608
555912,622504,88,0.949482,1608
557472,622504,88,0.947754,1608
561488,626568,88,0.947754,1608
563528,626568,88,0.945325,1608
560728,626568,89,0.941009,1592
562472,626568,89,0.938708,1592
561784,626568,89,0.939685,1584
562520,626568,88,0.938708,1592
562016,626568,89,0.939373,1592
560952,626568,90,0.940731,1592
563920,629584,90,0.940731,1592
567552,633264,90,0.940731,1592
566456,633264,91,0.942105,1560
562456,633264,92,0.924012,1560
566536,637392,92,0.924012,1560
567616,637392,91,0.922420,1560
565584,637392,91,0.925429,1560
567912,637392,90,0.921985,1600
564816,637392,91,0.926438,1592
568024,637392,91,0.939280,1592
564216,637392,91,0.928551,1592
564768,637392,90,0.927815,1600
562120,637392,90,0.931223,1600
564096,637392,90,0.928696,1600
561656,637392,91,0.931720,1600
564176,637392,91,0.928530,1600
564152,637392,92,0.928561,1600
560352,637392,93,0.933179,1600
558864,637392,94,0.934863,1568
557176,637392,94,0.936686,1568
558992,637392,94,0.934725,1568
556368,637392,95,0.937452,1568
558632,637392,94,0.935087,1592
559096,637392,93,0.934542,1632
561704,637392,92,0.931549,1648
562136,637392,91,0.931030,1648
558504,637392,92,0.935164,1648
555568,637392,92,0.891266,1648
556336,637392,91,0.889880,1680
552368,637392,92,0.896428,1680
551184,637392,92,0.898305,1680
552712,637392,92,0.895891,1680
556304,637392,91,0.889866,1720
553200,637392,92,0.895056,1720
557184,637392,92,0.935826,1720
559896,637392,92,0.932828,1720
558536,637392,91,0.934444,1720
555032,637392,91,0.938077,1720
558936,637392,91,0.936801,1720
560000,637392,90,0.935663,1720
558920,637392,91,0.936818,1720
558536,637392,91,0.930137,1720
554552,637392,92,0.934449,1720
556112,637392,92,0.932774,1720
559312,637392,92,0.929117,1720
556776,637392,92,0.919086,1720
560560,637392,92,0.913781,1720
560456,637392,92,0.914028,1704
560928,637392,91,0.913283,1736
564784,637392,91,0.907039,1736
560912,637392,92,0.913259,1720
557816,637392,91,0.887105,1720
556152,637392,91,0.890173,1720
556056,637392,91,0.890437,1712
559416,637392,91,0.884188,1712
561048,637392,91,0.880838,1712
560744,637392,91,0.881556,1712
556728,637392,92,0.889174,1712
559784,637392,91,0.883376,1760
563240,637392,91,0.876057,1760
560912,637392,90,0.881214,1760
563976,637392,89,0.874529,1800
560288,637392,90,0.882393,1800
560912,637392,89,0.881116,1808
558512,637392,88,0.886004,1808
555512,637392,88,0.891454,1808
552800,637392,88,0.895959,1808
553664,637392,87,0.894551,1832
550328,637392,87,0.899768,1800
553576,637392,87,0.894743,1800
555304,637392,87,0.891821,1800
556424,637392,86,0.889879,1808
553048,637392,86,0.895569,1808
557056,637392,85,0.888817,1824
559696,637392,85,0.883799,1824
555704,637392,86,0.891099,1824
556880,637392,86,0.888960,1824
560024,637392,85,0.883029,1840
557504,637392,84,0.887205,1840
559784,637392,84,0.882788,1840
556424,637392,84,0.889143,1840
558080,637392,84,0.886054,1840
554832,637392,84,0.891882,1840
557344,637392,84,0.887410,1840
553312,637392,84,0.894373,1840
556752,637392,83,0.888533,1856
552744,637392,84,0.895275,1840
553752,637392,83,0.893612,1872
552080,637392,83,0.896334,1872
554800,637392,83,0.891882,1872
553272,637392,83,0.894463,1872
553880,637392,82,0.893482,1872
551576,637392,83,0.897106,1872
548024,637392,84,0.902234,1872
546576,637392,84,0.884345,1872
543864,637392,84,0.888571,1872
547912,637392,84,0.882182,1872
547576,637392,85,0.882746,1864
544864,637392,84,0.887161,1864
542008,637392,85,0.891322,1864
543536,637392,85,0.889065,1864
544760,637392,85,0.887173,1864
547720,637392,85,0.882432,1864
549928,637392,85,0.878606,1864
548560,637392,84,0.881117,1864
547240,637392,85,0.883293,1864
548624,637392,85,0.880928,1864
550120,637392,85,0.878269,1864
552880,637392,85,0.873115,1864
556104,637392,85,0.866531,1864
553416,637392,86,0.871988,1864
549624,637392,87,0.878997,1848
552888,637392,87,0.872947,1848
549032,637392,87,0.880018,1848
553040,637392,86,0.872716,1864
551544,637392,86,0.875621,1864
552648,637392,86,0.873466,1864
548824,637392,86,0.880427,1864
550920,637392,86,0.876671,1864
553736,637392,85,0.871283,1904
552704,637392,86,0.873314,1888
551072,637392,86,0.873033,1888
554016,637392,86,0.867199,1888
553240,637392,86,0.868874,1880
552112,637392,86,0.871171,1880
548472,637392,87,0.877798,1880
550184,637392,87,0.874681,1880
546800,637392,88,0.880605,1840
547768,637392,88,0.878907,1840
549432,637392,88,0.875933,1840
550600,637392,87,0.873759,1872
552288,637392,87,0.870477,1872
548280,637392,88,0.877812,1872
544272,637392,88,0.884434,1872
548128,637392,88,0.878074,1872
551784,637392,88,0.871355,1872
551048,637392,89,0.872809,1840
552520,637392,89,0.869900,1840
548736,637392,90,0.876907,1840
544968,637392,90,0.883249,1840
545320,637392,90,0.882615,1840
545224,637392,91,0.882780,1832
546232,637392,91,0.881078,1832
549824,637392,90,0.874812,1880
548576,637392,90,0.877117,1880
548856,637392,89,0.876626,1880
548360,637392,90,0.877563,1840
547296,637392,91,0.879380,1840
545584,637392,92,0.882270,1792
548920,637392,92,0.876584,1792
552496,637392,92,0.869853,1792
554584,637392,92,0.865531,1792
551992,637392,92,0.870833,1792
555440,637392,92,0.863717,1792
553424,637392,93,0.867913,1792
554976,637392,93,0.864604,1792
553144,637392,94,0.868427,1768
551432,637392,94,0.871859,1768
553472,637392,94,0.867768,1768
556032,637392,94,0.862275,1768
555336,637392,94,0.863888,1768
552520,637392,95,0.869743,1728
550688,637392,95,0.873360,1712
548696,637392,96,0.876949,1712
549112,637392,95,0.876202,1720
552096,637392,95,0.870585,1720
552776,637392,94,0.869176,1760
553000,637392,93,0.868699,1776
550184,637392,93,0.874171,1776
546640,637392,93,0.880420,1776
545080,637392,93,0.883021,1776
546312,637392,93,0.880960,1776
548248,637392,93,0.877618,1776
551856,637392,93,0.870941,1776
549792,637392,93,0.874884,1776
546856,637392,93,0.880062,1776
550576,637392,93,0.873449,1776
554048,637392,93,0.866576,1776
553584,637392,92,0.867800,1736
555144,637392,92,0.864468,1736
553328,637392,92,0.868315,1736
553408,637392,91,0.868155,1736
552992,637392,92,0.869001,1728
554168,637392,91,0.866576,1752
552696,637392,91,0.869633,1752
554480,637392,90,0.865997,1768
552504,637392,90,0.870072,1768
555776,637392,90,0.863251,1768
554768,637392,91,0.865464,1736
551000,637392,90,0.873092,1736
553792,637392,90,0.867573,1736
554952,637392,90,0.865077,1736
551960,637392,90,0.871248,1704
555176,637392,90,0.864672,1704
554328,637392,90,0.866576,1688
556000,637392,89,0.863008,1704
554824,637392,90,0.865564,1680
555712,637392,89,0.863665,1688
552208,637392,90,0.870802,1688
553072,637392,90,0.869017,1688
550240,637392,91,0.874405,1688
552288,637392,91,0.870461,1688
548696,637392,92,0.877145,1648
546608,637392,92,0.880763,1648
543688,637392,93,0.885378,1648
542344,637392,93,0.887454,1648
545680,637392,93,0.882270,1648
549184,637392,93,0.876287,1648
552640,637392,93,0.869759,1648
556208,637392,93,0.862258,1648
555584,637392,94,0.863631,1640
552624,637392,93,0.869900,1640
555480,637392,92,0.864042,1648
558752,637392,92,0.856555,1648
558304,637392,93,0.857632,1640
561168,637392,92,0.850484,1680
559032,637392,92,0.855924,1680
557824,637392,93,0.858804,1664
557840,637392,92,0.858767,1664
561136,637392,92,0.908375,1664
557864,637392,93,0.913277,1664
559712,637392,93,0.910502,1664
556480,637392,94,0.915163,1640
560144,637392,94,0.944361,1640
559248,637392,94,0.945240,1640
560112,637392,93,0.944414,1664
557672,637392,93,0.946668,1664
557608,637392,93,0.946766,1664
560624,637392,93,0.943973,1664
563816,637392,92,0.940725,1672
560416,637392,93,0.941980,1672
557080,637392,93,0.943469,1672
557920,637392,93,0.942648,1672
556120,637392,93,0.938374,1656
554808,637392,93,0.939677,1656
556856,637392,93,0.937645,1656
554688,637392,93,0.939789,1656
557024,637392,93,0.937476,1656
557584,637392,92,0.936898,1664
557144,637392,91,0.881686,1616
557200,637392,90,0.881579,1616
559096,637392,90,0.877747,1616
557048,637392,90,0.881868,1616
555208,637392,91,0.885264,1616
558704,637392,91,0.878539,1616
559320,637392,90,0.877207,1656
559152,637392,90,0.877682,1640
556928,637392,90,0.882141,1640
558632,637392,90,0.878732,1640
554968,637392,90,0.885736,1640
552448,637392,90,0.890126,1640
556400,637392,90,0.883132,1640
559496,637392,89,0.877026,1664
557360,637392,90,0.881273,1664
558080,637392,89,0.879827,1688
557112,637392,89,0.881792,1688
554392,637392,90,0.886751,1688
551672,637392,91,0.891309,1688
554632,637392,90,0.886316,1696
556496,637392,90,0.882848,1696
557624,637392,89,0.880702,1696
560864,637392,88,0.874005,1728
557448,637392,87,0.881165,1728
559792,637392,87,0.876380,1728
556728,637392,88,0.882519,1688
559504,637392,88,0.876960,1688
557104,637392,89,0.881716,1688
555200,637392,88,0.885408,1688
551328,637392,88,0.892013,1688
548144,637392,88,0.896912,1688
550024,637392,88,0.894044,1688
549136,637392,89,0.895397,1680
548648,637392,89,0.896248,1640
551576,637392,89,0.891694,1640
549848,637392,90,0.894386,1640
552680,637392,89,0.889822,1688
548784,637392,89,0.895977,1688
549272,637392,88,0.895241,1696
546952,637392,87,0.898731,1696
547792,637392,87,0.897476,1696
551520,637392,87,0.891771,1696
547624,637392,88,0.897647,1696
551400,637392,88,0.891886,1696
552344,637392,87,0.890309,1728
552624,637392,86,0.889849,1728
554904,637392,85,0.885934,1736
551824,637392,86,0.891142,1736
554352,637392,86,0.886820,1736
551672,637392,87,0.891322,1728
550832,637392,86,0.892807,1728
554248,637392,86,0.887099,1728
558320,637392,86,0.879464,1728
556112,637392,86,0.883768,1728
554232,637392,86,0.887210,1728
557328,637392,86,0.881487,1728
559648,637392,86,0.876779,1728
559112,637392,87,0.877909,1712
556704,637392,88,0.882609,1712
559728,637392,88,0.876547,1712
556656,637392,88,0.882774,1672
557200,637392,87,0.881732,1680
554256,637392,87,0.887168,1680
555368,637392,87,0.885121,1680
557872,637392,87,0.880344,1680
556320,637392,88,0.883295,1680
559216,637392,88,0.877567,1680
558208,637392,89,0.879607,1672
560008,637392,88,0.875862,1712
559448,637392,89,0.877043,1704
562392,637392,89,0.870558,1704
559984,637392,89,0.875929,1704
562488,637392,89,0.870339,1704
560976,637392,89,0.873814,1704
561488,637392,88,0.872694,1704
559624,637392,87,0.876878,1704
560024,637392,86,0.876046,1704
559040,637392,86,0.878217,1680
557048,637392,87,0.882111,1680
557680,637392,87,0.880810,1680
561000,637392,87,0.873918,1680
557888,637392,88,0.880313,1680
556056,637392,88,0.883871,1680
555192,637392,89,0.885479,1656
552432,637392,89,0.890283,1656
553240,637392,88,0.888902,1680
554624,637392,88,0.886442,1680
556704,637392,88,0.882579,1680
559520,637392,87,0.877043,1680
558264,637392,86,0.879764,1680
562288,637392,86,0.871176,1680
561056,637392,86,0.874005,1680
562592,637392,85,0.870558,1696
561912,637392,84,0.872411,1648
559048,637392,85,0.878539,1608
556224,637392,85,0.884120,1568
554424,637392,85,0.887472,1528
558144,637392,85,0.880578,1528
556976,637392,85,0.882953,1496
560976,637392,85,0.874881,1496
557784,637392,86,0.881334,1496
559584,637392,86,0.877682,1496
563344,637392,86,0.937118,1496
561280,637392,87,0.939344,1496
560664,637392,87,0.940068,1456
558120,637392,87,0.942590,1456
560320,637392,86,0.940431,1488
563112,637392,86,0.937438,1488
559616,637392,86,0.935402,1488
559856,637392,85,0.935126,1504
557352,637392,85,0.937781,1504
557048,637392,86,0.938090,1496
559128,637392,86,0.935914,1496
558024,637392,87,0.937062,1496
560256,637392,87,0.934645,1496
558472,637392,88,0.936568,1480
558768,637392,87,0.936251,1488
561064,637392,87,0.933698,1488
557872,637392,88,0.937135,1480
561712,637392,87,0.938866,1520
559208,637392,86,0.908934,1520
559416,637392,85,0.908547,1568
559312,637392,85,0.908778,1568
559784,637392,84,0.908009,1600
559104,637392,84,0.909175,1560
562176,637392,83,0.904258,1600
564280,637392,83,0.900535,1600
564152,637392,83,0.900850,1600
564984,637392,83,0.899253,1600
564784,637392,83,0.899708,1600
562264,637392,84,0.904111,1600
563736,637392,84,0.901503,1600
564368,637392,84,0.900290,1600
567672,637392,84,0.893844,1600
566864,637392,85,0.895520,1576
569536,637392,85,0.889832,1576
568816,637392,86,0.891448,1552
564984,637392,87,0.899105,1536
564584,637392,88,0.899840,1536
568624,637392,88,0.924347,1536
571032,637392,88,0.920509,1536
574104,637392,88,0.915033,1536
570808,637392,89,0.920797,1536
568192,637392,90,0.924844,1536
571632,637392,90,0.930919,1536
570160,637392,90,0.933052,1536
566136,637392,90,0.915804,1536
563152,637392,91,0.920267,1536
563880,637392,90,0.919199,1552
567600,637392,90,0.936341,1552
568384,637392,89,0.935302,1600
569368,637392,89,0.933964,1600
569216,637392,90,0.934185,1584
567496,637392,90,0.936439,1576
565944,637392,91,0.938286,1576
563384,637392,91,0.941160,1576
562400,637392,91,0.942224,1576
558944,637392,91,0.933280,1576
561256,637392,91,0.930575,1576
564784,637392,91,0.939651,1576
566304,637392,90,0.937886,1608
570328,641464,90,0.937886,1608
569840,641464,90,0.938517,1600
572184,641464,90,0.935645,1600
572160,641464,91,0.935675,1600
573536,641464,90,0.933847,1640
576320,641464,90,0.929860,1640
578640,641464,90,0.926138,1640
581768,641464,90,0.920479,1640
578560,641464,91,0.926191,1640
580808,641464,91,0.922191,1640
578520,641464,92,0.926178,1640
580576,641464,91,0.922600,1648
578104,641464,92,0.926847,1648
579496,641464,92,0.924431,1648
576480,641464,92,0.929392,1648
575088,641464,92,0.931505,1648
577096,641464,92,0.928447,1648
580896,645312,92,0.928447,1648
580264,645312,92,0.929488,1648
580976,645312,91,0.928385,1656
578936,645312,91,0.931493,1656
582112,645312,90,0.926612,1680
578104,645312,91,0.918070,1680
577528,645312,91,0.919102,1680
577848,645312,90,0.918576,1680
579288,645312,90,0.916038,1680
576400,645312,90,0.920903,1680
578072,645312,90,0.918124,1680
575016,645312,91,0.923006,1632
573632,645312,91,0.925067,1632
576112,645312,91,0.921350,1632
578672,645312,91,0.917108,1632
575544,645312,91,0.922217,1632
575808,645312,90,0.921816,1632
574304,645312,91,0.924045,1632
573440,645312,92,0.925302,1608
577256,645312,92,0.933805,1608
578520,645312,92,0.932013,1608
574792,645312,91,0.920312,1608
576448,645312,91,0.917628,1608
576152,645312,92,0.918120,1600
578656,645312,92,0.913799,1600
574712,645312,92,0.920373,1600
576624,645312,92,0.917275,1600
575760,645312,92,0.918746,1600
577200,645312,92,0.916319,1600
573816,645312,92,0.921713,1600
572432,645312,93,0.923741,1568
568480,645312,93,0.875614,1568
566696,645312,94,0.879317,1552
567072,645312,93,0.878513,1576
563992,645312,94,0.884440,1576
563152,645312,93,0.886128,1576
564232,645312,92,0.884161,1584
565248,645312,92,0.882171,1584
567040,645312,91,0.878643,1592
568176,645312,91,0.876205,1592
571064,645312,91,0.869714,1592
569288,645312,90,0.873998,1560
569976,645312,90,0.872376,1560
568080,645312,90,0.876573,1560
565880,645312,90,0.881095,1560
568712,645312,90,0.875239,1560
566816,645312,91,0.879157,1560
569368,645312,91,0.873719,1560
570680,645312,91,0.870675,1560
568576,645312,91,0.875427,1560
565248,645312,91,0.882216,1560
566824,645312,91,0.879045,1560
563992,645312,92,0.884557,1512
564016,645312,91,0.884513,1512
567128,645312,91,0.878432,1512
564648,645312,91,0.883346,1512
563456,645312,91,0.885614,1512
564112,645312,90,0.884425,1512
567192,645312,90,0.878400,1512
566416,645312,90,0.880126,1472
562392,645312,91,0.887560,1472
558672,645312,91,0.893731,1472
561360,645312,91,0.889320,1472
559304,645312,92,0.892681,1464
561720,645312,92,0.888645,1464
560160,645312,92,0.891312,1464
558600,645312,93,0.893781,1464
559280,645312,93,0.892643,1464
561936,645312,93,0.888194,1464
565584,645312,93,0.881481,1464
566728,645312,93,0.879141,1464
563672,645312,92,0.885196,1432
563160,645312,92,0.886242,1408
564184,645312,92,0.884308,1408
565368,645312,92,0.882003,1408
564512,645312,92,0.883792,1360
562096,645312,92,0.888180,1360
559896,645312,93,0.891879,1328
558320,645312,93,0.891642,1328
561744,645312,92,0.885965,1344
558024,645312,93,0.892079,1344
555976,645312,94,0.895173,1344
559048,645312,94,0.890385,1344
561920,645312,94,0.885491,1344
558160,645312,95,0.891717,1344
557952,645312,96,0.892116,1296
560584,645312,96,0.887783,1296
562064,645312,96,0.885153,1296
559328,645312,96,0.889856,1296
555856,645312,97,0.895208,1296
557512,645312,97,0.892648,1296
554440,645312,97,0.897244,1296
555440,645312,97,0.895745,1296
552344,645312,97,0.900149,1272
553176,645312,97,0.898964,1272
550104,645312,97,0.903045,1272
551880,645312,97,0.900700,1272
555712,645312,97,0.895314,1272
555728,645312,96,0.895290,1272
557768,645312,95,0.892203,1280
561520,645312,95,0.885965,1280
557768,645312,95,0.892203,1280
557928,645312,94,0.891942,1288
556256,645312,94,0.894559,1288
557720,645312,94,0.892265,1288
555808,645312,94,0.895220,1288
558200,645312,94,0.891516,1288
554368,645312,94,0.897290,1288
558464,645312,93,0.891125,1320
556416,645312,94,0.894273,1320
554152,645312,94,0.865719,1296
550152,645312,95,0.872680,1296
550312,645312,94,0.872402,1304
547352,645312,94,0.877212,1296
546520,645312,94,0.878548,1296
544112,645312,95,0.882059,1296
540872,645312,96,0.886475,1296
542912,645312,95,0.883723,1304
540056,645312,95,0.887597,1296
542840,645312,95,0.883833,1296
542824,645312,96,0.883855,1296
546368,645312,96,0.878704,1296
549072,645312,96,0.874438,1296
552384,645312,96,0.868803,1296
551952,645312,97,0.869556,1296
555816,645312,97,0.862409,1296
554144,645312,98,0.865587,1280
550616,645312,97,0.871937,1280
553080,645312,97,0.867601,1280
555760,645312,97,0.862548,1280
556240,645312,97,0.861525,1280
552760,645312,98,0.868000,1280
555800,645312,98,0.862286,1280
556312,645312,97,0.861212,1320
557048,645312,97,0.859657,1320
555904,645312,96,0.862100,1320
559464,645312,96,0.854743,1320
556672,645312,97,0.860502,1320
552968,645312,97,0.867558,1320
550008,645312,97,0.872720,1320
548488,645312,97,0.875305,1288
545680,645312,96,0.879738,1288
542464,645312,97,0.884293,1288
546248,645312,97,0.878824,1288
542928,645312,97,0.883657,1288
542296,645312,98,0.884521,1288
541136,645312,98,0.886159,1272
537128,645312,99,0.891231,1256
537112,645312,100,0.891250,1256
538952,645312,100,0.888929,1256
536720,645312,100,0.891720,1256
537528,645312,100,0.890689,1256
537600,645312,99,0.890601,1256
535760,645312,99,0.892854,1256
538320,645312,99,0.889717,1256
537584,645312,99,0.890679,1256
538560,645312,99,0.889419,1256
538824,645312,98,0.889090,1256
542760,645312,98,0.883866,1256
539520,645312,97,0.888313,1224
540888,645312,97,0.886485,1224
542192,645312,97,0.884684,1224
544344,645312,97,0.881627,1224
540264,645312,97,0.887236,1224
536928,645312,98,0.891395,1224
540320,645312,98,0.887101,1224
536896,645312,99,0.891395,1208
538552,645312,98,0.889329,1240
540880,645312,97,0.886328,1256
539600,645312,97,0.888109,1208
539632,645312,96,0.888069,1208
536840,645312,96,0.891577,1208
536368,645312,96,0.892233,1176
539416,645312,95,0.888465,1208
536736,645312,96,0.891758,1208
536896,645312,95,0.891558,1216
532976,645312,95,0.896108,1216
529464,645312,95,0.899878,1216
528824,645312,96,0.900543,1200
532616,645312,96,0.896520,1200
528832,645312,96,0.900535,1200
529800,645312,96,0.899501,1200
530328,645312,95,0.898922,1232
529672,645312,96,0.899599,1232
525616,645312,97,0.903596,1232
527888,645312,97,0.901350,1232
529144,645312,97,0.900041,1232
526584,645312,98,0.902578,1232
522928,645312,98,0.906030,1232
523872,645312,98,0.905130,1232
524288,645312,97,0.904732,1248
528248,645312,96,0.900896,1280
530000,645312,96,0.899063,1280
534096,645312,96,0.894574,1280
536400,645312,96,0.891844,1280
537392,645312,95,0.890621,1304
536920,645312,96,0.891231,1272
540672,645312,96,0.886454,1272
542368,645312,96,0.884118,1272
539448,645312,97,0.888038,1224
540560,645312,97,0.886538,1224
539560,645312,97,0.887895,1224
537520,645312,97,0.890514,1216
537280,645312,98,0.890825,1200
534184,645312,98,0.894511,1200
535824,645312,98,0.892563,1200
538568,645312,98,0.889180,1200
541392,645312,98,0.885469,1200
543032,645312,98,0.883170,1200
542232,645312,98,0.884347,1192
545960,645312,98,0.878967,1192
542392,645312,99,0.884063,1192
545360,645312,99,0.879785,1192
542128,645312,100,0.884358,1192
542776,645312,99,0.883458,1200
539272,645312,99,0.888170,1200
538056,645312,99,0.889816,1152
535744,645312,98,0.892714,1152
533528,645312,99,0.895249,1152
534400,645312,98,0.894211,1200
530304,645312,98,0.898730,1200
528056,645312,99,0.901024,1200
525648,645312,99,0.903414,1200
524936,645312,99,0.904130,1200
525496,645312,98,0.903596,1208
525336,645312,99,0.903754,1200
526400,645312,99,0.902694,1200
527048,645312,98,0.902019,1248
526312,645312,98,0.902787,1240
526904,645312,97,0.902198,1256
529416,645312,96,0.899681,1264
527024,645312,97,0.902073,1264
524456,645312,97,0.904562,1264
521672,645312,97,0.907117,1264
523632,645312,96,0.905356,1272
521888,645312,96,0.906963,1272
525616,645312,95,0.903520,1312
523288,645312,96,0.905691,1296
525384,645312,96,0.903709,1296
525808,645312,95,0.903261,1344
526088,645312,94,0.902994,1344
523992,645312,94,0.905005,1344
522736,645312,94,0.906188,1344
520224,645312,95,0.908392,1336
521616,645312,94,0.907167,1360
525008,645312,94,0.904048,1360
527464,645312,94,0.901642,1360
528672,645312,94,0.900389,1360
526536,645312,95,0.902501,1360
527240,645312,94,0.901791,1384
526632,645312,95,0.902385,1384
523736,645312,95,0.905159,1384
527016,645312,95,0.902011,1384
530744,645312,95,0.898176,1384
532744,645312,95,0.895967,1384
533816,645312,95,0.894719,1384
536000,645312,94,0.892158,1416
533744,645312,94,0.894818,1416
535672,645312,93,0.892582,1432
533744,645312,94,0.894818,1416
536200,645312,94,0.891920,1416
535648,645312,94,0.892639,1408
535808,645312,93,0.892432,1424
535648,645312,93,0.892685,1416
534672,645312,93,0.893873,1416
533600,645312,93,0.895141,1416
531040,645312,92,0.898032,1416
531504,645312,91,0.897496,1456
535144,645312,91,0.893394,1456
538624,645312,91,0.889150,1456
541536,645312,91,0.885319,1456
539240,645312,90,0.888435,1456
537552,645312,91,0.890533,1456
541528,645312,91,0.885394,1456
539184,645312,91,0.888506,1456
535224,645312,92,0.893338,1424
537872,645312,91,0.890132,1464
535456,645312,92,0.893022,1464
534768,645312,93,0.893818,1464
535376,645312,92,0.893106,1472
538216,645312,92,0.889638,1472
541864,645312,92,0.884857,1472
540208,645312,92,0.887112,1472
541480,645312,91,0.885405,1496
537752,645312,92,0.890181,1496
536648,645312,93,0.891519,1496
536576,645312,94,0.891606,1496
533304,645312,94,0.895436,1496
534976,645312,93,0.893523,1512
532976,645312,93,0.895835,1512
531536,645312,94,0.897402,1512
534336,645312,94,0.894256,1512
537144,645312,94,0.890903,1512
541112,645312,93,0.885842,1536
539432,645312,93,0.888099,1528
542072,645312,93,0.884565,1528
539560,645312,93,0.887936,1528
540432,645312,92,0.886810,1528
542808,645312,91,0.883602,1544
542080,645312,92,0.884619,1528
542832,645312,91,0.883558,1552
540456,645312,92,0.886768,1536
539456,645312,92,0.888120,1536
538720,645312,93,0.889080,1512
539048,645312,92,0.888667,1512
542376,645312,92,0.884238,1512
540936,645312,91,0.886296,1512
539880,645312,91,0.887731,1512
540280,645312,91,0.887153,1512
536496,645312,91,0.891911,1512
533200,645312,92,0.895694,1512
533864,645312,91,0.894926,1536
530112,645312,91,0.899030,1536
528176,645312,91,0.901048,1536
529760,645312,91,0.899394,1536
532416,645312,91,0.896528,1536
530088,645312,92,0.899046,1496
533424,645312,92,0.895409,1496
535512,645312,91,0.892975,1544
536256,645312,90,0.892101,1544
539128,645312,90,0.888526,1544
540176,645312,89,0.887143,1576
543608,645312,89,0.882443,1576
542224,645312,90,0.884358,1576
541352,645312,89,0.885725,1528
541952,645312,89,0.884857,1528
543672,645312,88,0.882454,1552
543272,645312,88,0.883081,1552
545728,645312,88,0.879490,1552
544192,645312,88,0.881809,1536
540984,645312,89,0.886201,1536
541656,645312,89,0.885244,1536
544448,645312,89,0.881307,1536
544184,645312,90,0.881684,1536
540848,645312,90,0.886317,1536
536752,645312,90,0.891519,1536
538432,645312,90,0.889409,1536
541144,645312,90,0.885863,1536
539768,645312,91,0.887710,1496
537424,645312,91,0.890699,1496
535152,645312,91,0.893449,1496
538472,645312,91,0.889409,1496
537912,645312,91,0.890161,1496
538456,645312,90,0.889429,1544
535192,645312,91,0.893347,1544
539056,645312,91,0.888617,1544
541168,645312,91,0.885821,1544
542424,645312,90,0.884129,1544
545592,645312,90,0.879561,1544
542280,645312,90,0.884326,1544
538848,645312,90,0.888879,1544
536888,645312,91,0.891299,1536
537920,645312,91,0.889984,1536
540920,645312,91,0.886096,1536
543232,645312,90,0.882914,1568
542288,645312,91,0.884216,1568
538896,645312,92,0.888667,1568
536056,645312,92,0.892196,1568
534016,645312,93,0.894565,1560
529928,645312,93,0.899046,1560
533456,645312,93,0.895195,1560
529384,645312,94,0.899558,1560
531632,645312,94,0.897144,1560
532136,645312,93,0.896589,1568
534984,645312,93,0.893338,1568
537288,645312,93,0.890543,1568
534112,645312,93,0.894366,1544
534936,645312,92,0.893421,1544
531792,645312,92,0.897006,1528
534104,645312,92,0.894393,1528
535392,645312,92,0.892854,1528
531944,645312,92,0.896789,1528
532376,645312,91,0.896266,1576
529704,645312,91,0.899162,1576
528896,645312,90,0.900089,1576
530304,645312,89,0.898630,1584
533904,645312,89,0.894665,1584
530832,645312,90,0.898066,1544
533064,645312,90,0.895596,1544
531760,645312,90,0.897075,1544
528832,645312,90,0.900187,1544
531880,645312,90,0.896945,1544
527792,645312,91,0.901183,1544
528184,645312,90,0.900792,1544
526792,645312,90,0.902237,1520
527224,645312,90,0.901768,1520
527864,645312,90,0.901087,1520
527024,645312,91,0.901917,1520
529120,645312,91,0.899771,1520
526664,645312,91,0.902268,1520
529368,645312,91,0.899517,1520
527792,645312,92,0.901111,1520
531480,645312,92,0.897247,1520
528768,645312,92,0.900130,1520
528544,645312,91,0.900470,1504
529440,645312,90,0.899509,1552
526984,645312,91,0.901972,1552
527928,645312,91,0.900992,1552
529104,645312,90,0.899804,1552
526136,645312,90,0.902794,1552
528072,645312,89,0.900864,1584
527560,645312,90,0.901373,1584
529656,645312,90,0.899204,1584
526128,645312,91,0.902725,1584
528016,645312,91,0.900824,1584
525464,645312,91,0.903360,1584
527016,645312,90,0.901839,1608
526336,645312,89,0.902594,1608
524544,645312,90,0.904302,1600
527256,645312,90,0.901658,1600
530272,645312,90,0.898546,1600
527632,645312,90,0.901286,1600
524120,645312,91,0.904651,1600
521808,645312,91,0.906814,1568
525640,645312,91,0.903254,1568
523504,645312,92,0.905247,1568
527000,645312,91,0.901925,1584
524496,645312,92,0.904317,1584
525560,645312,92,0.903269,1584
526400,645312,91,0.902462,1584
527112,645312,91,0.901721,1584
525472,645312,91,0.903353,1584
521784,645312,91,0.906779,1584
523296,645312,90,0.905422,1584
525664,645312,90,0.903170,1584
523008,645312,90,0.905684,1584
522240,645312,91,0.906402,1552
523904,645312,91,0.904850,1552
527000,645312,91,0.901862,1552
523136,645312,91,0.905553,1552
526464,645312,91,0.902385,1552
523680,645312,91,0.905056,1552
520040,645312,92,0.908283,1552
522080,645312,91,0.906495,1560
520304,645312,90,0.908132,1560
519272,645312,89,0.909091,1560
522728,645312,89,0.906044,1560
524016,645312,89,0.904828,1560
526128,645312,88,0.902817,1584
524464,645312,88,0.904436,1584
525920,645312,88,0.903017,1584
522016,645312,87,0.843869,1584
524648,645312,87,0.839791,1584
522440,645312,87,0.843237,1584
525816,645312,87,0.837947,1584
524264,645312,88,0.840426,1560
521952,645312,87,0.844070,1560
525152,645312,87,0.839114,1560
522688,645312,88,0.842902,1560
522920,645312,87,0.842553,1560
519344,645312,88,0.847767,1560
515512,645312,89,0.852983,1560
511648,645312,90,0.857933,1528
510472,645312,90,0.859420,1528
511832,645312,90,0.857707,1528
511568,645312,91,0.858031,1528
514792,645312,91,0.853903,1528
513384,645312,92,0.855719,1520
512872,645312,91,0.856534,1480
515824,645312,91,0.852678,1480
519416,645312,91,0.847710,1480
522744,645312,91,0.842794,1480
519288,645312,91,0.847890,1480
515696,645312,91,0.852846,1480
514568,645312,92,0.854317,1480
510648,645312,92,0.859266,1480
513848,645312,92,0.855241,1480
517016,645312,92,0.851022,1480
518920,645312,92,0.848339,1480
518840,645312,92,0.848518,1480
515192,645312,91,0.853570,1480
517576,645312,91,0.850328,1480
516904,645312,90,0.851367,1480
514448,645312,90,0.854657,1480
513704,645312,91,0.855607,1480
512256,645312,92,0.857480,1432
516224,645312,92,0.852339,1432
517232,645312,92,0.850925,1432
517072,645312,93,0.851162,1416
513232,645312,92,0.856334,1376
510232,645312,92,0.860061,1376
513352,645312,92,0.856183,1376
509584,645312,92,0.860829,1376
512040,645312,91,0.857815,1424
515360,645312,91,0.853549,1424
511496,645312,91,0.858481,1424
510360,645312,90,0.859966,1424
508080,645312,91,0.862634,1424
506816,645312,91,0.864123,1424
502848,645312,91,0.868488,1424
502952,645312,90,0.868370,1432
503256,645312,89,0.868049,1432
501104,645312,90,0.870290,1432
502992,645312,90,0.868278,1432
505504,645312,90,0.865519,1432
506776,645312,90,0.864051,1432
510768,645312,89,0.859401,1440
512960,645312,89,0.856655,1440
509864,645312,88,0.860536,1440
510072,645312,87,0.860290,1440
508408,645312,87,0.862293,1440
510160,645312,86,0.860233,1448
506168,645312,87,0.864829,1440
508016,645312,87,0.862689,1440
508576,645312,87,0.861988,1440
505456,645312,88,0.865510,1440
502016,645312,89,0.869208,1424
499312,645312,89,0.872010,1424
500008,645312,88,0.871265,1472
503992,645312,87,0.867102,1488
500400,645312,88,0.870901,1440
500920,645312,88,0.870322,1440
502448,645312,87,0.868707,1472
506016,645312,87,0.864803,1472
506736,645312,86,0.863943,1520
510104,645312,86,0.859985,1520
510608,645312,85,0.859372,1528
507384,645312,85,0.863201,1528
504184,645312,85,0.866801,1528
507264,645312,84,0.863346,1568
505464,645312,84,0.865414,1568
506392,645312,83,0.864374,1576
508608,645312,83,0.861793,1576
509552,645312,83,0.860631,1576
511072,645312,83,0.858753,1576
509936,645312,83,0.860176,1576
511256,645312,82,0.858578,1584
509856,645312,83,0.860271,1576
506416,645312,82,0.864347,1576
506864,645312,81,0.863808,1608
506040,645312,82,0.864731,1608
508848,645312,82,0.861476,1608
511456,645312,82,0.858305,1608
507976,645312,83,0.862431,1608
504408,645312,83,0.866472,1608
501848,645312,84,0.869192,1608
500096,645312,85,0.870998,1600
502736,645312,85,0.868219,1600
505256,645312,84,0.865458,1640
506328,645312,84,0.864213,1640
503664,645312,85,0.867136,1640
504160,645312,85,0.866550,1640
502704,645312,85,0.868159,1640
502800,645312,84,0.868058,1640
505304,645312,84,0.865299,1640
505024,645312,84,0.865660,1640
501464,645312,84,0.869507,1640
498648,645312,85,0.872360,1640
500600,645312,85,0.870347,1640
502000,645312,85,0.868849,1640
502784,645312,84,0.868015,1648
498736,645312,84,0.872217,1648
500768,645312,84,0.870118,1648
499656,645312,85,0.871249,1648
502544,645312,85,0.868219,1648
500832,645312,86,0.870027,1624
503112,645312,86,0.867590,1624
501840,645312,87,0.868958,1600
500184,645312,88,0.870698,1568
500696,645312,88,0.870126,1568
500440,645312,87,0.870486,1568
501400,645312,87,0.869449,1568
503736,645312,87,0.866930,1568
501432,645312,88,0.869366,1568
502688,645312,87,0.868007,1608
501408,645312,86,0.869449,1608
499192,645312,87,0.871707,1608
499928,645312,87,0.870917,1608
498408,645312,87,0.872487,1608
499576,645312,87,0.871273,1608
501952,645312,87,0.868782,1608
498728,645312,87,0.872122,1608
499984,645312,87,0.870812,1608
497376,645312,86,0.873500,1608
497912,645312,86,0.872929,1608
494712,645312,87,0.875996,1608
494384,645312,88,0.876302,1608
496296,645312,88,0.874450,1608
493520,645312,88,0.877101,1608
492808,645312,88,0.877802,1600
488712,645312,89,0.881440,1568
486192,645312,90,0.883589,1528
489296,645312,90,0.880932,1528
487256,645312,91,0.882665,1528
488560,645312,91,0.881522,1528
490120,645312,91,0.880133,1528
491936,645312,90,0.878489,1568
489432,645312,89,0.880780,1568
487112,645312,89,0.882792,1568
485952,645312,89,0.883793,1568
487648,645312,88,0.882350,1608
487008,645312,88,0.882926,1608
483040,645312,89,0.886162,1584
481008,645312,90,0.887742,1584
484488,645312,90,0.884971,1584
487656,645312,90,0.882323,1584
489920,645312,89,0.880363,1608
492056,645312,89,0.878431,1608
493552,645312,89,0.877027,1608
492488,645312,88,0.878085,1608
490392,645312,88,0.879993,1608
489272,645312,88,0.881014,1600
489672,645312,87,0.880648,1624
486320,645312,87,0.883523,1624
486992,645312,86,0.882959,1632
489648,645312,86,0.880662,1632
492176,645312,85,0.878402,1664
494136,645312,85,0.876569,1664
492952,645312,84,0.877744,1664
495952,645312,83,0.874916,1704
494776,645312,84,0.876026,1704
498544,645312,84,0.872352,1704
494800,645312,84,0.876003,1704
492912,645312,85,0.877744,1704
493576,645312,84,0.877101,1744
491872,645312,84,0.878689,1744
491168,645312,84,0.879380,1720
492032,645312,84,0.878568,1720
490984,645312,85,0.879529,1688
491808,645312,84,0.878797,1688
493528,645312,83,0.877196,1736
497272,645312,82,0.873655,1744
498944,645312,82,0.871963,1744
498280,645312,83,0.872661,1704
499760,645312,83,0.871136,1704
496176,645312,84,0.874687,1672
495424,645312,84,0.875470,1648
499408,645312,84,0.871546,1648
498976,645312,84,0.872026,1648
500256,645312,84,0.870690,1648
496800,645312,84,0.874158,1648
494704,645312,84,0.876190,1648
498144,645312,84,0.872850,1648
497600,645312,84,0.873437,1640
494560,645312,85,0.876331,1640
497160,645312,85,0.873818,1640
494336,645312,85,0.876540,1640
496456,645312,85,0.874496,1640
498712,645312,85,0.872249,1640
500112,645312,85,0.870795,1640
500608,645312,85,0.870241,1640
498648,645312,85,0.872265,1640
496768,645312,86,0.874104,1640
493392,645312,86,0.877321,1640
492368,645312,87,0.878251,1640
494352,645312,86,0.876391,1688
497960,645312,86,0.872897,1688
500160,645312,85,0.870682,1704
497856,645312,85,0.873031,1704
494528,645312,85,0.876257,1704
492888,645312,85,0.877809,1704
489392,645312,85,0.880959,1688
485408,645312,86,0.884310,1672
484888,645312,86,0.884771,1672
487080,645312,86,0.882933,1672
486704,645312,86,0.883305,1648
489592,645312,86,0.880821,1648
490584,645312,85,0.879930,1680
491752,645312,84,0.878875,1704
494376,645312,84,0.876443,1704
490632,645312,85,0.879832,1696
494464,645312,85,0.876324,1696
497528,645312,85,0.873359,1696
500936,645312,85,0.869896,1696
503160,645312,85,0.867513,1696
500080,645312,85,0.870771,1696
501784,645312,85,0.868966,1696
498456,645312,85,0.872400,1696
501272,645312,85,0.869499,1696
497440,645312,85,0.873398,1696
494728,645312,85,0.876033,1696
493048,645312,85,0.877628,1696
489232,645312,84,0.881090,1696
490032,645312,83,0.880391,1704
492160,645312,83,0.878467,1704
492744,645312,83,0.877897,1704
495480,645312,83,0.875319,1704
494040,645312,84,0.876665,1704
494304,645312,83,0.876421,1704
490864,645312,84,0.879536,1704
493408,645312,84,0.877203,1704
490768,645312,85,0.879578,1704
494856,645312,84,0.875816,1752
491376,645312,85,0.878997,1752
489848,645312,86,0.880342,1752
493776,645312,86,0.876776,1752
493216,645312,87,0.877299,1744
494440,645312,86,0.876168,1744
491624,645312,86,0.878783,1744
494584,645312,86,0.876033,1744
497240,645312,86,0.873453,1744
496344,645312,87,0.874366,1696
493376,645312,87,0.877196,1696
496088,645312,87,0.874611,1696
493768,645312,88,0.876791,1696
496416,645312,88,0.874250,1696
494832,645312,88,0.875801,1696
491464,645312,88,0.878925,1696
494040,645312,88,0.876540,1696
497984,645312,88,0.872724,1696
497488,645312,89,0.873211,1696
494408,645312,90,0.876190,1656
492560,645312,90,0.877933,1656
491336,645312,90,0.879075,1656
492392,645312,89,0.878107,1680
494536,645312,89,0.876093,1680
495648,645312,88,0.875008,1720
493136,645312,88,0.877394,1720
493936,645312,87,0.876651,1728
495256,645312,86,0.875387,1760
497296,645312,85,0.873429,1760
495976,645312,86,0.874710,1752
492648,645312,86,0.877853,1752
489696,645312,87,0.880475,1752
491696,645312,87,0.878668,1752
487976,645312,88,0.881910,1752
489472,645312,87,0.880600,1784
490992,645312,87,0.879224,1784
489688,645312,87,0.880412,1784
490688,645312,87,0.879493,1784
492040,645312,86,0.878280,1792
489960,645312,87,0.880126,1792
489696,645312,88,0.880356,1792
488344,645312,89,0.881529,1784
490752,645312,89,0.879394,1784
489352,645312,90,0.880620,1784
487992,645312,89,0.881869,1784
489808,645312,89,0.880266,1784
490712,645312,88,0.879437,1824
486944,645312,88,0.882719,1824
487528,645312,88,0.882188,1824
484904,645312,88,0.884401,1824
488752,645312,88,0.881145,1824
492320,645312,88,0.877955,1824
496240,645312,88,0.874250,1824
494128,645312,87,0.876361,1800
490152,645312,88,0.879951,1800
488880,645312,88,0.881097,1800
484896,645312,89,0.884427,1800
482192,645312,89,0.886621,1800
485096,645312,88,0.884264,1848
486968,645312,88,0.882679,1848
482888,645312,89,0.885998,1848
485640,645312,89,0.883741,1848
484416,645312,90,0.884738,1848
484016,645312,90,0.885119,1824
484984,645312,90,0.884297,1824
488976,645312,90,0.880911,1824
491656,645312,90,0.878510,1824
489704,645312,91,0.880238,1824
489016,645312,91,0.880876,1824
492776,645312,91,0.877496,1824
495768,645312,91,0.874657,1824
499784,645312,91,0.870649,1824
501736,645312,90,0.868631,1824
499736,645312,90,0.870747,1824
501608,645312,90,0.868766,1824
500352,645312,90,0.870118,1824
498776,645312,91,0.871715,1824
500096,645312,90,0.870372,1832
501752,645312,89,0.868648,1840
501360,645312,89,0.869108,1840
498296,645312,90,0.872225,1840
498776,645312,89,0.871731,1856
502608,645312,89,0.867727,1856
502104,645312,90,0.868269,1848
503616,645312,89,0.866602,1896
500048,645312,88,0.870453,1896
503232,645312,88,0.867068,1896
502240,645312,89,0.868151,1872
499432,645312,89,0.871103,1872
497760,645312,89,0.872818,1872
495384,645312,90,0.875114,1872
495744,645312,89,0.874771,1872
499240,645312,89,0.871297,1872
503048,645312,89,0.867291,1872
506456,645312,89,0.863482,1872
504760,645312,90,0.865422,1832
506504,645312,90,0.863419,1832
505856,645312,90,0.864258,1784
507408,645312,89,0.862468,1808
506912,645312,88,0.863146,1808
510280,645312,88,0.859140,1808
506336,645312,89,0.863790,1768
508624,645312,89,0.861102,1768
505168,645312,89,0.865096,1768
509032,645312,89,0.860621,1768
506664,645312,89,0.863419,1768
503400,645312,88,0.867128,1768
501144,645312,88,0.869557,1768
504616,645312,88,0.865809,1768
507200,645312,88,0.862863,1768
507896,645312,87,0.862006,1816
507616,645312,87,0.862385,1816
508552,645312,87,0.861242,1816
506352,645312,88,0.863790,1800
506856,645312,87,0.863210,1808
504568,645312,87,0.865818,1808
501936,645312,87,0.868690,1808
502936,645312,87,0.867582,1808
506296,645312,87,0.863844,1808
505328,645312,87,0.864980,1808
504728,645312,87,0.865695,1808
505064,645312,86,0.865308,1824
508432,645312,86,0.861430,1824
505776,645312,87,0.864464,1824
508312,645312,87,0.861514,1824
507752,645312,87,0.862219,1824
509040,645312,87,0.860659,1824
507136,645312,87,0.862927,1824
507488,645312,86,0.862514,1832
505376,645312,86,0.864954,1832
507352,645312,86,0.862670,1832
505632,645312,87,0.864669,1784
506352,645312,86,0.863835,1808
502504,645312,86,0.868092,1808
502024,645312,87,0.868615,1792
498608,645312,87,0.872154,1792
495200,645312,87,0.875500,1792
492920,645312,88,0.877613,1792
495552,645312,88,0.875122,1792
494544,645312,89,0.876070,1792
494008,645312,88,0.876658,1792
496872,645312,88,0.873903,1792
494344,645312,88,0.876346,1792
498312,645312,88,0.872495,1792
497240,645312,88,0.873593,1792
500376,645312,88,0.870421,1792
502344,645312,88,0.868328,1792
502648,645312,87,0.867998,1800
503552,645312,86,0.867025,1808
504744,645312,85,0.865695,1840
506920,645312,85,0.863210,1840
503312,645312,85,0.867248,1840
505760,645312,85,0.864517,1840
502960,645312,85,0.867624,1840
503488,645312,84,0.867016,1880
501312,645312,84,0.869366,1880
503824,645312,84,0.866654,1880
502504,645312,85,0.868100,1848
500944,645312,85,0.869780,1848
499976,645312,86,0.870771,1848
497104,645312,86,0.873671,1848
496392,645312,86,0.874404,1848
496504,645312,85,0.874297,1848
500512,645312,85,0.870273,1848
497040,645312,85,0.873779,1848
500224,645312,85,0.870567,1848
503512,645312,85,0.867076,1848
501768,645312,85,0.868975,1848
502896,645312,84,0.867769,1864
504536,645312,84,0.865949,1864
501168,645312,85,0.869532,1864
497672,645312,85,0.873101,1864
496176,645312,86,0.874580,1832
500080,645312,86,0.870682,1832
503984,645312,86,0.866532,1832
507856,645312,86,0.862145,1832
511360,645312,86,0.857913,1832
510832,645312,87,0.858607,1792
511192,645312,86,0.858139,1816
507784,645312,87,0.862192,1816
509280,645312,86,0.860404,1848
505464,645312,87,0.864785,1848
504672,645312,88,0.865677,1832
503976,645312,89,0.866489,1784
502664,645312,89,0.867948,1784
506360,645312,89,0.863853,1784
503224,645312,89,0.867351,1784
504760,645312,88,0.865642,1824
507424,645312,88,0.862597,1824
505336,645312,89,0.865007,1776
506152,645312,88,0.864060,1808
502832,645312,88,0.867744,1808
502248,645312,88,0.868413,1808
498272,645312,88,0.872542,1784
500720,645312,88,0.870027,1784
504432,645312,88,0.866045,1784
501112,645312,89,0.869573,1784
497928,645312,89,0.872834,1784
497208,645312,90,0.873562,1760
494872,645312,90,0.875838,1760
492464,645312,91,0.878056,1760
490424,645312,92,0.879874,1760
487576,645312,91,0.850014,1760
487832,645312,90,0.849739,1760
483840,645312,90,0.853967,1760
487056,645312,90,0.850570,1760
489248,645312,90,0.848146,1760
491288,645312,89,0.845869,1760
492416,645312,88,0.844571,1768
495544,645312,88,0.840824,1768
496432,645312,88,0.839684,1768
499416,645312,88,0.835880,1768
498584,645312,88,0.837002,1768
499200,645312,87,0.836198,1784
502768,645312,87,0.831436,1784
503104,645312,86,0.830958,1800
504128,645312,86,0.829484,1800
501864,645312,87,0.832599,1776
504728,645312,87,0.828614,1776
502096,645312,87,0.832288,1776
499208,645312,88,0.836075,1776
499552,645312,88,0.835571,1776
499800,645312,87,0.835250,1776
497048,645312,87,0.838797,1776
497080,645312,86,0.838757,1776
494624,645312,87,0.841803,1728
495656,645312,87,0.840504,1728
494144,645312,88,0.842317,1728
491872,645312,89,0.844966,1728
493728,645312,88,0.842781,1752
491280,645312,88,0.845669,1752
490280,645312,88,0.846851,1752
493520,645312,88,0.843082,1752
497000,645312,88,0.838827,1752
495712,645312,89,0.840407,1752
492800,645312,89,0.843923,1752
488944,645312,89,0.848331,1752
490440,645312,88,0.846653,1768
492512,645312,87,0.844257,1800
488736,645312,87,0.848558,1800
490832,645312,86,0.846185,1840
492192,645312,86,0.844580,1840
493120,645312,86,0.843448,1840
492056,645312,87,0.844681,1840
492184,645312,86,0.844534,1840
488584,645312,87,0.848576,1840
490624,645312,87,0.846258,1840
489840,645312,87,0.847199,1832
489632,645312,87,0.847483,1832
488832,645312,87,0.848427,1824
491328,645312,86,0.845633,1832
488200,645312,86,0.849160,1832
486224,645312,86,0.851325,1832
483712,645312,86,0.853975,1832
486936,645312,86,0.850570,1832
488504,645312,85,0.848873,1840
490784,645312,84,0.846321,1864
487896,645312,84,0.828493,1864
491376,645312,84,0.824039,1864
487456,645312,85,0.828974,1864
490512,645312,85,0.825089,1864
491472,645312,85,0.823790,1864
495336,645312,84,0.818568,1904
493840,645312,84,0.820670,1904
497240,645312,84,0.815908,1904
496816,645312,85,0.816575,1856
493992,645312,86,0.820465,1856
492440,645312,87,0.822565,1832
495352,645312,87,0.818579,1832
494632,645312,87,0.819696,1784
493960,645312,88,0.820605,1784
494816,645312,87,0.819445,1784
491816,645312,87,0.823561,1744
494616,645312,86,0.819805,1768
490856,645312,86,0.824833,1768
494640,645312,86,0.819772,1768
492984,645312,87,0.822005,1760
494856,645312,87,0.819423,1760
492384,645312,86,0.822860,1760
493648,645312,85,0.821153,1784
496480,645312,84,0.817248,1808
498528,645312,84,0.814272,1808
499464,645312,84,0.812841,1808
499112,645312,84,0.813437,1800
499760,645312,83,0.812453,1824
497232,645312,83,0.816214,1792
496536,645312,84,0.817259,1744
500520,645312,84,0.811447,1744
498448,645312,85,0.814525,1712
500032,645312,85,0.812146,1712
500752,645312,84,0.811042,1736
499488,645312,85,0.812946,1712
499464,645312,86,0.812981,1712
500592,645312,86,0.811244,1712
501848,645312,86,0.809281,1712
501256,645312,86,0.810274,1696
504448,645312,85,0.805304,1720
501544,645312,86,0.809875,1672
499448,645312,87,0.813051,1632
495464,645312,87,0.818766,1632
499104,645312,87,0.813553,1632
501152,645312,87,0.810454,1632
500296,645312,88,0.811732,1632
498936,645312,88,0.813797,1632
502752,645312,88,0.808019,1632
500528,645312,89,0.811387,1632
498488,645312,88,0.814525,1624
501416,645312,87,0.810177,1648
500936,645312,86,0.811042,1648
498192,645312,87,0.815053,1648
502072,645312,87,0.809256,1648
504328,645312,87,0.805684,1648
504568,645312,86,0.805291,1656
505640,645312,86,0.803499,1656
503784,645312,87,0.806489,1632
502592,645312,88,0.808388,1600
504984,645312,88,0.804565,1600
506496,645312,88,0.802041,1600
503952,645312,89,0.806125,1600
506456,645312,88,0.802041,1640
507072,645312,87,0.800986,1664
503880,645312,88,0.806175,1640
506280,645312,88,0.802250,1640
503632,645312,89,0.806489,1640
500720,645312,90,0.810946,1640
498384,645312,91,0.814375,1640
498736,645312,90,0.813843,1656
494752,645312,90,0.819511,1656
494032,645312,90,0.820584,1632
497840,645312,90,0.815236,1632
496840,645312,89,0.816788,1632
494744,645312,90,0.819685,1632
494712,645312,91,0.819729,1632
495072,645312,90,0.819216,1648
495520,645312,89,0.818601,1648
496208,645312,89,0.817582,1648
496552,645312,89,0.817035,1648
499592,645312,88,0.812618,1688
501792,645312,87,0.809293,1712
500280,645312,88,0.811637,1664
497240,645312,89,0.816100,1624
498944,645312,89,0.813588,1624
497128,645312,90,0.816191,1624
493520,645312,91,0.821153,1624
495208,645312,91,0.818799,1624
492336,645312,91,0.822723,1624
495456,645312,91,0.818458,1624
497296,645312,90,0.815828,1664
499144,645312,90,0.813098,1664
498128,645312,90,0.814640,1664
495016,645312,90,0.819074,1664
495680,645312,90,0.818093,1664
496920,645312,90,0.816293,1664
495192,645312,91,0.818700,1664
494832,645312,92,0.819216,1648
491472,645312,92,0.823758,1648
492200,645312,91,0.822765,1680
491264,645312,91,0.824049,1680
492288,645312,91,0.822650,1680
492848,645312,90,0.821899,1688
493016,645312,89,0.821665,1696
490240,645312,89,0.825345,1696
493144,645312,88,0.821548,1704
491560,645312,87,0.823758,1704
487472,645312,88,0.828974,1656
489416,645312,88,0.826501,1656
487296,645312,88,0.829189,1656
485544,645312,87,0.831415,1656
487824,645312,87,0.828601,1656
484840,645312,88,0.832191,1656
487296,645312,88,0.829189,1656
491216,645312,88,0.824204,1656
494200,645312,87,0.820260,1656
491952,645312,86,0.823373,1656
494808,645312,86,0.819500,1656
493240,645312,86,0.821676,1656
496472,645312,86,0.817203,1656
493104,645312,86,0.821857,1656
497112,645312,86,0.816304,1656
494472,645312,86,0.820022,1656
497856,645312,86,0.815248,1656
496728,645312,86,0.816912,1656
497920,645312,86,0.815156,1656
496280,645312,85,0.817605,1656
497160,645312,85,0.816304,1656
495840,645312,86,0.818160,1648
497480,645312,86,0.815794,1648
496872,645312,86,0.816732,1640
497024,645312,85,0.816518,1640
493216,645312,86,0.821729,1640
494944,645312,85,0.819402,1640
493408,645312,86,0.821527,1600
490128,645312,86,0.825854,1600
493176,645312,85,0.821857,1632
496456,645312,85,0.817326,1632
494448,645312,86,0.820119,1608
495472,645312,86,0.818656,1608
491664,645312,86,0.823810,1608
489384,645312,86,0.826793,1600
489152,645312,86,0.827143,1600
486464,645312,87,0.830439,1600
485160,645312,87,0.832050,1600
482296,645312,87,0.835417,1600
482576,645312,86,0.835099,1600
481960,645312,87,0.835824,1576
478792,645312,88,0.839320,1576
478512,645312,89,0.839622,1576
474648,645312,88,0.843773,1576
475488,645312,87,0.842894,1592
476008,645312,87,0.842305,1592
475672,645312,88,0.842671,1576
478904,645312,88,0.839199,1576
477248,645312,88,0.841022,1576
474968,645312,88,0.843445,1576
472392,645312,88,0.846090,1576
470008,645312,89,0.848417,1576
473712,645312,89,0.844723,1576
475200,645312,89,0.843158,1576
473328,645312,89,0.845109,1576
474232,645312,89,0.844148,1576
472848,645312,89,0.845589,1576
469960,645312,89,0.848463,1576
470600,645312,88,0.847846,1576
468944,645312,88,0.849479,1576
469376,645312,87,0.849030,1616
472080,645312,87,0.846360,1616
470952,645312,88,0.847481,1600
473640,645312,87,0.844820,1600
477360,645312,87,0.840928,1600
475448,645312,87,0.842977,1600
478160,645312,87,0.840077,1600
482104,645312,87,0.835689,1600
479888,645312,88,0.838180,1576
481592,645312,87,0.836274,1592
480928,645312,86,0.837122,1592
479968,645312,85,0.838285,1592
483448,645312,85,0.834331,1592
482416,645312,84,0.835616,1592
478632,645312,84,0.839837,1592
475952,645312,84,0.842712,1592
477728,645312,83,0.840810,1632
478992,645312,83,0.839407,1632
476392,645312,84,0.842164,1632
475136,645312,84,0.843511,1632
473152,645312,85,0.845565,1584
472592,645312,84,0.846225,1576
471928,645312,84,0.846950,1552
475312,645312,84,0.843511,1552
477848,645312,84,0.840818,1552
477320,645312,85,0.841410,1520
480064,645312,85,0.838417,1520
479336,645312,85,0.839294,1488
480728,645312,85,0.837723,1488
476824,645312,86,0.841913,1488
479064,645312,85,0.839536,1488
478200,645312,86,0.840461,1488
478824,645312,86,0.839743,1488
480656,645312,85,0.837741,1496
481072,645312,85,0.837228,1496
480136,645312,86,0.838259,1496
477328,645312,87,0.841275,1496
478392,645312,86,0.840120,1520
479224,645312,85,0.839208,1536
480744,645312,85,0.837494,1536
479840,645312,86,0.838530,1496
481192,645312,85,0.837015,1520
479256,645312,86,0.839173,1488
481392,645312,85,0.836775,1536
484184,645312,84,0.833584,1552
488008,645312,84,0.828974,1552
490040,645312,83,0.826451,1552
493880,645312,83,0.821409,1552
496080,645312,82,0.818403,1568
500120,645312,82,0.812582,1568
498752,645312,82,0.814640,1568
501920,645312,81,0.809924,1600
503080,645312,81,0.808080,1600
503336,645312,80,0.807685,1600
503544,645312,79,0.807338,1616
502288,645312,80,0.809268,1616
505736,645312,80,0.803795,1616
503696,645312,80,0.807101,1616
506376,645312,79,0.802837,1616
503328,645312,79,0.807747,1616
502160,645312,78,0.809682,1616
503432,645312,78,0.807660,1616
506176,645312,78,0.803240,1616
504888,645312,79,0.805304,1616
501960,645312,80,0.809875,1592
501616,645312,81,0.810394,1592
505248,645312,81,0.804693,1592
506088,645312,80,0.803305,1616
506144,645312,79,0.803214,1616
504008,645312,80,0.806690,1568
504912,645312,79,0.805215,1600
504608,645312,79,0.805785,1592
503216,645312,79,0.808031,1592
502544,645312,79,0.809147,1584
500304,645312,80,0.812500,1584
498336,645312,81,0.815350,1584
500904,645312,81,0.811542,1584
503792,645312,81,0.807076,1584
507744,645312,81,0.800641,1584
505432,645312,81,0.804489,1584
509144,645312,81,0.798285,1584
510984,645312,81,0.795020,1584
511224,645312,80,0.794569,1600
507512,645312,80,0.800999,1600
511200,645312,80,0.794611,1600
510368,645312,81,0.796097,1584
510760,645312,80,0.795413,1584
510456,645312,80,0.796027,1584
506440,645312,81,0.802785,1584
504392,645312,81,0.806138,1584
507200,645312,81,0.801541,1584
504032,645312,81,0.806702,1584
508016,645312,80,0.800214,1616
510704,645312,80,0.795539,1616
512608,645312,80,0.792067,1616
512456,645312,81,0.792341,1616
513016,645312,80,0.791326,1616
512848,645312,81,0.791646,1608
516576,645312,81,0.784555,1608
514624,645312,82,0.788280,1608
516600,645312,82,0.784416,1608
514416,645312,82,0.788729,1576
511432,645312,82,0.794243,1576
508768,645312,81,0.799018,1576
505552,645312,82,0.804309,1576
508800,645312,82,0.798883,1576
511328,645312,82,0.794427,1576
515080,645312,82,0.787482,1576
518720,645312,82,0.780278,1576
517224,645312,83,0.783290,1560
516344,645312,82,0.785191,1560
516752,645312,81,0.784353,1584
518768,645312,81,0.780262,1584
517128,645312,80,0.783713,1584
513400,645312,81,0.790771,1584
517344,645312,81,0.783195,1584
513480,645312,81,0.790698,1544
514024,645312,81,0.789607,1544
516776,645312,81,0.784291,1544
515872,645312,81,0.786144,1536
519952,645312,81,0.777943,1536
516504,645312,81,0.784928,1536
513472,645312,82,0.790639,1536
515112,645312,81,0.787512,1576
514496,645312,81,0.788789,1560
516072,645312,81,0.785714,1560
515720,645312,82,0.786419,1544
515256,645312,83,0.787376,1504
518960,645312,82,0.780084,1528
521768,645312,82,0.774150,1528
522992,645312,81,0.771455,1552
520976,645312,81,0.775878,1552
518176,645312,82,0.781659,1528
517760,645312,82,0.782580,1528
519880,645312,81,0.778223,1568
517736,645312,82,0.782549,1568
516568,645312,83,0.784881,1544
514560,645312,82,0.788879,1544
515656,645312,81,0.786754,1576
515112,645312,81,0.787874,1576
516176,645312,81,0.785760,1576
517184,645312,80,0.783760,1600
514472,645312,80,0.789028,1600
513824,645312,81,0.790272,1576
516424,645312,81,0.785283,1576
515976,645312,81,0.786297,1544
517672,645312,81,0.782912,1544
514840,645312,82,0.788355,1544
511440,645312,82,0.794625,1544
514544,645312,82,0.788909,1544
515576,645312,82,0.786876,1544
515144,645312,82,0.787874,1496
518944,645312,82,0.780375,1496
522800,645312,82,0.772204,1496
522448,645312,82,0.773069,1496
519696,645312,82,0.778945,1496
519640,645312,83,0.779059,1496
522520,645312,83,0.772914,1496
525144,645312,83,0.766999,1496
526152,645312,83,0.764576,1496
529688,645312,83,0.755962,1496
531312,645312,83,0.751724,1496
531912,645312,82,0.750146,1504
529120,645312,83,0.757231,1504
530808,645312,83,0.752874,1504
528960,645312,83,0.757625,1504
530064,645312,83,0.754760,1504
527872,645312,82,0.760385,1504
524328,645312,82,0.768713,1504
523248,645312,82,0.771227,1496
521760,645312,81,0.774644,1496
523464,645312,81,0.770859,1496
523784,645312,80,0.770154,1496
521080,645312,80,0.776079,1496
521664,645312,80,0.774746,1496
523208,645312,80,0.771315,1496
524888,645312,80,0.767471,1496
523200,645312,80,0.771332,1496
519632,645312,80,0.778978,1496
520768,645312,80,0.776531,1496
517888,645312,80,0.782485,1496
514384,645312,81,0.789206,1496
516232,645312,81,0.785622,1496
518888,645312,81,0.780294,1496
521872,645312,81,0.773996,1496
518080,645312,81,0.781914,1496
521328,645312,81,0.775152,1496
520816,645312,81,0.776331,1496
521864,645312,81,0.774013,1496
518848,645312,82,0.780278,1496
517152,645312,82,0.783745,1496
518480,645312,82,0.781019,1496
520120,645312,82,0.777579,1496
519072,645312,82,0.779825,1496
522224,645312,82,0.773138,1496
521280,645312,82,0.775254,1496
522360,645312,82,0.772845,1496
521520,645312,83,0.774695,1472
522024,645312,82,0.773619,1472
519424,645312,81,0.779255,1472
522528,645312,81,0.772637,1472
521968,645312,82,0.773842,1472
518032,645312,82,0.782057,1472
515176,645312,83,0.787588,1472
516576,645312,83,0.784819,1472
515520,645312,83,0.786982,1448
513816,645312,83,0.790257,1448
516512,645312,83,0.785082,1448
516456,645312,83,0.785283,1448
518512,645312,83,0.781147,1448
515704,645312,83,0.786724,1448
516832,645312,82,0.784493,1480
518568,645312,82,0.780971,1480
521520,645312,82,0.774780,1480
524472,645312,82,0.768228,1480
522952,645312,83,0.771595,1480
520672,645312,84,0.776515,1456
522536,645312,84,0.772447,1456
525848,645312,84,0.764928,1456
523040,645312,84,0.771350,1456
519792,645312,85,0.778240,1456
522488,645312,85,0.772447,1456
524296,645312,85,0.768354,1456
522040,645312,85,0.773413,1456
521536,645312,86,0.774491,1456
523040,645312,85,0.771210,1472
523136,645312,84,0.770999,1472
520248,645312,83,0.777364,1472
522808,645312,83,0.771821,1472
520752,645312,84,0.776213,1472
521088,645312,83,0.775440,1504
518952,645312,84,0.779857,1504
515720,645312,85,0.786220,1504
517808,645312,84,0.782057,1552
517448,645312,85,0.782770,1552
514912,645312,85,0.787754,1552
514808,645312,86,0.787965,1544
518352,645312,86,0.780987,1544
521656,645312,85,0.774150,1544
523272,645312,85,0.770542,1544
519792,645312,85,0.778058,1544
523376,645312,85,0.770313,1544
525768,645312,85,0.764798,1544
523904,645312,85,0.769142,1544
521448,645312,85,0.774593,1544
522040,645312,84,0.773310,1552
521016,645312,84,0.775591,1552
524304,645312,84,0.768336,1552
522744,645312,84,0.771891,1552
526184,645312,84,0.764037,1552
528808,645312,84,0.757645,1552
527992,645312,84,0.750824,1520
525360,645312,84,0.757358,1520
528808,645312,84,0.748764,1520
527712,645312,85,0.751603,1488
531680,645312,85,0.741192,1488
532024,645312,84,0.740216,1504
528096,645312,84,0.750603,1504
528808,645312,83,0.748683,1552
528552,645312,83,0.749454,1552
530168,645312,83,0.745171,1552
528432,645312,82,0.749879,1552
524392,645312,82,0.759783,1552
526128,645312,82,0.755559,1552
522248,645312,83,0.764563,1552
520344,645312,84,0.768743,1552
524080,645312,84,0.760285,1552
527376,645312,84,0.752277,1552
527648,645312,83,0.751583,1560
526384,645312,83,0.754805,1560
530064,645312,83,0.745422,1560
529784,645312,84,0.746151,1560
530264,645312,83,0.744835,1584
528784,645312,84,0.748662,1584
530064,645312,84,0.745233,1584
527408,645312,83,0.752238,1584
525720,645312,83,0.756462,1584
529112,645312,83,0.747947,1584
530336,645312,82,0.744646,1632
528856,645312,83,0.748479,1632
531512,645312,83,0.741387,1632
527432,645312,82,0.752178,1632
531424,645312,82,0.741753,1632
527720,645312,81,0.751583,1632
531072,645312,81,0.742824,1632
527968,645312,81,0.750964,1632
525224,645312,82,0.757642,1632
523824,645312,82,0.761024,1632
525312,645312,81,0.757528,1640
526848,645312,80,0.753734,1680
530424,645312,80,0.744541,1680
528528,645312,79,0.749677,1680
525088,645312,79,0.758190,1680
526928,645312,79,0.753655,1680
528480,645312,79,0.749677,1680
527592,645312,79,0.752020,1680
530576,645312,79,0.744267,1680
526888,645312,79,0.753753,1680
529552,645312,79,0.746939,1680
526928,645312,80,0.753538,1680
528480,645312,80,0.749556,1680
528368,645312,81,0.749839,1680
531016,645312,81,0.742845,1680
529792,645312,82,0.746193,1632
530192,645312,81,0.745150,1632
529936,645312,82,0.745818,1632
526584,645312,82,0.754378,1632
530200,645312,82,0.745129,1632
529752,645312,82,0.746421,1632
525920,645312,83,0.755982,1632
521912,645312,83,0.765347,1632
519520,645312,83,0.770642,1632
521344,645312,83,0.766601,1632
521184,645312,83,0.767075,1624
517544,645312,83,0.774873,1624
513720,645312,83,0.782517,1624
517360,645312,83,0.775248,1624
521080,645312,83,0.767302,1624
524280,645312,82,0.759988,1672
527288,645312,82,0.752673,1672
530096,645312,82,0.745422,1672
530328,645312,81,0.744814,1672
528136,645312,82,0.750443,1672
528576,645312,81,0.749313,1680
526736,645312,81,0.754007,1680
527168,645312,80,0.752890,1704
529248,645312,80,0.747536,1704
528928,645312,80,0.748479,1704
525728,645312,81,0.756500,1656
528200,645312,81,0.750322,1656
528400,645312,80,0.749818,1656
524784,645312,80,0.758736,1656
523648,645312,80,0.761483,1656
526064,645312,80,0.755694,1656
529080,645312,80,0.748090,1656
526272,645312,80,0.755192,1656
522352,645312,81,0.764312,1656
519952,645312,81,0.769671,1656
517456,645312,82,0.774906,1648
518296,645312,81,0.773143,1664
518696,645312,81,0.772210,1664
518152,645312,81,0.773541,1616
521848,645312,81,0.765525,1616
517880,645312,81,0.774102,1616
520528,645312,81,0.768415,1616
516992,645312,81,0.775914,1616
515920,645312,80,0.778255,1616
514248,645312,80,0.781644,1600
511008,645312,81,0.787700,1600
513608,645312,81,0.782776,1600
513192,645312,82,0.783565,1600
509472,645312,82,0.790456,1600
506864,645312,82,0.795082,1584
506224,645312,83,0.796160,1584
509360,645312,83,0.790682,1584
511312,645312,83,0.787088,1584
509688,645312,84,0.790016,1584
508744,645312,85,0.791681,1584
511064,645312,85,0.787453,1584
513416,645312,85,0.782989,1584
511712,645312,85,0.786295,1568
513624,645312,84,0.782715,1568
513104,645312,83,0.783882,1568
509792,645312,83,0.790030,1568
507952,645312,83,0.793333,1568
511336,645312,83,0.787249,1568
510344,645312,83,0.789187,1536
513672,645312,83,0.782959,1536
511224,645312,84,0.787511,1536
508904,645312,84,0.791737,1536
505264,645312,85,0.797914,1536
506048,645312,85,0.796535,1536
509824,645312,85,0.789944,1536
510088,645312,84,0.789474,1536
510448,645312,83,0.788828,1536
512624,645312,83,0.784752,1536
513376,645312,82,0.783308,1552
516408,645312,82,0.777315,1552
518280,645312,81,0.773441,1584
516088,645312,81,0.777985,1584
518096,645312,81,0.773822,1584
515384,645312,82,0.779281,1584
513664,645312,83,0.782654,1560
513344,645312,83,0.783353,1560
515968,645312,83,0.778175,1560
513400,645312,83,0.783247,1560
515912,645312,83,0.778286,1560
517984,645312,83,0.774003,1560
521048,645312,83,0.767407,1560
523600,645312,83,0.761593,1560
520368,645312,84,0.768778,1560
521608,645312,83,0.766002,1592
523640,645312,83,0.761318,1592
524088,645312,82,0.760285,1592
527704,645312,82,0.751483,1592
524312,645312,82,0.759764,1592
524552,645312,81,0.759167,1608
522680,645312,81,0.763575,1608
523568,645312,81,0.761447,1608
519600,645312,80,0.770421,1608
518672,645312,80,0.772494,1600
518928,645312,79,0.771958,1600
519144,645312,78,0.771504,1600
515104,645312,79,0.779704,1600
513752,645312,80,0.782365,1576
516608,645312,80,0.776673,1576
515328,645312,81,0.779218,1576
514488,645312,81,0.780950,1576
518320,645312,81,0.773176,1576
514520,645312,81,0.780888,1576
513408,645312,82,0.783095,1536
513880,645312,81,0.782196,1536
511488,645312,81,0.786766,1536
514128,645312,81,0.781721,1536
513184,645312,81,0.783671,1504
511848,645312,81,0.786251,1504
515600,645312,81,0.779013,1504
517000,645312,80,0.776206,1512
516200,645312,80,0.777921,1504
517168,645312,79,0.775931,1528
515112,645312,78,0.780204,1528
512512,645312,78,0.785244,1528
509776,645312,78,0.790300,1528
507304,645312,78,0.794675,1528
505352,645312,78,0.798019,1528
506296,645312,78,0.796374,1528
507216,645312,78,0.794743,1528
506312,645312,79,0.796267,1528
508656,645312,79,0.792183,1528
505488,645312,80,0.797558,1528
504248,645312,80,0.799664,1528
506696,645312,80,0.795541,1528
510408,645312,80,0.789001,1528
509976,645312,81,0.789816,1504
506240,645312,82,0.796267,1504
510208,645312,82,0.789316,1504
513376,645312,82,0.783399,1504
513136,645312,83,0.783882,1488
515912,645312,83,0.778429,1488
519632,645312,82,0.770778,1504
523648,645312,82,0.761832,1504
520696,645312,81,0.768605,1504
522632,645312,81,0.764241,1504
525832,645312,81,0.756729,1504
526256,645312,80,0.755636,1536
522968,645312,80,0.763413,1536
522560,645312,81,0.764384,1512
519616,645312,81,0.770896,1512
517264,645312,81,0.775866,1512
517352,645312,80,0.775687,1512
521368,645312,80,0.767127,1512
522776,645312,80,0.763899,1512
520032,645312,80,0.770013,1512
517336,645312,80,0.775720,1512
515464,645312,81,0.779454,1512
517152,645312,81,0.775995,1512
517168,645312,80,0.775947,1520
514152,645312,80,0.781982,1520
517416,645312,80,0.775444,1520
519400,645312,80,0.771235,1520
523064,645312,80,0.763124,1520
521512,645312,80,0.766689,1520
523320,645312,80,0.762543,1520
521680,645312,81,0.766214,1520
519128,645312,81,0.771807,1520
520280,645312,80,0.769362,1520
518664,645312,80,0.772877,1520
518320,645312,80,0.773723,1504
521072,645312,79,0.767842,1528
521920,645312,78,0.765985,1528
522896,645312,78,0.763702,1528
526808,645312,78,0.754436,1528
530384,645312,78,0.745296,1528
528312,645312,77,0.750844,1528
525688,645312,78,0.757244,1528
529736,645312,78,0.747104,1528
530136,645312,77,0.746068,1528
526176,645312,78,0.755963,1528
525232,645312,78,0.758322,1528
524840,645312,79,0.759242,1528
523816,645312,79,0.761722,1528
525440,645312,78,0.757945,1528
526376,645312,78,0.755598,1528
530320,645312,77,0.745672,1544
531968,645312,77,0.741171,1544
528288,645312,78,0.750744,1544
529720,645312,78,0.746980,1544
527872,645312,78,0.751782,1544
530120,645312,78,0.745943,1544
528408,645312,78,0.750443,1544
530192,645312,78,0.745756,1544
526616,645312,79,0.754747,1544
528376,645312,79,0.750282,1544
525152,645312,79,0.758247,1544
525136,645312,80,0.758303,1536
525832,645312,79,0.756615,1552
522880,645312,79,0.763575,1552
524784,645312,79,0.759092,1552
523384,645312,79,0.762434,1552
525640,645312,79,0.757072,1552
526784,645312,78,0.754280,1568
526584,645312,79,0.754766,1568
529872,645312,79,0.746401,1568
526584,645312,79,0.754766,1568
525032,645312,79,0.758586,1568
525104,645312,78,0.758416,1568
523480,645312,79,0.762179,1568
526336,645312,79,0.755366,1568
527712,645312,79,0.751881,1568
524592,645312,79,0.759503,1568
528120,645312,78,0.750864,1616
526136,645312,79,0.755732,1616
529552,645312,79,0.747104,1616
526304,645312,80,0.755212,1616
525328,645312,80,0.757661,1616
528384,645312,80,0.750081,1616
526208,645312,80,0.755559,1616
530200,645312,80,0.745422,1616
532616,645312,79,0.738859,1648
531344,645312,79,0.742439,1648
532384,645312,78,0.739496,1696
529376,645312,79,0.747475,1696
526208,645312,79,0.755482,1696
529560,645312,78,0.747125,1696
530872,645312,78,0.743569,1696
529176,645312,79,0.747988,1696
528272,645312,79,0.750483,1664
528144,645312,79,0.750924,1664
527040,645312,80,0.753655,1664
526456,645312,79,0.755308,1664
529752,645312,79,0.746959,1664
531464,645312,79,0.742332,1664
534808,645312,79,0.732920,1664
530904,645312,80,0.743696,1664
528856,645312,79,0.749252,1664
525568,645312,80,0.757320,1664
526672,645312,79,0.754669,1664
528168,645312,79,0.750864,1664
530408,645312,79,0.745003,1664
528208,645312,80,0.750684,1648
528400,645312,79,0.750161,1664
526456,645312,79,0.755076,1664
523408,645312,79,0.762416,1632
526272,645312,79,0.755598,1632
529448,645312,79,0.747578,1632
526752,645312,79,0.754436,1632
530232,645312,79,0.745547,1632
526936,645312,79,0.753988,1632
530480,645312,79,0.744898,1632
528632,645312,79,0.749778,1632
524800,645312,80,0.759092,1632
524368,645312,80,0.760303,1592
523720,645312,80,0.761923,1584
522032,645312,80,0.765826,1584
524184,645312,80,0.760858,1584
524360,645312,79,0.760451,1584
525264,645312,79,0.758228,1584
525072,645312,80,0.758717,1568
523672,645312,81,0.761978,1560
523720,645312,80,0.761850,1568
527528,645312,79,0.752752,1592
527192,645312,80,0.753655,1560
528304,645312,79,0.750844,1584
526760,645312,79,0.754766,1584
527560,645312,78,0.752732,1616
530936,645312,78,0.743992,1616
531568,645312,77,0.742204,1656
531808,645312,76,0.741516,1672
534096,645312,76,0.735065,1672
530296,645312,76,0.745526,1672
534048,645312,76,0.735201,1672
533208,645312,77,0.737599,1656
530432,645312,77,0.745212,1656
529152,645312,78,0.748520,1656
525280,645312,78,0.758134,1656
525352,645312,77,0.757945,1664
527352,645312,77,0.753008,1664
527256,645312,76,0.744095,1664
529464,645312,76,0.738225,1664
526296,645312,76,0.746594,1632
526840,645312,75,0.745230,1632
530032,645312,75,0.736790,1632
529688,645312,76,0.737713,1632
529920,645312,75,0.737092,1632
532560,645312,75,0.729671,1632
529232,645312,74,0.739053,1632
531984,645312,74,0.731430,1632
527968,645312,74,0.742354,1632
527368,645312,75,0.743912,1624
527384,645312,74,0.743871,1624
528840,645312,74,0.739981,1624
526200,645312,75,0.746734,1624
524888,645312,75,0.750078,1624
524384,645312,76,0.751314,1616
522824,645312,77,0.755006,1616
522424,645312,78,0.755935,1616
521344,645312,79,0.758408,1616
518552,645312,80,0.764611,1600
520160,645312,80,0.760992,1600
521448,645312,79,0.758081,1608
522560,645312,79,0.755415,1608
523960,645312,78,0.752099,1616
521448,645312,78,0.758063,1616
521000,645312,79,0.759078,1616
523320,645312,79,0.753618,1616
522536,645312,78,0.755675,1616
518584,645312,78,0.764611,1616
515208,645312,79,0.771660,1616
518312,645312,79,0.765092,1616
519208,645312,78,0.763156,1616
518944,645312,78,0.763834,1616
522264,645312,78,0.756304,1616
521200,645312,78,0.758897,1592
522504,645312,77,0.755805,1640
523416,645312,76,0.753674,1640
524688,645312,75,0.750639,1640
526656,645312,74,0.745753,1656
523392,645312,74,0.753806,1656
519864,645312,75,0.761947,1608
522496,645312,74,0.755953,1632
523016,645312,73,0.754688,1656
525680,645312,73,0.748181,1656
528408,645312,73,0.741152,1656
526576,645312,73,0.745974,1648
523096,645312,73,0.754520,1648
523904,645312,72,0.752500,1696
523648,645312,73,0.753107,1696
522536,645312,73,0.755824,1696
520288,645312,72,0.761134,1696
516320,645312,72,0.769715,1696
515312,645312,73,0.771773,1696
514576,645312,74,0.773253,1696
515112,645312,73,0.772145,1712
518808,645312,73,0.764335,1712
522168,645312,73,0.756747,1712
522288,645312,72,0.756434,1728
518576,645312,72,0.764800,1728
520704,645312,72,0.760030,1728
522032,645312,72,0.756912,1728
523664,645312,72,0.752994,1728
524824,645312,71,0.750175,1744
524488,645312,71,0.751141,1728
527264,645312,71,0.744156,1728
526256,645312,72,0.746754,1704
530264,645312,72,0.736230,1704
526256,645312,72,0.746754,1704
526280,645312,71,0.746674,1712
522896,645312,70,0.755062,1712
524808,645312,70,0.750407,1712
522488,645312,70,0.756009,1712
522400,645312,70,0.756323,1712
520944,645312,70,0.759743,1712
521896,645312,69,0.757589,1712
518264,645312,70,0.765606,1712
519496,645312,69,0.762842,1760
519664,645312,68,0.762474,1760
518152,645312,68,0.765844,1760
521104,645312,68,0.759276,1760
524216,645312,68,0.751946,1760
523744,645312,69,0.753069,1760
523200,645312,69,0.754464,1760
523768,645312,68,0.753088,1776
525576,645312,68,0.748613,1776
522096,645312,69,0.756875,1776
525856,645312,69,0.747806,1776
523920,645312,70,0.752500,1776
526288,645312,70,0.746614,1776
524200,645312,71,0.751832,1728
525888,645312,71,0.747608,1728
524128,645312,71,0.752004,1728
520512,645312,71,0.726366,1728
524560,645312,71,0.715524,1728
528440,645312,71,0.704288,1728
526920,645312,71,0.708878,1728
530952,645312,71,0.696625,1728
528944,645312,72,0.702781,1728
531920,645312,72,0.693411,1728
530288,645312,72,0.698689,1728
529000,645312,73,0.702637,1720
529112,645312,72,0.702300,1720
529672,645312,71,0.700456,1768
527472,645312,71,0.707232,1744
531248,645312,71,0.695645,1744
530728,645312,71,0.697473,1728
529568,645312,72,0.701090,1712
526608,645312,72,0.709957,1712
528056,645312,72,0.705614,1712
526944,645312,73,0.708924,1688
527240,645312,72,0.708069,1688
527608,645312,71,0.706998,1688
530144,645312,71,0.699256,1688
526760,645312,71,0.709453,1688
530504,645312,71,0.698144,1688
527640,645312,72,0.706765,1688
529152,645312,71,0.702276,1688
528976,645312,72,0.702805,1688
530776,645312,72,0.697149,1688
527832,645312,73,0.706061,1688
529144,645312,73,0.702010,1688
526936,645312,73,0.708670,1688
523576,645312,74,0.718055,1688
525352,645312,74,0.713037,1688
522160,645312,73,0.721957,1688
521000,645312,74,0.724974,1688
523472,645312,74,0.718336,1688
522776,645312,75,0.720244,1672
519712,645312,75,0.728287,1672
520024,645312,74,0.727381,1720
518624,645312,75,0.730893,1712
518768,645312,74,0.730499,1728
522456,645312,73,0.721050,1736
521416,645312,73,0.724024,1688
517664,645312,74,0.733411,1688
520048,645312,74,0.727401,1688
523312,645312,74,0.718767,1688
521312,645312,74,0.724169,1688
521472,645312,73,0.723734,1696
522920,645312,73,0.719796,1696
526888,645312,72,0.708693,1728
526528,645312,73,0.709728,1728
526288,645312,74,0.710437,1720
529864,645312,73,0.699747,1760
532160,645312,73,0.692385,1760
529056,645312,74,0.702059,1760
528184,645312,75,0.704668,1760
527912,645312,74,0.705779,1752
531664,645312,73,0.694304,1752
531032,645312,74,0.696424,1712
533168,645312,73,0.689579,1712
531592,645312,73,0.694811,1712
528536,645312,74,0.704192,1712
530616,645312,74,0.697722,1712
527072,645312,75,0.708347,1712
527944,645312,74,0.705802,1712
530232,645312,74,0.698763,1712
533848,645312,73,0.687149,1720
534464,645312,72,0.685058,1728
533152,645312,72,0.689579,1728
532464,645312,72,0.691973,1728
531504,645312,72,0.695191,1728
535584,645312,72,0.681566,1728
536600,645312,71,0.677996,1736
537624,645312,70,0.674316,1744
537608,645312,71,0.674373,1744
538520,645312,70,0.670963,1768
536016,645312,70,0.680237,1728
534888,645312,71,0.684220,1696
535552,645312,70,0.681924,1704
535688,645312,69,0.681318,1744
533648,645312,69,0.688369,1744
537272,645312,69,0.675752,1744
535808,645312,70,0.680903,1744
532976,645312,71,0.690494,1720
534600,645312,70,0.685085,1728
530904,645312,69,0.697374,1728
529264,645312,70,0.702517,1688
525560,645312,71,0.713328,1664
526584,645312,70,0.710346,1696
523040,645312,71,0.720116,1696
520960,645312,71,0.725672,1696
523992,645312,71,0.717557,1696
524160,645312,70,0.717057,1712
525400,645312,70,0.713506,1712
521384,645312,71,0.724293,1712
522448,645312,70,0.721515,1712
524784,645312,70,0.715083,1712
521736,645312,71,0.723339,1680
520712,645312,72,0.726060,1648
521624,645312,72,0.723588,1648
523536,645312,72,0.718400,1648
523568,645312,71,0.718314,1648
521832,645312,71,0.723047,1648
518536,645312,72,0.731385,1648
519904,645312,71,0.727925,1672
520232,645312,70,0.727016,1704
517704,645312,70,0.733391,1704
518120,645312,69,0.732343,1720
514544,645312,70,0.740871,1680
514712,645312,69,0.740395,1720
513776,645312,69,0.742631,1720
513336,645312,69,0.743743,1712
515616,645312,69,0.738437,1712
516144,645312,69,0.737091,1712
514608,645312,69,0.740853,1672
516416,645312,69,0.736544,1672
514968,645312,69,0.740028,1672
516504,645312,68,0.736393,1696
513320,645312,69,0.743708,1696
509600,645312,70,0.751756,1696
512200,645312,70,0.746080,1696
513256,645312,69,0.743743,1696
510840,645312,70,0.749096,1664
513024,645312,70,0.744225,1664
511832,645312,71,0.746849,1664
511536,645312,72,0.747493,1664
510504,645312,73,0.749711,1664
508720,645312,73,0.753553,1664
507416,645312,74,0.756314,1616
508616,645312,74,0.753768,1616
505512,645312,74,0.760099,1616
504872,645312,75,0.761345,1616
508592,645312,74,0.753916,1616
512680,645312,74,0.745094,1616
515880,645312,74,0.737710,1616
517608,645312,74,0.733488,1616
520760,645312,73,0.725569,1648
519504,645312,74,0.728849,1608
518360,645312,75,0.731718,1592
520256,645312,75,0.726874,1592
520936,645312,74,0.725036,1632
522744,645312,74,0.720180,1632
521312,645312,75,0.723941,1632
524880,645312,74,0.714308,1656
523552,645312,74,0.718077,1656
522640,645312,75,0.720584,1632
523792,645312,74,0.717470,1640
524864,645312,73,0.714441,1672
523416,645312,73,0.718530,1672
526528,645312,73,0.709751,1672
526368,645312,74,0.710232,1664
529744,645312,74,0.700114,1664
528208,645312,75,0.704810,1640
529648,645312,74,0.700407,1664
529400,645312,74,0.701308,1664
525680,645312,75,0.712183,1664
521968,645312,75,0.722398,1664
524488,645312,75,0.715502,1664
525464,645312,75,0.712655,1664
524176,645312,75,0.716358,1664
520400,645312,75,0.726447,1664
520544,645312,74,0.726080,1664
523416,645312,74,0.718422,1664
521808,645312,74,0.722817,1664
522576,645312,73,0.720754,1680
525912,645312,73,0.711483,1680
522272,645312,74,0.721431,1680
520152,645312,75,0.727016,1640
516848,645312,75,0.735254,1640
517928,645312,75,0.732538,1640
514592,645312,75,0.740524,1640
517056,645312,75,0.734642,1640
517728,645312,75,0.732907,1640
520680,645312,75,0.725426,1640
518952,645312,75,0.729904,1640
521040,645312,75,0.724500,1640
518760,645312,75,0.730380,1640
519032,645312,74,0.729686,1648
515080,645312,74,0.739272,1648
517152,645312,74,0.734278,1648
513832,645312,74,0.742126,1648
511080,645312,75,0.748254,1624
513224,645312,75,0.743439,1624
516488,645312,75,0.735806,1624
514648,645312,75,0.740304,1584
515432,645312,74,0.738437,1608
514024,645312,74,0.741781,1608
516736,645312,74,0.735368,1608
513008,645312,74,0.744065,1608
514784,645312,73,0.739955,1648
512752,645312,74,0.744545,1648
510120,645312,75,0.750306,1624
512496,645312,75,0.745059,1624
509512,645312,75,0.751588,1624
507736,645312,76,0.755341,1584
510504,645312,76,0.749472,1584
511984,645312,75,0.746220,1608
511624,645312,75,0.747163,1584
508472,645312,76,0.753900,1552
508400,645312,77,0.754064,1544
506032,645312,77,0.758935,1544
502728,645312,78,0.765292,1544
503696,645312,78,0.763373,1544
506120,645312,78,0.758571,1544
508224,645312,78,0.754229,1544
510856,645312,78,0.748598,1544
507576,645312,79,0.755455,1544
511224,645312,79,0.747701,1544
508496,645312,80,0.753471,1544
510712,645312,80,0.748701,1544
513456,645312,80,0.742559,1544
510808,645312,80,0.748495,1544
514352,645312,80,0.740524,1544
517096,645312,80,0.733970,1544
516256,645312,80,0.736128,1528
519560,645312,80,0.727946,1528
516216,645312,81,0.736109,1528
517032,645312,80,0.734143,1536
516864,645312,80,0.734661,1536
516960,645312,79,0.734431,1536
515152,645312,79,0.738809,1536
518968,645312,79,0.729527,1536
517080,645312,79,0.734259,1536
516232,645312,80,0.736280,1536
517072,645312,79,0.734259,1544
516120,645312,80,0.736525,1544
519616,645312,80,0.727885,1544
518600,645312,81,0.730439,1536
521216,645312,81,0.723692,1536
525016,645312,81,0.713328,1536
524616,645312,82,0.714441,1536
520896,645312,81,0.724685,1520
521768,645312,81,0.722294,1520
518816,645312,82,0.729825,1520
519232,645312,81,0.728749,1536
521256,645312,80,0.723588,1536
518880,645312,80,0.729746,1536
520696,645312,79,0.725159,1536
518920,645312,79,0.729765,1536
514976,645312,80,0.739217,1536
511864,645312,79,0.746430,1536
512392,645312,79,0.745165,1536
512368,645312,79,0.745341,1528
509680,645312,80,0.751134,1528
506064,645312,81,0.758539,1520
509336,645312,81,0.751773,1520
509864,645312,81,0.750560,1520
513544,645312,81,0.742415,1520
516320,645312,81,0.735882,1520
518912,645312,81,0.729467,1520
515648,645312,81,0.737466,1520
517744,645312,81,0.732343,1520
515088,645312,82,0.738661,1520
511008,645312,83,0.747805,1520
510296,645312,84,0.749438,1472
507672,645312,84,0.755015,1472
509712,645312,84,0.750678,1472
513352,645312,84,0.742631,1472
514528,645312,83,0.739955,1472
512656,645312,83,0.744367,1440
510576,645312,82,0.749113,1440
514304,645312,82,0.740762,1440
515880,645312,81,0.737034,1472
516824,645312,80,0.734776,1480
512856,645312,81,0.744011,1448
514120,645312,80,0.741127,1464
512312,645312,81,0.745182,1464
509720,645312,81,0.750881,1464
509304,645312,82,0.751789,1448
507936,645312,83,0.754672,1424
510144,645312,83,0.749966,1424
513952,645312,83,0.741491,1424
514184,645312,82,0.740944,1432
515120,645312,82,0.738679,1432
513024,645312,82,0.743565,1432
509760,645312,83,0.750661,1432
507728,645312,83,0.754982,1432
504064,645312,83,0.762333,1432
504656,645312,83,0.761097,1432
505504,645312,82,0.759440,1432
506256,645312,82,0.757855,1432
505232,645312,83,0.759895,1424
504360,645312,83,0.761686,1424
505488,645312,82,0.759471,1432
507992,645312,82,0.754344,1432
511008,645312,82,0.747891,1432
508360,645312,82,0.753586,1432
505248,645312,82,0.759943,1432
502952,645312,83,0.764359,1432
506896,645312,83,0.756572,1432
504376,645312,83,0.761639,1432
507920,645312,82,0.754590,1432
510448,645312,82,0.749198,1432
514528,645312,82,0.740047,1432
513040,645312,83,0.743439,1424
515992,645312,83,0.736544,1424
512048,645312,83,0.745641,1424
510248,645312,82,0.749745,1424
513440,645312,82,0.742649,1424
514136,645312,82,0.740963,1424
510960,645312,82,0.748116,1424
513072,645312,82,0.743368,1424
511920,645312,83,0.745940,1416
514848,645312,83,0.739235,1416
514224,645312,82,0.740890,1416
513472,645312,82,0.742703,1416
514664,645312,81,0.739992,1416
516464,645312,81,0.735673,1416
515200,645312,82,0.738679,1400
517752,645312,82,0.732499,1400
516064,645312,82,0.736657,1400
515088,645312,81,0.739161,1400
518816,645312,81,0.730123,1400
519288,645312,80,0.728909,1416
515488,645312,81,0.738083,1416
519472,645312,81,0.728328,1416
515656,645312,82,0.737579,1416
512800,645312,83,0.744100,1416
513120,645312,83,0.743278,1416
514768,645312,82,0.739531,1416
512480,645312,83,0.744704,1416
515688,645312,83,0.737278,1416
515160,645312,83,0.738623,1416
517528,645312,83,0.732888,1416
517392,645312,84,0.733314,1376
520160,645312,84,0.726325,1376
517512,645312,85,0.733004,1336
519576,645312,85,0.727784,1336
515936,645312,85,0.736770,1336
517160,645312,84,0.733855,1336
513416,645312,85,0.742577,1336
517088,645312,85,0.733912,1336
515384,645312,85,0.738065,1336
519416,645312,84,0.728187,1384
518216,645312,84,0.731287,1384
521320,645312,84,0.723318,1384
520784,645312,85,0.724747,1368
522136,645312,84,0.721114,1408
519920,645312,84,0.726976,1408
515976,645312,84,0.736770,1392
519984,645312,83,0.726874,1432
523992,645312,83,0.716183,1432
523920,645312,84,0.716380,1432
522016,645312,84,0.721621,1432
523208,645312,83,0.718336,1472
524608,645312,83,0.714375,1472
523664,645312,84,0.716991,1464
526312,645312,83,0.709476,1504
525720,645312,83,0.711301,1504
526208,645312,82,0.709912,1504
525136,645312,83,0.713037,1472
528880,645312,83,0.702010,1472
527104,645312,84,0.707395,1432
524688,645312,85,0.714264,1432
524272,645312,86,0.715458,1416
524880,645312,85,0.713774,1416
525136,645312,84,0.713059,1416
526304,645312,84,0.709614,1416
522528,645312,84,0.720180,1416
523656,645312,83,0.717144,1416
520944,645312,83,0.724458,1416
518280,645312,83,0.731287,1416
515072,645312,83,0.739050,1416
511720,645312,84,0.746588,1416
509656,645312,84,0.751117,1416
505576,645312,83,0.759613,1416
506952,645312,83,0.756782,1416
509616,645312,83,0.751201,1416
513712,645312,83,0.742162,1416
511064,645312,84,0.748098,1376
506968,645312,84,0.756734,1376
509496,645312,84,0.751437,1376
510728,645312,84,0.748718,1376
507000,645312,85,0.756556,1336
506088,645312,85,0.758476,1336
503528,645312,84,0.763632,1336
507248,645312,83,0.756250,1384
506072,645312,84,0.758603,1384
505976,645312,85,0.758793,1384
507328,645312,84,0.756055,1400
505416,645312,83,0.760052,1400
505176,645312,84,0.760552,1384
508128,645312,84,0.754557,1384
509368,645312,84,0.751890,1384
509912,645312,83,0.750695,1408
510280,645312,82,0.749847,1440
509272,645312,82,0.752074,1440
512120,645312,82,0.745869,1440
512800,645312,82,0.744260,1440
510696,645312,82,0.748959,1440
510280,645312,83,0.749881,1424
507896,645312,83,0.754950,1424
506320,645312,84,0.758190,1392
507952,645312,83,0.754884,1400
512016,645312,83,0.746185,1400
509224,645312,83,0.752258,1400
506688,645312,83,0.757536,1400
507072,645312,82,0.756669,1448
510904,645312,81,0.748615,1488
512976,645312,81,0.743975,1488
515352,645312,80,0.738512,1512
512488,645312,80,0.745112,1512
515288,645312,80,0.738661,1512
511912,645312,81,0.746273,1512
514136,645312,81,0.741200,1512
514840,645312,81,0.739476,1512
518728,645312,81,0.730063,1512
520448,645312,80,0.725733,1512
518472,645312,80,0.730814,1512
515336,645312,81,0.738326,1512
517984,645312,80,0.731972,1528
519544,645312,79,0.728046,1552
516048,645312,79,0.736676,1552
517168,645312,79,0.733893,1552
514400,645312,79,0.740505,1552
517584,645312,79,0.732888,1552
513896,645312,79,0.741673,1544
512664,645312,79,0.744545,1544
509480,645312,79,0.751521,1544
506944,645312,78,0.756927,1544
506016,645312,79,0.758777,1544
508208,645312,79,0.754262,1544
511352,645312,79,0.747527,1544
515224,645312,79,0.738735,1544
518568,645312,79,0.730617,1544
521552,645312,78,0.722984,1568
518560,645312,78,0.730696,1568
519840,645312,77,0.727461,1584
516968,645312,78,0.734527,1584
516080,645312,79,0.736638,1584
517528,645312,79,0.733062,1584
519872,645312,79,0.727138,1584
519304,645312,79,0.728729,1568
522160,645312,79,0.721262,1568
520432,645312,80,0.725754,1568
521448,645312,79,0.723089,1584
518648,645312,79,0.730321,1584
522656,645312,79,0.719902,1584
522528,645312,79,0.720392,1576
525472,645312,79,0.712205,1576
521664,645312,80,0.722608,1552
520760,645312,81,0.724953,1552
522704,645312,80,0.719732,1600
523984,645312,79,0.716161,1640
520928,645312,80,0.724293,1640
518312,645312,80,0.731011,1640
522320,645312,80,0.720647,1640
522992,645312,80,0.718724,1640
522024,645312,81,0.721367,1616
519936,645312,81,0.726895,1616
520432,645312,80,0.725549,1648
519200,645312,80,0.728909,1600
517824,645312,80,0.732421,1600
515352,645312,80,0.738419,1600
518992,645312,79,0.729666,1600
516040,645312,78,0.737034,1600
513272,645312,79,0.743386,1600
510808,645312,80,0.748787,1600
514112,645312,80,0.741382,1600
511464,645312,81,0.747302,1584
514664,645312,81,0.740047,1584
516080,645312,81,0.736638,1584
518296,645312,81,0.731188,1584
516880,645312,81,0.734738,1584
520648,645312,81,0.725282,1584
520552,645312,81,0.724308,1584
518472,645312,82,0.729556,1584
521528,645312,81,0.721774,1584
522448,645312,80,0.719344,1584
524536,645312,80,0.713532,1584
525456,645312,79,0.710932,1592
529416,645312,79,0.699137,1592
527288,645312,79,0.705657,1592
527528,645312,78,0.704952,1592
523720,645312,77,0.716021,1592
526816,645312,76,0.707197,1632
524480,645312,75,0.714087,1632
521280,645312,75,0.722798,1632
521112,645312,76,0.723337,1592
519488,645312,77,0.727501,1584
520064,645312,76,0.725924,1632
519240,645312,77,0.728002,1632
523032,645312,77,0.718037,1632
522008,645312,77,0.720892,1632
524280,645312,77,0.714639,1632
526528,645312,77,0.708169,1632
522696,645312,78,0.718916,1592
525184,645312,78,0.711969,1592
525264,645312,77,0.711722,1600
524112,645312,76,0.715189,1600
526016,645312,76,0.709728,1600
527352,645312,76,0.705728,1600
526736,645312,76,0.707684,1592
523432,645312,77,0.716935,1592
527184,645312,77,0.706243,1592
529752,645312,77,0.698400,1592
528136,645312,78,0.703293,1592
528056,645312,79,0.703555,1584
527848,645312,80,0.704220,1568
527816,645312,81,0.704314,1568
528504,645312,80,0.702265,1568
524472,645312,81,0.714020,1520
524232,645312,81,0.714859,1504
525008,645312,80,0.712574,1552
521096,645312,79,0.723358,1552
522936,645312,79,0.718381,1552
521712,645312,80,0.721628,1552
525200,645312,80,0.712036,1552
528336,645312,80,0.702816,1552
529656,645312,79,0.698793,1560
531304,645312,78,0.693546,1592
530496,645312,78,0.696392,1544
529920,645312,79,0.698326,1496
533464,645312,79,0.686843,1496
530936,645312,79,0.695164,1496
531408,645312,78,0.693622,1512
533944,645312,78,0.685188,1512
532104,645312,78,0.691395,1512
535672,645312,78,0.679285,1512
533072,645312,78,0.688244,1512
531176,645312,79,0.694357,1512
531400,645312,78,0.693647,1512
527416,645312,79,0.705798,1512
526352,645312,79,0.709019,1512
523256,645312,80,0.717735,1472
526120,645312,80,0.709660,1472
526768,645312,79,0.707661,1520
529960,645312,79,0.697981,1520
529728,645312,80,0.698695,1520
530304,645312,79,0.696766,1568
533368,645312,79,0.686763,1568
532896,645312,79,0.688533,1552
535512,645312,79,0.679535,1552
531968,645312,80,0.691395,1552
530840,645312,80,0.695164,1544
533704,645312,80,0.685724,1544
534512,645312,80,0.682837,1544
537288,645312,79,0.672924,1592
535656,645312,79,0.678922,1584
533288,645312,79,0.687135,1584
533064,645312,80,0.687875,1584
536128,645312,80,0.677267,1584
539584,645312,80,0.664426,1584
543648,645312,80,0.647989,1584
539640,645312,81,0.664182,1544
541400,645312,80,0.657233,1568
540272,645312,81,0.661691,1560
543856,645312,81,0.647014,1560
543208,645312,82,0.649924,1512
540984,645312,82,0.659099,1512
544384,645312,82,0.644978,1512
547272,645312,82,0.631998,1512
544608,645312,82,0.644020,1512
544888,645312,81,0.642816,1512
543824,645312,81,0.647553,1512
543040,645312,81,0.651114,1488
545824,645312,81,0.639046,1488
546472,645312,80,0.635952,1536
543904,645312,80,0.647317,1536
545464,645312,80,0.640417,1536
541712,645312,80,0.656308,1536
538688,645312,81,0.667985,1536
535304,645312,81,0.680312,1536
535792,645312,81,0.678447,1536
535464,645312,81,0.679868,1504
534936,645312,82,0.681689,1504
537520,645312,82,0.672402,1504
535408,645312,82,0.680062,1504
531464,645312,83,0.693164,1504
534064,645312,83,0.684489,1504
534848,645312,83,0.681661,1504
538544,645312,83,0.668283,1504
538400,645312,84,0.668818,1504
542440,645312,84,0.652917,1504
542552,645312,83,0.652460,1504
543648,645312,82,0.647754,1544
542408,645312,82,0.653080,1544
540584,645312,82,0.660540,1544
542544,645312,82,0.652526,1544
544240,645312,81,0.645421,1552
540488,645312,81,0.660883,1552
544400,645312,81,0.644739,1552
543600,645312,82,0.648257,1520
541352,645312,82,0.657614,1520
544600,645312,82,0.644020,1520
545744,645312,81,0.638976,1536
542960,645312,81,0.651049,1536
540888,645312,81,0.659571,1536
537584,645312,81,0.672227,1536
533840,645312,81,0.645095,1536
534920,645312,80,0.640968,1536
530928,645312,81,0.655765,1536
532736,645312,81,0.649040,1536
533376,645312,80,0.646660,1536
536648,645312,80,0.633776,1536
538440,645312,80,0.626222,1536
534712,645312,81,0.641215,1536
532896,645312,81,0.648418,1496
533912,645312,81,0.644429,1496
536696,645312,81,0.633357,1496
533952,645312,81,0.644278,1496
533112,645312,81,0.647646,1488
531552,645312,81,0.653619,1464
531960,645312,80,0.652116,1472
534872,645312,80,0.641030,1472
538680,645312,80,0.625483,1472
538512,645312,81,0.626255,1456
538768,645312,80,0.625146,1464
535992,645312,80,0.636681,1464
533864,645312,80,0.645095,1464
537816,645312,80,0.629313,1464
540720,645312,80,0.616736,1464
538648,645312,80,0.625853,1464
536432,645312,80,0.635122,1464
536880,645312,79,0.633292,1472
540760,645312,79,0.616736,1472
539840,645312,79,0.620953,1472
539856,645312,78,0.620884,1472
539368,645312,78,0.623181,1472
542032,645312,78,0.611267,1472
540656,645312,78,0.617615,1472
538696,645312,78,0.626222,1472
534816,645312,78,0.641986,1472
535808,645312,77,0.638132,1472
536352,645312,76,0.635951,1480
539672,645312,76,0.622053,1480
536472,645312,76,0.635473,1480
535392,645312,76,0.639914,1480
532248,645312,75,0.652087,1480
535760,645312,75,0.638665,1480
532512,645312,75,0.651126,1480
536200,645312,75,0.636934,1480
535184,645312,75,0.641092,1480
536416,645312,75,0.636078,1480
537696,645312,75,0.630726,1480
540408,645312,75,0.619082,1480
538728,645312,76,0.626255,1480
535240,645312,76,0.640504,1480
531592,645312,76,0.654280,1480
533720,645312,75,0.646390,1504
529864,645312,75,0.660448,1504
530736,645312,75,0.657237,1504
533104,645312,75,0.648507,1504
536824,645312,75,0.633969,1504
535472,645312,76,0.639478,1464
534656,645312,76,0.642845,1456
535208,645312,76,0.640535,1456
538872,645312,76,0.625550,1456
538824,645312,77,0.625786,1448
542536,645312,77,0.609299,1448
539632,645312,77,0.622361,1448
540720,645312,77,0.617439,1448
537936,645312,77,0.629478,1448
538824,645312,77,0.625584,1448
538568,645312,77,0.626858,1448
541904,645312,76,0.612207,1488
540256,645312,76,0.619847,1456
537592,645312,76,0.631248,1456
538552,645312,76,0.627091,1456
540616,645312,76,0.618070,1456
537752,645312,77,0.630201,1456
536656,645312,78,0.634802,1416
540224,645312,78,0.619743,1416
541912,645312,78,0.612063,1416
541024,645312,78,0.616242,1416
544288,645312,78,0.601034,1416
540408,645312,78,0.618943,1416
536416,645312,79,0.635569,1416
539688,645312,79,0.621847,1416
541752,645312,79,0.612567,1416
540480,645312,80,0.618210,1416
542440,645312,80,0.609226,1416
540912,645312,81,0.616242,1384
537232,645312,80,0.632224,1384
539880,645312,80,0.620953,1384
541664,645312,80,0.612891,1384
540344,645312,81,0.618769,1376
539576,645312,82,0.622156,1360
535824,645312,83,0.637565,1360
539360,645312,83,0.622874,1360
542640,645312,83,0.608123,1360
543120,645312,82,0.605676,1408
542568,645312,81,0.608675,1408
540776,645312,81,0.616947,1408
540272,645312,81,0.619395,1400
537632,645312,81,0.630726,1400
536488,645312,82,0.635409,1384
539192,645312,82,0.624098,1384
535352,645312,82,0.639882,1384
531592,645312,82,0.654108,1384
533208,645312,82,0.648032,1384
534216,645312,81,0.644186,1400
534576,645312,80,0.642753,1416
534048,645312,79,0.645126,1416
529960,645312,79,0.660088,1416
531216,645312,78,0.655623,1432
528512,645312,78,0.665140,1432
531040,645312,77,0.656304,1464
535072,645312,77,0.641215,1464
531344,645312,77,0.655224,1464
532944,645312,77,0.649247,1464
534288,645312,76,0.644035,1512
531624,645312,76,0.654050,1512
532152,645312,75,0.651971,1560
533376,645312,75,0.647288,1560
530624,645312,75,0.657434,1560
528432,645312,75,0.665140,1560
525744,645312,75,0.674095,1560
527752,645312,75,0.667411,1560
525120,645312,76,0.675919,1560
527184,645312,76,0.669128,1560
531224,645312,76,0.655138,1560
531776,645312,76,0.652985,1560
531232,645312,77,0.654967,1552
533304,645312,77,0.647228,1552
533400,645312,76,0.646840,1560
529776,645312,77,0.659894,1560
527224,645312,77,0.668680,1560
529816,645312,77,0.659755,1560
530736,645312,76,0.656446,1584
528024,645312,76,0.665945,1584
527752,645312,77,0.666880,1576
527888,645312,76,0.666400,1584
524696,645312,77,0.676724,1584
526232,645312,76,0.671759,1608
530216,645312,75,0.658333,1616
528208,645312,75,0.665382,1616
529248,645312,75,0.661688,1616
528576,645312,76,0.663979,1616
529296,645312,75,0.661523,1616
528376,645312,76,0.664682,1608
531904,645312,75,0.652290,1624
531416,645312,75,0.654223,1624
535256,645312,75,0.639696,1624
534568,645312,75,0.642539,1624
532760,645312,76,0.649335,1624
534320,645312,76,0.643303,1624
537880,645312,76,0.628983,1624
533872,645312,77,0.644823,1624
535880,645312,77,0.636871,1624
533840,645312,78,0.644763,1624
534480,645312,77,0.642293,1632
534008,645312,78,0.644156,1616
530480,645312,78,0.657293,1600
532296,645312,78,0.650599,1600
533096,645312,78,0.647467,1600
532984,645312,79,0.647884,1600
529528,645312,80,0.660282,1600
526784,645312,80,0.669678,1600
526000,645312,80,0.672533,1552
527648,645312,80,0.666986,1552
530320,645312,80,0.657687,1552
528376,645312,81,0.664547,1504
530104,645312,81,0.658445,1504
531520,645312,81,0.653245,1504
529280,645312,81,0.661303,1504
528760,645312,82,0.663165,1480
526416,645312,82,0.671112,1480
526400,645312,83,0.671164,1480
529976,645312,83,0.658976,1480
531720,645312,83,0.652609,1480
534184,645312,83,0.643273,1480
533944,645312,84,0.644186,1480
536152,645312,84,0.635409,1480
536536,645312,83,0.633840,1488
538176,645312,83,0.626924,1488
535904,645312,83,0.636364,1488
537600,645312,83,0.629313,1488
535016,645312,83,0.639851,1488
532552,645312,83,0.649365,1488
530864,645312,83,0.655651,1488
527920,645312,83,0.665972,1488
531376,645312,82,0.653936,1504
527328,645312,83,0.667888,1504
529536,645312,83,0.660254,1504
531480,645312,83,0.653216,1504
535344,645312,83,0.638508,1504
539032,645312,83,0.623249,1504
535688,645312,83,0.637155,1504
534720,645312,82,0.641308,1504
532120,645312,83,0.651067,1504
533056,645312,83,0.647437,1504
533704,645312,82,0.644914,1528
530064,645312,83,0.658165,1528
534016,645312,83,0.643547,1528
534656,645312,83,0.640906,1528
533040,645312,82,0.647407,1528
530552,645312,82,0.656616,1528
532376,645312,82,0.649866,1528
530120,645312,82,0.658136,1528
533720,645312,81,0.644884,1568
535456,645312,81,0.638006,1568
534056,645312,81,0.643608,1568
536232,645312,81,0.634930,1568
534584,645312,80,0.641771,1568
534176,645312,81,0.643364,1560
538016,645312,81,0.627890,1560
539760,645312,81,0.620297,1560
536200,645312,80,0.635473,1560
537552,645312,80,0.629807,1560
536056,645312,81,0.635983,1528
538984,645312,81,0.623759,1528
537104,645312,82,0.631574,1528
536872,645312,83,0.632516,1528
539320,645312,83,0.622121,1528
542712,645312,83,0.606792,1528
540928,645312,84,0.614894,1528
538336,645312,84,0.626289,1528
541072,645312,84,0.614253,1528
543816,645312,84,0.601377,1528
540912,645312,85,0.614787,1520
537984,645312,86,0.627391,1520
541488,645312,86,0.611990,1520
542968,645312,85,0.604966,1568
539984,645312,86,0.618560,1544
542672,645312,86,0.606235,1544
539168,645312,86,0.622087,1544
538232,645312,86,0.626255,1544
534224,645312,87,0.642324,1544
535768,645312,87,0.636110,1544
532080,645312,87,0.650365,1544
528384,645312,88,0.663410,1544
530600,645312,88,0.655537,1544
530568,645312,88,0.655822,1544
529512,645312,87,0.659866,1544
529952,645312,86,0.658305,1552
528672,645312,87,0.662865,1512
526600,645312,87,0.669940,1512
529664,645312,87,0.659449,1512
528384,645312,87,0.664061,1496
532112,645312,86,0.650863,1520
531552,645312,86,0.653245,1472
527712,645312,87,0.666560,1472
531184,645312,87,0.654395,1472
532696,645312,87,0.648715,1472
529112,645312,88,0.661496,1472
526376,645312,88,0.670800,1472
528520,645312,88,0.663518,1472
529736,645312,88,0.659171,1472
531696,645312,88,0.652029,1472
531832,645312,87,0.651447,1496
527792,645312,88,0.665570,1496
527016,645312,89,0.668311,1448
523952,645312,89,0.678271,1448
521096,645312,90,0.686899,1448
523488,645312,90,0.679557,1448
523776,645312,89,0.678593,1472
526448,645312,89,0.669940,1472
522720,645312,90,0.681759,1448
521504,645312,90,0.685553,1448
521272,645312,90,0.686404,1440
519856,645312,91,0.690526,1440
523376,645312,91,0.679926,1440
527208,645312,90,0.667677,1448
524432,645312,91,0.676623,1448
523824,645312,91,0.678668,1448
524376,645312,90,0.676949,1448
522224,645312,89,0.683835,1448
523568,645312,89,0.679606,1448
521192,645312,90,0.686828,1424
518000,645312,90,0.696077,1424
517520,645312,90,0.697598,1400
515616,645312,89,0.702986,1400
517648,645312,89,0.697379,1400
513816,645312,90,0.707570,1392
517296,645312,90,0.698233,1392
515792,645312,90,0.702456,1376
515152,645312,90,0.704271,1376
517504,645312,90,0.697840,1376
513936,645312,90,0.707427,1376
515016,645312,90,0.704502,1376
518992,645312,90,0.693574,1376
517032,645312,90,0.699127,1376
515792,645312,91,0.702541,1344
519264,645312,91,0.692897,1344
522720,645312,91,0.682656,1344
520904,645312,92,0.688047,1344
520264,645312,93,0.689927,1336
521816,645312,93,0.685244,1336
524872,645312,92,0.675768,1376
526616,645312,92,0.670018,1376
528704,645312,92,0.662892,1376
530744,645312,92,0.655623,1376
532464,645312,92,0.649217,1376
530248,645312,92,0.657378,1376
533728,645312,92,0.644490,1376
536656,645312,92,0.632840,1376
537864,645312,92,0.627691,1376
541112,645312,92,0.613466,1376
538056,645312,93,0.626691,1376
541672,645312,93,0.610722,1376
542816,645312,93,0.605228,1376
539864,645312,94,0.618560,1376
536936,645312,93,0.631314,1376
533120,645312,93,0.646420,1376
531152,645312,94,0.653706,1360
532120,645312,94,0.650013,1360
528408,645312,95,0.663137,1360
525720,645312,95,0.672198,1360
528456,645312,95,0.662974,1360
532128,645312,94,0.649836,1400
529280,645312,94,0.660171,1400
531264,645312,93,0.653158,1400
527592,645312,94,0.665919,1400
528280,645312,93,0.663573,1408
529112,645312,92,0.660697,1416
525576,645312,93,0.672482,1416
526448,645312,92,0.669652,1416
522832,645312,92,0.681224,1416
524216,645312,91,0.676824,1456
520264,645312,91,0.688886,1456
521024,645312,90,0.686640,1464
519832,645312,91,0.690112,1464
516440,645312,91,0.699712,1464
516296,645312,91,0.700273,1448
518016,645312,91,0.695433,1448
514744,645312,92,0.704271,1448
511768,645312,92,0.711996,1448
509584,645312,93,0.717328,1448
508232,645312,92,0.720756,1448
511288,645312,91,0.713421,1448
510968,645312,92,0.714207,1448
514936,645312,92,0.704019,1448
511672,645312,92,0.712472,1448
511920,645312,91,0.711856,1448
509856,645312,90,0.717136,1448
506456,645312,90,0.725175,1448
506200,645312,90,0.725880,1440
502528,645312,91,0.733997,1400
499600,645312,91,0.740166,1400
500128,645312,90,0.739011,1440
501936,645312,90,0.735163,1440
498952,645312,90,0.741391,1440
501240,645312,89,0.736636,1480
502848,645312,89,0.733146,1480
500192,645312,89,0.738798,1480
503928,645312,89,0.730819,1480
506960,645312,88,0.724047,1488
509944,645312,88,0.716944,1488
513664,645312,88,0.707591,1488
517352,645312,87,0.697752,1512
519992,645312,87,0.690204,1512
518264,645312,88,0.695099,1512
519464,645312,88,0.691579,1512
518632,645312,89,0.693957,1504
522416,645312,89,0.682801,1504
525912,645312,89,0.671733,1504
528960,645312,88,0.661551,1512
531616,645312,88,0.652000,1512
528048,645312,88,0.664655,1512
530856,645312,88,0.654738,1512
529664,645312,88,0.659254,1472
529768,645312,87,0.658864,1480
532120,645312,87,0.650277,1480
528160,645312,88,0.664223,1480
526592,645312,88,0.669626,1472
527328,645312,88,0.667039,1472
530336,645312,88,0.656559,1472
531752,645312,88,0.651301,1472
527744,645312,89,0.665328,1472
524096,645312,89,0.677299,1472
520376,645312,89,0.688653,1472
521184,645312,88,0.686263,1480
523800,645312,88,0.678196,1480
527152,645312,88,0.667279,1480
529128,645312,88,0.660420,1480
528120,645312,88,0.664088,1464
531744,645312,88,0.651184,1464
528056,645312,89,0.664223,1440
531360,645312,89,0.652493,1440
529600,645312,90,0.658836,1416
529680,645312,89,0.658557,1416
526200,645312,89,0.670462,1416
523584,645312,89,0.678915,1416
519888,645312,89,0.690088,1416
516976,645312,90,0.698255,1416
513584,645312,91,0.707242,1416
516672,645312,91,0.698953,1416
516008,645312,91,0.700897,1408
516928,645312,91,0.698277,1408
517208,645312,90,0.697489,1416
515984,645312,90,0.700940,1416
518520,645312,90,0.693845,1416
518992,645312,90,0.692376,1416
519920,645312,90,0.689581,1416
518952,645312,90,0.692489,1416
522248,645312,90,0.682704,1416
518336,645312,91,0.694092,1416
521432,645312,91,0.685006,1416
521968,645312,90,0.683259,1464
521392,645312,91,0.685125,1416
519104,645312,91,0.691921,1416
522752,645312,91,0.681029,1416
520104,645312,92,0.688909,1416
518392,645312,93,0.693800,1416
517856,645312,94,0.695433,1368
519128,645312,94,0.691716,1368
521424,645312,93,0.684887,1416
524512,645312,93,0.675263,1416
521464,645312,94,0.684649,1408
525184,645312,94,0.672995,1408
522832,645312,94,0.680515,1408
525864,645312,93,0.670878,1432
529832,645312,93,0.657293,1432
529472,645312,94,0.658612,1416
532904,645312,94,0.646000,1416
530864,645312,94,0.653677,1416
533432,645312,94,0.644004,1416
530400,645312,94,0.655366,1408
530832,645312,93,0.653792,1416
527384,645312,93,0.665919,1416
523688,645312,94,0.677848,1416
520600,645312,94,0.687322,1416
519728,645312,93,0.690135,1416
518032,645312,94,0.694943,1416
518232,645312,93,0.694383,1416
519672,645312,93,0.690158,1416
519928,645312,92,0.689419,1416
522728,645312,92,0.680955,1416
523816,645312,92,0.677449,1416
523064,645312,93,0.679828,1400
521648,645312,94,0.684123,1400
517808,645312,94,0.695344,1400
514240,645312,95,0.705025,1376
515088,645312,94,0.702668,1424
512136,645312,93,0.710535,1424
513160,645312,93,0.707816,1424
513552,645312,92,0.706809,1424
512960,645312,92,0.708470,1416
515232,645312,92,0.702434,1416
511960,645312,91,0.711117,1416
514480,645312,91,0.704544,1416
513368,645312,92,0.707427,1416
511624,645312,93,0.711836,1416
509328,645312,94,0.717558,1368
510144,645312,93,0.715573,1376
509000,645312,94,0.718321,1376
509816,645312,94,0.716250,1376
511800,645312,94,0.711257,1376
514656,645312,94,0.703809,1376
517176,645312,94,0.696895,1376
518864,645312,93,0.692103,1400
518728,645312,94,0.692557,1376
517248,645312,95,0.696829,1328
518592,645312,95,0.692942,1328
519976,645312,95,0.688839,1328
517392,645312,94,0.696431,1328
515568,645312,93,0.701646,1328
515200,645312,94,0.702626,1328
518960,645312,94,0.692171,1328
521304,645312,94,0.685220,1328
520136,645312,93,0.688932,1328
522160,645312,93,0.682801,1328
521240,645312,93,0.685695,1328
523704,645312,93,0.678072,1328
524576,645312,93,0.675187,1328
521560,645312,93,0.684601,1328
522216,645312,92,0.682535,1360
519600,645312,93,0.690250,1360
520640,645312,93,0.687087,1360
519840,645312,94,0.689419,1360
521056,645312,94,0.685719,1360
517624,645312,94,0.695700,1360
518456,645312,94,0.693236,1360
514480,645312,94,0.704187,1360
515352,645312,94,0.701753,1360
514808,645312,94,0.703387,1336
512520,645312,94,0.709527,1296
512952,645312,93,0.708389,1312
514080,645312,93,0.705358,1312
513800,645312,94,0.706106,1304
514680,645312,94,0.703683,1304
514000,645312,94,0.705691,1264
510456,645312,95,0.714618,1264
511232,645312,94,0.712671,1280
514928,645312,94,0.703092,1280
510896,645312,94,0.713500,1280
512872,645312,94,0.708430,1280
510336,645312,94,0.714872,1280
514152,645312,94,0.705129,1280
513112,645312,94,0.707939,1280
516488,645312,94,0.698909,1280
512536,645312,95,0.709284,1280
511840,645312,96,0.711037,1280
513960,645312,96,0.705504,1280
514864,645312,95,0.703028,1320
514616,645312,96,0.703683,1320
513720,645312,97,0.706023,1320
515160,645312,97,0.702115,1320
517096,645312,97,0.696740,1320
516264,645312,98,0.699018,1320
512216,645312,98,0.709749,1320
512688,645312,97,0.708430,1368
513648,645312,97,0.705837,1368
511472,645312,97,0.711497,1368
511960,645312,97,0.710153,1368
510024,645312,96,0.715184,1368
510520,645312,96,0.713854,1368
509080,645312,96,0.717462,1368
505624,645312,96,0.725609,1368
502488,645312,96,0.732615,1368
506416,645312,95,0.723864,1392
503912,645312,95,0.729579,1392
505896,645312,95,0.725048,1392
507216,645312,95,0.721911,1392
506112,645312,96,0.724448,1392
505896,645312,97,0.724939,1392
506984,645312,96,0.722411,1408
505248,645312,96,0.726473,1408
501752,645312,97,0.734099,1408
503424,645312,96,0.730418,1448
501624,645312,97,0.734285,1448
500864,645312,98,0.735902,1440
503680,645312,98,0.729772,1440
504352,645312,97,0.728239,1464
501152,645312,97,0.735247,1464
497488,645312,97,0.742827,1464
498328,645312,97,0.741054,1464
501432,645312,97,0.734556,1464
498864,645312,97,0.739971,1464
499752,645312,96,0.738109,1488
500968,645312,96,0.735483,1488
504160,645312,96,0.728504,1488
506000,645312,96,0.724266,1488
505192,645312,95,0.726330,1480
504064,645312,94,0.729052,1480
506736,645312,94,0.722928,1480
504672,645312,95,0.727600,1480
505152,645312,95,0.726419,1480
506704,645312,95,0.722780,1480
505032,645312,96,0.726671,1440
506776,645312,96,0.722596,1440
505216,645312,96,0.726258,1440
505928,645312,95,0.724557,1480
505432,645312,94,0.725898,1480
503712,645312,95,0.729719,1480
503240,645312,95,0.730854,1480
500376,645312,95,0.737035,1480
496392,645312,95,0.745154,1472
494480,645312,96,0.748825,1472
492112,645312,96,0.753314,1472
490568,645312,95,0.756272,1472
489480,645312,96,0.758195,1472
489840,645312,95,0.757562,1472
489120,645312,95,0.758908,1472
492728,645312,95,0.752362,1472
492816,645312,94,0.752200,1472
493000,645312,93,0.751831,1488
494656,645312,93,0.748643,1488
491984,645312,92,0.753781,1488
492480,645312,91,0.752817,1520
491240,645312,91,0.755155,1520
490120,645312,91,0.757237,1520
492344,645312,91,0.753154,1520
495384,645312,91,0.747379,1520
494168,645312,92,0.749685,1520
497816,645312,92,0.742541,1520
495296,645312,93,0.747455,1520
493856,645312,93,0.750270,1520
497200,645312,93,0.743760,1520
499304,645312,93,0.739451,1520
500320,645312,93,0.737267,1520
503920,645312,93,0.729491,1520
503248,645312,94,0.731010,1496
505024,645312,94,0.726993,1496
507312,645312,94,0.721669,1496
510640,645312,94,0.713599,1496
511136,645312,94,0.712254,1496
507416,645312,93,0.721428,1496
507160,645312,94,0.722022,1496
503744,645312,95,0.729719,1496
504376,645312,95,0.728221,1496
502656,645312,96,0.731979,1496
502896,645312,95,0.731461,1496
501344,645312,95,0.734877,1496
503832,645312,95,0.729421,1496
507056,645312,94,0.722115,1512
507728,645312,94,0.720437,1512
506384,645312,94,0.723662,1512
502320,645312,94,0.732769,1512
505448,645312,94,0.725789,1512
505664,645312,93,0.725302,1512
502920,645312,92,0.731582,1512
505184,645312,92,0.726491,1512
502328,645312,93,0.732752,1512
504880,645312,93,0.727064,1512
502840,645312,94,0.731547,1512
499800,645312,94,0.738059,1512
500968,645312,93,0.735617,1520
500008,645312,93,0.737713,1520
499136,645312,93,0.739598,1520
497584,645312,93,0.742811,1520
494528,645312,93,0.748825,1520
495248,645312,93,0.747363,1520
498272,645312,93,0.741343,1520
494520,645312,93,0.748749,1520
493296,645312,93,0.751179,1496
493448,645312,92,0.750896,1496
493856,645312,91,0.750135,1496
497712,645312,91,0.742605,1496
497960,645312,90,0.742111,1496
498712,645312,89,0.740506,1544
498272,645312,90,0.741407,1536
498960,645312,90,0.739923,1536
498464,645312,91,0.740925,1536
499544,645312,91,0.738634,1536
496448,645312,92,0.744827,1536
498080,645312,92,0.741503,1536
494568,645312,91,0.748537,1536
492544,645312,91,0.752406,1536
491992,645312,91,0.753504,1536
489960,645312,90,0.757322,1536
488632,645312,90,0.759728,1536
488680,645312,89,0.759645,1536
490240,645312,89,0.756826,1536
490448,645312,88,0.756457,1536
493464,645312,88,0.750882,1536
494840,645312,87,0.748218,1576
493032,645312,87,0.751698,1576
495976,645312,87,0.746039,1576
494896,645312,87,0.748203,1576
497632,645312,87,0.742795,1576
495104,645312,86,0.747898,1576
496600,645312,85,0.744920,1624
494512,645312,86,0.748931,1624
492288,645312,86,0.753154,1624
494848,645312,86,0.748294,1624
497048,645312,86,0.743949,1624
493720,645312,87,0.750329,1624
496248,645312,87,0.745419,1624
492904,645312,87,0.751846,1624
491688,645312,87,0.754158,1624
488384,645312,88,0.760005,1624
489056,645312,88,0.758754,1624
485072,645312,87,0.765724,1592
481104,645312,86,0.772228,1592
481616,645312,86,0.771353,1592
485152,645312,86,0.765592,1592
482136,645312,86,0.770535,1592
478856,645312,87,0.775600,1592
480800,645312,86,0.772564,1632
481224,645312,85,0.771866,1656
477368,645312,85,0.777801,1656
478392,645312,85,0.776203,1656
478704,645312,84,0.775733,1656
480360,645312,84,0.773133,1656
477504,645312,84,0.777529,1656
480816,645312,83,0.772477,1672
480144,645312,83,0.773589,1672
482200,645312,82,0.770345,1696
482000,645312,83,0.770661,1696
479328,645312,84,0.774800,1696
477352,645312,84,0.777837,1696
476008,645312,84,0.779948,1648
474800,645312,84,0.781757,1648
475792,645312,84,0.780261,1648
476624,645312,84,0.778980,1648
476544,645312,85,0.779097,1648
479720,645312,85,0.774276,1648
478880,645312,86,0.775552,1648
482760,645312,86,0.769456,1648
479000,645312,87,0.775298,1648
482760,645312,86,0.769456,1648
485200,645312,86,0.765421,1648
488520,645312,86,0.759728,1648
492528,645312,86,0.752494,1648
491600,645312,86,0.754274,1648
488944,645312,87,0.758992,1648
488472,645312,88,0.759894,1600
489792,645312,88,0.757505,1600
490176,645312,87,0.756798,1616
491648,645312,87,0.754071,1616
487784,645312,87,0.760968,1616
486088,645312,88,0.763853,1608
489264,645312,88,0.758335,1608
486320,645312,88,0.763464,1608
483336,645312,88,0.768444,1608
480784,645312,87,0.772626,1608
476968,645312,88,0.778392,1608
479408,645312,88,0.774666,1608
482960,645312,88,0.769047,1608
481872,645312,88,0.770876,1592
483312,645312,88,0.768509,1592
481816,645312,88,0.770964,1592
480096,645312,88,0.773712,1592
484064,645312,88,0.767372,1592
485584,645312,88,0.764799,1592
488048,645312,88,0.760556,1592
490272,645312,88,0.756585,1592
487384,645312,88,0.761692,1592
487280,645312,89,0.761883,1584
487640,645312,88,0.761256,1592
486120,645312,88,0.763906,1592
482584,645312,88,0.769749,1592
479944,645312,89,0.773872,1592
480160,645312,88,0.773540,1592
477808,645312,89,0.777100,1592
478496,645312,89,0.775998,1592
480864,645312,89,0.772303,1592
484368,645312,89,0.766642,1592
485816,645312,89,0.764173,1592
489184,645312,89,0.758335,1592
486920,645312,90,0.762236,1592
489992,645312,90,0.756826,1592
486520,645312,90,0.762912,1592
485288,645312,90,0.765051,1592
484640,645312,90,0.766276,1544
484456,645312,91,0.766603,1528
486632,645312,91,0.762912,1528
488496,645312,91,0.759645,1528
486520,645312,92,0.763020,1528
487280,645312,91,0.761665,1568
488536,645312,91,0.759423,1568
490256,645312,91,0.756314,1568
489760,645312,91,0.757336,1536
491120,645312,91,0.754824,1536
487472,645312,92,0.761228,1536
486480,645312,92,0.762993,1536
487824,645312,92,0.760625,1536
489248,645312,92,0.758068,1536
488848,645312,91,0.758936,1536
492568,645312,91,0.752185,1536
490360,645312,91,0.756272,1536
492392,645312,91,0.752509,1536
488584,645312,92,0.759312,1536
491800,645312,92,0.753504,1536
490152,645312,93,0.756471,1536
489280,645312,93,0.758096,1536
493216,645312,93,0.750896,1536
496680,645312,93,0.744185,1536
495184,645312,94,0.747179,1488
495744,645312,93,0.746086,1496
492160,645312,92,0.753007,1496
493088,645312,91,0.751238,1528
492064,645312,91,0.753212,1528
493680,645312,91,0.750135,1528
492240,645312,92,0.752802,1528
495272,645312,92,0.747026,1528
493568,645312,93,0.750255,1528
496888,645312,93,0.743791,1528
496176,645312,94,0.745263,1488
497992,645312,94,0.741583,1488
494512,645312,94,0.748461,1488
495184,645312,94,0.747087,1488
494368,645312,95,0.748643,1488
496504,645312,95,0.744436,1488
493168,645312,96,0.750882,1448
496896,645312,96,0.743650,1448
493864,645312,97,0.749489,1448
495744,645312,97,0.745807,1448
492432,645312,98,0.752097,1432
491624,645312,98,0.753664,1432
492120,645312,97,0.752714,1456
494056,645312,97,0.749021,1456
492400,645312,96,0.752288,1456
492776,645312,95,0.751579,1464
491760,645312,95,0.753533,1464
493912,645312,95,0.749459,1464
490808,645312,96,0.755169,1464
492632,645312,96,0.751757,1464
488944,645312,97,0.758391,1464
490944,645312,97,0.754751,1464
488736,645312,97,0.758754,1464
490664,645312,97,0.755255,1464
490304,645312,98,0.755915,1456
490848,645312,98,0.754852,1456
489232,645312,98,0.757815,1456
488480,645312,98,0.759298,1408
492488,645312,98,0.752038,1408
490144,645312,98,0.756371,1408
491208,645312,97,0.754419,1432
492512,645312,96,0.751993,1456
492128,645312,97,0.752788,1408
496008,645312,97,0.745372,1408
494672,645312,97,0.748035,1408
496584,645312,97,0.744247,1408
495864,645312,96,0.745838,1408
497776,645312,96,0.741983,1408
496264,645312,97,0.744967,1408
498520,645312,97,0.740392,1408
498096,645312,97,0.741407,1376
494904,645312,98,0.747654,1376
495624,645312,98,0.746179,1376
497696,645312,98,0.742015,1376
495952,645312,97,0.745637,1376
496200,645312,96,0.745139,1384
492480,645312,97,0.752185,1384
495312,645312,97,0.746765,1384
494824,645312,97,0.747791,1384
493800,645312,97,0.749820,1384
495448,645312,96,0.746611,1424
497144,645312,95,0.743302,1424
493928,645312,95,0.749594,1424
496128,645312,95,0.745295,1424
493904,645312,95,0.749640,1424
492552,645312,95,0.741753,1408
496568,645312,95,0.733713,1408
500504,645312,95,0.725330,1408
497280,645312,96,0.732187,1392
493824,645312,97,0.739164,1376
494856,645312,96,0.737097,1392
496760,645312,96,0.733157,1392
494936,645312,96,0.736938,1392
498064,645312,96,0.730459,1392
497216,645312,96,0.732418,1344
494384,645312,96,0.738221,1344
496944,645312,96,0.732977,1344
495288,645312,97,0.736331,1344
496968,645312,96,0.732878,1368
496280,645312,97,0.734300,1360
499224,645312,97,0.728081,1360
501112,645312,97,0.723899,1360
498880,645312,97,0.728810,1360
496968,645312,97,0.732895,1360
496096,645312,98,0.734673,1360
499728,645312,98,0.727004,1360
499968,645312,97,0.726489,1360
502632,645312,96,0.720561,1392
501816,645312,97,0.722400,1384
499832,645312,97,0.726833,1384
502624,645312,97,0.720597,1384
500256,645312,97,0.725919,1384
501072,645312,96,0.724127,1392
498008,645312,96,0.730776,1392
500520,645312,96,0.725330,1392
503728,645312,96,0.718077,1392
503480,645312,97,0.718661,1384
505528,645312,97,0.713806,1384
504880,645312,98,0.715381,1360
501704,645312,97,0.696268,1360
498696,645312,97,0.703494,1360
502776,645312,97,0.693649,1360
503752,645312,96,0.691185,1376
503640,645312,97,0.691465,1376
506680,645312,97,0.683549,1376
505424,645312,97,0.686941,1376
503320,645312,97,0.692382,1376
502936,645312,98,0.693373,1360
502160,645312,99,0.695315,1344
498680,645312,99,0.703678,1344
501200,645312,98,0.697753,1344
503296,645312,98,0.692521,1344
502416,645312,99,0.694690,1344
502280,645312,99,0.695159,1336
498680,645312,99,0.703899,1296
502392,645312,99,0.694984,1296
506088,645312,99,0.685556,1296
503944,645312,99,0.691145,1296
500624,645312,100,0.699242,1296
503640,645312,100,0.691785,1296
499632,645312,100,0.701580,1296
502656,645312,100,0.694220,1296
506312,645312,100,0.684848,1296
509024,645312,100,0.677483,1296
511152,645312,100,0.671429,1296
509472,645312,101,0.676189,1272
510656,645312,101,0.672761,1272
512880,645312,101,0.666246,1272
509184,645312,102,0.676716,1272
511400,645312,102,0.670382,1272
511760,645312,101,0.669352,1272
508464,645312,100,0.678810,1272
504704,645312,101,0.688681,1272
502960,645312,101,0.693175,1272
504168,645312,101,0.690039,1272
502472,645312,102,0.694259,1272
503784,645312,102,0.690884,1272
500680,645312,103,0.698480,1272
498464,645312,103,0.703789,1272
497080,645312,102,0.707250,1232
496424,645312,102,0.708896,1200
500320,645312,102,0.699849,1200
500824,645312,102,0.698537,1200
502816,645312,102,0.693590,1200
503432,645312,101,0.692024,1216
506160,645312,101,0.684952,1216
509648,645312,101,0.675460,1216
509680,645312,100,0.675372,1216
505600,645312,101,0.686281,1216
507904,645312,101,0.680083,1216
504360,645312,101,0.689453,1216
507816,645312,101,0.680320,1216
505136,645312,102,0.687352,1216
504464,645312,101,0.689311,1216
502432,645312,100,0.694612,1216
501088,645312,100,0.697983,1216
499488,645312,101,0.701766,1216
500808,645312,101,0.698537,1216
504832,645312,101,0.688498,1216
502176,645312,101,0.695237,1216
499000,645312,101,0.702902,1216
496536,645312,100,0.708718,1216
498048,645312,99,0.705311,1216
498736,645312,98,0.703715,1224
502040,645312,97,0.695899,1224
502440,645312,96,0.694925,1224
501352,645312,96,0.697676,1224
504800,645312,96,0.689047,1224
506504,645312,95,0.684660,1224
509016,645312,95,0.677832,1224
505144,645312,95,0.688171,1224
505024,645312,94,0.679480,1208
507232,645312,94,0.673460,1208
507288,645312,93,0.673308,1208
505288,645312,93,0.678787,1208
505992,645312,92,0.676860,1232
503048,645312,92,0.684634,1232
499776,645312,92,0.692833,1232
499400,645312,93,0.693754,1224
502520,645312,92,0.686067,1240
504648,645312,92,0.680503,1240
505728,645312,91,0.677561,1280
502360,645312,92,0.686248,1280
502632,645312,91,0.685463,1320
502600,645312,92,0.685544,1320
504816,645312,92,0.679731,1320
501184,645312,93,0.688955,1320
500704,645312,94,0.690252,1272
500464,645312,94,0.690955,1272
498040,645312,94,0.696859,1272
495520,645312,95,0.702650,1272
492808,645312,96,0.708640,1272
490368,645312,97,0.713827,1272
488384,645312,97,0.718008,1272
485232,645312,97,0.724349,1272
486624,645312,96,0.721594,1288
490144,645312,96,0.714361,1288
493288,645312,96,0.707563,1288
492080,645312,96,0.710276,1288
490632,645312,95,0.713543,1288
491904,645312,94,0.710806,1312
493296,645312,93,0.707702,1360
496328,645312,93,0.700836,1360
499368,645312,93,0.693620,1360
497560,645312,93,0.697998,1360
500008,645312,93,0.692081,1360
501888,645312,93,0.687349,1360
501480,645312,93,0.688481,1360
505408,645312,93,0.678323,1360
501888,645312,94,0.687349,1360
500416,645312,95,0.690974,1360
499656,645312,96,0.692910,1320
501240,645312,95,0.689014,1336
499360,645312,95,0.693697,1336
497752,645312,95,0.697607,1336
494032,645312,96,0.706038,1336
490512,645312,96,0.713693,1336
489128,645312,96,0.716655,1336
491088,645312,96,0.712485,1336
491040,645312,97,0.712586,1336
491944,645312,97,0.710567,1336
495360,645312,97,0.702974,1336
495536,645312,96,0.702578,1336
496952,645312,96,0.699239,1336
497072,645312,95,0.698962,1336
499480,645312,94,0.693217,1368
502104,645312,94,0.686669,1368
503624,645312,93,0.682777,1384
501600,645312,94,0.687886,1384
498928,645312,94,0.694498,1384
498240,645312,95,0.696145,1376
495776,645312,94,0.702054,1376
496832,645312,93,0.699645,1376
495792,645312,94,0.702018,1376
493352,645312,94,0.707545,1376
491792,645312,95,0.710908,1376
488584,645312,95,0.717683,1376
490872,645312,95,0.712855,1376
486832,645312,94,0.721294,1376
488248,645312,94,0.718364,1376
490872,645312,94,0.712855,1376
490912,645312,93,0.712771,1376
491656,645312,92,0.711180,1384
487632,645312,92,0.719588,1384
485432,645312,92,0.724023,1384
489008,645312,92,0.716802,1384
491328,645312,92,0.711876,1384
493104,645312,92,0.707964,1384
493792,645312,92,0.706354,1384
492160,645312,93,0.709899,1384
494616,645312,93,0.704425,1384
494496,645312,94,0.704692,1384
496064,645312,94,0.701055,1384
496600,645312,94,0.699718,1384
500616,645312,94,0.690076,1384
501184,645312,94,0.688560,1384
500784,645312,94,0.689664,1384
502992,645312,94,0.684024,1384
499024,645312,93,0.694041,1384
501048,645312,92,0.689133,1384
497440,645312,93,0.697775,1384
500008,645312,93,0.691558,1384
498688,645312,93,0.694840,1384
497248,645312,93,0.698388,1360
500664,645312,93,0.690135,1360
498704,645312,94,0.694859,1360
501384,645312,94,0.688243,1360
502712,645312,93,0.684917,1360
501064,645312,94,0.689034,1360
500704,645312,95,0.689919,1360
502712,645312,95,0.684796,1360
504800,645312,95,0.679291,1360
503408,645312,96,0.683023,1312
503816,645312,95,0.681954,1320
500760,645312,95,0.689860,1280
501384,645312,95,0.688203,1280
499864,645312,96,0.691965,1264
496560,645312,97,0.699755,1264
493144,645312,98,0.707406,1264
495264,645312,98,0.702596,1264
496984,645312,97,0.698648,1272
500568,645312,97,0.689997,1272
498056,645312,97,0.696145,1272
499456,645312,96,0.692717,1312
497200,645312,97,0.698054,1312
500264,645312,97,0.690643,1312
498680,645312,98,0.694498,1296
498760,645312,97,0.694308,1296
497856,645312,98,0.696540,1256
500184,645312,98,0.690858,1256
498376,645312,99,0.695201,1256
499760,645312,99,0.691771,1256
497456,645312,100,0.697252,1256
496400,645312,100,0.699810,1256
492848,645312,101,0.707755,1256
494664,645312,100,0.703639,1304
496648,645312,99,0.699129,1304
496992,645312,98,0.698314,1312
494864,645312,98,0.703280,1312
490832,645312,98,0.712164,1312
494880,645312,98,0.703244,1312
498648,645312,98,0.694422,1312
494584,645312,98,0.703907,1312
496656,645312,98,0.699092,1312
492872,645312,98,0.707685,1312
490648,645312,98,0.712552,1312
488112,645312,97,0.717991,1312
485824,645312,97,0.722650,1312
489384,645312,97,0.715389,1312
488976,645312,98,0.716245,1304
492888,645312,98,0.707877,1304
491072,645312,99,0.711775,1304
489264,645312,99,0.715653,1304
486136,645312,100,0.721958,1304
486040,645312,101,0.722162,1296
486872,645312,100,0.720499,1304
488048,645312,100,0.718040,1304
489568,645312,99,0.714842,1344
492352,645312,99,0.708848,1344
494224,645312,98,0.704727,1352
490528,645312,99,0.712720,1352
488968,645312,98,0.716163,1352
488136,645312,99,0.717878,1344
489704,645312,98,0.714593,1376
486896,645312,98,0.720404,1376
483128,645312,99,0.727717,1376
486144,645312,99,0.721800,1376
485832,645312,99,0.722603,1328
482808,645312,99,0.728501,1328
485536,645312,98,0.723229,1352
484192,645312,97,0.726013,1352
484272,645312,96,0.725860,1352
487136,645312,96,0.720164,1352
486416,645312,96,0.721689,1352
484528,645312,97,0.725368,1352
482616,645312,97,0.729086,1352
478968,645312,98,0.735744,1352
478688,645312,98,0.736327,1352
476368,645312,98,0.740458,1352
480088,645312,97,0.733822,1400
479504,645312,97,0.734959,1400
483496,645312,97,0.727520,1400
481776,645312,97,0.730826,1400
480032,645312,96,0.734183,1400
476960,645312,97,0.739604,1400
473488,645312,98,0.745471,1400
476616,645312,98,0.740114,1400
479896,645312,98,0.734255,1400
478208,645312,99,0.737302,1376
481056,645312,99,0.732106,1376
480024,645312,100,0.734010,1360
480352,645312,99,0.733402,1368
481280,645312,98,0.731695,1376
478656,645312,98,0.736511,1376
476592,645312,98,0.740197,1376
479048,645312,98,0.735816,1376
481808,645312,98,0.730723,1376
484816,645312,98,0.724952,1376
482856,645312,97,0.728861,1376
483544,645312,96,0.727535,1392
483152,645312,96,0.728366,1392
480088,645312,96,0.734096,1392
484088,645312,96,0.726593,1392
483640,645312,97,0.727460,1384
482456,645312,96,0.729862,1384
479720,645312,97,0.734858,1384
479392,645312,98,0.735459,1376
476272,645312,98,0.741020,1360
472552,645312,99,0.747307,1312
476040,645312,99,0.741417,1312
476104,645312,98,0.741307,1312
474592,645312,98,0.743942,1312
477304,645312,97,0.739327,1312
478656,645312,96,0.736893,1352
475080,645312,97,0.743056,1352
474000,645312,97,0.744941,1352
470264,645312,98,0.750990,1352
474216,645312,98,0.744502,1352
474000,645312,98,0.744941,1352
476856,645312,98,0.740032,1352
480320,645312,98,0.733836,1352
484168,645312,98,0.726609,1352
484552,645312,97,0.725814,1384
484928,645312,96,0.725014,1424
483728,645312,97,0.727308,1424
479712,645312,97,0.734801,1424
478896,645312,97,0.736355,1416
482024,645312,97,0.730604,1416
483112,645312,96,0.728501,1456
481248,645312,96,0.732047,1456
485048,645312,96,0.724813,1456
485456,645312,95,0.723992,1472
484176,645312,95,0.726548,1472
486736,645312,95,0.721484,1472
483272,645312,96,0.728170,1472
486544,645312,96,0.721768,1472
490368,645312,96,0.713911,1472
490664,645312,95,0.713292,1472
490288,645312,96,0.714161,1432
492040,645312,95,0.710447,1440
490336,645312,96,0.714044,1440
493792,645312,95,0.706636,1448
497544,645312,94,0.698128,1464
501336,645312,94,0.688935,1464
502952,645312,93,0.684857,1480
504112,645312,92,0.681789,1520
503768,645312,93,0.682695,1512
502776,645312,94,0.685221,1512
505248,645312,94,0.678724,1512
508248,645312,94,0.670497,1512
505232,645312,93,0.678892,1512
502960,645312,92,0.684998,1512
502784,645312,93,0.685443,1512
505384,645312,93,0.678618,1512
506680,645312,93,0.675040,1512
509024,645312,92,0.668515,1544
511856,645312,92,0.660245,1544
514632,645312,92,0.651726,1544
515736,645312,91,0.648177,1576
516312,645312,91,0.646197,1576
517256,645312,90,0.643159,1576
519904,645312,90,0.634186,1576
516176,645312,91,0.646478,1576
519264,645312,91,0.636195,1576
518200,645312,91,0.639988,1552
520048,645312,90,0.633640,1592
519552,645312,91,0.635438,1560
519616,645312,90,0.635221,1560
519184,645312,90,0.636869,1552
522464,645312,90,0.625325,1552
521560,645312,90,0.628701,1552
523400,645312,90,0.621945,1552
520608,645312,91,0.631852,1552
519696,645312,92,0.634976,1552
522848,645312,92,0.623772,1552
524160,645312,92,0.618800,1552
521512,645312,93,0.628364,1552
519584,645312,93,0.635193,1552
522992,645312,93,0.623078,1552
526720,645312,93,0.608886,1552
522704,645312,93,0.624118,1552
526000,645312,93,0.611674,1552
524824,645312,93,0.616324,1552
527728,645312,93,0.604915,1552
527088,645312,93,0.607634,1552
530064,645312,93,0.595395,1552
528160,645312,92,0.603574,1552
530496,645312,91,0.593988,1552
529536,645312,92,0.597983,1552
532720,645312,92,0.584210,1552
531888,645312,92,0.588052,1552
534536,645312,91,0.576268,1552
534328,645312,90,0.577655,1552
531648,645312,89,0.589913,1552
529832,645312,89,0.597752,1552
532608,645312,88,0.585930,1560
532392,645312,88,0.587081,1560
532544,645312,87,0.586419,1560
533040,645312,86,0.584104,1592
529104,645312,86,0.600960,1592
529248,645312,85,0.600277,1616
529312,645312,84,0.600016,1616
526976,645312,85,0.609323,1616
530896,645312,85,0.593247,1616
528984,645312,86,0.601155,1616
527664,645312,87,0.606438,1616
523736,645312,86,0.621711,1616
522792,645312,87,0.625124,1616
522896,645312,86,0.624723,1624
523560,645312,86,0.622149,1624
522456,645312,87,0.626239,1592
519624,645312,87,0.636222,1592
520848,645312,87,0.631879,1592
522296,645312,87,0.626637,1592
521672,645312,88,0.628842,1592
524080,645312,87,0.620011,1640
520256,645312,88,0.633585,1640
517928,645312,89,0.641384,1640
519488,645312,89,0.636033,1640
521232,645312,89,0.629878,1640
518784,645312,90,0.638235,1640
521088,645312,89,0.630297,1664
522520,645312,89,0.625067,1664
524304,645312,89,0.618384,1664
521656,645312,90,0.627969,1664
520576,645312,91,0.631741,1664
524568,645312,91,0.617222,1664
523480,645312,92,0.621390,1624
524584,645312,91,0.617222,1648
525208,645312,90,0.614877,1648
524592,645312,89,0.617610,1632
523912,645312,89,0.620305,1632
522496,645312,89,0.625611,1632
522744,645312,88,0.624723,1632
525160,645312,87,0.615722,1664
526800,645312,87,0.609260,1664
523344,645312,88,0.622294,1656
524264,645312,87,0.618800,1688
521960,645312,88,0.627233,1664
521480,645312,88,0.629094,1664
519864,645312,89,0.634731,1648
520440,645312,88,0.632707,1664
519704,645312,87,0.635546,1664
516640,645312,88,0.645635,1664
517720,645312,87,0.642143,1664
519520,645312,87,0.636006,1664
517072,645312,87,0.644246,1664
519208,645312,87,0.637057,1664
517120,645312,88,0.643936,1664
519512,645312,87,0.636006,1672
517528,645312,87,0.642743,1672
520328,645312,87,0.633229,1672
523088,645312,86,0.623397,1704
523264,645312,85,0.622759,1704
519912,645312,86,0.634541,1704
516120,645312,86,0.647165,1704
516632,645312,86,0.645378,1704
516360,645312,86,0.646529,1664
516464,645312,85,0.646197,1664
518512,645312,85,0.639379,1664
516568,645312,86,0.645839,1624
519008,645312,86,0.637700,1624
515728,645312,86,0.648505,1624
518944,645312,86,0.637914,1624
518256,645312,85,0.640516,1624
520072,645312,85,0.634268,1624
517544,645312,86,0.642795,1592
517120,645312,86,0.644401,1568
521032,645312,86,0.631159,1568
518512,645312,86,0.639856,1568
521016,645312,86,0.631215,1568
524408,645312,86,0.618888,1568
521408,645312,85,0.630018,1568
518376,645312,85,0.640463,1568
521664,645312,85,0.629123,1568
523112,645312,85,0.623801,1568
523008,645312,86,0.624176,1568
526864,645312,86,0.609572,1568
526176,645312,86,0.612411,1568
529144,645312,86,0.600505,1568
528272,645312,86,0.604214,1568
531056,645312,86,0.592571,1568
529216,645312,86,0.600407,1568
525224,645312,87,0.616023,1568
528936,645312,86,0.601447,1592
529384,645312,85,0.599624,1592
527608,645312,86,0.606753,1592
531616,645312,86,0.590084,1592
529864,645312,86,0.597686,1584
528432,645312,86,0.603702,1584
529656,645312,86,0.598543,1584
530048,645312,85,0.596859,1600
526048,645312,85,0.612962,1600
525512,645312,86,0.614998,1600
524848,645312,87,0.617491,1600
525544,645312,86,0.614877,1600
528936,645312,86,0.601415,1600
530480,645312,86,0.594860,1600
527752,645312,86,0.606153,1600
531432,645312,86,0.590837,1600
528984,645312,86,0.601220,1600
532192,645312,86,0.587567,1600
528280,645312,86,0.604054,1600
529856,645312,86,0.597455,1600
526448,645312,87,0.611058,1600
529664,645312,87,0.598049,1600
529512,645312,86,0.599068,1600
530168,645312,85,0.596328,1608
530128,645312,86,0.596494,1608
531216,645312,85,0.591723,1656
527304,645312,85,0.607885,1656
527560,645312,84,0.606848,1664
523552,645312,85,0.622032,1664
526640,645312,85,0.610254,1664
524504,645312,85,0.618533,1664
523760,645312,85,0.621478,1656
524360,645312,84,0.619184,1680
526552,645312,83,0.610811,1704
523136,645312,84,0.623570,1704
524752,645312,84,0.617461,1704
524240,645312,84,0.619539,1704
523568,645312,83,0.622352,1704
521128,645312,83,0.631187,1704
524304,645312,83,0.619657,1704
526616,645312,83,0.610749,1704
528032,645312,83,0.605011,1704
526736,645312,84,0.610099,1704
525568,645312,84,0.614786,1696
523008,645312,85,0.624234,1696
524416,645312,85,0.618918,1696
526024,645312,85,0.612687,1696
522072,645312,86,0.627233,1696
520760,645312,86,0.631990,1696
522472,645312,86,0.625811,1696
524640,645312,86,0.617730,1696
522584,645312,86,0.625496,1672
524352,645312,86,0.618888,1672
526864,645312,86,0.609167,1672
525512,645312,87,0.614514,1632
525760,645312,86,0.613511,1648
522040,645312,86,0.627517,1600
523696,645312,86,0.621390,1600
522992,645312,86,0.624205,1576
521456,645312,87,0.629739,1552
520096,645312,88,0.634432,1552
521992,645312,88,0.627686,1552
523184,645312,88,0.623252,1552
525640,645312,88,0.613967,1552
524216,645312,88,0.619480,1552
524704,645312,87,0.617670,1552
521520,645312,87,0.629347,1552
517664,645312,88,0.642378,1552
519624,645312,88,0.635708,1552
523248,645312,88,0.622846,1552
520144,645312,88,0.633941,1552
520056,645312,88,0.634405,1552
516208,645312,88,0.647215,1552
519936,645312,88,0.634813,1552
523160,645312,88,0.623339,1552
523232,645312,87,0.623020,1568
520384,645312,87,0.633229,1568
521624,645312,87,0.628757,1568
517896,645312,86,0.641725,1568
518504,645312,86,0.639565,1568
516688,645312,86,0.645788,1520
519720,645312,86,0.635654,1520
517600,645312,87,0.642691,1520
515816,645312,87,0.648556,1520
515216,645312,88,0.650510,1496
513256,645312,88,0.656653,1496
517144,645312,88,0.644401,1496
520040,645312,88,0.634650,1496
520240,645312,87,0.633968,1496
524016,645312,87,0.620423,1496
520928,645312,87,0.631603,1496
520400,645312,88,0.633585,1448
523064,645312,87,0.624176,1464
525496,645312,87,0.615028,1464
521728,645312,88,0.628757,1464
523984,645312,88,0.620481,1464
521480,645312,89,0.629459,1464
524424,645312,89,0.618681,1464
521864,645312,90,0.627941,1464
524712,645312,90,0.617431,1464
521624,645312,90,0.628786,1464
518000,645312,91,0.641095,1464
521792,645312,91,0.628025,1464
520224,645312,91,0.633749,1432
518136,645312,92,0.640753,1432
517248,645312,92,0.643884,1408
516328,645312,93,0.646834,1408
513728,645312,94,0.654913,1408
509784,645312,95,0.666485,1408
510512,645312,95,0.664270,1408
510336,645312,96,0.664775,1408
506416,645312,96,0.675770,1408
508480,645312,95,0.670076,1432
512448,645312,95,0.658542,1432
513024,645312,94,0.656749,1456
516368,645312,94,0.646248,1456
515984,645312,94,0.647646,1448
515472,645312,93,0.649560,1448
517840,645312,93,0.641829,1448
517344,645312,94,0.643522,1424
520112,645312,93,0.634296,1432
517992,645312,94,0.641384,1432
521576,645312,93,0.629094,1472
522672,645312,93,0.625038,1472
519016,645312,92,0.638021,1472
520456,645312,91,0.633064,1496
522824,645312,91,0.624579,1496
519792,645312,91,0.635410,1472
517320,645312,91,0.643755,1472
518424,645312,91,0.639988,1472
515936,645312,91,0.648177,1472
519056,645312,91,0.637888,1472
521416,645312,91,0.629655,1472
521056,645312,92,0.630909,1472
522232,645312,92,0.626609,1472
520816,645312,93,0.631575,1472
523480,645312,93,0.621945,1472
521736,645312,94,0.628194,1472
524992,645312,94,0.616173,1472
527432,645312,94,0.606596,1472
530144,645312,94,0.595395,1472
530072,645312,95,0.595762,1456
531072,645312,94,0.591349,1504
531224,645312,93,0.590632,1520
530648,645312,92,0.593483,1520
527144,645312,92,0.607917,1520
525304,645312,93,0.614998,1520
522528,645312,93,0.625382,1520
523960,645312,93,0.620011,1520
522016,645312,94,0.627035,1520
518840,645312,94,0.638128,1520
515984,645312,93,0.647722,1520
518808,645312,92,0.638528,1528
520056,645312,92,0.634159,1528
521944,645312,92,0.627432,1528
525296,645312,92,0.614998,1528
522632,645312,93,0.624866,1512
520752,645312,94,0.631492,1512
521216,645312,94,0.629711,1512
524448,645312,94,0.617879,1512
523720,645312,94,0.620746,1512
526528,645312,94,0.609975,1512
524272,645312,94,0.618711,1512
523584,645312,94,0.621419,1512
519576,645312,95,0.635519,1512
521832,645312,95,0.627545,1512
520224,645312,96,0.633146,1512
517712,645312,96,0.641725,1512
519952,645312,96,0.634077,1512
520944,645312,95,0.630659,1512
522040,645312,95,0.626637,1512
519032,645312,95,0.637191,1512
517488,645312,95,0.642456,1512
513888,645312,95,0.653963,1512
512512,645312,95,0.658375,1472
513232,645312,94,0.656171,1488
515560,645312,93,0.648858,1536
519592,645312,93,0.635546,1536
520960,645312,93,0.630687,1536
524696,645312,93,0.617043,1536
525744,645312,92,0.612992,1560
524088,645312,93,0.619214,1560
520408,645312,94,0.632349,1560
518768,645312,95,0.637914,1560
520960,645312,94,0.630325,1592
523032,645312,93,0.622788,1640
521664,645312,93,0.627856,1640
523960,645312,93,0.619391,1640
525952,645312,93,0.611705,1640
529336,645312,93,0.598049,1640
527080,645312,93,0.607320,1640
528712,645312,92,0.600765,1648
524976,645312,92,0.615572,1648
527176,645312,92,0.606911,1648
525032,645312,93,0.615179,1648
528656,645312,93,0.600798,1648
524624,645312,93,0.616714,1648
525568,645312,93,0.612962,1648
521560,645312,92,0.628025,1648
520120,645312,92,0.633283,1624
524192,645312,91,0.618622,1664
527568,645312,91,0.605488,1664
525224,645312,91,0.614756,1664
526680,645312,91,0.608980,1664
524544,645312,92,0.617133,1664
525944,645312,92,0.611644,1664
521976,645312,93,0.626324,1664
522056,645312,92,0.626039,1664
520576,645312,92,0.631492,1640
524208,645312,92,0.618295,1640
521408,645312,91,0.628757,1640
519200,645312,91,0.636519,1640
521456,645312,91,0.628589,1640
525160,645312,91,0.614907,1640
522944,645312,92,0.623107,1640
519688,645312,92,0.634704,1640
519224,645312,92,0.636438,1640
522520,645312,92,0.624809,1640
526432,645312,92,0.610037,1640
523904,645312,91,0.619952,1640
522016,645312,91,0.626950,1640
520920,645312,91,0.630965,1640
520776,645312,92,0.631547,1616
518928,645312,92,0.638128,1576
521192,645312,92,0.630241,1576
519624,645312,93,0.635627,1576
518400,645312,93,0.639882,1576
516144,645312,93,0.647342,1576
517024,645312,92,0.644453,1600
518904,645312,92,0.638128,1600
516240,645312,93,0.646809,1600
519720,645312,93,0.635221,1600
520096,645312,92,0.633941,1600
521408,645312,92,0.629235,1600
520152,645312,92,0.633804,1584
523920,645312,92,0.620276,1584
525040,645312,92,0.615933,1584
525776,645312,92,0.612962,1584
528384,645312,92,0.602545,1584
528320,645312,93,0.602803,1584
531312,645312,93,0.590187,1584
528080,645312,93,0.603766,1584
530584,645312,92,0.593449,1592
533600,645312,92,0.580115,1592
531208,645312,93,0.590632,1584
528816,645312,94,0.600603,1584
524920,645312,95,0.615843,1584
527856,645312,95,0.604278,1584
528656,645312,94,0.600863,1632
526312,645312,95,0.610285,1600
529184,645312,95,0.598641,1600
532176,645312,95,0.585755,1600
528552,645312,96,0.601025,1600
524800,645312,96,0.615933,1584
526936,645312,95,0.607729,1584
530872,645312,95,0.591451,1584
529224,645312,96,0.598510,1544
532008,645312,96,0.586524,1544
528280,645312,96,0.602352,1544
532000,645312,96,0.586559,1544
529216,645312,96,0.598543,1544
531888,645312,96,0.587046,1544
528984,645312,96,0.599494,1544
530416,645312,96,0.593348,1544
526928,645312,97,0.607540,1544
526080,645312,98,0.610842,1544
528072,645312,98,0.602803,1544
529968,645312,98,0.594827,1544
526168,645312,97,0.610502,1544
529512,645312,97,0.596925,1544
525936,645312,96,0.567377,1544
524488,645312,96,0.573692,1544
526520,645312,96,0.564861,1544
530016,645312,96,0.548939,1544
528200,645312,96,0.557455,1544
525168,645312,96,0.540589,1544
522024,645312,96,0.554557,1544
519728,645312,96,0.564284,1544
521792,645312,96,0.555539,1544
522576,645312,95,0.552168,1552
524368,645312,94,0.544136,1600
522040,645312,95,0.554455,1552
521664,645312,96,0.556045,1552
525352,645312,96,0.539721,1552
523216,645312,97,0.549198,1552
525408,645312,97,0.539250,1552
521520,645312,98,0.556247,1552
523528,645312,98,0.547418,1552
521816,645312,99,0.554794,1552
524904,645312,99,0.541094,1552
522896,645312,99,0.550169,1552
524936,645312,99,0.540950,1552
527672,645312,98,0.528206,1568
527264,645312,97,0.530668,1552
523552,645312,97,0.547838,1528
527088,645312,97,0.531608,1528
528464,645312,97,0.524831,1528
527344,645312,97,0.530404,1528
528440,645312,97,0.524947,1528
527312,645312,98,0.530329,1528
523592,645312,98,0.547453,1528
526272,645312,98,0.535183,1528
528256,645312,97,0.525833,1528
529544,645312,97,0.519322,1528
526648,645312,97,0.533440,1528
527488,645312,96,0.529459,1536
524728,645312,95,0.542602,1536
521784,645312,96,0.555403,1536
518200,645312,96,0.570400,1496
521752,645312,96,0.555708,1496
525600,645312,96,0.538632,1496
528072,645312,95,0.526908,1536
527824,645312,95,0.528396,1520
531056,645312,95,0.512264,1520
530976,645312,96,0.512671,1520
527352,645312,96,0.530630,1520
525944,645312,95,0.537610,1520
529256,645312,95,0.521721,1520
533048,645312,95,0.502172,1520
530840,645312,94,0.514089,1520
534016,645312,94,0.531906,1520
535704,645312,93,0.523255,1520
534624,645312,94,0.528826,1520
534096,645312,95,0.531704,1480
536296,645312,95,0.520102,1480
536600,645312,94,0.518489,1480
533400,645312,95,0.534945,1480
535520,645312,94,0.524172,1480
532224,645312,95,0.540714,1480
535528,645312,95,0.560532,1480
534480,645312,96,0.565623,1456
537104,645312,96,0.552707,1456
535304,645312,96,0.561720,1456
534728,645312,97,0.564569,1432
536000,645312,97,0.558252,1432
540096,645312,97,0.584892,1432
537920,645312,96,0.595475,1432
534152,645312,96,0.612087,1432
535008,645312,95,0.608412,1448
537184,645312,95,0.598718,1448
536512,645312,96,0.601697,1448
534520,645312,96,0.610477,1448
532368,645312,96,0.619522,1448
533568,645312,96,0.614443,1448
532056,645312,95,0.620962,1448
534416,645312,95,0.611116,1448
537040,645312,95,0.599573,1448
533792,645312,94,0.613915,1448
530256,645312,95,0.628003,1448
533440,645312,94,0.615299,1464
534016,645312,93,0.612887,1472
535536,645312,93,0.606257,1472
532160,645312,93,0.620451,1472
535152,645312,93,0.607901,1472
533576,645312,93,0.614707,1472
533184,645312,93,0.616576,1456
529960,645312,93,0.629471,1456
532568,645312,93,0.619072,1456
530208,645312,93,0.628524,1456
527600,645312,93,0.638421,1456
528760,645312,93,0.633986,1456
529840,645312,92,0.629928,1456
529000,645312,93,0.633122,1448
531760,645312,93,0.622328,1448
529352,645312,94,0.631803,1400
526920,645312,94,0.640899,1400
525648,645312,95,0.645476,1376
527712,645312,95,0.637956,1376
527136,645312,96,0.640067,1368
523256,645312,95,0.653811,1368
521192,645312,95,0.660693,1368
522048,645312,94,0.657781,1416
525872,645312,94,0.644721,1416
527112,645312,94,0.640153,1416
531008,645312,94,0.625405,1416
534968,645312,94,0.609126,1416
538424,645312,93,0.593761,1448
540504,645312,93,0.583780,1448
538328,645312,94,0.593981,1448
534752,645312,93,0.610106,1448
538512,645312,93,0.593358,1448
540072,645312,93,0.585846,1448
536280,645312,93,0.603345,1448
539528,645312,92,0.588531,1472
536320,645312,91,0.603485,1472
537584,645312,91,0.597679,1472
536424,645312,92,0.602996,1432
540120,645312,92,0.585922,1432
537088,645312,93,0.599858,1432
535192,645312,93,0.608310,1432
532408,645312,93,0.620003,1432
534944,645312,93,0.609363,1432
531096,645312,92,0.625374,1432
528832,645312,92,0.634164,1432
529784,645312,92,0.630413,1432
531872,645312,92,0.622138,1432
533208,645312,92,0.616576,1432
534152,645312,92,0.612487,1432
533072,645312,93,0.616934,1432
529856,645312,94,0.629593,1432
526392,645312,95,0.642324,1432
526912,645312,94,0.640469,1432
524136,645312,95,0.650318,1384
525696,645312,95,0.644777,1384
529320,645312,95,0.631441,1384
531624,645312,94,0.622487,1400
528960,645312,95,0.632853,1368
532384,645312,94,0.619426,1408
531888,645312,94,0.621726,1376
534944,645312,94,0.608990,1376
534088,645312,95,0.612787,1328
531264,645312,95,0.624406,1320
531712,645312,94,0.622613,1328
527888,645312,94,0.637315,1328
526568,645312,95,0.642068,1328
526016,645312,96,0.644020,1328
528728,645312,96,0.634045,1328
526744,645312,97,0.641271,1328
524032,645312,97,0.650860,1328
526768,645312,97,0.641185,1328
527664,645312,96,0.637927,1336
530208,645312,96,0.628248,1336
528272,645312,96,0.635702,1336
532152,645312,96,0.620643,1336
533184,645312,95,0.616282,1384
531088,645312,96,0.624656,1384
534576,645312,95,0.610309,1432
535592,645312,95,0.605774,1432
533048,645312,95,0.616641,1432
535928,645312,95,0.604320,1432
532536,645312,95,0.618717,1432
532936,645312,94,0.617097,1432
530856,645312,94,0.625561,1432
532448,645312,94,0.619072,1432
530248,645312,94,0.627911,1432
526320,645312,94,0.642665,1408
525800,645312,95,0.644497,1408
527776,645312,94,0.637256,1456
531784,645312,94,0.621821,1456
530624,645312,94,0.626554,1456
531624,645312,94,0.622455,1456
530336,645312,94,0.627665,1456
532088,645312,94,0.620611,1456
534120,645312,94,0.612120,1456
532912,645312,94,0.617292,1456
530880,645312,94,0.625561,1456
533360,645312,93,0.615463,1504
530184,645312,94,0.628064,1504
533872,645312,94,0.613152,1504
536648,645312,94,0.601062,1504
534136,645312,94,0.612053,1504
534992,645312,94,0.608242,1504
532944,645312,94,0.616967,1504
535752,645312,94,0.604979,1504
532760,645312,94,0.617714,1504
529136,645312,94,0.632043,1504
526944,645312,95,0.640182,1480
527976,645312,95,0.636261,1480
529616,645312,95,0.629958,1480
530488,645312,95,0.626430,1480
530176,645312,96,0.627634,1480
527464,645312,97,0.637781,1480
531168,645312,97,0.623590,1480
528368,645312,97,0.634461,1480
529672,645312,97,0.629380,1480
531328,645312,97,0.622771,1480
528592,645312,97,0.633450,1480
527592,645312,97,0.637315,1480
525552,645312,97,0.644777,1480
529448,645312,97,0.630413,1480
531712,645312,97,0.621440,1480
531968,645312,96,0.620420,1480
531264,645312,97,0.623213,1480
533776,645312,97,0.612853,1480
530472,645312,97,0.626306,1480
531080,645312,96,0.623936,1480
530632,645312,96,0.625872,1480
532416,645312,96,0.618620,1480
529144,645312,97,0.631381,1480
528200,645312,97,0.635083,1480
525896,645312,97,0.643625,1464
522960,645312,97,0.653837,1464
524168,645312,97,0.649611,1464
521800,645312,97,0.657651,1464
522464,645312,96,0.655452,1472
518552,645312,96,0.668017,1472
519512,645312,96,0.664907,1472
515576,645312,96,0.676873,1472
512608,645312,97,0.685247,1472
515064,645312,96,0.678212,1520
514032,645312,97,0.681284,1472
511256,645312,97,0.689048,1472
509840,645312,97,0.692926,1472
508568,645312,97,0.696341,1472
512560,645312,97,0.685643,1472
516312,645312,97,0.674868,1472
517872,645312,97,0.670083,1472
520120,645312,97,0.663002,1472
520704,645312,96,0.661152,1472
522016,645312,96,0.656764,1472
518696,645312,96,0.667429,1472
516072,645312,96,0.675430,1472
517424,645312,96,0.671287,1472
520200,645312,95,0.662598,1520
520784,645312,94,0.660744,1520
520968,645312,93,0.660130,1528
519336,645312,93,0.665454,1520
520000,645312,92,0.663279,1552
517128,645312,93,0.672076,1552
519832,645312,93,0.663656,1552
518896,645312,94,0.666568,1552
522776,645312,94,0.653997,1552
521672,645312,94,0.657859,1528
522240,645312,93,0.656004,1528
520232,645312,94,0.662472,1528
518712,645312,94,0.667478,1488
522192,645312,94,0.656293,1488
519584,645312,94,0.664782,1488
518896,645312,94,0.667110,1472
522032,645312,94,0.657025,1472
524608,645312,94,0.648244,1472
524048,645312,94,0.650345,1464
525096,645312,93,0.646671,1488
523648,645312,94,0.651616,1488
525600,645312,94,0.644749,1488
526720,645312,94,0.640613,1488
525368,645312,94,0.645560,1488
522280,645312,94,0.656162,1488
519920,645312,95,0.663731,1488
523056,645312,95,0.653438,1488
522184,645312,96,0.656319,1488
525144,645312,95,0.646311,1496
521912,645312,96,0.657182,1496
522064,645312,95,0.656686,1496
523976,645312,95,0.650155,1496
521520,645312,95,0.658455,1496
522320,645312,94,0.655689,1544
523080,645312,93,0.653118,1560
521008,645312,94,0.660053,1512
519288,645312,94,0.665653,1504
523344,645312,94,0.652422,1504
523496,645312,93,0.651912,1504
521936,645312,94,0.657078,1504
525400,645312,94,0.645225,1504
522592,645312,94,0.654924,1504
520400,645312,94,0.662270,1472
522440,645312,94,0.655531,1472
519256,645312,95,0.665752,1456
519952,645312,94,0.663556,1464
521264,645312,94,0.659230,1464
518488,645312,95,0.668091,1416
521872,645312,95,0.657260,1416
518384,645312,96,0.668408,1368
522160,645312,96,0.656319,1368
520760,645312,97,0.660974,1328
519456,645312,98,0.665081,1328
516784,645312,99,0.673194,1328
513360,645312,99,0.683278,1288
516728,645312,98,0.673620,1288
518968,645312,98,0.666716,1288
516552,645312,98,0.674234,1256
518976,645312,97,0.666938,1256
514920,645312,98,0.678968,1256
515728,645312,97,0.676502,1304
519600,645312,97,0.664707,1304
521960,645312,97,0.657025,1304
520688,645312,98,0.661127,1304
518640,645312,98,0.667675,1304
516272,645312,98,0.674915,1304
512712,645312,98,0.685159,1304
513672,645312,97,0.682408,1336
516992,645312,97,0.672696,1336
520760,645312,97,0.660948,1336
522008,645312,96,0.656843,1360
519328,645312,96,0.665529,1360
520376,645312,95,0.662143,1392
517000,645312,94,0.672791,1392
515608,645312,94,0.677059,1376
518992,645312,94,0.666815,1376
519536,645312,93,0.665106,1384
517096,645312,93,0.672672,1384
519592,645312,92,0.664932,1432
518000,645312,91,0.670108,1432
517848,645312,91,0.670758,1416
520576,645312,91,0.662194,1416
523024,645312,90,0.654209,1432
522440,645312,91,0.656136,1432
524152,645312,91,0.650264,1432
520696,645312,92,0.661712,1400
517376,645312,93,0.671933,1400
519952,645312,92,0.664007,1416
519768,645312,93,0.664607,1408
521256,645312,93,0.659745,1408
522080,645312,92,0.656921,1456
518192,645312,92,0.669309,1456
521432,645312,92,0.659024,1456
520440,645312,93,0.662194,1456
522992,645312,93,0.653757,1456
522256,645312,93,0.656345,1456
523896,645312,93,0.650725,1456
520656,645312,93,0.661508,1456
523288,645312,92,0.652797,1496
521976,645312,92,0.657286,1496
522624,645312,92,0.655003,1496
521288,645312,92,0.659513,1496
524744,645312,91,0.647914,1528
521704,645312,91,0.658222,1528
521464,645312,92,0.658998,1528
519200,645312,92,0.666296,1528
522184,645312,92,0.656660,1528
523992,645312,92,0.650481,1528
523624,645312,93,0.651831,1496
523048,645312,94,0.653811,1480
522384,645312,94,0.656267,1448
523224,645312,93,0.653331,1496
523448,645312,92,0.652529,1512
524032,645312,91,0.650562,1512
521400,645312,92,0.659385,1472
519088,645312,92,0.666815,1472
520144,645312,92,0.663380,1472
520840,645312,92,0.661025,1472
523704,645312,91,0.651616,1480
519608,645312,91,0.626524,1480
518560,645312,92,0.630208,1456
518360,645312,92,0.631049,1456
519400,645312,91,0.627383,1488
523104,645312,91,0.613954,1488
523296,645312,90,0.613241,1488
521656,645312,90,0.619423,1488
522952,645312,90,0.614517,1488
518960,645312,91,0.628732,1488
514912,645312,92,0.642114,1488
518416,645312,92,0.630425,1488
518768,645312,91,0.629198,1496
516776,645312,91,0.636048,1496
513144,645312,90,0.647933,1496
517232,645312,89,0.634778,1520
519456,645312,89,0.627078,1520
517000,645312,89,0.635546,1520
515104,645312,89,0.641859,1520
518480,645312,89,0.630588,1520
521824,645312,89,0.618701,1520
520896,645312,90,0.622142,1488
523040,645312,90,0.614191,1488
519952,645312,91,0.625298,1488
520024,645312,90,0.625047,1488
519672,645312,91,0.626302,1480
520304,645312,91,0.623924,1480
518232,645312,92,0.631077,1480
515456,645312,92,0.640424,1472
514528,645312,92,0.643562,1464
510656,645312,92,0.655537,1464
513880,645312,91,0.645723,1472
516768,645312,91,0.636311,1472
518560,645312,90,0.630208,1504
520696,645312,90,0.622625,1504
517200,645312,91,0.634618,1504
520944,645312,91,0.621573,1504
517816,645312,91,0.632561,1504
517568,645312,92,0.633392,1504
519904,645312,92,0.625242,1504
521256,645312,92,0.620286,1504
519768,645312,92,0.625717,1504
523768,645312,92,0.611055,1504
522672,645312,92,0.615314,1504
524336,645312,92,0.608905,1504
520632,645312,92,0.622681,1504
522520,645312,92,0.615696,1504
522368,645312,93,0.616254,1504
526016,645312,93,0.602217,1504
525568,645312,94,0.604004,1496
528864,645312,93,0.590613,1520
525512,645312,94,0.604129,1520
527592,645312,93,0.595817,1528
527440,645312,93,0.596628,1528
531304,645312,93,0.580144,1528
529528,645312,94,0.587791,1528
529456,645312,95,0.588095,1528
531568,645312,94,0.578912,1544
528584,645312,94,0.591877,1544
530096,645312,93,0.585307,1592
529696,645312,94,0.587012,1592
532864,645312,93,0.572934,1632
529848,645312,94,0.586196,1632
532168,645312,94,0.575855,1632
529016,645312,95,0.589509,1632
532032,645312,94,0.576463,1632
534360,645312,94,0.565586,1632
533792,645312,94,0.568459,1632
531552,645312,94,0.578806,1632
535184,645312,94,0.602023,1632
532736,645312,95,0.612432,1616
529272,645312,95,0.626361,1616
530896,645312,95,0.619857,1616
532480,645312,95,0.613286,1616
530472,645312,96,0.621339,1616
528400,645312,97,0.629305,1616
525088,645312,97,0.641533,1616
524440,645312,97,0.643966,1616
527872,645312,97,0.631460,1616
525144,645312,98,0.641420,1592
525400,645312,97,0.640517,1592
526592,645312,96,0.636074,1640
524968,645312,96,0.642039,1640
523408,645312,97,0.647431,1640
524928,645312,96,0.642039,1680
526096,645312,96,0.637720,1680
526152,645312,95,0.637519,1680
522184,645312,95,0.651417,1680
521264,645312,95,0.654713,1648
522776,645312,95,0.649543,1648
524072,645312,95,0.644963,1648
524232,645312,94,0.644410,1648
524528,645312,93,0.643326,1664
522816,645312,93,0.649355,1664
524464,645312,93,0.643549,1664
521184,645312,93,0.654766,1664
521840,645312,93,0.652452,1664
518064,645312,94,0.664510,1664
520608,645312,94,0.656325,1664
517744,645312,95,0.665371,1656
516784,645312,96,0.668386,1624
517776,645312,95,0.665371,1624
518304,645312,94,0.663719,1632
515808,645312,95,0.671418,1584
513448,645312,95,0.678388,1584
517208,645312,94,0.667323,1600
515224,645312,95,0.673230,1600
519072,645312,95,0.661424,1600
517456,645312,96,0.666423,1600
521144,645312,95,0.654792,1600
520344,645312,95,0.657691,1552
522424,645312,95,0.650723,1552
519656,645312,95,0.659911,1544
523328,645312,94,0.647840,1552
521136,645312,95,0.655131,1552
522024,645312,95,0.652055,1552
524688,645312,95,0.642824,1552
521392,645312,96,0.654059,1528
521480,645312,95,0.653770,1528
519392,645312,94,0.660795,1528
517880,645312,94,0.665641,1528
521352,645312,94,0.654504,1528
522976,645312,94,0.648950,1528
519856,645312,93,0.659479,1528
520808,645312,93,0.656274,1528
517672,645312,93,0.666277,1528
520456,645312,93,0.657409,1528
520024,645312,93,0.654363,1512
518968,645312,93,0.657891,1512
519432,645312,92,0.656392,1520
521552,645312,92,0.649333,1520
519328,645312,92,0.656723,1520
522344,645312,91,0.646843,1520
519120,645312,92,0.657409,1512
515408,645312,91,0.669075,1512
518328,645312,91,0.660053,1512
518472,645312,90,0.659578,1520
515480,645312,91,0.668696,1520
512696,645312,91,0.676888,1520
513624,645312,91,0.674111,1520
517424,645312,91,0.662680,1520
514560,645312,90,0.671542,1520
511392,645312,90,0.680767,1480
511136,645312,91,0.681493,1472
514488,645312,90,0.672031,1472
511464,645312,89,0.680855,1472
514856,645312,88,0.671239,1472
513968,645312,88,0.673950,1472
512768,645312,89,0.677361,1472
513800,645312,89,0.674294,1472
515840,645312,88,0.668244,1504
518624,645312,88,0.659603,1504
520960,645312,88,0.651971,1504
518896,645312,88,0.658749,1504
515448,645312,88,0.669406,1504
514496,645312,88,0.672333,1504
515912,645312,88,0.668030,1504
515656,645312,89,0.668791,1504
515432,645312,90,0.669501,1488
516096,645312,90,0.667386,1488
512624,645312,90,0.677586,1488
511384,645312,89,0.681295,1488
511464,645312,88,0.681075,1488
511408,645312,89,0.681229,1488
507472,645312,90,0.691682,1488
508368,645312,90,0.689238,1488
508280,645312,91,0.689468,1488
512312,645312,91,0.678460,1488
515736,645312,91,0.668458,1488
517408,645312,91,0.663270,1488
518880,645312,91,0.658547,1488
520520,645312,91,0.653145,1488
519136,645312,91,0.657739,1488
518192,645312,91,0.660850,1488
516608,645312,91,0.665848,1488
517016,645312,90,0.664515,1520
519824,645312,90,0.655599,1520
521904,645312,90,0.648640,1520
523584,645312,90,0.642780,1520
522776,645312,90,0.645870,1472
526704,645312,89,0.632010,1480
524504,645312,89,0.640056,1480
525728,645312,89,0.635547,1480
523608,645312,89,0.643166,1480
525048,645312,89,0.637972,1480
523696,645312,89,0.642863,1480
527208,645312,89,0.630157,1480
525088,645312,89,0.638000,1480
521320,645312,89,0.651026,1480
520624,645312,89,0.653457,1480
520696,645312,88,0.653223,1480
524560,645312,88,0.640028,1480
525728,645312,88,0.635719,1480
523248,645312,88,0.644728,1432
520112,645312,87,0.655419,1432
518472,645312,87,0.660751,1432
521600,645312,87,0.650578,1432
522952,645312,87,0.645897,1432
526736,645312,87,0.632420,1432
526440,645312,87,0.633671,1432
527256,645312,86,0.630688,1432
526952,645312,86,0.631981,1432
527048,645312,85,0.631629,1432
525488,645312,85,0.637432,1432
522704,645312,85,0.647220,1432
519320,645312,85,0.658396,1432
516744,645312,85,0.666474,1432
518808,645312,85,0.660003,1432
516728,645312,85,0.666522,1432
518656,645312,85,0.660477,1432
515776,645312,85,0.669359,1432
518664,645312,85,0.660452,1432
516104,645312,85,0.668387,1432
519152,645312,85,0.658925,1432
520432,645312,85,0.654699,1432
524328,645312,85,0.641507,1432
525592,645312,85,0.636892,1432
522808,645312,85,0.646708,1432
524168,645312,85,0.641895,1432
520472,645312,86,0.654260,1432
521912,645312,86,0.649386,1432
520104,645312,86,0.655445,1432
517768,645312,86,0.662926,1432
519440,645312,86,0.657562,1432
520560,645312,86,0.653820,1432
520264,645312,86,0.654982,1416
520824,645312,85,0.653171,1416
520160,645312,86,0.655316,1416
516872,645312,87,0.665558,1416
520552,645312,86,0.654001,1432
523096,645312,86,0.645409,1432
521664,645312,85,0.650525,1432
523408,645312,85,0.644509,1432
520744,645312,85,0.653535,1432
520200,645312,86,0.655291,1432
522272,645312,86,0.648347,1432
521864,645312,87,0.649811,1400
520776,645312,87,0.653691,1352
523424,645312,87,0.644728,1352
526024,645312,87,0.635461,1352
528016,645312,87,0.627986,1352
525984,645312,88,0.635432,1352
526008,645312,87,0.635346,1352
523808,645312,87,0.643248,1352
525272,645312,86,0.638028,1384
523504,645312,87,0.644181,1384
522704,645312,88,0.647059,1336
525320,645312,88,0.637858,1336
521840,645312,88,0.649943,1336
525608,645312,88,0.636835,1336
523096,645312,88,0.645734,1336
526616,645312,88,0.633206,1336
530064,645312,88,0.620041,1336
526168,645312,89,0.634655,1336
528224,645312,89,0.626905,1336
524880,645312,89,0.639242,1336
528504,645312,89,0.625849,1336
524800,645312,90,0.639354,1336
522256,645312,90,0.648240,1336
524568,645312,90,0.640168,1336
520888,645312,91,0.652651,1320
521768,645312,91,0.649599,1320
524376,645312,91,0.640559,1320
521840,645312,91,0.649360,1320
524976,645312,91,0.638453,1320
521096,645312,91,0.651814,1320
520200,645312,90,0.655059,1312
520296,645312,89,0.654750,1312
521544,645312,89,0.650525,1312
520448,645312,90,0.654105,1312
523456,645312,90,0.643935,1312
522888,645312,91,0.645870,1312
524656,645312,90,0.639776,1312
521264,645312,91,0.651289,1312
520480,645312,91,0.654027,1304
521552,645312,90,0.650446,1328
525328,645312,90,0.637347,1328
524632,645312,90,0.639972,1328
521288,645312,89,0.651630,1328
519400,645312,88,0.638427,1328
522640,645312,88,0.627097,1328
518608,645312,88,0.641054,1328
517680,645312,88,0.644239,1328
518720,645312,88,0.640685,1328
519400,645312,87,0.638347,1352
522144,645312,87,0.628767,1352
524560,645312,87,0.619880,1352
522432,645312,87,0.627749,1352
520792,645312,87,0.633633,1352
520992,645312,86,0.632946,1352
523432,645312,86,0.624174,1352
523240,645312,86,0.625038,1352
520688,645312,86,0.634154,1352
519808,645312,86,0.637301,1352
518968,645312,87,0.640262,1304
516320,645312,87,0.648963,1304
515368,645312,88,0.651936,1304
513928,645312,88,0.656483,1304
512616,645312,89,0.660394,1304
511832,645312,90,0.662690,1304
511944,645312,89,0.662364,1304
511312,645312,90,0.664195,1304
511424,645312,89,0.663872,1304
507544,645312,89,0.674844,1304
507432,645312,90,0.675146,1304
504728,645312,91,0.682279,1304
501808,645312,91,0.689756,1304
500560,645312,91,0.692969,1280
501616,645312,90,0.690365,1296
502984,645312,90,0.686856,1296
504632,645312,90,0.682547,1296
507680,645312,89,0.674454,1312
506032,645312,89,0.678984,1312
506928,645312,89,0.676478,1312
507472,645312,88,0.675017,1312
506816,645312,89,0.676778,1312
503032,645312,89,0.686695,1312
500416,645312,89,0.693239,1312
504016,645312,89,0.684207,1312
504672,645312,88,0.682526,1312
501152,645312,89,0.691342,1312
505088,645312,89,0.681327,1312
505976,645312,88,0.679005,1312
506360,645312,87,0.677969,1320
506280,645312,87,0.678308,1320
502848,645312,87,0.687256,1320
499800,645312,87,0.694808,1320
503208,645312,87,0.686354,1320
506072,645312,86,0.678963,1328
505824,645312,87,0.679615,1328
509632,645312,87,0.669169,1328
513728,645312,87,0.657157,1328
517408,645312,87,0.645580,1328
518264,645312,86,0.642706,1360
521768,645312,85,0.630840,1376
524248,645312,85,0.621820,1376
520624,645312,85,0.634782,1376
519552,645312,86,0.638480,1352
523376,645312,86,0.625067,1352
524848,645312,86,0.619525,1352
527288,645312,86,0.610092,1352
529424,645312,85,0.601418,1400
528392,645312,85,0.605755,1400
529552,645312,84,0.600930,1440
533648,645312,84,0.583319,1440
529752,645312,84,0.600114,1440
531272,645312,84,0.593602,1440
530256,645312,84,0.598044,1440
526576,645312,85,0.612686,1440
525456,645312,85,0.617113,1440
528248,645312,85,0.606168,1440
528920,645312,85,0.603293,1440
529192,645312,84,0.602099,1464
527792,645312,85,0.607684,1464
528064,645312,84,0.606485,1496
525216,645312,85,0.617442,1496
525680,645312,84,0.615608,1520
524160,645312,84,0.621586,1480
528152,645312,83,0.606263,1512
526792,645312,83,0.611764,1512
528832,645312,83,0.603550,1512
524824,645312,83,0.619200,1512
526920,645312,83,0.611085,1512
525128,645312,84,0.618070,1464
521200,645312,85,0.632200,1456
522608,645312,85,0.627097,1456
522080,645312,85,0.629161,1448
525904,645312,85,0.615033,1448
524872,645312,86,0.618903,1448
527264,645312,86,0.609626,1448
526208,645312,87,0.613757,1432
527536,645312,87,0.608438,1432
529768,645312,87,0.599295,1432
525944,645312,87,0.614578,1432
526776,645312,86,0.611394,1432
524784,645312,86,0.619111,1432
527688,645312,86,0.607842,1432
523808,645312,86,0.622695,1432
520792,645312,87,0.633358,1432
517104,645312,87,0.645759,1432
513168,645312,87,0.658092,1432
515856,645312,87,0.649717,1432
512256,645312,86,0.660936,1432
514448,645312,86,0.654224,1432
511560,645312,86,0.662969,1432
509104,645312,87,0.670084,1384
511912,645312,87,0.661944,1384
514960,645312,87,0.652653,1384
516016,645312,86,0.649315,1400
512264,645312,87,0.660724,1400
513808,645312,87,0.655975,1400
512952,645312,88,0.658640,1368
512296,645312,89,0.660583,1368
514624,645312,89,0.653440,1368
517832,645312,89,0.643149,1368
515752,645312,90,0.649817,1360
515856,645312,89,0.649491,1360
516016,645312,88,0.648988,1360
516472,645312,87,0.647419,1400
515968,645312,88,0.649013,1400
513680,645312,88,0.656217,1400
516272,645312,87,0.648180,1408
514200,645312,88,0.654615,1408
512936,645312,89,0.658426,1408
512952,645312,88,0.658354,1416
513672,645312,87,0.656096,1448
511344,645312,88,0.662992,1448
512672,645312,88,0.658950,1448
508680,645312,89,0.670418,1448
512200,645312,89,0.660206,1448
513000,645312,88,0.657828,1448
510112,645312,88,0.666394,1448
512592,645312,88,0.659045,1448
511896,645312,89,0.661124,1440
509768,645312,89,0.667460,1416
511184,645312,88,0.663270,1464
514176,645312,88,0.654224,1464
511552,645312,88,0.662200,1464
509496,645312,88,0.668227,1464
513320,645312,88,0.656965,1464
509544,645312,87,0.668227,1464
508464,645312,86,0.671613,1424
504776,645312,86,0.681596,1424
505112,645312,85,0.680702,1432
502688,645312,85,0.687016,1432
504128,645312,85,0.683246,1432
502064,645312,85,0.688571,1432
502920,645312,84,0.686354,1464
501944,645312,85,0.688828,1448
503960,645312,85,0.683635,1448
504296,645312,84,0.682732,1464
508152,645312,84,0.672361,1464
510072,645312,84,0.666871,1464
506584,645312,84,0.676607,1464
509192,645312,84,0.669348,1464
509096,645312,85,0.669616,1464
506288,645312,85,0.677396,1464
509776,645312,85,0.667708,1464
508552,645312,85,0.671260,1464
511376,645312,85,0.663131,1464
515040,645312,85,0.652010,1464
514224,645312,86,0.654517,1464
517512,645312,86,0.644032,1464
514144,645312,86,0.654761,1464
511128,645312,86,0.663849,1464
509608,645312,86,0.668317,1464
505608,645312,86,0.679321,1464
509032,645312,85,0.669928,1512
509872,645312,84,0.667550,1520
511632,645312,83,0.662410,1552
513152,645312,83,0.657781,1552
509504,645312,84,0.668362,1552
506288,645312,84,0.677290,1552
504624,645312,84,0.681783,1552
503576,645312,84,0.684675,1520
505360,645312,84,0.679950,1520
507960,645312,83,0.672996,1520
508824,645312,82,0.670529,1552
510256,645312,81,0.666371,1600
509920,645312,82,0.667369,1584
509024,645312,81,0.670151,1584
510664,645312,81,0.665390,1584
508872,645312,82,0.670529,1552
509576,645312,81,0.668564,1552
506784,645312,80,0.676478,1552
510224,645312,80,0.666871,1552
511584,645312,79,0.662945,1560
508376,645312,80,0.672009,1560
507512,645312,81,0.674454,1528
504384,645312,81,0.682835,1528
501968,645312,81,0.689046,1528
504000,645312,81,0.683819,1528
504344,645312,80,0.682917,1536
503288,645312,80,0.685769,1520
504144,645312,79,0.683492,1560
507384,645312,79,0.674844,1560
507696,645312,78,0.673999,1560
504248,645312,78,0.683225,1560
506752,645312,78,0.676543,1560
506648,645312,79,0.676820,1560
505024,645312,80,0.681098,1560
508136,645312,79,0.672668,1608
510104,645312,79,0.667052,1608
509248,645312,79,0.669594,1608
510776,645312,78,0.665229,1624
509536,645312,78,0.668878,1624
509936,645312,77,0.667754,1624
509736,645312,78,0.668317,1624
512880,645312,78,0.659092,1624
511840,645312,78,0.652723,1592
513512,645312,78,0.647492,1592
510704,645312,79,0.655953,1592
508560,645312,80,0.662145,1592
506680,645312,80,0.667526,1592
510616,645312,80,0.656212,1592
508520,645312,80,0.662394,1592
506408,645312,81,0.668315,1576
504880,645312,82,0.672482,1560
507688,645312,81,0.664823,1560
509192,645312,80,0.660526,1576
510664,645312,80,0.656118,1576
513288,645312,79,0.648108,1616
510960,645312,79,0.655269,1616
509664,645312,80,0.659054,1616
511112,645312,80,0.654678,1616
512016,645312,79,0.651858,1656
515776,645312,79,0.640000,1656
512088,645312,80,0.651496,1656
515312,645312,80,0.641335,1656
511856,645312,79,0.652339,1656
507768,645312,80,0.664264,1632
506464,645312,80,0.668074,1608
503840,645312,80,0.675231,1608
506880,645312,80,0.666931,1608
503832,645312,81,0.675126,1608
505576,645312,81,0.670358,1608
503824,645312,82,0.675021,1608
505520,645312,82,0.670379,1608
509264,645312,82,0.659815,1608
511824,645312,82,0.652147,1608
509280,645312,83,0.659631,1608
512688,645312,83,0.649383,1608
508824,645312,82,0.661075,1608
512048,645312,82,0.651472,1608
514576,645312,81,0.643621,1624
513064,645312,81,0.648624,1576
511888,645312,82,0.652195,1576
513952,645312,82,0.645729,1576
512304,645312,83,0.650795,1576
510136,645312,84,0.657242,1576
510856,645312,84,0.654986,1576
512296,645312,84,0.650528,1576
515192,645312,84,0.641360,1576
515136,645312,85,0.641539,1576
511896,645312,85,0.651738,1576
511952,645312,84,0.651569,1576
513072,645312,83,0.648157,1576
509848,645312,83,0.657941,1576
506344,645312,84,0.667877,1560
504704,645312,84,0.672440,1560
504976,645312,83,0.671691,1568
503984,645312,84,0.674327,1568
505640,645312,84,0.669774,1568
506232,645312,83,0.668118,1584
504688,645312,83,0.672418,1584
505488,645312,82,0.670228,1600
508880,645312,82,0.660664,1600
507416,645312,83,0.664890,1568
507304,645312,83,0.665336,1568
506632,645312,83,0.667328,1568
508088,645312,82,0.663163,1608
507544,645312,81,0.651039,1608
508792,645312,80,0.647233,1656
509120,645312,79,0.646233,1664
511968,645312,79,0.637370,1664
511904,645312,80,0.637571,1664
513088,645312,79,0.633797,1672
511968,645312,79,0.637496,1672
511248,645312,80,0.639788,1656
514984,645312,79,0.627841,1656
512272,645312,79,0.636742,1656
508984,645312,80,0.646805,1656
505176,645312,80,0.657919,1656
507560,645312,80,0.650992,1656
506520,645312,80,0.654125,1656
507048,645312,79,0.652566,1672
504448,645312,80,0.659895,1672
505752,645312,79,0.656168,1704
504736,645312,79,0.659187,1688
504336,645312,80,0.660292,1688
507936,645312,80,0.649943,1688
507832,645312,80,0.650410,1680
511496,645312,80,0.639243,1680
514336,645312,80,0.630048,1680
512976,645312,81,0.634461,1672
510784,645312,82,0.641317,1672
511672,645312,82,0.638421,1672
508168,645312,81,0.649311,1672
504776,645312,81,0.659120,1672
506600,645312,80,0.653943,1688
506016,645312,81,0.655603,1688
505488,645312,82,0.657135,1672
505392,645312,82,0.657539,1672
508648,645312,81,0.648086,1704
508376,645312,82,0.648958,1680
507000,645312,81,0.653233,1680
510056,645312,81,0.644094,1680
508888,645312,81,0.647731,1680
510088,645312,80,0.644094,1696
510152,645312,79,0.643901,1696
513128,645312,79,0.634512,1696
514080,645312,78,0.631349,1728
514320,645312,78,0.630413,1728
515736,645312,77,0.625688,1744
515280,645312,77,0.627497,1704
516464,645312,77,0.623374,1704
518384,645312,77,0.616595,1704
514536,645312,77,0.629787,1704
517512,645312,77,0.619628,1704
515640,645312,77,0.626168,1696
518440,645312,76,0.616426,1744
521560,645312,76,0.604975,1744
524312,645312,76,0.594270,1744
522176,645312,77,0.602669,1696
522304,645312,76,0.602186,1696
521600,645312,77,0.604827,1696
519608,645312,78,0.612110,1696
515944,645312,78,0.624991,1696
519648,645312,78,0.611967,1696
520224,645312,77,0.609858,1704
521200,645312,76,0.606104,1752
520592,645312,77,0.608341,1752
520016,645312,78,0.610467,1744
523112,645312,78,0.598744,1744
526136,645312,78,0.586588,1744
523608,645312,78,0.596892,1728
526624,645312,78,0.584654,1728
525736,645312,79,0.588277,1728
523000,645312,80,0.599051,1728
523824,645312,80,0.595679,1728
524064,645312,80,0.594553,1728
521008,645312,80,0.606370,1728
519080,645312,81,0.613370,1728
521416,645312,81,0.604677,1728
520616,645312,82,0.607696,1712
518976,645312,82,0.613797,1712
521024,645312,82,0.606193,1712
519568,645312,82,0.611679,1712
516112,645312,83,0.623833,1680
519600,645312,82,0.611679,1680
516456,645312,81,0.622994,1680
513432,645312,81,0.633130,1680
515712,645312,81,0.625500,1680
513952,645312,82,0.631401,1648
514048,645312,81,0.631064,1656
517200,645312,81,0.620372,1656
521232,645312,81,0.605808,1656
520040,645312,82,0.610177,1656
516248,645312,83,0.623455,1656
514016,645312,84,0.630856,1656
510768,645312,84,0.641342,1632
510936,645312,83,0.640776,1648
508248,645312,84,0.648864,1648
506560,645312,85,0.653760,1648
504888,645312,85,0.658610,1648
506024,645312,84,0.655331,1680
503888,645312,85,0.661280,1680
505776,645312,84,0.655920,1720
505440,645312,85,0.656888,1712
504760,645312,86,0.658854,1688
501504,645312,87,0.667745,1656
502128,645312,86,0.666093,1656
502904,645312,85,0.663973,1672
499928,645312,85,0.671926,1672
498456,645312,85,0.675783,1672
501920,645312,85,0.666730,1672
499192,645312,86,0.673805,1672
495640,645312,87,0.682578,1672
494288,645312,87,0.685908,1672
496928,645312,86,0.679452,1720
499344,645312,86,0.673296,1720
497672,645312,86,0.677618,1720
494656,645312,86,0.685039,1720
496872,645312,85,0.679667,1736
494072,645312,86,0.686490,1688
498112,645312,86,0.676603,1688
501648,645312,85,0.667492,1704
502200,645312,84,0.665944,1736
503176,645312,84,0.663196,1736
501392,645312,84,0.668081,1736
501080,645312,85,0.668899,1736
499640,645312,85,0.672745,1736
499784,645312,84,0.672357,1744
495752,645312,84,0.682482,1744
494560,645312,85,0.685436,1696
497480,645312,85,0.678271,1696
495448,645312,85,0.683326,1696
495992,645312,84,0.681904,1744
498024,645312,83,0.676922,1744
494128,645312,84,0.686340,1744
492928,645312,85,0.689168,1728
494552,645312,84,0.685342,1744
493224,645312,84,0.688559,1744
494584,645312,83,0.685304,1776
493400,645312,83,0.688188,1776
494760,645312,83,0.684888,1776
495664,645312,83,0.682617,1776
498928,645312,82,0.674514,1800
497184,645312,83,0.678863,1800
496024,645312,84,0.681788,1760
495896,645312,85,0.682097,1760
497480,645312,85,0.678113,1760
494976,645312,85,0.684318,1752
492928,645312,85,0.689224,1752
496816,645312,84,0.679980,1760
496272,645312,85,0.681420,1712
496112,645312,86,0.681807,1712
496496,645312,85,0.680838,1728
499272,645312,85,0.673825,1728
502432,645312,85,0.665475,1728
503168,645312,84,0.663499,1728
503256,645312,83,0.663261,1728
501192,645312,84,0.668816,1704
500808,645312,84,0.669963,1696
498568,645312,84,0.675803,1696
500176,645312,84,0.671597,1696
503080,645312,83,0.663909,1712
501832,645312,83,0.667492,1664
501936,645312,82,0.667217,1664
500520,645312,82,0.671040,1664
497912,645312,82,0.677757,1664
498288,645312,81,0.676743,1696
496784,645312,81,0.680605,1680
496440,645312,82,0.681459,1672
495848,645312,82,0.683039,1656
492440,645312,82,0.691111,1656
492288,645312,83,0.691456,1656
492000,645312,83,0.692272,1632
495304,645312,82,0.684527,1672
492440,645312,83,0.691202,1664
495272,645312,82,0.684527,1704
493616,645312,82,0.688522,1704
495416,645312,82,0.684185,1704
496248,645312,82,0.682077,1704
498408,645312,81,0.676763,1712
502144,645312,80,0.667133,1728
502784,645312,79,0.665368,1752
499024,645312,78,0.675361,1752
499536,645312,78,0.673947,1752
501384,645312,78,0.669067,1752
502312,645312,78,0.666497,1752
506232,645312,78,0.655626,1752
509136,645312,78,0.647067,1752
507824,645312,79,0.650923,1752
510448,645312,79,0.642979,1752
509472,645312,80,0.646066,1704
512056,645312,80,0.638022,1704
508136,645312,80,0.650013,1704
512000,645312,80,0.638197,1704
513216,645312,79,0.634359,1704
511448,645312,80,0.639912,1704
512248,645312,79,0.637370,1720
515000,645312,79,0.628369,1720
513552,645312,78,0.633387,1720
515864,645312,77,0.625688,1760
516584,645312,77,0.623103,1760
516896,645312,76,0.622043,1760
513592,645312,77,0.633105,1720
512328,645312,78,0.637119,1720
512184,645312,78,0.637746,1712
508424,645312,79,0.649146,1712
510776,645312,79,0.641954,1712
509608,645312,80,0.645491,1712
510448,645312,80,0.642808,1712
513360,645312,80,0.633566,1712
517280,645312,80,0.620400,1712
518816,645312,79,0.614876,1760
522272,645312,78,0.602096,1800
523040,645312,78,0.598990,1800
525552,645312,77,0.589052,1816
526904,645312,77,0.583333,1816
525624,645312,78,0.588568,1816
525544,645312,78,0.589084,1816
522704,645312,78,0.600397,1816
523952,645312,77,0.595523,1832
525496,645312,77,0.589213,1832
523456,645312,77,0.597573,1800
519976,645312,77,0.610756,1800
520856,645312,77,0.607373,1800
519448,645312,77,0.612655,1800
523528,645312,77,0.597295,1800
524192,645312,77,0.594521,1800
526888,645312,76,0.583499,1840
526056,645312,76,0.587109,1840
529080,645312,76,0.574226,1840
524984,645312,76,0.591423,1840
527784,645312,76,0.579758,1840
525744,645312,77,0.588180,1840
526232,645312,77,0.586000,1840
525992,645312,78,0.586979,1840
525904,645312,78,0.587531,1840
529192,645312,78,0.573533,1840
525232,645312,78,0.590241,1840
526944,645312,77,0.583168,1864
525504,645312,77,0.589245,1864
527864,645312,77,0.579319,1864
527400,645312,77,0.581570,1840
528368,645312,77,0.577283,1840
528776,645312,76,0.575502,1848
528000,645312,77,0.578880,1832
527672,645312,77,0.580498,1824
529648,645312,77,0.571825,1824
527632,645312,78,0.580464,1824
527560,645312,78,0.580968,1824
524864,645312,79,0.592123,1784
526704,645312,79,0.584490,1784
523728,645312,80,0.596395,1784
526936,645312,80,0.583333,1784
527816,645312,79,0.579522,1816
530440,645312,79,0.567942,1816
533160,645312,78,0.555367,1840
530144,645312,79,0.569150,1840
528080,645312,78,0.578507,1840
530280,645312,78,0.568760,1840
533544,645312,78,0.553549,1840
531224,645312,78,0.564531,1840
530504,645312,78,0.567978,1840
529552,645312,79,0.572315,1808
528672,645312,80,0.576257,1776
530752,645312,80,0.566942,1776
527400,645312,81,0.581436,1776
531056,645312,81,0.565362,1776
529696,645312,81,0.571615,1776
531240,645312,80,0.564567,1816
532648,645312,80,0.557881,1816
531024,645312,81,0.565398,1800
533072,645312,81,0.555744,1800
535200,645312,81,0.545257,1800
539104,645312,81,0.524889,1800
538104,645312,82,0.530466,1752
541048,645312,81,0.514275,1784
540560,645312,82,0.517006,1784
536792,645312,83,0.537102,1784
535688,645312,83,0.542917,1784
537872,645312,83,0.531515,1784
539040,645312,83,0.525061,1784
540664,645312,82,0.516069,1800
540648,645312,83,0.516203,1792
539088,645312,84,0.524760,1792
541952,645312,83,0.508765,1800
543120,645312,83,0.501664,1800
542632,645312,83,0.504820,1800
543448,645312,83,0.499714,1800
540040,645312,84,0.519266,1800
542760,645312,84,0.503506,1800
541944,645312,84,0.508535,1800
542088,645312,83,0.507704,1800
539840,645312,84,0.520366,1800
541496,645312,83,0.510920,1832
541088,645312,84,0.513283,1824
540816,645312,84,0.515264,1792
537664,645312,84,0.532560,1792
533584,645312,84,0.553130,1792
533856,645312,83,0.551830,1792
532608,645312,84,0.557806,1776
530152,645312,84,0.569185,1776
533648,645312,84,0.552901,1776
532296,645312,84,0.559479,1776
533224,645312,83,0.554914,1824
536368,645312,83,0.539300,1824
539552,645312,83,0.522334,1824
541712,645312,83,0.510006,1824
540576,645312,84,0.516605,1792
543144,645312,84,0.501569,1792
542320,645312,85,0.506405,1792
538736,645312,85,0.526649,1792
534936,645312,85,0.546360,1792
537712,645312,85,0.532059,1792
533968,645312,86,0.550831,1792
535840,645312,86,0.541397,1792
536816,645312,85,0.536406,1800
534176,645312,86,0.549790,1752
533272,645312,86,0.554346,1752
536208,645312,86,0.539745,1752
533376,645312,87,0.553815,1712
536448,645312,87,0.538489,1712
532688,645312,88,0.556909,1696
531720,645312,88,0.561616,1696
534152,645312,88,0.549944,1696
531736,645312,89,0.561323,1696
531872,645312,88,0.560661,1704
528408,645312,87,0.576463,1704
532232,645312,87,0.559219,1704
529272,645312,88,0.572559,1696
527616,645312,89,0.579657,1696
528328,645312,89,0.576429,1696
526304,645312,90,0.584918,1696
526576,645312,89,0.583764,1704
527480,645312,88,0.579960,1712
528440,645312,88,0.575674,1712
525872,645312,87,0.586816,1712
522488,645312,87,0.600336,1712
524272,645312,86,0.593262,1752
525888,645312,85,0.586620,1792
524456,645312,86,0.592567,1744
524832,645312,85,0.591040,1752
525968,645312,84,0.586327,1784
526008,645312,83,0.586163,1784
524576,645312,83,0.592123,1784
528392,645312,83,0.576189,1784
529640,645312,82,0.570773,1784
529032,645312,81,0.573845,1784
530216,645312,81,0.568440,1784
528328,645312,81,0.577044,1744
530256,645312,81,0.568440,1744
527032,645312,82,0.582304,1744
524408,645312,82,0.593136,1744
526040,645312,82,0.586392,1744
522264,645312,83,0.601248,1744
522432,645312,82,0.600518,1768
524704,645312,82,0.591487,1768
521320,645312,82,0.604707,1768
520808,645312,82,0.606784,1768
522880,645312,82,0.598806,1768
523544,645312,82,0.596053,1768
521464,645312,82,0.604170,1768
519840,645312,83,0.610206,1752
523656,645312,83,0.595679,1752
527056,645312,82,0.581804,1792
525448,645312,82,0.588600,1792
524864,645312,83,0.590945,1792
528848,645312,83,0.574191,1792
525360,645312,83,0.588955,1792
526944,645312,83,0.582270,1792
530280,645312,83,0.567692,1792
527232,645312,84,0.580934,1776
524752,645312,84,0.591264,1776
521624,645312,85,0.603361,1776
524944,645312,85,0.590305,1776
524224,645312,86,0.593294,1744
520480,645312,86,0.607726,1744
520952,645312,85,0.605926,1760
520152,645312,86,0.608926,1744
523280,645312,85,0.597171,1744
524280,645312,84,0.593073,1792
521544,645312,84,0.603841,1776
524336,645312,84,0.592915,1776
526816,645312,84,0.582670,1776
529488,645312,84,0.571054,1776
528768,645312,83,0.574606,1776
531704,645312,82,0.561323,1824
528792,645312,82,0.574503,1824
530608,645312,82,0.566297,1824
528688,645312,82,0.574951,1824
531568,645312,82,0.561946,1824
530240,645312,82,0.568156,1824
531088,645312,82,0.564132,1824
529248,645312,82,0.572524,1824
527064,645312,82,0.582037,1824
531088,645312,82,0.564350,1824
527264,645312,82,0.581202,1824
526096,645312,81,0.586425,1824
523760,645312,81,0.595928,1824
527104,645312,81,0.582270,1824
524720,645312,80,0.592345,1824
527784,645312,79,0.579825,1824
530808,645312,79,0.566476,1824
534000,645312,79,0.551447,1824
534384,645312,78,0.549596,1824
534360,645312,79,0.549712,1824
530728,645312,78,0.528299,1824
527784,645312,79,0.542365,1792
531616,645312,79,0.523853,1792
528192,645312,80,0.540486,1744
531360,645312,80,0.525121,1744
531752,645312,79,0.523137,1752
533632,645312,79,0.513341,1752
532304,645312,80,0.520131,1752
535832,645312,80,0.501397,1752
533320,645312,79,0.515283,1736
531704,645312,80,0.523655,1696
533896,645312,80,0.512260,1696
534752,645312,80,0.507505,1696
531680,645312,81,0.523297,1696
532960,645312,80,0.516596,1744
532336,645312,81,0.519768,1744
534168,645312,81,0.510083,1744
530376,645312,81,0.529465,1744
529520,645312,82,0.533769,1704
531880,645312,82,0.522019,1704
534416,645312,82,0.508734,1704
530712,645312,83,0.527557,1704
531096,645312,82,0.525634,1712
528936,645312,83,0.536080,1704
530184,645312,83,0.529891,1704
529912,645312,84,0.531242,1696
530840,645312,84,0.526499,1696
529320,645312,85,0.533845,1696
530184,645312,84,0.529543,1728
527912,645312,83,0.540745,1728
530840,645312,83,0.526578,1728
529024,645312,83,0.535552,1728
530136,645312,83,0.530007,1728
527200,645312,84,0.544010,1680
524224,645312,84,0.557373,1680
522016,645312,84,0.566844,1680
521352,645312,84,0.569781,1672
519816,645312,85,0.576106,1624
523056,645312,85,0.562763,1624
525464,645312,85,0.552235,1624
526264,645312,84,0.548624,1640
530272,645312,84,0.529775,1640
532304,645312,84,0.519485,1640
531920,645312,84,0.521739,1624
529488,645312,84,0.533845,1624
529112,645312,83,0.536118,1616
531656,645312,83,0.523575,1616
530888,645312,83,0.527596,1616
532040,645312,83,0.521659,1616
528744,645312,84,0.537620,1616
528432,645312,84,0.539300,1616
532256,645312,84,0.520574,1616
535784,645312,84,0.501876,1616
538960,645312,84,0.483722,1616
542552,645312,84,0.461567,1616
541080,645312,83,0.471340,1616
538056,645312,83,0.489493,1616
536808,645312,83,0.496783,1616
539232,645312,83,0.482693,1616
536824,645312,83,0.496694,1616
532816,645312,83,0.518228,1616
534512,645312,83,0.509199,1616
533584,645312,83,0.514293,1616
534640,645312,83,0.508523,1616
537520,645312,83,0.492533,1616
539456,645312,82,0.481283,1632
540696,645312,82,0.473582,1632
537408,645312,83,0.492804,1632
540784,645312,83,0.472756,1632
536920,645312,83,0.495538,1632
534016,645312,82,0.511717,1632
535696,645312,82,0.502527,1632
535888,645312,81,0.501441,1640
535512,645312,82,0.503652,1608
532176,645312,82,0.521258,1608
535736,645312,82,0.502440,1608
537160,645312,82,0.494331,1608
534224,645312,82,0.510503,1608
531888,645312,83,0.522459,1608
533384,645312,83,0.514623,1608
529360,645312,83,0.534757,1608
533032,645312,83,0.516432,1608
534504,645312,83,0.508523,1608
531944,645312,84,0.521699,1608
533224,645312,84,0.514953,1608
531400,645312,85,0.524250,1592
530544,645312,85,0.528766,1576
530160,645312,85,0.531011,1544
532000,645312,84,0.521979,1544
529152,645312,85,0.535816,1544
531776,645312,85,0.522858,1544
533288,645312,85,0.514953,1544
533592,645312,84,0.513341,1552
529728,645312,84,0.532815,1552
532688,645312,84,0.517984,1552
530064,645312,84,0.531204,1552
527984,645312,84,0.541225,1552
527600,645312,85,0.542988,1552
528440,645312,85,0.538890,1552
530896,645312,85,0.526931,1552
529200,645312,86,0.535098,1552
528560,645312,87,0.538219,1528
527344,645312,88,0.543827,1528
529656,645312,88,0.532815,1528
529792,645312,87,0.532088,1544
533032,645312,87,0.515776,1544
536152,645312,87,0.498947,1544
533112,645312,88,0.515118,1544
533176,645312,87,0.514788,1544
530416,645312,87,0.528844,1544
533520,645312,87,0.513009,1544
531064,645312,87,0.525673,1544
528248,645312,87,0.539374,1544
524392,645312,87,0.556823,1544
522320,645312,87,0.565756,1544
521200,645312,88,0.570332,1544
523752,645312,88,0.559559,1544
523880,645312,87,0.559014,1544
525328,645312,87,0.552551,1544
526888,645312,87,0.545389,1544
528744,645312,87,0.536607,1544
525840,645312,87,0.550083,1544
528680,645312,86,0.537096,1552
525920,645312,86,0.550047,1520
521936,645312,87,0.567041,1520
519656,645312,88,0.576201,1520
517976,645312,88,0.582889,1520
517000,645312,87,0.586933,1520
515064,645312,88,0.594099,1504
516272,645312,87,0.589664,1512
520264,645312,87,0.574209,1512
518968,645312,87,0.579478,1512
521856,645312,86,0.567926,1528
524216,645312,85,0.558024,1536
526752,645312,85,0.546689,1536
528648,645312,85,0.537770,1536
524976,645312,86,0.554367,1528
528232,645312,86,0.539523,1528
526824,645312,85,0.546401,1528
530440,645312,85,0.529271,1528
527000,645312,86,0.545389,1528
530776,645312,86,0.527401,1528
532816,645312,86,0.516964,1528
530008,645312,87,0.530896,1528
530304,645312,86,0.529465,1528
528992,645312,86,0.535967,1528
526568,645312,86,0.547336,1528
525744,645312,87,0.551215,1480
527208,645312,87,0.544446,1480
525696,645312,88,0.551215,1480
528352,645312,88,0.538965,1480
528832,645312,87,0.536682,1488
531128,645312,87,0.525397,1488
528136,645312,86,0.540153,1488
528544,645312,85,0.538256,1488
525288,645312,85,0.553181,1488
528400,645312,85,0.538927,1488
525864,645312,85,0.550649,1488
529304,645312,84,0.534908,1488
525472,645312,84,0.552586,1488
525600,645312,83,0.552024,1488
524744,645312,84,0.555893,1456
528232,645312,84,0.540079,1456
525344,645312,85,0.553147,1440
524064,645312,85,0.558878,1440
525096,645312,85,0.554228,1440
521656,645312,86,0.568709,1440
522280,645312,85,0.566152,1440
523808,645312,85,0.559559,1440
523152,645312,85,0.562562,1432
521712,645312,85,0.568709,1432
524504,645312,85,0.556823,1432
527440,645312,84,0.543609,1480
526880,645312,84,0.546365,1480
530624,645312,84,0.528610,1480
528232,645312,85,0.539968,1480
531160,645312,85,0.525752,1480
529128,645312,86,0.535552,1480
528288,645312,87,0.539523,1472
528152,645312,88,0.540190,1464
530952,645312,88,0.526617,1464
529704,645312,88,0.532892,1464
530232,645312,87,0.530317,1472
532240,645312,86,0.520292,1496
534696,645312,86,0.507335,1496
533768,645312,87,0.512468,1448
537816,645312,87,0.490177,1448
534256,645312,87,0.509915,1448
534936,645312,86,0.506056,1496
533408,645312,86,0.514334,1496
534960,645312,85,0.506014,1528
532240,645312,85,0.520494,1504
532176,645312,85,0.521057,1504
528472,645312,85,0.539188,1504
529600,645312,84,0.533807,1520
530904,645312,84,0.527283,1520
534216,645312,84,0.510251,1520
531592,645312,84,0.524091,1480
534424,645312,84,0.509367,1480
531368,645312,84,0.525200,1480
528184,645312,84,0.540634,1480
524088,645312,85,0.558810,1480
526024,645312,85,0.550189,1480
529072,645312,85,0.536042,1480
529176,645312,84,0.535552,1480
527248,645312,84,0.544701,1480
529576,645312,84,0.533655,1480
527568,645312,85,0.543134,1456
530416,645312,85,0.529504,1456
528440,645312,86,0.539114,1408
532368,645312,86,0.519849,1408
529160,645312,86,0.535740,1408
529344,645312,85,0.534833,1416
526720,645312,85,0.547156,1416
525304,645312,85,0.553845,1368
522368,645312,86,0.566482,1320
526032,645312,86,0.550649,1320
526504,645312,85,0.548339,1368
523384,645312,86,0.561857,1368
520840,645312,85,0.572680,1368
523048,645312,85,0.563465,1368
522312,645312,84,0.566909,1368
525568,645312,84,0.552902,1368
521976,645312,85,0.568089,1368
522520,645312,84,0.565756,1392
525152,645312,84,0.554402,1392
522560,645312,85,0.565426,1384
519520,645312,86,0.577643,1384
518072,645312,85,0.583589,1384
515272,645312,85,0.594128,1384
517560,645312,85,0.585523,1384
520544,645312,84,0.573987,1384
523168,645312,84,0.563098,1384
521696,645312,84,0.569360,1384
523592,645312,84,0.561319,1384
523864,645312,83,0.560169,1384
527376,645312,83,0.544555,1384
524344,645312,84,0.557922,1384
526672,645312,84,0.547515,1384
523680,645312,85,0.560542,1384
523384,645312,86,0.561790,1384
519960,645312,85,0.576106,1384
523800,645312,85,0.560237,1384
527064,645312,85,0.545751,1384
527144,645312,84,0.545389,1384
525096,645312,85,0.554472,1384
521360,645312,86,0.570203,1368
525344,645312,86,0.553251,1368
527432,645312,86,0.543718,1368
524896,645312,86,0.555201,1368
524952,645312,85,0.554958,1368
522200,645312,85,0.566778,1368
524592,645312,85,0.556514,1368
520848,645312,84,0.572456,1368
517024,645312,84,0.587411,1368
514216,645312,83,0.597958,1368
517584,645312,83,0.585493,1368
521184,645312,83,0.571300,1368
524032,645312,83,0.559321,1368
521288,645312,83,0.570881,1368
523536,645312,83,0.561420,1368
522632,645312,83,0.565558,1328
523496,645312,82,0.561924,1336
521360,645312,82,0.570913,1336
519816,645312,83,0.577205,1296
523816,645312,83,0.560745,1296
521456,645312,84,0.570526,1288
522200,645312,83,0.567402,1312
518360,645312,83,0.582767,1312
519200,645312,82,0.579509,1320
520176,645312,82,0.575507,1320
516680,645312,82,0.589044,1320
519520,645312,82,0.578080,1320
517272,645312,83,0.586664,1320
514248,645312,83,0.597844,1320
515592,645312,83,0.592854,1320
517272,645312,83,0.586484,1320
515992,645312,83,0.591572,1272
516176,645312,82,0.590811,1296
513816,645312,82,0.599453,1296
514832,645312,82,0.595680,1296
513280,645312,83,0.601271,1264
515344,645312,83,0.593781,1264
513984,645312,84,0.598749,1232
511312,645312,85,0.607952,1232
512048,645312,85,0.605296,1232
512528,645312,85,0.603487,1232
510088,645312,85,0.611870,1232
510696,645312,84,0.609828,1240
508760,645312,84,0.616331,1240
505920,645312,84,0.625443,1232
505736,645312,85,0.626032,1224
508960,645312,85,0.615737,1224
508280,645312,86,0.618076,1176
508432,645312,85,0.617564,1184
508784,645312,84,0.616382,1200
512176,645312,84,0.604968,1200
508984,645312,84,0.615737,1200
505312,645312,84,0.627399,1200
508720,645312,84,0.616588,1200
506888,645312,85,0.622396,1200
508096,645312,85,0.618433,1200
512192,645312,85,0.604749,1200
512128,645312,86,0.604968,1200
511520,645312,87,0.607062,1192
509480,645312,87,0.613996,1192
511808,645312,86,0.606113,1232
514936,645312,86,0.595020,1232
518592,645312,86,0.581267,1232
517968,645312,87,0.583649,1232
516288,645312,87,0.590106,1232
518936,645312,86,0.580035,1256
520544,645312,85,0.573637,1280
516472,645312,86,0.589399,1240
515632,645312,85,0.592825,1240
517624,645312,84,0.585373,1264
515296,645312,84,0.594128,1264
511696,645312,83,0.607035,1264
512136,645312,82,0.605405,1304
512512,645312,81,0.604119,1304
513872,645312,81,0.599228,1304
510552,645312,81,0.610732,1304
507144,645312,81,0.621870,1304
510408,645312,81,0.611209,1304
507280,645312,81,0.621444,1304
505480,645312,81,0.627155,1304
502368,645312,81,0.636670,1256
500168,645312,81,0.643054,1256
502128,645312,80,0.637409,1288
504840,645312,80,0.629286,1288
508088,645312,79,0.619197,1304
510632,645312,79,0.610785,1304
512776,645312,79,0.603376,1304
510920,645312,80,0.609668,1304
510080,645312,81,0.612450,1304
509536,645312,81,0.614413,1296
508112,645312,81,0.619146,1296
504296,645312,82,0.630892,1296
502712,645312,82,0.635697,1296
500424,645312,82,0.642360,1296
504144,645312,82,0.631487,1296
507288,645312,82,0.621745,1296
510752,645312,82,0.610414,1296
508440,645312,83,0.618076,1256
510824,645312,82,0.610281,1264
510024,645312,82,0.613133,1248
506208,645312,83,0.625246,1248
507800,645312,83,0.620134,1248
510416,645312,83,0.611527,1248
513088,645312,83,0.602327,1248
515984,645312,83,0.591864,1248
518032,645312,83,0.584074,1248
521040,645312,83,0.572167,1248
517512,645312,84,0.585854,1248
513472,645312,85,0.600490,1248
516224,645312,85,0.590459,1248
516080,645312,85,0.591192,1240
517080,645312,85,0.587321,1240
519272,645312,85,0.578796,1240
517712,645312,85,0.584951,1240
518056,645312,84,0.583528,1272
514280,645312,85,0.597391,1272
517800,645312,85,0.584316,1272
515472,645312,86,0.593086,1232
514416,645312,87,0.596879,1232
518256,645312,87,0.582553,1232
520840,645312,87,0.572263,1232
518208,645312,87,0.582736,1232
518760,645312,86,0.580498,1264
517896,645312,86,0.584104,1232
521432,645312,86,0.570073,1232
518888,645312,86,0.580313,1232
519288,645312,85,0.578765,1232
516904,645312,86,0.587857,1224
513448,645312,87,0.600462,1184
510728,645312,86,0.610068,1184
508760,645312,86,0.616666,1184
508592,645312,87,0.617282,1160
511280,645312,87,0.608302,1160
513320,645312,86,0.601299,1168
510968,645312,85,0.609641,1168
513952,645312,85,0.599256,1168
518032,645312,85,0.584195,1168
517680,645312,85,0.585764,1152
515096,645312,85,0.595422,1152
513136,645312,86,0.602437,1120
510272,645312,87,0.612134,1112
509088,645312,86,0.616305,1112
512384,645312,86,0.605214,1112
514656,645312,86,0.597135,1112
515608,645312,85,0.593608,1144
512288,645312,85,0.605432,1144
513688,645312,84,0.600434,1192
511360,645312,84,0.608570,1192
513784,645312,84,0.600098,1192
516232,645312,84,0.591163,1192
515304,645312,84,0.594704,1192
514920,645312,84,0.596280,1184
512944,645312,84,0.603376,1184
513008,645312,83,0.603156,1184
515432,645312,83,0.594445,1184
518200,645312,83,0.584044,1184
517944,645312,84,0.585011,1184
518800,645312,83,0.581636,1216
518400,645312,84,0.583163,1216
518744,645312,83,0.581728,1248
515008,645312,84,0.595565,1248
515448,645312,83,0.593954,1256
516272,645312,82,0.590929,1264
518064,645312,82,0.584074,1264
520360,645312,81,0.575097,1288
517880,645312,81,0.584860,1288
516672,645312,82,0.589369,1288
513424,645312,83,0.601076,1272
510872,645312,82,0.610094,1272
514224,645312,82,0.598438,1272
515352,645312,82,0.594243,1272
518616,645312,82,0.581942,1272
520032,645312,82,0.576264,1272
515936,645312,83,0.591777,1272
515176,645312,83,0.594761,1256
516880,645312,83,0.588363,1256
518688,645312,83,0.581360,1256
516064,645312,82,0.591543,1256
514472,645312,82,0.597447,1256
517072,645312,81,0.587857,1296
518248,645312,81,0.583254,1296
515120,645312,81,0.594991,1296
514848,645312,81,0.596138,1296
517952,645312,81,0.584558,1296
521336,645312,81,0.571171,1296
521240,645312,82,0.571589,1288
518280,645312,83,0.583163,1288
521688,645312,83,0.569587,1288
519696,645312,84,0.577612,1264
521696,645312,83,0.569587,1280
523568,645312,83,0.561655,1280
521088,645312,83,0.572039,1280
517824,645312,84,0.584740,1280
517784,645312,84,0.585072,1280
513784,645312,83,0.599958,1280
510952,645312,84,0.609641,1280
514776,645312,84,0.596280,1280
515128,645312,83,0.594905,1312
514992,645312,84,0.595451,1296
514040,645312,84,0.599115,1264
517176,645312,84,0.587589,1264
518008,645312,84,0.584286,1264
520840,645312,83,0.573286,1264
519032,645312,82,0.580745,1264
521376,645312,81,0.571332,1312
525072,645312,81,0.555720,1312
521456,645312,80,0.571203,1312
525392,645312,80,0.554541,1312
523032,645312,81,0.564564,1312
525008,645312,80,0.556203,1312
525528,645312,80,0.553740,1312
524568,645312,81,0.557887,1312
522872,645312,81,0.565227,1312
524128,645312,81,0.559762,1312
523752,645312,81,0.561554,1312
525208,645312,80,0.555235,1336
527696,645312,79,0.543973,1384
525192,645312,78,0.555512,1384
525256,645312,77,0.555235,1384
523048,645312,78,0.564597,1384
521504,645312,79,0.570913,1384
524840,645312,79,0.556823,1384
524776,645312,79,0.557305,1384
522000,645312,80,0.568904,1384
523144,645312,80,0.563999,1384
520432,645312,80,0.575192,1384
522688,645312,80,0.565889,1384
524720,645312,80,0.557133,1384
528320,645312,80,0.540893,1384
524384,645312,79,0.558776,1384
521224,645312,80,0.571846,1384
520600,645312,80,0.574527,1384
523648,645312,80,0.561891,1384
526568,645312,79,0.549088,1424
525456,645312,80,0.553984,1424
526296,645312,80,0.550083,1424
525440,645312,81,0.553984,1392
527296,645312,81,0.545534,1392
524232,645312,82,0.558980,1392
526384,645312,82,0.549408,1392
528512,645312,82,0.539523,1392
527632,645312,83,0.543682,1368
526784,645312,84,0.547515,1368
527440,645312,83,0.544519,1376
525696,645312,83,0.552516,1376
527368,645312,83,0.544846,1376
528904,645312,83,0.537546,1376
528000,645312,84,0.541777,1368
530704,645312,84,0.528766,1368
529968,645312,84,0.532547,1368
528728,645312,84,0.538629,1368
532080,645312,84,0.522219,1368
530128,645312,84,0.532011,1368
527528,645312,84,0.544374,1368
523624,645312,85,0.561453,1368
524520,645312,84,0.557613,1376
520696,645312,85,0.573414,1376
521800,645312,84,0.568937,1384
519328,645312,84,0.579106,1344
522504,645312,83,0.566218,1392
524344,645312,83,0.558298,1392
527240,645312,83,0.545353,1392
524064,645312,82,0.559695,1392
526304,645312,82,0.549763,1392
528736,645312,82,0.538480,1392
527288,645312,82,0.545353,1392
526456,645312,82,0.549301,1392
527392,645312,81,0.545100,1392
528864,645312,81,0.538107,1392
526832,645312,82,0.547408,1392
526672,645312,83,0.548124,1392
530096,645312,82,0.532241,1400
533120,645312,82,0.517046,1400
530432,645312,83,0.530394,1400
530560,645312,82,0.529775,1400
526568,645312,82,0.548696,1368
525112,645312,81,0.555685,1328
524480,645312,82,0.558400,1328
523376,645312,83,0.563098,1320
521400,645312,84,0.571203,1320
523696,645312,84,0.561554,1320
526256,645312,84,0.550295,1320
528024,645312,84,0.542108,1320
527552,645312,84,0.544555,1304
527896,645312,83,0.542951,1312
530616,645312,83,0.529930,1312
530552,645312,84,0.530239,1312
527016,645312,85,0.546725,1312
528640,645312,85,0.539076,1312
531336,645312,85,0.525949,1312
535424,645312,85,0.504685,1312
534120,645312,86,0.511759,1280
530720,645312,86,0.529310,1240
529472,645312,87,0.535287,1240
533320,645312,87,0.516104,1240
535384,645312,87,0.505029,1240
538832,645312,87,0.485537,1240
535656,645312,87,0.503824,1192
538688,645312,87,0.486647,1192
538024,645312,86,0.481990,1192
534912,645312,87,0.499354,1192
538200,645312,87,0.480694,1192
540912,645312,87,0.464170,1192
540640,645312,87,0.466189,1184
539640,645312,88,0.472250,1184
543544,645312,88,0.447456,1184
540280,645312,87,0.468679,1184
538808,645312,87,0.477753,1184
542680,645312,87,0.453691,1184
546568,645312,87,0.475698,1184
542488,645312,88,0.500798,1184
544640,645312,88,0.487570,1184
548376,645312,88,0.510853,1184
545032,645312,89,0.530660,1184
542200,645312,90,0.546221,1184
543872,645312,90,0.536895,1184
547792,645312,90,0.563616,1184
544896,645312,90,0.579156,1184
541024,645312,90,0.598208,1184
543016,645312,90,0.588514,1184
547024,645312,90,0.567780,1184
546472,645312,90,0.571147,1152
550488,645312,90,0.601266,1152
549320,645312,90,0.607460,1152
550800,645312,89,0.599896,1152
547392,645312,90,0.616896,1152
548256,645312,89,0.612685,1160
544264,645312,89,0.631453,1160
541472,645312,89,0.643593,1160
538544,645312,89,0.655485,1160
540744,645312,89,0.646577,1160
544640,645312,89,0.629783,1160
540816,645312,90,0.646089,1160
539184,645312,90,0.652807,1160
541584,645312,90,0.642930,1160
539008,645312,90,0.653558,1144
539272,645312,89,0.652493,1152
536560,645312,89,0.663011,1152
533976,645312,90,0.672298,1152
537600,645312,90,0.658942,1152
537880,645312,89,0.657878,1152
538064,645312,88,0.657145,1160
542160,645312,88,0.640524,1160
540032,645312,89,0.649256,1160
542728,645312,89,0.637915,1160
538744,645312,90,0.654151,1160
540640,645312,89,0.646447,1200
537152,645312,89,0.660269,1200
538824,645312,89,0.653683,1200
535304,645312,89,0.667071,1200
538704,645312,88,0.654307,1208
537000,645312,89,0.660809,1208
533896,645312,89,0.672214,1208
537280,645312,89,0.659757,1208
537152,645312,88,0.660599,1208
540416,645312,88,0.647712,1208
542112,645312,87,0.640692,1216
538592,645312,87,0.655083,1216
535056,645312,87,0.668479,1200
534344,645312,86,0.671344,1200
535480,645312,86,0.667129,1200
537224,645312,86,0.660539,1200
537576,645312,85,0.659214,1200
534696,645312,85,0.669932,1200
536424,645312,85,0.663513,1200
536240,645312,86,0.664278,1176
537376,645312,86,0.659878,1176
536240,645312,86,0.664278,1176
532848,645312,86,0.676438,1176
529456,645312,86,0.687749,1176
527616,645312,87,0.693480,1176
528352,645312,87,0.691064,1176
527320,645312,87,0.694383,1176
524024,645312,86,0.704357,1176
527208,645312,85,0.694892,1216
526744,645312,86,0.696316,1208
526944,645312,85,0.695714,1208
530016,645312,84,0.686039,1248
531408,645312,83,0.681403,1280
533248,645312,82,0.675207,1280
537216,645312,81,0.660959,1288
534824,645312,81,0.669847,1288
538824,645312,81,0.654835,1288
537240,645312,80,0.661228,1288
536032,645312,81,0.665709,1280
532792,645312,82,0.677091,1280
534408,645312,82,0.671344,1280
536136,645312,82,0.664980,1280
537320,645312,81,0.660569,1288
534424,645312,80,0.671429,1288
534808,645312,79,0.669904,1336
533192,645312,79,0.675701,1336
531128,645312,80,0.682614,1336
534568,645312,79,0.670894,1344
535616,645312,78,0.667158,1344
533160,645312,79,0.675783,1344
531696,645312,79,0.680874,1344
530024,645312,79,0.686475,1344
527728,645312,80,0.693651,1344
523760,645312,81,0.705332,1336
527048,645312,81,0.695594,1336
529536,645312,81,0.687749,1336
530696,645312,81,0.683868,1336
532336,645312,81,0.678281,1336
531808,645312,81,0.680236,1328
529896,645312,82,0.686475,1328
529624,645312,82,0.687495,1328
530968,645312,81,0.683034,1368
531192,645312,80,0.682273,1376
534168,645312,80,0.672018,1376
537336,645312,80,0.660359,1376
536928,645312,81,0.661884,1376
539776,645312,81,0.650755,1376
535688,645312,81,0.666435,1376
535384,645312,82,0.667561,1368
536320,645312,81,0.664160,1368
539024,645312,81,0.653746,1368
535088,645312,82,0.668451,1368
531744,645312,82,0.680157,1368
529048,645312,82,0.689038,1368
531864,645312,82,0.679757,1368
528736,645312,81,0.690167,1368
528512,645312,82,0.690890,1360
527616,645312,82,0.693798,1360
529472,645312,82,0.687876,1360
532656,645312,82,0.677281,1360
530984,645312,82,0.683007,1360
528560,645312,82,0.690890,1360
528176,645312,83,0.692228,1312
527016,645312,83,0.695907,1312
527040,645312,82,0.695835,1312
525912,645312,83,0.699240,1296
529008,645312,83,0.689691,1296
529328,645312,82,0.688660,1304
527240,645312,83,0.695110,1304
527504,645312,82,0.694164,1352
529200,645312,82,0.688761,1352
532656,645312,82,0.677308,1352
535376,645312,82,0.667647,1352
537584,645312,82,0.659335,1352
536688,645312,83,0.662715,1344
538360,645312,83,0.656225,1344
541776,645312,83,0.642365,1344
541232,645312,84,0.644714,1320
537632,645312,85,0.658911,1320
539936,645312,85,0.649767,1320
536560,645312,86,0.662745,1320
540328,645312,86,0.648002,1320
542944,645312,86,0.636922,1320
540064,645312,87,0.648871,1320
541368,645312,87,0.643361,1320
538104,645312,87,0.656563,1320
541960,645312,87,0.640894,1320
539040,645312,87,0.652932,1320
541344,645312,87,0.643461,1320
539448,645312,87,0.651325,1320
541976,645312,87,0.640827,1320
541792,645312,88,0.641631,1312
544552,645312,88,0.629497,1312
544488,645312,89,0.629783,1312
546904,645312,89,0.618456,1312
545048,645312,89,0.627268,1312
541352,645312,89,0.643461,1312
543720,645312,89,0.633177,1312
542360,645312,89,0.639241,1312
544464,645312,89,0.629890,1312
546296,645312,89,0.621315,1312
543288,645312,90,0.634851,1312
546632,645312,89,0.619590,1344
543448,645312,90,0.634190,1304
545864,645312,90,0.623136,1304
545520,645312,91,0.624756,1296
545640,645312,90,0.624205,1296
544488,645312,90,0.629640,1296
543968,645312,90,0.632159,1296
545632,645312,90,0.624462,1296
544456,645312,89,0.630211,1296
544656,645312,88,0.629283,1304
543816,645312,88,0.633212,1304
544448,645312,87,0.630424,1304
541224,645312,88,0.644220,1304
544304,645312,88,0.630851,1304
547296,645312,88,0.616858,1304
544680,645312,88,0.629176,1304
546288,645312,88,0.621614,1304
543800,645312,88,0.633072,1304
541376,645312,89,0.643394,1304
543480,645312,89,0.634260,1304
539560,645312,89,0.650755,1304
535552,645312,89,0.666145,1304
534080,645312,90,0.671400,1304
537664,645312,89,0.658244,1320
537536,645312,89,0.658911,1320
535384,645312,90,0.666869,1320
536472,645312,89,0.662893,1320
540088,645312,89,0.648775,1320
538192,645312,88,0.656594,1320
535592,645312,88,0.666609,1280
536200,645312,87,0.664366,1288
534856,645312,88,0.669221,1288
532080,645312,89,0.678819,1288
530048,645312,89,0.685653,1288
531408,645312,89,0.681060,1288
530104,645312,89,0.685473,1288
529184,645312,90,0.688483,1264
529080,645312,91,0.688811,1264
530416,645312,90,0.684517,1272
534400,645312,90,0.670894,1272
533096,645312,90,0.675591,1272
531240,645312,90,0.681984,1272
532192,645312,89,0.678658,1320
528768,645312,89,0.689942,1312
532512,645312,89,0.677606,1312
534280,645312,89,0.671344,1312
537872,645312,89,0.658031,1312
541936,645312,89,0.641631,1312
539120,645312,89,0.653214,1312
538648,645312,90,0.655237,1264
538720,645312,89,0.654928,1272
538976,645312,88,0.653933,1272
539592,645312,87,0.651515,1272
541080,645312,86,0.645370,1312
544440,645312,86,0.630851,1312
542144,645312,86,0.640961,1312
539072,645312,87,0.653558,1272
537864,645312,88,0.658213,1272
539096,645312,88,0.653277,1272
540408,645312,88,0.647873,1272
543136,645312,88,0.636303,1272
540432,645312,88,0.647776,1272
541024,645312,87,0.645337,1280
540760,645312,88,0.646610,1232
544352,645312,87,0.631205,1272
546568,645312,87,0.620904,1272
547808,645312,87,0.614783,1272
544456,645312,87,0.630531,1272
544600,645312,86,0.629890,1272
543256,645312,87,0.635959,1232
545736,645312,87,0.624719,1232
543608,645312,87,0.634434,1232
546736,645312,87,0.620079,1232
546472,645312,88,0.621353,1224
548320,645312,88,0.612294,1224
547344,645312,89,0.617011,1224
549064,645312,89,0.608381,1224
545216,645312,89,0.626906,1224
547624,645312,89,0.615439,1224
543968,645312,89,0.632475,1224
546312,645312,89,0.621651,1224
544592,645312,89,0.629712,1224
545432,645312,88,0.625852,1240
543552,645312,88,0.634434,1240
546344,645312,88,0.621651,1240
545904,645312,88,0.624095,1200
547248,645312,87,0.617621,1240
547192,645312,88,0.617887,1240
547384,645312,87,0.616972,1240
544120,645312,87,0.632159,1240
542336,645312,88,0.640019,1200
540488,645312,89,0.647647,1200
542864,645312,89,0.637573,1200
544288,645312,89,0.631170,1200
545920,645312,89,0.623579,1200
542776,645312,90,0.637539,1200
543616,645312,89,0.633702,1248
540216,645312,89,0.648196,1240
543776,645312,89,0.633037,1240
541776,645312,90,0.641664,1224
538392,645312,90,0.655454,1224
541984,645312,90,0.640793,1224
544888,645312,90,0.627954,1224
541720,645312,91,0.641698,1224
538264,645312,91,0.655763,1224
537920,645312,92,0.657207,1192
538944,645312,91,0.653152,1216
540696,645312,91,0.645958,1216
543984,645312,91,0.631806,1216
543832,645312,91,0.632721,1208
539912,645312,92,0.649160,1208
536880,645312,93,0.660899,1208
540400,645312,93,0.646999,1208
542632,645312,93,0.637505,1208
542672,645312,92,0.637334,1208
539080,645312,93,0.652241,1168
541232,645312,93,0.643361,1168
537768,645312,94,0.657145,1168
539400,645312,94,0.650596,1168
537776,645312,95,0.656931,1168
536384,645312,95,0.662478,1136
532760,645312,95,0.675564,1136
534904,645312,95,0.667877,1136
531808,645312,94,0.678954,1136
533256,645312,94,0.673856,1136
537008,645312,94,0.660149,1136
534600,645312,94,0.669136,1136
534920,645312,93,0.667992,1136
531736,645312,93,0.679195,1136
530848,645312,94,0.682142,1136
533728,645312,94,0.672214,1136
534560,645312,94,0.669108,1136
536728,645312,94,0.661018,1136
536248,645312,94,0.662981,1136
535592,645312,94,0.665593,1128
532864,645312,94,0.675399,1128
532544,645312,95,0.676493,1128
535808,645312,95,0.664805,1128
536592,645312,94,0.661884,1136
535112,645312,95,0.667302,1136
534248,645312,95,0.670583,1128
538176,645312,95,0.655917,1128
534272,645312,96,0.670329,1128
531288,645312,96,0.680715,1128
534576,645312,96,0.669250,1128
538456,645312,95,0.654742,1152
539912,645312,94,0.648903,1176
542808,645312,94,0.636682,1176
545392,645312,94,0.625012,1176
544032,645312,94,0.631347,1176
544424,645312,93,0.629533,1192
543176,645312,94,0.635025,1192
542344,645312,94,0.638800,1192
545952,645312,94,0.622580,1192
549496,645312,94,0.605160,1192
546840,645312,95,0.618191,1192
548904,645312,95,0.607901,1192
546800,645312,95,0.618381,1192
545104,645312,96,0.626289,1184
545624,645312,95,0.623911,1184
546704,645312,95,0.618646,1184
543256,645312,96,0.634295,1184
546248,645312,96,0.620567,1184
544456,645312,96,0.628996,1184
546096,645312,96,0.621278,1184
545144,645312,96,0.626107,1136
541904,645312,97,0.640288,1136
539256,645312,98,0.651199,1112
542688,645312,98,0.636854,1112
545848,645312,98,0.622543,1112
545008,645312,99,0.626435,1104
543336,645312,100,0.633877,1104
546144,645312,100,0.656207,1104
546920,645312,99,0.652781,1128
545520,645312,99,0.659133,1080
548240,645312,99,0.682228,1080
549912,645312,98,0.675357,1080
546176,645312,99,0.690319,1080
547344,645312,98,0.685792,1080
544360,645312,98,0.697280,1080
541560,645312,98,0.707331,1080
539928,645312,98,0.712953,1080
538760,645312,99,0.716736,1080
539864,645312,99,0.713005,1080
537648,645312,99,0.720296,1064
537456,645312,98,0.721215,1056
540800,645312,98,0.710303,1056
543760,645312,98,0.699885,1056
540272,645312,98,0.712057,1056
540856,645312,97,0.710115,1056
538096,645312,97,0.719220,1056
542144,645312,97,0.705739,1056
542184,645312,96,0.705573,1064
544592,645312,96,0.696841,1064
544616,645312,95,0.696753,1064
542936,645312,95,0.702953,1064
542832,645312,95,0.703487,1064
544800,645312,95,0.696254,1064
543840,645312,95,0.699914,1064
547680,645312,95,0.734029,1064
547864,645312,94,0.733414,1064
547664,645312,95,0.734109,1056
546432,645312,95,0.738307,1056
547496,645312,94,0.734827,1056
543888,645312,94,0.746414,1056
546768,645312,94,0.737218,1056
545632,645312,95,0.740864,1056
548232,645312,94,0.732365,1056
547568,645312,93,0.734906,1056
549456,645312,93,0.728334,1056
550624,645312,92,0.724210,1056
548856,645312,92,0.730570,1056
545424,645312,91,0.742124,1056
548920,645312,91,0.730515,1056
545480,645312,92,0.741822,1048
548768,645312,92,0.730898,1048
548328,645312,92,0.732580,1040
549688,645312,91,0.727860,1056
553312,645312,91,0.714409,1056
551544,645312,92,0.721048,1056
550088,645312,92,0.726542,1032
548040,645312,91,0.733895,1032
546704,645312,91,0.738462,1024
550440,645312,91,0.725665,1024
547768,645312,92,0.734827,1024
548992,645312,92,0.730543,1024
551024,645312,92,0.723231,1024
555120,645312,92,0.764563,1024
559048,645312,92,0.808918,1024
558728,645312,93,0.809828,1016
562760,645312,93,0.860830,1016
560456,645312,93,0.865705,1016
563504,645312,93,0.907558,1016
562768,645312,93,0.908676,1016
558768,645312,94,0.913983,1016
555256,645312,94,0.869032,1016
551208,645312,94,0.876046,1016
548832,645312,95,0.879781,1016
545544,645312,94,0.884728,1016
542552,645312,95,0.888774,1016
543576,645312,94,0.887422,1016
540216,645312,94,0.891801,1016
539360,645312,94,0.892906,1016
541624,645312,94,0.890033,1016
541272,645312,94,0.890541,1016
540432,645312,94,0.891672,1000
538912,645312,94,0.893579,1000
541816,645312,94,0.889931,1000
540392,645312,93,0.891840,1000
540944,645312,92,0.891155,1000
543440,645312,92,0.887880,1000
542576,645312,93,0.889024,992
543560,645312,92,0.887688,1024
544624,645312,91,0.886255,1024
547224,645312,91,0.882522,1024
551064,645312,91,0.876575,1024
549168,645312,91,0.879683,984
546120,645312,92,0.884164,984
548448,645312,92,0.880701,984
552216,645312,92,0.874683,984
552400,645312,91,0.874377,984
550728,645312,91,0.877177,984
550208,645312,92,0.877999,984
551528,645312,92,0.875812,984
553904,645312,92,0.871739,984
551648,645312,91,0.824819,984
554968,645312,91,0.816725,984
551368,645312,92,0.825350,984
553152,645312,92,0.821065,984
551008,645312,91,0.826277,984
554944,645312,91,0.816786,984
552632,645312,92,0.822416,984
554112,645312,92,0.818734,984
553520,645312,91,0.820430,976
554696,645312,90,0.817506,992
557504,645312,90,0.810098,992
558104,645312,89,0.808420,1008
560944,645312,89,0.800144,1008
564672,645312,89,0.848047,1008
561920,645312,90,0.854400,1008
558336,645312,91,0.861950,992
562360,645312,91,0.915657,992
562824,645312,90,0.915043,1000
560072,645312,89,0.918616,1000
556784,645312,89,0.922436,1000
555144,645312,88,0.924286,1000
551648,645312,89,0.927755,1000
549440,645312,89,0.929830,1000
551984,645312,89,0.927435,1000
553640,645312,88,0.925778,1040
551752,645312,88,0.927664,1040
551896,645312,87,0.927519,1048
549056,645312,87,0.930171,1048
550192,645312,86,0.929152,1048
549912,645312,87,0.929406,1048
548240,645312,86,0.930969,1048
549568,645312,86,0.929758,1048
547648,645312,86,0.931477,1048
547168,645312,87,0.931890,1040
548648,645312,87,0.930579,1040
546384,645312,88,0.932504,1040
548288,645312,88,0.930851,1040
548048,645312,88,0.931100,1040
549576,645312,88,0.929715,1040
549408,645312,87,0.929965,1024
546808,645312,88,0.932205,1024
545744,645312,89,0.933081,1024
548808,645312,89,0.930453,1024
544712,645312,90,0.933871,1024
541632,645312,89,0.936298,1024
543872,645312,88,0.934587,1048
544544,645312,87,0.934054,1056
544760,645312,86,0.933884,1056
543280,645312,86,0.935074,1056
546464,645312,86,0.932504,1056
545584,645312,86,0.933262,1056
545192,645312,87,0.933590,1040
548336,645312,87,0.930934,1040
546728,645312,87,0.932338,1040
547584,645312,86,0.931606,1056
545088,645312,86,0.933699,1056
543912,645312,87,0.934636,1040
544216,645312,86,0.934400,1040
541112,645312,86,0.936772,1040
543440,645312,85,0.935006,1080
546904,645312,85,0.932198,1080
550496,645312,85,0.929020,1080
551480,645312,85,0.928064,1080
552304,645312,84,0.927282,1080
555624,645312,84,0.923901,1080
557176,645312,83,0.922200,1112
559920,645312,83,0.919008,1112
561744,645312,83,0.916717,1112
559592,645312,82,0.919453,1112
557760,645312,82,0.916259,1112
559568,645312,82,0.913989,1112
557424,645312,83,0.916601,1112
556440,645312,84,0.917784,1080
560432,645312,84,0.912868,1080
561152,645312,83,0.911920,1088
558568,645312,83,0.915256,1088
562496,645312,83,0.910112,1088
559616,645312,84,0.913898,1088
558256,645312,85,0.915596,1072
556352,645312,85,0.917894,1072
552792,645312,85,0.921827,1072
551568,645312,86,0.923077,1072
555096,645312,86,0.919307,1072
558208,645312,86,0.915654,1072
556400,645312,86,0.917839,1072
554768,645312,86,0.919721,1072
557880,645312,86,0.916106,1072
556240,645312,87,0.918022,1072
559120,645312,86,0.914597,1072
555240,645312,86,0.919227,1048
555968,645312,86,0.918358,1048
556864,645312,86,0.917275,1048
560160,645312,86,0.913197,1048
560504,645312,85,0.912755,1048
560928,645312,85,0.912140,1048
557760,645312,86,0.916106,1048
560688,645312,86,0.912391,1048
562912,645312,86,0.909326,1048
559616,645312,86,0.913767,1048
563376,645312,86,0.908674,1048
561648,645312,86,0.911122,1048
562488,645312,85,0.909914,1096
560744,645312,84,0.912381,1096
563384,645312,84,0.908730,1096
562832,645312,84,0.909571,1096
563040,645312,83,0.909237,1128
559624,645312,84,0.913777,1128
558168,645312,85,0.915606,1104
560328,645312,84,0.912879,1128
560464,645312,83,0.912682,1144
557120,645312,83,0.916902,1112
557480,645312,82,0.916478,1112
554672,645312,83,0.919677,1112
552800,645312,83,0.921727,1112
550560,645312,82,0.895204,1112
552312,645312,82,0.892714,1112
554896,645312,81,0.888901,1128
554040,645312,82,0.890210,1112
555352,645312,82,0.888155,1112
557464,645312,81,0.884755,1144
557160,645312,82,0.885250,1144
558696,645312,82,0.882625,1144
558488,645312,83,0.883030,1112
556192,645312,83,0.886885,1088
559824,645312,83,0.880779,1088
557784,645312,83,0.884322,1088
561400,645312,82,0.878046,1088
562080,645312,81,0.876759,1104
558152,645312,82,0.883686,1104
560296,645312,82,0.879920,1104
557968,645312,82,0.883992,1104
560816,645312,82,0.878990,1104
558096,645312,82,0.883779,1104
554504,645312,83,0.889457,1104
556680,645312,83,0.886009,1104
554488,645312,83,0.889481,1104
551608,645312,83,0.893713,1104
552520,645312,83,0.892361,1104
549776,645312,83,0.896199,1104
551080,645312,83,0.894376,1104
553608,645312,82,0.890753,1128
551168,645312,83,0.894222,1128
550496,645312,84,0.895150,1120
550920,645312,84,0.894507,1120
550840,645312,84,0.894682,1120
547944,645312,84,0.898552,1120
549176,645312,83,0.896968,1120
546744,645312,83,0.900108,1120
549536,645312,82,0.896538,1136
546200,645312,82,0.900810,1136
548680,645312,82,0.897653,1136
551488,645312,82,0.893835,1136
554464,645312,82,0.889469,1136
550744,645312,83,0.894791,1136
552656,645312,83,0.892053,1136
550440,645312,83,0.895204,1136
551272,645312,82,0.894012,1176
550496,645312,83,0.895106,1152
552224,645312,83,0.892646,1152
555360,645312,83,0.887933,1152
551376,645312,83,0.893835,1152
553664,645312,83,0.890494,1152
552008,645312,83,0.892996,1120
553768,645312,83,0.890387,1120
550656,645312,83,0.894868,1120
546928,645312,84,0.899704,1120
546088,645312,85,0.900791,1072
543896,645312,85,0.903431,1072
541104,645312,86,0.906549,1056
544760,645312,86,0.902392,1056
548312,645312,85,0.897992,1096
550904,645312,85,0.894496,1096
549664,645312,85,0.896231,1096
547320,645312,86,0.899306,1048
545080,645312,87,0.902053,1024
548296,645312,87,0.898043,1024
551168,645312,87,0.894167,1024
551112,645312,88,0.894244,1024
548880,645312,88,0.897291,1024
548272,645312,89,0.898084,1016
546112,645312,89,0.900859,992
549424,645312,89,0.896622,992
547272,645312,89,0.899436,992
549592,645312,89,0.896401,992
551088,645312,88,0.894332,1032
555056,645312,88,0.888511,1032
557720,645312,88,0.884203,1032
559504,645312,88,0.881100,1032
561752,645312,88,0.876968,1032
562536,645312,87,0.875460,1048
561712,645312,87,0.877117,1040
562168,645312,86,0.876233,1056
560512,645312,87,0.879349,1016
556992,645312,87,0.885418,1016
555856,645312,87,0.887349,984
557448,645312,87,0.884729,984
558504,645312,86,0.882895,1032
557504,645312,86,0.884716,984
553912,645312,86,0.890375,984
557984,645312,86,0.883926,984
556200,645312,86,0.886885,984
554528,645312,86,0.875394,984
557728,645312,86,0.869639,984
559160,645312,86,0.866837,984
559264,645312,85,0.866636,984
561344,645312,85,0.862375,984
560200,645312,86,0.864699,984
560664,645312,85,0.863734,1000
557792,645312,85,0.869402,1000
560152,645312,85,0.864763,1000
556840,645312,85,0.871149,1000
558504,645312,85,0.867972,1000
556976,645312,85,0.870902,1000
558712,645312,85,0.867576,1000
555568,645312,86,0.873328,1000
557424,645312,86,0.869906,1000
555728,645312,87,0.872963,1000
558000,645312,87,0.868744,1000
554072,645312,87,0.875813,1000
555232,645312,86,0.873775,1032
552032,645312,87,0.879101,1032
553480,645312,87,0.876668,1032
551152,645312,88,0.880476,992
548304,645312,87,0.884894,992
548936,645312,86,0.883949,1008
551032,645312,86,0.880712,1008
549304,645312,87,0.883335,1008
550000,645312,86,0.882268,1024
549168,645312,87,0.883572,984
549960,645312,86,0.882341,1016
549832,645312,86,0.882606,1016
553488,645312,86,0.876761,1016
551736,645312,85,0.879748,1016
548360,645312,86,0.884847,1016
550840,645312,86,0.881071,1016
554320,645312,86,0.875367,1016
553136,645312,87,0.877354,1008
554232,645312,86,0.875516,1016
550616,645312,87,0.881342,1016
547360,645312,86,0.843902,1016
545696,645312,87,0.847059,1016
548752,645312,87,0.841063,1016
549504,645312,87,0.839441,1016
552488,645312,87,0.832979,1016
552448,645312,87,0.833174,1016
554416,645312,87,0.828593,1016
552984,645312,87,0.831980,1016
552384,645312,88,0.833351,1000
556232,645312,88,0.824285,1000
558360,645312,88,0.818779,1000
556328,645312,87,0.824167,1000
553504,645312,87,0.830951,1000
556352,645312,86,0.824187,1016
559904,645312,86,0.814876,1016
559072,645312,87,0.817114,1016
555416,645312,87,0.826456,1016
552392,645312,87,0.833510,1016
552696,645312,86,0.832766,1048
551536,645312,87,0.835374,1016
555408,645312,87,0.826475,1016
554184,645312,87,0.829467,1016
552688,645312,87,0.833050,976
552760,645312,86,0.832891,976
554272,645312,86,0.829356,976
556688,645312,86,0.823457,976
558184,645312,86,0.819548,976
555392,645312,87,0.826495,976
551368,645312,87,0.835718,976
553440,645312,87,0.831042,976
551360,645312,87,0.835735,976
552648,645312,86,0.832873,1000
552456,645312,85,0.833510,1000
554416,645312,85,0.828966,1000
551800,645312,85,0.834942,1000
553728,645312,85,0.830550,1000
554336,645312,84,0.829152,1000
551920,645312,84,0.834682,1000
553584,645312,84,0.830878,1000
553368,645312,84,0.831476,1000
556208,645312,84,0.824696,1000
554616,645312,84,0.828612,1000
553312,645312,83,0.831819,1000
556032,645312,83,0.825358,1000
556816,645312,82,0.823358,1032
555104,645312,83,0.827560,1008
551280,645312,82,0.836350,1008
552856,645312,82,0.832820,1008
556056,645312,82,0.825280,1008
552856,645312,82,0.832820,1008
554504,645312,82,0.828966,1008
551240,645312,82,0.836384,984
549384,645312,81,0.840434,984
546904,645312,82,0.845299,984
547072,645312,81,0.844979,984
545728,645312,81,0.847666,944
546800,645312,80,0.845588,984
542904,645312,80,0.852715,984
541240,645312,80,0.855609,984
537400,645312,80,0.861775,984
539352,645312,80,0.858670,984
541192,645312,80,0.855609,984
538824,645312,81,0.859428,984
540144,645312,81,0.857247,984
539720,645312,80,0.858084,984
540872,645312,79,0.856150,1024
538024,645312,79,0.860759,1024
541328,645312,79,0.855396,1024
543104,645312,78,0.852370,1032
546800,645312,77,0.845663,1040
548440,645312,77,0.842401,1040
545632,645312,77,0.847843,1040
546840,645312,77,0.845497,1040
545768,645312,78,0.847578,1000
546240,645312,78,0.846611,1000
543104,645312,78,0.852342,1000
539736,645312,78,0.858032,1000
542904,645312,78,0.852688,1000
544992,645312,78,0.848910,1000
541104,645312,79,0.855662,992
542976,645312,79,0.852411,992
539928,645312,80,0.857505,992
540248,645312,79,0.856922,1032
540112,645312,80,0.857169,1016
536376,645312,81,0.862979,1016
534208,645312,80,0.836011,1016
537816,645312,80,0.829383,1016
534048,645312,81,0.836206,1016
536480,645312,81,0.831778,1016
536672,645312,80,0.831425,1016
537864,645312,79,0.829201,1016
534480,645312,79,0.835452,1016
536992,645312,79,0.830834,1016
535024,645312,80,0.834406,1016
538928,645312,80,0.827073,1016
538784,645312,81,0.827352,1016
542032,645312,81,0.820742,1016
540480,645312,82,0.823980,984
541288,645312,81,0.822294,1008
539920,645312,81,0.825145,1008
543768,645312,80,0.817070,1056
541896,645312,80,0.821140,1056
537848,645312,81,0.829156,1056
540688,645312,81,0.823513,1056
541360,645312,80,0.822146,1056
540424,645312,80,0.824141,1056
541936,645312,80,0.820958,1056
540624,645312,80,0.823739,1056
543152,645312,80,0.818396,1056
540432,645312,80,0.824125,1056
544088,645312,80,0.816373,1056
541944,645312,81,0.820941,1056
539744,645312,80,0.825588,1056
538616,645312,81,0.827783,1056
542480,645312,81,0.819922,1056
546264,645312,81,0.811492,1056
544480,645312,81,0.815618,1056
545096,645312,80,0.814251,1056
547568,645312,80,0.808441,1056
544904,645312,80,0.814680,1056
545040,645312,79,0.814376,1056
541104,645312,79,0.822865,1056
542992,645312,78,0.818839,1104
542640,645312,79,0.819652,1072
546224,645312,79,0.811658,1072
542232,645312,79,0.820508,1072
541512,645312,79,0.822114,1064
538248,645312,79,0.828655,1064
539360,645312,78,0.826513,1064
543248,645312,78,0.818481,1064
545512,645312,77,0.813515,1064
541880,645312,77,0.821455,1064
543200,645312,76,0.818635,1088
539544,645312,76,0.826201,1088
536280,645312,77,0.832363,1088
534792,645312,77,0.835185,1048
532728,645312,78,0.838739,1048
534728,645312,78,0.835213,1048
531200,645312,78,0.841274,1048
530568,645312,78,0.842402,1032
531528,645312,78,0.840763,1032
527744,645312,79,0.846747,1032
531384,645312,79,0.840920,1032
532712,645312,79,0.838631,1032
535448,645312,79,0.833793,1032
534192,645312,80,0.836011,1032
534288,645312,79,0.835844,1032
533272,645312,79,0.837681,1032
529368,645312,79,0.844159,1032
533016,645312,79,0.838117,1032
536904,645312,79,0.831145,1032
535168,645312,80,0.834293,1032
535272,645312,79,0.834107,1032
538560,645312,78,0.827968,1064
535720,645312,78,0.833333,1064
532504,645312,78,0.804957,1064
535544,645312,78,0.798465,1064
532552,645312,78,0.804860,1064
529264,645312,79,0.811334,1064
532632,645312,79,0.804599,1064
531136,645312,79,0.807702,1064
534472,645312,79,0.800767,1064
536968,645312,79,0.795216,1064
533648,645312,79,0.802501,1064
534776,645312,78,0.800120,1064
535368,645312,77,0.798847,1064
536496,645312,76,0.796340,1080
536072,645312,77,0.797276,1080
532232,645312,78,0.805380,1080
530456,645312,79,0.808928,1072
531424,645312,79,0.806923,1072
529576,645312,79,0.810631,1072
530624,645312,79,0.808505,1072
533408,645312,79,0.802785,1072
535920,645312,79,0.797311,1072
535024,645312,79,0.799365,1072
531776,645312,79,0.806219,1072
530488,645312,79,0.808913,1048
529072,645312,80,0.811639,1048
531704,645312,80,0.806412,1048
529632,645312,81,0.810478,1048
533320,645312,81,0.803018,1048
534744,645312,81,0.799914,1048
535640,645312,81,0.797872,1048
533800,645312,82,0.801815,1048
537328,645312,81,0.794042,1080
535376,645312,82,0.798378,1080
532088,645312,83,0.805347,1048
536128,645312,82,0.796800,1048
539736,645312,82,0.788392,1048
538896,645312,83,0.790498,1000
538640,645312,84,0.791097,1000
540184,645312,84,0.787313,1000
542264,645312,84,0.782037,1000
538600,645312,83,0.791190,1000
538280,645312,84,0.792026,960
541776,645312,84,0.783491,960
540328,645312,84,0.787178,960
536816,645312,85,0.795359,960
534504,645312,84,0.800614,960
535904,645312,83,0.797557,976
533272,645312,83,0.803266,976
536728,645312,83,0.795735,976
532864,645312,84,0.804009,976
528848,645312,84,0.812017,976
525352,645312,84,0.818485,976
522856,645312,84,0.822861,976
524664,645312,83,0.819745,992
521816,645312,83,0.824642,992
523792,645312,83,0.821248,992
527224,645312,83,0.815096,992
530656,645312,83,0.808505,992
529160,645312,84,0.811395,992
528024,645312,85,0.813532,992
529160,645312,84,0.811395,992
528360,645312,84,0.812995,992
531240,645312,84,0.807353,992
530432,645312,85,0.808991,968
531976,645312,85,0.805833,968
533392,645312,84,0.802885,992
536616,645312,84,0.795842,992
538896,645312,84,0.790516,992
535008,645312,85,0.799261,992
536192,645312,84,0.796659,1000
538576,645312,84,0.791134,1000
539816,645312,83,0.788162,1016
536976,645312,84,0.794766,1016
540960,645312,84,0.785261,1016
544416,645312,84,0.776257,1016
541296,645312,85,0.784310,1016
538920,645312,85,0.790178,1016
540016,645312,85,0.787449,1016
539288,645312,85,0.789308,1016
541384,645312,85,0.784091,1016
543800,645312,85,0.777767,1016
540920,645312,85,0.785242,1016
541896,645312,84,0.782746,1040
538888,645312,83,0.790310,1040
539496,645312,82,0.788870,1040
539360,645312,82,0.789308,1040
538120,645312,83,0.792248,1024
538168,645312,82,0.792137,1024
538504,645312,81,0.791321,1040
536392,645312,82,0.796198,1008
538664,645312,82,0.790910,1008
536184,645312,82,0.796659,1008
532568,645312,82,0.766128,1008
528584,645312,82,0.775592,1008
530944,645312,82,0.770035,1008
527096,645312,82,0.778999,960
530704,645312,82,0.770714,960
533592,645312,82,0.763596,960
537040,645312,82,0.754523,960
536016,645312,83,0.757315,936
533408,645312,83,0.764115,936
535472,645312,82,0.758844,944
539312,645312,82,0.748289,944
536800,645312,82,0.755340,944
538264,645312,82,0.751224,944
535984,645312,82,0.757505,944
538408,645312,82,0.750825,944
535480,645312,81,0.680983,944
539544,645312,81,0.666185,944
539496,645312,82,0.666366,944
536968,645312,83,0.675697,920
541024,645312,83,0.660424,920
538048,645312,83,0.671813,920
534728,645312,84,0.683467,920
533944,645312,85,0.686126,912
531456,645312,85,0.694500,864
534240,645312,85,0.685299,864
535720,645312,85,0.680100,864
538104,645312,85,0.671463,864
541144,645312,84,0.659925,880
542640,645312,84,0.653781,880
538752,645312,84,0.669023,880
541160,645312,84,0.659674,880
538840,645312,83,0.668875,880
541656,645312,83,0.657912,880
537616,645312,84,0.673175,880
539840,645312,84,0.664763,880
536096,645312,83,0.678739,880
537688,645312,83,0.672915,880
535648,645312,84,0.680156,872
534824,645312,85,0.682979,872
538272,645312,85,0.670644,872
538912,645312,84,0.668221,888
537368,645312,84,0.674039,888
534440,645312,85,0.684224,888
532136,645312,86,0.691801,888
531024,645312,86,0.695480,888
528800,645312,86,0.702437,888
532864,645312,86,0.689603,888
534888,645312,85,0.682789,912
536808,645312,85,0.675953,912
533888,645312,86,0.686126,872
536648,645312,86,0.676491,872
537704,645312,86,0.672539,872
534856,645312,87,0.682598,856
533456,645312,87,0.687505,840
536040,645312,87,0.678571,840
538064,645312,87,0.671171,840
539200,645312,87,0.666787,840
537472,645312,87,0.673320,840
539432,645312,87,0.665914,840
538960,645312,88,0.667685,840
539184,645312,87,0.666847,840
537376,645312,88,0.673550,824
535416,645312,88,0.680625,824
532304,645312,89,0.691003,824
535776,645312,89,0.679213,824
537536,645312,88,0.672858,856
538056,645312,87,0.670966,856
535528,645312,87,0.680128,856
537152,645312,87,0.674240,856
533816,645312,88,0.685780,856
533208,645312,88,0.687953,856
534312,645312,88,0.684116,856
535840,645312,88,0.678711,856
532288,645312,89,0.690771,816
529840,645312,90,0.698484,816
531104,645312,90,0.694399,816
533104,645312,90,0.687795,816
529656,645312,91,0.698754,816
533632,645312,90,0.685993,832
530728,645312,89,0.695681,832
528504,645312,89,0.702629,832
527312,645312,90,0.706149,832
526160,645312,90,0.709723,792
526528,645312,89,0.708648,800
522464,645312,89,0.719985,800
524600,645312,89,0.714076,800
527280,645312,89,0.706335,800
531144,645312,89,0.694474,800
533800,645312,89,0.685700,800
532664,645312,89,0.689603,800
535824,645312,89,0.678795,800
535744,645312,89,0.679240,800
538240,645312,89,0.670144,800
534936,645312,88,0.682189,800
536000,645312,87,0.678404,832
532024,645312,88,0.691776,816
530528,645312,88,0.696654,816
530616,645312,87,0.696380,816
528056,645312,87,0.704293,816
528808,645312,86,0.701982,840
529776,645312,86,0.698901,840
525848,645312,87,0.710473,840
529128,645312,87,0.700728,840
527344,645312,88,0.706032,840
529256,645312,88,0.700195,840
528200,645312,88,0.703511,840
530744,645312,88,0.695606,840
530384,645312,89,0.696729,840
528472,645312,89,0.702701,840
524632,645312,89,0.676284,840
522216,645312,90,0.683673,840
519408,645312,90,0.691985,840
520200,645312,89,0.689724,840
520080,645312,88,0.690344,840
519168,645312,88,0.693069,840
522472,645312,88,0.683338,840
524960,645312,88,0.675556,840
522864,645312,89,0.682015,840
524776,645312,89,0.675983,840
525000,645312,88,0.675254,848
521312,645312,88,0.686611,848
521944,645312,88,0.684603,848
523400,645312,88,0.680070,848
521304,645312,88,0.686493,848
523528,645312,88,0.679679,848
525800,645312,88,0.672407,848
526552,645312,87,0.669849,888
525288,645312,88,0.673913,888
526792,645312,88,0.668908,888
523728,645312,87,0.678941,888
523384,645312,88,0.679997,888
525400,645312,88,0.673557,888
523128,645312,89,0.680632,888
525704,645312,89,0.672433,888
528192,645312,89,0.664098,888
526864,645312,89,0.668672,888
524952,645312,89,0.674977,888
526880,645312,89,0.668620,888
529104,645312,88,0.660996,936
528920,645312,88,0.661791,936
530944,645312,88,0.654560,936
530872,645312,89,0.654845,928
532008,645312,88,0.650697,944
529240,645312,88,0.660667,944
530880,645312,88,0.654760,944
528160,645312,89,0.664179,944
530272,645312,89,0.656742,944
526960,645312,89,0.668173,944
527568,645312,89,0.666002,944
526504,645312,90,0.669614,912
526304,645312,90,0.670421,912
527512,645312,89,0.666295,960
528368,645312,88,0.663369,976
525784,645312,88,0.672048,976
523256,645312,88,0.680119,976
525256,645312,88,0.673735,976
522216,645312,89,0.683171,960
524248,645312,89,0.676809,960
528088,645312,89,0.664206,960
527112,645312,90,0.667488,952
529456,645312,90,0.659396,952
527480,645312,90,0.666268,952
530552,645312,90,0.655556,952
530184,645312,91,0.656883,944
531128,645312,90,0.653387,984
530824,645312,90,0.654760,952
532552,645312,90,0.648319,952
528968,645312,90,0.661243,952
529152,645312,89,0.660611,952
528960,645312,89,0.661435,952
532200,645312,89,0.649791,952
528544,645312,90,0.662690,952
525944,645312,90,0.671455,952
529992,645312,90,0.657697,952
533848,645312,90,0.643466,952
532384,645312,90,0.649115,952
535832,645312,90,0.635770,952
535496,645312,91,0.637160,936
537600,645312,91,0.628495,936
537144,645312,91,0.630627,920
538072,645312,90,0.626772,928
535168,645312,90,0.638663,928
531888,645312,90,0.651192,928
533792,645312,90,0.643951,928
533160,645312,91,0.646328,928
534976,645312,91,0.639224,928
536688,645312,90,0.632411,936
532624,645312,90,0.648290,936
529640,645312,90,0.659146,936
529712,645312,89,0.658896,936
532656,645312,89,0.648172,936
531424,645312,90,0.652668,936
535128,645312,90,0.638601,936
531360,645312,90,0.652899,936
528624,645312,89,0.662799,936
531240,645312,89,0.653502,936
532240,645312,89,0.649703,936
529016,645312,89,0.661298,936
527376,645312,90,0.666826,936
527472,645312,89,0.666507,936
528600,645312,89,0.662554,936
525624,645312,89,0.672535,936
528384,645312,89,0.663287,936
525440,645312,89,0.673123,936
527616,645312,89,0.665868,936
524152,645312,89,0.677183,936
527384,645312,89,0.666640,936
524336,645312,89,0.676609,936
528136,645312,89,0.664125,936
527040,645312,90,0.667804,928
526968,645312,91,0.668042,928
526872,645312,92,0.668357,928
526960,645312,91,0.668068,928
529728,645312,91,0.658535,928
532016,645312,91,0.650201,928
529840,645312,91,0.658144,928
531192,645312,91,0.653186,928
528792,645312,92,0.661599,928
531760,645312,92,0.650959,928
531144,645312,92,0.653359,928
531912,645312,92,0.650405,928
529480,645312,92,0.659230,928
528384,645312,92,0.663152,928
529480,645312,91,0.659368,936
526640,645312,91,0.669091,936
526752,645312,90,0.668699,944
530240,645312,90,0.656686,944
526616,645312,90,0.669144,944
522688,645312,90,0.681652,944
524488,645312,90,0.675958,944
525336,645312,90,0.673123,944
523064,645312,91,0.680217,944
524760,645312,91,0.674800,944
521688,645312,92,0.684222,944
524072,645312,91,0.676909,960
523136,645312,92,0.679801,960
526888,645312,92,0.667725,960
524784,645312,91,0.674825,960
520984,645312,91,0.686540,960
519440,645312,90,0.691281,960
520000,645312,89,0.689678,960
517280,645312,89,0.697441,960
520064,645312,89,0.689494,960
522464,645312,89,0.682281,960
525104,645312,89,0.673964,960
523600,645312,89,0.678818,960
524680,645312,88,0.675355,992
521624,645312,88,0.684841,992
519560,645312,88,0.690984,992
518048,645312,89,0.695237,992
518136,645312,88,0.694993,992
519600,645312,87,0.690779,1024
516072,645312,87,0.700665,1024
513672,645312,87,0.707076,1024
511856,645312,88,0.711658,1024
514560,645312,88,0.704658,1024
516576,645312,88,0.699181,1024
514648,645312,87,0.704553,1024
511968,645312,87,0.711499,1024
514832,645312,87,0.704073,1024
512808,645312,88,0.709335,1000
511728,645312,88,0.712154,1000
509320,645312,88,0.718106,1000
508184,645312,88,0.720888,1000
508888,645312,87,0.719222,1008
509128,645312,86,0.718655,1008
505272,645312,86,0.727592,1008
502112,645312,87,0.734421,1008
505808,645312,87,0.726292,1008
504488,645312,88,0.729214,1008
506248,645312,87,0.725231,1040
509168,645312,87,0.718371,1040
512880,645312,87,0.709173,1040
514696,645312,86,0.704512,1040
513048,645312,86,0.708870,1040
513680,645312,85,0.707261,1040
514976,645312,84,0.703843,1064
517824,645312,84,0.696056,1064
517208,645312,84,0.697878,1064
514320,645312,84,0.705676,1064
517816,645312,84,0.696211,1064
521464,645312,84,0.685669,1064
523432,645312,84,0.679605,1064
522328,645312,85,0.682955,1064
524784,645312,85,0.675254,1064
523024,645312,86,0.680802,1032
519184,645312,87,0.692076,1032
522680,645312,87,0.681701,1032
524088,645312,87,0.677233,1032
522608,645312,86,0.682063,1032
519376,645312,86,0.691667,1032
522136,645312,86,0.683482,1032
523744,645312,85,0.678497,1064
522664,645312,86,0.681894,1032
526712,645312,86,0.669013,1032
523424,645312,87,0.679433,1032
524392,645312,87,0.676284,1032
522728,645312,87,0.681555,1032
525576,645312,87,0.672535,1032
524368,645312,88,0.676509,984
523736,645312,87,0.678769,984
521600,645312,86,0.685504,984
521576,645312,87,0.685575,984
518128,645312,87,0.695570,984
520512,645312,87,0.688686,984
521112,645312,86,0.686869,1008
524928,645312,86,0.675128,1008
521968,645312,86,0.684342,1008
522560,645312,86,0.682425,1008
524976,645312,86,0.674825,1008
522336,645312,86,0.683099,1008
518792,645312,87,0.693384,1008
517664,645312,88,0.696519,1008
516560,645312,89,0.699526,1008
516736,645312,88,0.699051,1008
520344,645312,88,0.688824,1008
520664,645312,87,0.687896,1008
522656,645312,86,0.681918,1032
524760,645312,86,0.675279,1032
521096,645312,86,0.686564,1032
522328,645312,85,0.682834,1056
519944,645312,86,0.689885,1040
520784,645312,86,0.687313,1040
518312,645312,87,0.694369,1040
520136,645312,86,0.689148,1056
518376,645312,87,0.694235,1024
520432,645312,87,0.688245,1024
516776,645312,87,0.698639,1024
513016,645312,87,0.708626,1024
515920,645312,87,0.700943,1024
516512,645312,86,0.699245,1064
514976,645312,87,0.703339,1064
512520,645312,87,0.709778,1064
514056,645312,86,0.705862,1064
516088,645312,86,0.700387,1064
515088,645312,86,0.703170,1064
517256,645312,86,0.697222,1064
516072,645312,86,0.700580,1056
520072,645312,85,0.689333,1104
518008,645312,86,0.695193,1096
514912,645312,86,0.703675,1096
516080,645312,85,0.700537,1112
514872,645312,85,0.703864,1112
515168,645312,84,0.703086,1112
511528,645312,84,0.712490,1112
515120,645312,84,0.703213,1112
516840,645312,83,0.698596,1120
513088,645312,83,0.708565,1120
512232,645312,84,0.710761,1104
510880,645312,85,0.714100,1104
511672,645312,85,0.712035,1104
512736,645312,84,0.709274,1144
508984,645312,83,0.718674,1144
509112,645312,82,0.718334,1160
512336,645312,82,0.710361,1160
510304,645312,83,0.715364,1160
512336,645312,82,0.710361,1160
511368,645312,82,0.712884,1160
511736,645312,81,0.711955,1168
508952,645312,82,0.718693,1168
508360,645312,83,0.720179,1128
506096,645312,84,0.725376,1128
508768,645312,84,0.719109,1128
511152,645312,84,0.713258,1128
513384,645312,83,0.707588,1160
511280,645312,83,0.712983,1160
515040,645312,83,0.703297,1160
513312,645312,83,0.707894,1160
511344,645312,83,0.712943,1160
512592,645312,82,0.709778,1184
515560,645312,82,0.701987,1184
513528,645312,82,0.707404,1184
517184,645312,82,0.697616,1184
516960,645312,83,0.698248,1176
520480,645312,82,0.688291,1200
518904,645312,81,0.693069,1200
520080,645312,81,0.689586,1200
517296,645312,82,0.697397,1200
521280,645312,82,0.685952,1200
518312,645312,82,0.694592,1200
515432,645312,82,0.702537,1200
518880,645312,82,0.693002,1200
519216,645312,81,0.692008,1216
518080,645312,82,0.695237,1200
521648,645312,82,0.684864,1200
517576,645312,83,0.696497,1200
514056,645312,84,0.705944,1176
515832,645312,83,0.701263,1184
518720,645312,83,0.693227,1184
514720,645312,84,0.704198,1136
517672,645312,84,0.696145,1136
515872,645312,84,0.701157,1136
515728,645312,84,0.701689,1128
512080,645312,85,0.711080,1128
513544,645312,85,0.707261,1128
515624,645312,85,0.701711,1128
519528,645312,85,0.690824,1128
516744,645312,85,0.698704,1128
518072,645312,84,0.695060,1128
517288,645312,84,0.689732,1112
520776,645312,84,0.679489,1112
518280,645312,85,0.686788,1112
521176,645312,85,0.678143,1112
517568,645312,85,0.688810,1112
514432,645312,85,0.697540,1112
516544,645312,85,0.691672,1112
520280,645312,85,0.680824,1112
518584,645312,86,0.685779,1112
516560,645312,86,0.691628,1112
519560,645312,86,0.682947,1112
519392,645312,86,0.683578,1112
520584,645312,86,0.679919,1112
523704,645312,86,0.670177,1112
519856,645312,86,0.682077,1112
521528,645312,85,0.677004,1136
520216,645312,84,0.681227,1136
520528,645312,83,0.680301,1136
516792,645312,83,0.691184,1136
513032,645312,83,0.701413,1136
516984,645312,83,0.690650,1136
521032,645312,83,0.678793,1136
519120,645312,83,0.684578,1136
517800,645312,84,0.688358,1136
515872,645312,84,0.693850,1136
514032,645312,85,0.698793,1136
518120,645312,85,0.687450,1136
516128,645312,85,0.693149,1136
512080,645312,84,0.704110,1136
513656,645312,84,0.699909,1136
515408,645312,84,0.695112,1136
516560,645312,83,0.691960,1136
517632,645312,82,0.688878,1168
520416,645312,81,0.680824,1168
518664,645312,81,0.686078,1168
522072,645312,80,0.675906,1192
518376,645312,81,0.686857,1184
520104,645312,81,0.681700,1184
516456,645312,81,0.692247,1184
513488,645312,81,0.700349,1184
509880,645312,81,0.709616,1184
506432,645312,80,0.718068,1184
506744,645312,79,0.717344,1184
505768,645312,80,0.719652,1160
505696,645312,81,0.719817,1160
508560,645312,81,0.712996,1160
505864,645312,82,0.719322,1160
508864,645312,82,0.712149,1160
509792,645312,82,0.709773,1160
508608,645312,83,0.712669,1152
506024,645312,83,0.718899,1136
508920,645312,83,0.711955,1136
507976,645312,84,0.714314,1096
511424,645312,84,0.705753,1096
511336,645312,85,0.705975,1096
513048,645312,85,0.701475,1096
514536,645312,85,0.697433,1096
518144,645312,85,0.687359,1096
521552,645312,85,0.677199,1096
522024,645312,84,0.675710,1112
519408,645312,85,0.683531,1112
516224,645312,86,0.692556,1112
512160,645312,86,0.703476,1112
514496,645312,86,0.697241,1112
511128,645312,87,0.705975,1112
509104,645312,87,0.711102,1112
510784,645312,87,0.706839,1112
512168,645312,86,0.703332,1112
513144,645312,85,0.700788,1120
509736,645312,85,0.709538,1120
512112,645312,85,0.703455,1120
510192,645312,85,0.708413,1120
513368,645312,84,0.700307,1128
517232,645312,84,0.689710,1128
513368,645312,85,0.700182,1128
511192,645312,86,0.705773,1128
508648,645312,87,0.712052,1128
508304,645312,87,0.713073,1096
512344,645312,87,0.702922,1096
515800,645312,87,0.693631,1096
516840,645312,87,0.690627,1096
515216,645312,87,0.695220,1096
513888,645312,88,0.698771,1096
515608,645312,88,0.694025,1096
514824,645312,88,0.696363,1064
515704,645312,87,0.693850,1112
516344,645312,86,0.692092,1112
514920,645312,86,0.696105,1112
515368,645312,85,0.694873,1120
516256,645312,85,0.692313,1120
512808,645312,84,0.701786,1120
515808,645312,83,0.693762,1136
513432,645312,83,0.700244,1136
512688,645312,83,0.702365,1112
509216,645312,84,0.711063,1112
511048,645312,84,0.706418,1112
512848,645312,84,0.701703,1112
509496,645312,85,0.710146,1112
507504,645312,85,0.715111,1088
506896,645312,85,0.716653,1088
504808,645312,86,0.721454,1088
502984,645312,87,0.725517,1088
505952,645312,87,0.718734,1088
509344,645312,87,0.710576,1088
510424,645312,87,0.707797,1088
509952,645312,88,0.709006,1072
513648,645312,88,0.699468,1072
515232,645312,88,0.695112,1072
515560,645312,87,0.694221,1072
517992,645312,87,0.687313,1072
514992,645312,88,0.695674,1056
518584,645312,88,0.685526,1056
515768,645312,87,0.693697,1056
512376,645312,87,0.702819,1056
508680,645312,87,0.712149,1056
512072,645312,87,0.703599,1056
511280,645312,87,0.705814,1024
511992,645312,86,0.703906,1064
510120,645312,86,0.708729,1064
508512,645312,86,0.712823,1040
510304,645312,86,0.708333,1040
509552,645312,86,0.710302,1040
510048,645312,85,0.708966,1088
507536,645312,85,0.715149,1088
511008,645312,85,0.706578,1088
508592,645312,86,0.712515,1088
509088,645312,86,0.711199,1088
505592,645312,85,0.719671,1088
508368,645312,85,0.713053,1088
512376,645312,85,0.702983,1088
511696,645312,85,0.704883,1072
514776,645312,85,0.696728,1072
511328,645312,86,0.705693,1072
509600,645312,86,0.710107,1072
512208,645312,86,0.703455,1072
509288,645312,86,0.710869,1072
509312,645312,85,0.710810,1072
510864,645312,85,0.706859,1072
510768,645312,86,0.707099,1072
514016,645312,86,0.698623,1072
514704,645312,86,0.696663,1072
516288,645312,86,0.692225,1072
514680,645312,86,0.696813,1040
511288,645312,86,0.705753,1040
510304,645312,87,0.708214,1040
513408,645312,87,0.700182,1040
512176,645312,87,0.703558,1016
513616,645312,86,0.699741,1048
515024,645312,86,0.695868,1048
514528,645312,86,0.697327,1048
513464,645312,87,0.700244,1008
515248,645312,87,0.695371,1008
518208,645312,87,0.687017,1008
519176,645312,86,0.684183,1024
517144,645312,86,0.690113,1024
519160,645312,86,0.684230,1024
517104,645312,86,0.690225,1024
515280,645312,87,0.695285,1008
517424,645312,87,0.689238,1008
518928,645312,87,0.684810,1008
517216,645312,88,0.689710,1000
520744,645312,88,0.679345,1000
518360,645312,88,0.686468,1000
521984,645312,88,0.675588,1000
519496,645312,88,0.683181,1000
521952,645312,88,0.675686,1000
519104,645312,89,0.684183,1000
521480,645312,88,0.677028,1032
520016,645312,87,0.681700,1032
521536,645312,87,0.677004,1032
518048,645312,86,0.687541,1032
522088,645312,86,0.675465,1032
519600,645312,86,0.683064,1032
522624,645312,86,0.673812,1032
522440,645312,85,0.674678,1032
523256,645312,84,0.672117,1040
519648,645312,84,0.683181,1040
520512,645312,83,0.680491,1088
517744,645312,84,0.688516,1088
514840,645312,83,0.696771,1088
514504,645312,83,0.697838,1072
513664,645312,83,0.700182,1072
512912,645312,83,0.702324,1048
515416,645312,83,0.695587,1048
511464,645312,83,0.706015,1048
510496,645312,84,0.708432,1048
513888,645312,83,0.699741,1064
510584,645312,83,0.708294,1064
507736,645312,84,0.715187,1064
511584,645312,83,0.705753,1080
507992,645312,83,0.714656,1080
509840,645312,83,0.710087,1080
512112,645312,83,0.704293,1080
512824,645312,83,0.702345,1080
511288,645312,82,0.706498,1080
509800,645312,83,0.710185,1080
508832,645312,83,0.712650,1080
508160,645312,84,0.714257,1080
511880,645312,84,0.705005,1080
509272,645312,84,0.711588,1080
511504,645312,84,0.705955,1080
511328,645312,85,0.706398,1080
509536,645312,85,0.710946,1080
506896,645312,85,0.717344,1080
508712,645312,84,0.712996,1104
505608,645312,85,0.720256,1104
506416,645312,85,0.718290,1104
507912,645312,85,0.714675,1104
505912,645312,85,0.719451,1104
502024,645312,86,0.728091,1104
505616,645312,86,0.720018,1104
507456,645312,86,0.715639,1104
508616,645312,85,0.712881,1104
510504,645312,85,0.708155,1104
508744,645312,86,0.712457,1104
508856,645312,85,0.712187,1104
512888,645312,84,0.702014,1144
515280,645312,84,0.695566,1144
515808,645312,83,0.694134,1144
516208,645312,82,0.692996,1160
513448,645312,83,0.700391,1160
515576,645312,83,0.694591,1160
519472,645312,83,0.683485,1160
520128,645312,82,0.681511,1176
518112,645312,81,0.687632,1176
518480,645312,80,0.686560,1184
517768,645312,80,0.688720,1184
520856,645312,79,0.679704,1200
520216,645312,80,0.681653,1184
517544,645312,79,0.689620,1184
518664,645312,79,0.686307,1184
518112,645312,79,0.688109,1152
521576,645312,78,0.677950,1160
522888,645312,78,0.673787,1160
521736,645312,79,0.677320,1160
525808,645312,79,0.664320,1160
524304,645312,80,0.669185,1160
524280,645312,81,0.669262,1160
526248,645312,81,0.662710,1160
529560,645312,81,0.651195,1160
528392,645312,81,0.655452,1160
531704,645312,81,0.643427,1160
530896,645312,81,0.646569,1160
531008,645312,80,0.646161,1160
529488,645312,80,0.651789,1160
532920,645312,80,0.639048,1160
530440,645312,80,0.648394,1160
533096,645312,80,0.638379,1160
529024,645312,80,0.653421,1160
530968,645312,80,0.646307,1160
528808,645312,80,0.654175,1160
531704,645312,79,0.643693,1184
528856,645312,79,0.654091,1184
529832,645312,78,0.650655,1184
528392,645312,79,0.655811,1152
530208,645312,78,0.649342,1176
529160,645312,78,0.653225,1176
532536,645312,78,0.640800,1176
529880,645312,78,0.650684,1176
532744,645312,78,0.640017,1176
530744,645312,78,0.647585,1176
532952,645312,78,0.639230,1176
530056,645312,78,0.650057,1176
526000,645312,77,0.664267,1176
525760,645312,77,0.665210,1176
526176,645312,77,0.663688,1176
522320,645312,77,0.676078,1176
521688,645312,76,0.678288,1176
525176,645312,76,0.667261,1176
526672,645312,75,0.662339,1184
530368,645312,75,0.649428,1184
530608,645312,74,0.648509,1200
526896,645312,75,0.661379,1200
525600,645312,74,0.666044,1176
525496,645312,75,0.666382,1176
528832,645312,75,0.655037,1176
532144,645312,75,0.642982,1176
531560,645312,76,0.645137,1176
533336,645312,76,0.638318,1176
532272,645312,76,0.642506,1176
535392,645312,76,0.630309,1176
535280,645312,77,0.630755,1176
533008,645312,77,0.639745,1176
536232,645312,77,0.626934,1176
538600,645312,77,0.616875,1176
534568,645312,78,0.633373,1176
537160,645312,77,0.622769,1216
540768,645312,77,0.606979,1216
539728,645312,77,0.611815,1216
543608,645312,77,0.593771,1216
540128,645312,77,0.610051,1216
536088,645312,77,0.627356,1216
532680,645312,77,0.640921,1192
528832,645312,78,0.654870,1176
531808,645312,77,0.644225,1176
532024,645312,76,0.643427,1176
530184,645312,77,0.650114,1176
533832,645312,76,0.636479,1208
535848,645312,76,0.628356,1208
539816,645312,76,0.611463,1208
536288,645312,77,0.626512,1176
536512,645312,76,0.625600,1176
534552,645312,76,0.633624,1176
532136,645312,76,0.643012,1176
534296,645312,75,0.634622,1224
534336,645312,74,0.634466,1224
532888,645312,74,0.640198,1224
534064,645312,74,0.635522,1224
532248,645312,75,0.642506,1200
530168,645312,75,0.650257,1200
526992,645312,76,0.661246,1192
528184,645312,76,0.657049,1192
530736,645312,76,0.647904,1192
534240,645312,76,0.634591,1192
531784,645312,75,0.644255,1192
528448,645312,75,0.656308,1192
530632,645312,74,0.648452,1240
534456,645312,73,0.633967,1280
532344,645312,74,0.642029,1280
535656,645312,74,0.629031,1280
534248,645312,74,0.634777,1280
532752,645312,74,0.640680,1280
532144,645312,74,0.643130,1280
533088,645312,74,0.639412,1280
535616,645312,74,0.629383,1280
538968,645312,74,0.615260,1280
537792,645312,74,0.620467,1280
540896,645312,74,0.606763,1280
539176,645312,74,0.614569,1280
542688,645312,74,0.598522,1280
542448,645312,75,0.599720,1264
542960,645312,74,0.597278,1272
541992,645312,75,0.601874,1256
542904,645312,75,0.597392,1256
542016,645312,75,0.601763,1256
541832,645312,76,0.602612,1256
539704,645312,77,0.612166,1256
539304,645312,78,0.613980,1240
540344,645312,78,0.609199,1240
540520,645312,77,0.608414,1240
544248,645312,77,0.590788,1240
545896,645312,77,0.582344,1240
543536,645312,77,0.594232,1240
543888,645312,76,0.592536,1240
543096,645312,76,0.596559,1240
543128,645312,75,0.596407,1240
541240,645312,75,0.605607,1192
544488,645312,75,0.590084,1192
540672,645312,76,0.607949,1192
538896,645312,76,0.615984,1184
540992,645312,75,0.606691,1200
538288,645312,76,0.618510,1200
537536,645312,76,0.622038,1160
536408,645312,77,0.626675,1160
532816,645312,77,0.640890,1160
533744,645312,77,0.637186,1160
535112,645312,76,0.631737,1192
535544,645312,75,0.629895,1224
534776,645312,75,0.633122,1224
536256,645312,74,0.627161,1240
534840,645312,74,0.633060,1224
534800,645312,74,0.633436,1216
534928,645312,73,0.632871,1232
536848,645312,73,0.624978,1232
535432,645312,74,0.630786,1208
535832,645312,73,0.629159,1216
539280,645312,73,0.614604,1216
536160,645312,74,0.627647,1216
539112,645312,74,0.615122,1216
539584,645312,73,0.613040,1224
538504,645312,74,0.617694,1224
535216,645312,74,0.631389,1224
536616,645312,73,0.625600,1264
537776,645312,73,0.620601,1264
534320,645312,73,0.634746,1264
534008,645312,74,0.635955,1264
534952,645312,74,0.632084,1264
536688,645312,73,0.624978,1296
534672,645312,72,0.633436,1296
530800,645312,71,0.601705,1296
529208,645312,70,0.608475,1296
529464,645312,69,0.607463,1296
528672,645312,69,0.610764,1296
528016,645312,69,0.613550,1280
524976,645312,70,0.624884,1280
526280,645312,70,0.619926,1280
527448,645312,70,0.615354,1280
526744,645312,71,0.618045,1272
529392,645312,71,0.607653,1272
532136,645312,71,0.596278,1272
532736,645312,70,0.593645,1296
534480,645312,69,0.585960,1328
533096,645312,70,0.591974,1328
535896,645312,70,0.579403,1328
534344,645312,70,0.586559,1328
530376,645312,71,0.603298,1328
531448,645312,71,0.598712,1328
527936,645312,72,0.612749,1328
529472,645312,72,0.606541,1328
527088,645312,72,0.615992,1328
530600,645312,71,0.602194,1328
529024,645312,71,0.608696,1328
526616,645312,72,0.617955,1328
527072,645312,72,0.616053,1328
527680,645312,72,0.613550,1328
529224,645312,72,0.607336,1328
528136,645312,73,0.611604,1328
527208,645312,74,0.615202,1320
529328,645312,73,0.606923,1328
533048,645312,73,0.591356,1328
533008,645312,74,0.591528,1328
534848,645312,73,0.583476,1328
533952,645312,73,0.587646,1328
536008,645312,73,0.578235,1328
534208,645312,73,0.586524,1328
537056,645312,73,0.573385,1328
534104,645312,74,0.586770,1328
537536,645312,74,0.570899,1328
535888,645312,74,0.578783,1328
535928,645312,73,0.578601,1328
532320,645312,73,0.594662,1328
534856,645312,73,0.583440,1328
534040,645312,74,0.587086,1320
536256,645312,73,0.576987,1352
535312,645312,74,0.581287,1352
534720,645312,75,0.583940,1352
536536,645312,74,0.575583,1376
540512,645312,74,0.556083,1376
538280,645312,74,0.567346,1376
534928,645312,75,0.582904,1376
536432,645312,75,0.575842,1376
537312,645312,74,0.571731,1376
533608,645312,74,0.588728,1376
530472,645312,75,0.601933,1376
533648,645312,75,0.588345,1376
537464,645312,75,0.570785,1376
533424,645312,75,0.589319,1376
532264,645312,75,0.594493,1376
533912,645312,75,0.587191,1376
535472,645312,75,0.580021,1376
535448,645312,76,0.580130,1376
536776,645312,76,0.573796,1376
533696,645312,77,0.587716,1376
535432,645312,77,0.579767,1376
535400,645312,77,0.580130,1376
536880,645312,77,0.573085,1376
534120,645312,78,0.585642,1376
533672,645312,79,0.587646,1368
537040,645312,79,0.572145,1368
539680,645312,79,0.559104,1368
537776,645312,80,0.568422,1368
541040,645312,80,0.551950,1368
538040,645312,81,0.566922,1368
538760,645312,81,0.563185,1368
538432,645312,81,0.565023,1368
541632,645312,81,0.548621,1368
541160,645312,82,0.551122,1360
541456,645312,81,0.549458,1384
539376,645312,81,0.560300,1384
536152,645312,82,0.575768,1384
533936,645312,82,0.586136,1352
536752,645312,82,0.573123,1352
540664,645312,82,0.553719,1352
540856,645312,81,0.552692,1360
537856,645312,82,0.567616,1360
536816,645312,83,0.572559,1360
538664,645312,83,0.563460,1360
536440,645312,83,0.574543,1312
540520,645312,83,0.554415,1312
538688,645312,83,0.563813,1312
542520,645312,83,0.589472,1312
540296,645312,83,0.600128,1312
538800,645312,84,0.606883,1304
537624,645312,85,0.612008,1304
538480,645312,84,0.608221,1320
539208,645312,84,0.604788,1320
536312,645312,85,0.617403,1296
538480,645312,85,0.607905,1296
538776,645312,84,0.606388,1344
541192,645312,84,0.595170,1344
540072,645312,84,0.600566,1344
541560,645312,83,0.593590,1360
537904,645312,84,0.610141,1360
539768,645312,83,0.601693,1400
536808,645312,83,0.614877,1400
539256,645312,83,0.604001,1400
535824,645312,84,0.618803,1400
533232,645312,84,0.629614,1360
535640,645312,84,0.619731,1360
536536,645312,83,0.615824,1400
533640,645312,84,0.627660,1400
537448,645312,84,0.611732,1400
533840,645312,84,0.626866,1400
535264,645312,84,0.620917,1400
531952,645312,85,0.634044,1400
535904,645312,85,0.618071,1400
533984,645312,84,0.626292,1400
535544,645312,84,0.619764,1400
531712,645312,84,0.594696,1400
532984,645312,83,0.589249,1400
528936,645312,83,0.606286,1400
530080,645312,82,0.601541,1432
525984,645312,83,0.617594,1432
524560,645312,83,0.623051,1432
527184,645312,83,0.613027,1432
524440,645312,83,0.623489,1432
526952,645312,83,0.613918,1432
524720,645312,84,0.622407,1400
527912,645312,84,0.610140,1400
528032,645312,83,0.609670,1400
525584,645312,83,0.619212,1400
527976,645312,83,0.609889,1400
526224,645312,83,0.616810,1400
529808,645312,83,0.602584,1400
529208,645312,84,0.605103,1376
532464,645312,84,0.591391,1376
532272,645312,85,0.592248,1368
532632,645312,84,0.590702,1368
529320,645312,83,0.604878,1368
531184,645312,83,0.597048,1368
529992,645312,82,0.602356,1368
531536,645312,82,0.595775,1368
528584,645312,83,0.607811,1368
531536,645312,82,0.595775,1368
527560,645312,82,0.612007,1368
528640,645312,82,0.607590,1368
526456,645312,82,0.616417,1320
528920,645312,82,0.606669,1320
526904,645312,83,0.614530,1320
528312,645312,82,0.609073,1320
527792,645312,83,0.611107,1320
527336,645312,83,0.613057,1320
523728,645312,84,0.626470,1320
523600,645312,85,0.626986,1304
524144,645312,84,0.625029,1304
524400,645312,83,0.624101,1304
523760,645312,84,0.626412,1304
525464,645312,84,0.620016,1304
527856,645312,84,0.610733,1304
530360,645312,84,0.600526,1304
528832,645312,83,0.607082,1304
531192,645312,83,0.597282,1304
528104,645312,83,0.610014,1288
527224,645312,83,0.613795,1240
528784,645312,83,0.607526,1240
525664,645312,84,0.619510,1240
527240,645312,84,0.613365,1240
529016,645312,84,0.606223,1240
525488,645312,83,0.620164,1240
524320,645312,83,0.624681,1224
524064,645312,84,0.625607,1224
523696,645312,85,0.626957,1216
521336,645312,85,0.635381,1216
525096,645312,85,0.621878,1216
526952,645312,85,0.614744,1216
530128,645312,85,0.602031,1216
530728,645312,84,0.599506,1232
531584,645312,83,0.595842,1256
529440,645312,82,0.605039,1256
531288,645312,82,0.597282,1256
528824,645312,82,0.607495,1256
530096,645312,81,0.602356,1264
527560,645312,81,0.612595,1264
531592,645312,81,0.596178,1264
530736,645312,82,0.599835,1240
526920,645312,82,0.615141,1240
529544,645312,82,0.604685,1240
531088,645312,82,0.598181,1240
529440,645312,83,0.604910,1240
531160,645312,83,0.597682,1240
530664,645312,83,0.600132,1192
531864,645312,83,0.594932,1192
531752,645312,84,0.595405,1192
532760,645312,83,0.591116,1192
530976,645312,83,0.598844,1192
531176,645312,82,0.598015,1192
529872,645312,82,0.603557,1192
528544,645312,82,0.609042,1192
524720,645312,82,0.623839,1152
525280,645312,81,0.621790,1152
521248,645312,81,0.636228,1152
519528,645312,81,0.642147,1152
521808,645312,81,0.634312,1152
518496,645312,82,0.645359,1152
521168,645312,82,0.636336,1152
522952,645312,82,0.629996,1152
524784,645312,82,0.623256,1152
528688,645312,82,0.608254,1152
524704,645312,83,0.623373,1152
521440,645312,83,0.635080,1152
517984,645312,83,0.646700,1152
515640,645312,83,0.654216,1152
519240,645312,83,0.642621,1152
519928,645312,83,0.640187,1152
520784,645312,82,0.637232,1176
517296,645312,82,0.648819,1176
519720,645312,82,0.640798,1176
516936,645312,83,0.649805,1176
514072,645312,83,0.658756,1176
516984,645312,83,0.649654,1176
519520,645312,83,0.641302,1176
517976,645312,82,0.646648,1176
518976,645312,81,0.643277,1216
518872,645312,81,0.643773,1216
521032,645312,81,0.636418,1216
517600,645312,81,0.647877,1216
515216,645312,82,0.655319,1216
515352,645312,81,0.654879,1224
517640,645312,81,0.647571,1224
516568,645312,81,0.651213,1192
515568,645312,82,0.654437,1152
518176,645312,82,0.646082,1152
519968,645312,82,0.640053,1152
519424,645312,82,0.642015,1152
523176,645312,82,0.629036,1152
524080,645312,81,0.625780,1160
522368,645312,81,0.632013,1160
521288,645312,82,0.635737,1160
519960,645312,82,0.640373,1160
517712,645312,82,0.647852,1160
516832,645312,82,0.650787,1160
515152,645312,82,0.656124,1160
518952,645312,82,0.644008,1160
519128,645312,81,0.643434,1160
517336,645312,81,0.649351,1160
518584,645312,81,0.645204,1160
522632,645312,81,0.631427,1160
526632,645312,81,0.616719,1160
527792,645312,81,0.612100,1160
530992,645312,81,0.599109,1160
528568,645312,81,0.609073,1160
526232,645312,81,0.618225,1160
525880,645312,82,0.619540,1160
527880,645312,81,0.611790,1200
525880,645312,82,0.619391,1200
528160,645312,82,0.610515,1200
530992,645312,82,0.598944,1200
533640,645312,82,0.587471,1200
533328,645312,83,0.588832,1200
531208,645312,83,0.598081,1192
528800,645312,84,0.607843,1192
526744,645312,84,0.615992,1192
528424,645312,83,0.609325,1240
524472,645312,84,0.624246,1240
524960,645312,83,0.622436,1248
523496,645312,83,0.628014,1216
524032,645312,83,0.625924,1216
522488,645312,84,0.631399,1216
522968,645312,83,0.629714,1216
523872,645312,82,0.626470,1224
524912,645312,81,0.622642,1240
525080,645312,80,0.622025,1240
522232,645312,80,0.632375,1240
524968,645312,80,0.622436,1240
522168,645312,81,0.632431,1240
522728,645312,80,0.630362,1272
520568,645312,81,0.637962,1224
520344,645312,82,0.638715,1224
519072,645312,83,0.642962,1216
519672,645312,82,0.640957,1224
521736,645312,82,0.633816,1224
518960,645312,81,0.643460,1224
522192,645312,81,0.632403,1224
519328,645312,81,0.642252,1224
516424,645312,81,0.651763,1208
513320,645312,81,0.661324,1208
516904,645312,81,0.650259,1208
517168,645312,80,0.649427,1208
517728,645312,79,0.647545,1240
520528,645312,78,0.638366,1240
518024,645312,78,0.646751,1240
518672,645312,77,0.644581,1264
517952,645312,76,0.647213,1264
518120,645312,75,0.646623,1280
515096,645312,76,0.656075,1280
512296,645312,77,0.664388,1280
509048,645312,78,0.673541,1280
511208,645312,77,0.667374,1328
511952,645312,77,0.665105,1328
514856,645312,76,0.656464,1344
514728,645312,76,0.657046,1328
515760,645312,76,0.653748,1328
513896,645312,76,0.659664,1288
515360,645312,75,0.655148,1320
512656,645312,75,0.663365,1320
514752,645312,75,0.656998,1320
511864,645312,74,0.665796,1320
514392,645312,74,0.658228,1320
513792,645312,74,0.660211,1304
516128,645312,74,0.652981,1304
513552,645312,74,0.660922,1304
515160,645312,73,0.655978,1344
511256,645312,73,0.667601,1344
513424,645312,73,0.661182,1344
512368,645312,73,0.664550,1296
514264,645312,73,0.658828,1296
511360,645312,74,0.667351,1280
509880,645312,74,0.671644,1280
507256,645312,74,0.678890,1280
508176,645312,74,0.676302,1280
507320,645312,75,0.678635,1264
509720,645312,75,0.671998,1264
513584,645312,75,0.660804,1264
515432,645312,75,0.655099,1264
514504,645312,76,0.657915,1264
512864,645312,77,0.662781,1264
514784,645312,77,0.656925,1264
516640,645312,77,0.651063,1264
514824,645312,78,0.656658,1264
513336,645312,79,0.661159,1248
515968,645312,79,0.653055,1248
519048,645312,79,0.643093,1248
515616,645312,79,0.654142,1248
511528,645312,79,0.666415,1248
514368,645312,79,0.657939,1248
518416,645312,79,0.645152,1248
516528,645312,79,0.651313,1248
514168,645312,79,0.658684,1248
510824,645312,79,0.668554,1248
514768,645312,79,0.656877,1248
515136,645312,78,0.655734,1256
517760,645312,78,0.647392,1256
515328,645312,78,0.655148,1256
513792,645312,77,0.660069,1256
515256,645312,76,0.655515,1304
513888,645312,77,0.659735,1272
517088,645312,76,0.649805,1312
516728,645312,77,0.650937,1312
519160,645312,77,0.642988,1312
521288,645312,77,0.635709,1312
520640,645312,78,0.637989,1288
522816,645312,78,0.630334,1288
522128,645312,78,0.632903,1288
525544,645312,78,0.620490,1288
523016,645312,78,0.629799,1288
523176,645312,77,0.629149,1312
520896,645312,78,0.637043,1312
522176,645312,77,0.632653,1312
520328,645312,78,0.638957,1312
518200,645312,79,0.645953,1312
521152,645312,79,0.636010,1312
520248,645312,80,0.639091,1304
521464,645312,79,0.634916,1320
519192,645312,80,0.642542,1320
522320,645312,80,0.631790,1320
523256,645312,79,0.628440,1336
519312,645312,79,0.642094,1336
517456,645312,80,0.648107,1336
521240,645312,80,0.635464,1336
518632,645312,80,0.644321,1336
522312,645312,80,0.631762,1336
525984,645312,80,0.618315,1336
522360,645312,80,0.631595,1336
519232,645312,79,0.642516,1336
520136,645312,78,0.639493,1344
520752,645312,77,0.637395,1352
519624,645312,78,0.641223,1336
521576,645312,78,0.634477,1336
520096,645312,78,0.639653,1336
517752,645312,79,0.647315,1336
519584,645312,78,0.641302,1352
518120,645312,79,0.646237,1304
522112,645312,79,0.632736,1304
519904,645312,80,0.640240,1304
520000,645312,79,0.639920,1304
520136,645312,78,0.639466,1304
517464,645312,79,0.648183,1304
520832,645312,79,0.636961,1304
518816,645312,79,0.643826,1304
521504,645312,79,0.634669,1304
520040,645312,80,0.639733,1272
519192,645312,81,0.642542,1272
522472,645312,81,0.631259,1272
525424,645312,81,0.620461,1272
522784,645312,80,0.630334,1272
524240,645312,79,0.625000,1312
523336,645312,79,0.628440,1304
524264,645312,78,0.625116,1304
523552,645312,78,0.627985,1264
520584,645312,79,0.638258,1264
524032,645312,79,0.626096,1264
523736,645312,79,0.627329,1264
527800,645312,79,0.612038,1264
527912,645312,78,0.611604,1264
525992,645312,79,0.618913,1264
529160,645312,79,0.639058,1264
526880,645312,80,0.647198,1264
524064,645312,80,0.656919,1264
526360,645312,80,0.649004,1264
524232,645312,80,0.656363,1264
523304,645312,80,0.659565,1264
526432,645312,80,0.648921,1264
528528,645312,79,0.641409,1296
527360,645312,79,0.645741,1296
530224,645312,79,0.635188,1296
532408,645312,78,0.626758,1320
530240,645312,79,0.635039,1320
530864,645312,78,0.632512,1368
530176,645312,79,0.635099,1368
531968,645312,78,0.628283,1368
529576,645312,78,0.637502,1368
531472,645312,77,0.630287,1392
529288,645312,78,0.638560,1368
528728,645312,78,0.640889,1336
532088,645312,78,0.628128,1336
529672,645312,79,0.637266,1336
531560,645312,79,0.629980,1336
534224,645312,78,0.619430,1344
532256,645312,79,0.627258,1344
532904,645312,78,0.624558,1384
532000,645312,79,0.628128,1376
529464,645312,80,0.637708,1376
533128,645312,80,0.662697,1376
534008,645312,79,0.659418,1408
530768,645312,79,0.670951,1408
532568,645312,78,0.664680,1424
530672,645312,79,0.671303,1400
530072,645312,80,0.673346,1392
531104,645312,80,0.669699,1392
532728,645312,79,0.664003,1408
529864,645312,79,0.673986,1408
531528,645312,78,0.668245,1440
528272,645312,78,0.679248,1440
525624,645312,79,0.687554,1440
527792,645312,78,0.680633,1488
527496,645312,78,0.681880,1440
530152,645312,77,0.673132,1472
526792,645312,77,0.684144,1472
530888,645312,77,0.670652,1472
531552,645312,77,0.668217,1472
531136,645312,78,0.669644,1472
534064,645312,77,0.659215,1504
530864,645312,78,0.670462,1504
531632,645312,77,0.667665,1552
528456,645312,78,0.678292,1552
528344,645312,79,0.678655,1552
532232,645312,79,0.665410,1552
535960,645312,79,0.692804,1552
533568,645312,80,0.700612,1552
531136,645312,80,0.708299,1552
530880,645312,81,0.709070,1552
531024,645312,80,0.708637,1552
531264,645312,79,0.707888,1560
528848,645312,80,0.715025,1560
528608,645312,81,0.715738,1552
530312,645312,81,0.710624,1552
526648,645312,82,0.721118,1552
529896,645312,82,0.711713,1552
532344,645312,82,0.704158,1552
528312,645312,82,0.716425,1512
530664,645312,81,0.709430,1552
532088,645312,81,0.704951,1552
530888,645312,81,0.708757,1552
533080,645312,81,0.701854,1552
529768,645312,81,0.712090,1552
531672,645312,80,0.706329,1568
528832,645312,80,0.714910,1568
531336,645312,80,0.707354,1568
528832,645312,81,0.714772,1568
532080,645312,81,0.704926,1568
528800,645312,81,0.714864,1568
531128,645312,81,0.707839,1568
527328,645312,82,0.718915,1568
528168,645312,81,0.716448,1600
526768,645312,81,0.720631,1560
523176,645312,82,0.730239,1560
525536,645312,82,0.723873,1560
523752,645312,82,0.728743,1560
526680,645312,81,0.720764,1600
527744,645312,80,0.717743,1616
525896,645312,79,0.723135,1616
528040,645312,79,0.717040,1616
525616,645312,80,0.723765,1616
522392,645312,80,0.732350,1616
520672,645312,80,0.736791,1608
522416,645312,80,0.732310,1608
526440,645312,80,0.721537,1608
528872,645312,80,0.714540,1608
526440,645312,80,0.721537,1608
528704,645312,80,0.715025,1608
526864,645312,81,0.720232,1608
524864,645312,82,0.725786,1568
524696,645312,83,0.726277,1552
525352,645312,83,0.724392,1552
528592,645312,83,0.715233,1552
528824,645312,82,0.714564,1552
526168,645312,83,0.722130,1520
523304,645312,83,0.729887,1520
524728,645312,83,0.726021,1520
526368,645312,83,0.721449,1520
523128,645312,84,0.730094,1520
525296,645312,84,0.724241,1520
521600,645312,85,0.733867,1520
524144,645312,85,0.727188,1520
521976,645312,85,0.732919,1520
520416,645312,85,0.736929,1520
520464,645312,84,0.736811,1520
522440,645312,84,0.731739,1520
520704,645312,84,0.736219,1520
519080,645312,85,0.740208,1504
520584,645312,85,0.736436,1504
520768,645312,84,0.735982,1504
516744,645312,84,0.745686,1504
516864,645312,83,0.745410,1504
516376,645312,83,0.746655,1496
516672,645312,83,0.745869,1496
516272,645312,84,0.746801,1488
519736,645312,83,0.738666,1488
517936,645312,84,0.742995,1472
519976,645312,84,0.738005,1472
518312,645312,85,0.742073,1440
516360,645312,84,0.746819,1440
512992,645312,84,0.754359,1440
513200,645312,83,0.753913,1440
515368,645312,83,0.749056,1440
511360,645312,84,0.757705,1440
507456,645312,84,0.765669,1440
508152,645312,84,0.764210,1440
511904,645312,84,0.756465,1440
508040,645312,83,0.764525,1440
509592,645312,83,0.761334,1440
512376,645312,82,0.755552,1448
510544,645312,83,0.759410,1432
510080,645312,83,0.760490,1416
513200,645312,83,0.753861,1416
514008,645312,83,0.752007,1416
510280,645312,82,0.696322,1416
512872,645312,82,0.689338,1416
509792,645312,82,0.697578,1416
511656,645312,81,0.692615,1456
508224,645312,81,0.701566,1456
511072,645312,81,0.694155,1456
509256,645312,81,0.699028,1432
510168,645312,81,0.696570,1432
509104,645312,82,0.699332,1416
509976,645312,82,0.696982,1416
506328,645312,83,0.706169,1384
506672,645312,82,0.705295,1400
503424,645312,83,0.712998,1400
502864,645312,83,0.714469,1368
503112,645312,82,0.713901,1368
507032,645312,81,0.704514,1408
505448,645312,82,0.708342,1408
504680,645312,83,0.710275,1360
502784,645312,83,0.714779,1360
503664,645312,83,0.712647,1360
499936,645312,83,0.721131,1360
499800,645312,83,0.721549,1352
501064,645312,83,0.718667,1352
497184,645312,82,0.727223,1352
495040,645312,82,0.731721,1352
494000,645312,82,0.733930,1336
492224,645312,83,0.737409,1336
489536,645312,82,0.742684,1336
490136,645312,81,0.741550,1344
491984,645312,80,0.738042,1344
489624,645312,80,0.742595,1344
491416,645312,79,0.739191,1360
493592,645312,79,0.734880,1360
497072,645312,78,0.727822,1368
498512,645312,78,0.724696,1368
502096,645312,78,0.716755,1368
500000,645312,79,0.721462,1336
499840,645312,79,0.721966,1312
499280,645312,80,0.723174,1312
500408,645312,80,0.720624,1312
502816,645312,79,0.715235,1320
504376,645312,79,0.711531,1320
502560,645312,79,0.715870,1296
503024,645312,78,0.714816,1296
507000,645312,77,0.705373,1328
503416,645312,77,0.713956,1328
507496,645312,77,0.704161,1328
510520,645312,77,0.696425,1328
508968,645312,77,0.700504,1328
508792,645312,78,0.700946,1328
506160,645312,78,0.707519,1328
507200,645312,78,0.704885,1328
509912,645312,78,0.697988,1328
510920,645312,78,0.695263,1328
510320,645312,79,0.696838,1320
514216,645312,79,0.686321,1320
512176,645312,78,0.692106,1320
513552,645312,78,0.688274,1320
511040,645312,78,0.695096,1320
512904,645312,78,0.690029,1320
510360,645312,78,0.696858,1320
511472,645312,78,0.693840,1320
510816,645312,78,0.695679,1320
512632,645312,78,0.690760,1320
509120,645312,79,0.699899,1320
510648,645312,79,0.695866,1320
509576,645312,78,0.698865,1320
511144,645312,78,0.694699,1320
508312,645312,77,0.702165,1320
510872,645312,77,0.695533,1320
507400,645312,78,0.704298,1320
508752,645312,78,0.700825,1320
508608,645312,79,0.701186,1320
509720,645312,78,0.698295,1352
507552,645312,78,0.703846,1352
507736,645312,77,0.703334,1376
503848,645312,78,0.712628,1376
502016,645312,79,0.716809,1376
503856,645312,79,0.712498,1376
500728,645312,78,0.719781,1376
504672,645312,78,0.710707,1376
505184,645312,77,0.709501,1376
503904,645312,78,0.712498,1376
503992,645312,77,0.712294,1376
503744,645312,78,0.712869,1376
500496,645312,78,0.720291,1376
501960,645312,78,0.716934,1376
498392,645312,79,0.724730,1376
494944,645312,80,0.731866,1376
495120,645312,79,0.731510,1376
494984,645312,80,0.731785,1376
498336,645312,80,0.724747,1376
502240,645312,80,0.716087,1376
503240,645312,80,0.713699,1376
501832,645312,81,0.716898,1376
498904,645312,81,0.723518,1336
501008,645312,81,0.718827,1336
504016,645312,81,0.711885,1336
503136,645312,81,0.714029,1336
504232,645312,81,0.711382,1336
503072,645312,82,0.714066,1336
504624,645312,82,0.710350,1336
503728,645312,83,0.712535,1296
507168,645312,83,0.704220,1296
503616,645312,83,0.712795,1296
505024,645312,82,0.709501,1296
504840,645312,83,0.709992,1272
507160,645312,83,0.704298,1272
504888,645312,83,0.709879,1272
508936,645312,83,0.699879,1272
505240,645312,83,0.709046,1272
501864,645312,84,0.716845,1272
498968,645312,85,0.723209,1272
501424,645312,84,0.717795,1288
503392,645312,84,0.713220,1288
501296,645312,85,0.717973,1288
497904,645312,85,0.725476,1272
495520,645312,85,0.730520,1272
492016,645312,86,0.737471,1272
492216,645312,85,0.737069,1280
490112,645312,86,0.741085,1280
486872,645312,86,0.747121,1280
486312,645312,86,0.748207,1280
489672,645312,85,0.742059,1296
489736,645312,84,0.741924,1304
492240,645312,84,0.737069,1304
493368,645312,83,0.734801,1336
494216,645312,82,0.733102,1344
491880,645312,82,0.737780,1344
493760,645312,82,0.734010,1344
495368,645312,82,0.730683,1344
493528,645312,82,0.734469,1344
496096,645312,82,0.729195,1344
496376,645312,81,0.728601,1352
496080,645312,81,0.729310,1352
499960,645312,80,0.721096,1352
496040,645312,81,0.729474,1312
497544,645312,81,0.726251,1312
494080,645312,81,0.733453,1304
496680,645312,81,0.728071,1304
492784,645312,82,0.735916,1304
491040,645312,82,0.739374,1304
491856,645312,81,0.737811,1304
492912,645312,80,0.735760,1304
488832,645312,80,0.743602,1304
491568,645312,80,0.738365,1304
491272,645312,81,0.738978,1280
488608,645312,82,0.743984,1272
487912,645312,82,0.745374,1256
491752,645312,81,0.738165,1272
490816,645312,82,0.739983,1256
491488,645312,82,0.738610,1256
488288,645312,82,0.744761,1216
484824,645312,81,0.751103,1216
486064,645312,81,0.748845,1216
488376,645312,81,0.744600,1216
486768,645312,82,0.747579,1176
484920,645312,82,0.750922,1176
488864,645312,82,0.743778,1176
492824,645312,82,0.736182,1176
494904,645312,81,0.732011,1200
494256,645312,82,0.733389,1160
496528,645312,82,0.728684,1160
495600,645312,82,0.730683,1160
495912,645312,81,0.730031,1168
496608,645312,81,0.728502,1168
494768,645312,81,0.732349,1168
493912,645312,81,0.734200,1144
495016,645312,81,0.731898,1144
490968,645312,81,0.739907,1144
495016,645312,81,0.731898,1144
494400,645312,81,0.733246,1136
495616,645312,81,0.730700,1136
495432,645312,82,0.731073,1136
499136,645312,81,0.723329,1144
499840,645312,80,0.721775,1160
496912,645312,80,0.728154,1128
494320,645312,80,0.733517,1128
491928,645312,80,0.738288,1128
491256,645312,80,0.739664,1128
493136,645312,80,0.735947,1128
497032,645312,79,0.728104,1128
496056,645312,80,0.730129,1120
493600,645312,81,0.735084,1104
492024,645312,81,0.738242,1104
491400,645312,82,0.739527,1056
488896,645312,83,0.744205,1056
489680,645312,82,0.742714,1080
491456,645312,82,0.739283,1080
494416,645312,82,0.733421,1080
495872,645312,82,0.730390,1080
495408,645312,83,0.731332,1080
491992,645312,83,0.738165,1080
489432,645312,83,0.743084,1080
488008,645312,83,0.745780,1080
488520,645312,82,0.744790,1112
491120,645312,82,0.739861,1112
493864,645312,82,0.734453,1112
490912,645312,83,0.740164,1112
492536,645312,83,0.736960,1112
494496,645312,83,0.733006,1112
495208,645312,83,0.731478,1112
496592,645312,83,0.728551,1112
496392,645312,84,0.728980,1104
495696,645312,84,0.730504,1104
498568,645312,84,0.724424,1104
500536,645312,84,0.720063,1104
503280,645312,84,0.713790,1104
501112,645312,85,0.718791,1056
501208,645312,84,0.718578,1056
499504,645312,84,0.722416,1056
500104,645312,83,0.721096,1064
496624,645312,84,0.728502,1056
499216,645312,84,0.722933,1056
497704,645312,84,0.726251,1056
499360,645312,84,0.722623,1056
495872,645312,84,0.730047,1056
498400,645312,84,0.724679,1056
496024,645312,85,0.729704,1024
493264,645312,86,0.735242,1024
490064,645312,86,0.741475,1024
487800,645312,85,0.745824,1024
491256,645312,85,0.739313,1024
493120,645312,85,0.735619,1024
491680,645312,85,0.738503,1024
492376,645312,85,0.737069,1024
495656,645312,85,0.730455,1024
495544,645312,86,0.730700,1016
496872,645312,86,0.727872,1016
497960,645312,85,0.725560,1032
495800,645312,85,0.730145,1032
499280,645312,85,0.722744,1032
497656,645312,86,0.726201,1032
496656,645312,86,0.728386,1032
494864,645312,86,0.732140,1032
495432,645312,85,0.730976,1040
498248,645312,85,0.725035,1040
495720,645312,86,0.730292,1040
495024,645312,86,0.731801,1040
495168,645312,85,0.731494,1048
493704,645312,85,0.734516,1048
493096,645312,85,0.735807,1048
496928,645312,85,0.727988,1048
496416,645312,86,0.729063,1040
496816,645312,85,0.728237,1040
499168,645312,85,0.723174,1040
495448,645312,85,0.731041,1040
495736,645312,84,0.730423,1056
498112,645312,84,0.725391,1056
497072,645312,85,0.727573,1056
496896,645312,86,0.727938,1056
495520,645312,86,0.730862,1056
493232,645312,87,0.735430,1056
497192,645312,87,0.727323,1056
494448,645312,87,0.733022,1056
493208,645312,87,0.735572,1056
495264,645312,87,0.731381,1056
499040,645312,86,0.723483,1072
501256,645312,86,0.718543,1072
504784,645312,86,0.710369,1072
503128,645312,87,0.714212,1072
504024,645312,86,0.712053,1112
502464,645312,86,0.715743,1112
506248,645312,86,0.706788,1112
508512,645312,86,0.701106,1112
504552,645312,86,0.710820,1112
506608,645312,86,0.705801,1112
505048,645312,85,0.709766,1112
502136,645312,84,0.716701,1112
503528,645312,83,0.713478,1136
506872,645312,83,0.705451,1136
508944,645312,83,0.700202,1136
507488,645312,83,0.704043,1096
507688,645312,82,0.703531,1104
505912,645312,82,0.707959,1104
508160,645312,82,0.702363,1104
507312,645312,83,0.704475,1096
506800,645312,84,0.705723,1096
505488,645312,84,0.708989,1096
508264,645312,84,0.702125,1096
511192,645312,84,0.694532,1096
511864,645312,83,0.692764,1096
509984,645312,82,0.697906,1096
512968,645312,82,0.689943,1096
509824,645312,82,0.698315,1096
510824,645312,81,0.695637,1136
507656,645312,82,0.703650,1136
504536,645312,83,0.711138,1136
506368,645312,82,0.706788,1136
509576,645312,82,0.698723,1136
509208,645312,82,0.699798,1128
510912,645312,82,0.695304,1128
510648,645312,83,0.695990,1128
508816,645312,84,0.700665,1128
511152,645312,84,0.694553,1128
515040,645312,84,0.683897,1128
513152,645312,85,0.689100,1128
510376,645312,85,0.696570,1128
510528,645312,84,0.696156,1136
509928,645312,85,0.697722,1128
509328,645312,86,0.699312,1104
513184,645312,86,0.689078,1104
516016,645312,86,0.681070,1104
517568,645312,85,0.676511,1128
514120,645312,86,0.686321,1128
516624,645312,86,0.679119,1128
512840,645312,86,0.689814,1128
510872,645312,85,0.695284,1128
513944,645312,85,0.686938,1128
517096,645312,85,0.677890,1128
516584,645312,86,0.679465,1096
518144,645312,85,0.674765,1144
515432,645312,85,0.682750,1144
513792,645312,85,0.687443,1144
514424,645312,84,0.685614,1176
517448,645312,84,0.676863,1176
513672,645312,85,0.687596,1160
517704,645312,85,0.676017,1160
515960,645312,86,0.681161,1128
512120,645312,86,0.691872,1128
515464,645312,86,0.682569,1128
514272,645312,87,0.685902,1128
513176,645312,87,0.689035,1128
514272,645312,87,0.685902,1128
516600,645312,87,0.679188,1128
518832,645312,87,0.672471,1128
514864,645312,87,0.684121,1128
517136,645312,87,0.677494,1128
513792,645312,87,0.687092,1128
512760,645312,88,0.689900,1128
512832,645312,87,0.689706,1128
516648,645312,87,0.678911,1128
514240,645312,87,0.685879,1120
517392,645312,87,0.676769,1120
514800,645312,86,0.684456,1120
518080,645312,86,0.674883,1120
514192,645312,87,0.686012,1120
516128,645312,87,0.680430,1120
512128,645312,88,0.691488,1120
510776,645312,87,0.695304,1120
510600,645312,87,0.695886,1120
507648,645312,88,0.703354,1120
510240,645312,88,0.696693,1120
511632,645312,87,0.692996,1144
511864,645312,86,0.692340,1160
514264,645312,86,0.685702,1160
513784,645312,86,0.687158,1160
516648,645312,86,0.678957,1160
515256,645312,87,0.682998,1136
518656,645312,87,0.672975,1136
517104,645312,88,0.677564,1136
517160,645312,87,0.677401,1136
513480,645312,86,0.688055,1136
514264,645312,85,0.685835,1160
510232,645312,85,0.696735,1160
511288,645312,85,0.693861,1160
507472,645312,85,0.703689,1160
507072,645312,86,0.704670,1160
505648,645312,86,0.708227,1160
503456,645312,85,0.713588,1160
503712,645312,84,0.712998,1160
503456,645312,85,0.713588,1160
503968,645312,84,0.712406,1160
501632,645312,84,0.717830,1160
501672,645312,83,0.717723,1168
499992,645312,83,0.721636,1120
499944,645312,83,0.721844,1120
497200,645312,83,0.727772,1120
494576,645312,83,0.733214,1120
491624,645312,82,0.739161,1120
494464,645312,81,0.733628,1120
492400,645312,81,0.737765,1120
492864,645312,80,0.736867,1120
496072,645312,80,0.730390,1120
493824,645312,80,0.734990,1120
490296,645312,81,0.741760,1120
493552,645312,81,0.735430,1120
494944,645312,80,0.732622,1144
495936,645312,80,0.730520,1144
497824,645312,79,0.726620,1144
498968,645312,79,0.724100,1144
500264,645312,79,0.721201,1144
501912,645312,78,0.717544,1152
502456,645312,77,0.716322,1152
500904,645312,78,0.719834,1128
504496,645312,78,0.711587,1128
503384,645312,79,0.714157,1128
507144,645312,79,0.705159,1128
504872,645312,79,0.710707,1128
505200,645312,78,0.709879,1152
502600,645312,77,0.716105,1152
505560,645312,76,0.709160,1192
504448,645312,77,0.711848,1160
502272,645312,77,0.716934,1160
503608,645312,77,0.713790,1160
502280,645312,78,0.716809,1160
498232,645312,79,0.725628,1160
501440,645312,79,0.718578,1160
499368,645312,79,0.723209,1160
502528,645312,79,0.716141,1160
499960,645312,80,0.721827,1160
499432,645312,80,0.723071,1160
497728,645312,79,0.726888,1160
494992,645312,79,0.732590,1160
496680,645312,79,0.729063,1160
494992,645312,79,0.732590,1160
495184,645312,78,0.732204,1160
497984,645312,78,0.726352,1160
494128,645312,78,0.734311,1160
490960,645312,78,0.717129,1160
489864,645312,79,0.719383,1152
492816,645312,79,0.713173,1152
493168,645312,78,0.712358,1184
490576,645312,78,0.717868,1184
486496,645312,78,0.726074,1184
483488,645312,78,0.731847,1184
485440,645312,78,0.728097,1184
488712,645312,78,0.721634,1184
492336,645312,78,0.714118,1184
488392,645312,79,0.722175,1184
485144,645312,79,0.728567,1184
488336,645312,79,0.722286,1184
488464,645312,78,0.722016,1192
486232,645312,78,0.726475,1192
487280,645312,78,0.724349,1192
489296,645312,78,0.720256,1192
490392,645312,77,0.717999,1208
492400,645312,77,0.713730,1208
493544,645312,77,0.711196,1208
496728,645312,77,0.704092,1208
495272,645312,76,0.707546,1208
495568,645312,75,0.706893,1208
493720,645312,76,0.710921,1208
496184,645312,76,0.705419,1208
495128,645312,76,0.707862,1208
494584,645312,77,0.709052,1208
498392,645312,77,0.700407,1208
500032,645312,76,0.696572,1208
497664,645312,77,0.702078,1208
498192,645312,76,0.700831,1224
494232,645312,77,0.709677,1224
496784,645312,77,0.703929,1224
494832,645312,78,0.708266,1224
492048,645312,78,0.714353,1216
494648,645312,78,0.708685,1216
496376,645312,78,0.704757,1216
496152,645312,79,0.705258,1216
498576,645312,79,0.699629,1216
495784,645312,80,0.705971,1216
498240,645312,80,0.700296,1216
496992,645312,81,0.703206,1192
500648,645312,81,0.694570,1192
497440,645312,81,0.702188,1192
493848,645312,81,0.710266,1192
497272,645312,81,0.702570,1192
499816,645312,81,0.696553,1192
498760,645312,81,0.699146,1192
502168,645312,81,0.690879,1192
501536,645312,82,0.692502,1160
498560,645312,82,0.699685,1160
498592,645312,81,0.699611,1160
494600,645312,82,0.708598,1160
494208,645312,82,0.706227,1152
497464,645312,82,0.698793,1152
496072,645312,82,0.702133,1128
499504,645312,82,0.694069,1128
499160,645312,83,0.694924,1112
496632,645312,84,0.700791,1112
497520,645312,84,0.698645,1112
498488,645312,83,0.696318,1144
502208,645312,83,0.687218,1144
499992,645312,84,0.692635,1144
496016,645312,83,0.702187,1112
498088,645312,83,0.697328,1112
500104,645312,83,0.692442,1112
497080,645312,83,0.699658,1112
498336,645312,82,0.696712,1128
496520,645312,82,0.701010,1128
495640,645312,82,0.703176,1096
494664,645312,83,0.705346,1096
497920,645312,83,0.697867,1096
496184,645312,83,0.702024,1064
494104,645312,83,0.706805,1040
490952,645312,84,0.713537,1040
491456,645312,83,0.712464,1048
494000,645312,83,0.706910,1048
496888,645312,83,0.700354,1048
494600,645312,84,0.705488,1048
491368,645312,84,0.712548,1048
495400,645312,84,0.703713,1048
493424,645312,83,0.708267,1048
490232,645312,83,0.715114,1048
491920,645312,83,0.711485,1048
493208,645312,83,0.708630,1048
491704,645312,84,0.711841,1048
491424,645312,85,0.712447,1040
490136,645312,85,0.715229,1040
492968,645312,85,0.709164,1040
492616,645312,86,0.709988,1008
493936,645312,86,0.707032,1008
494608,645312,85,0.705523,1024
493392,645312,86,0.708215,1008
496272,645312,86,0.701735,1008
497264,645312,86,0.699364,1008
496672,645312,86,0.695959,1008
498416,645312,86,0.691757,1008
497424,645312,86,0.694210,1008
498800,645312,86,0.690842,1008
494888,645312,86,0.700030,1008
498480,645312,86,0.691605,1008
501552,645312,86,0.683997,1008
502048,645312,85,0.682632,1056
505088,645312,85,0.674655,1056
504968,645312,85,0.675099,1056
504824,645312,86,0.675500,1048
504920,645312,85,0.675247,1048
503176,645312,85,0.679908,1048
501080,645312,85,0.685351,1032
503984,645312,85,0.677864,1032
503024,645312,86,0.680338,1032
501648,645312,86,0.683937,1032
502096,645312,85,0.682774,1048
503400,645312,84,0.679332,1096
500856,645312,85,0.685747,1096
503096,645312,84,0.679990,1144
503872,645312,83,0.677885,1184
507848,645312,83,0.667089,1184
509064,645312,82,0.663637,1200
506192,645312,82,0.671705,1200
507728,645312,81,0.667465,1216
505128,645312,82,0.674506,1216
507528,645312,82,0.667885,1216
506744,645312,83,0.670100,1192
504192,645312,84,0.676906,1192
504480,645312,83,0.676152,1192
507336,645312,83,0.668348,1192
506824,645312,84,0.669751,1192
510456,645312,84,0.659395,1192
509296,645312,85,0.662729,1192
507432,645312,86,0.667952,1192
509616,645312,86,0.661678,1192
510504,645312,85,0.659069,1208
509832,645312,85,0.661196,1192
512488,645312,85,0.653248,1192
509608,645312,86,0.661701,1192
508392,645312,86,0.665282,1192
511816,645312,86,0.655258,1192
509488,645312,86,0.662181,1192
507920,645312,85,0.666867,1192
509512,645312,84,0.662296,1224
510872,645312,84,0.658230,1224
511856,645312,84,0.655187,1224
509840,645312,84,0.661219,1224
511176,645312,84,0.657198,1224
509536,645312,85,0.661953,1224
508000,645312,86,0.666333,1208
510904,645312,86,0.657902,1208
512496,645312,85,0.653031,1256
512304,645312,86,0.653609,1256
510848,645312,86,0.658066,1256
512904,645312,86,0.651798,1256
513376,645312,85,0.650360,1256
511688,645312,84,0.655733,1256
512272,645312,83,0.653921,1280
511456,645312,84,0.656349,1280
514008,645312,83,0.648639,1280
513016,645312,83,0.651822,1280
516392,645312,83,0.641118,1280
515144,645312,83,0.645246,1280
513088,645312,82,0.651895,1280
516744,645312,82,0.640291,1280
518952,645312,81,0.632971,1288
515248,645312,82,0.645070,1280
517424,645312,82,0.637919,1280
514048,645312,83,0.648664,1280
511696,645312,83,0.655923,1280
509272,645312,84,0.662956,1280
508248,645312,83,0.666110,1280
504656,645312,84,0.675837,1280
500680,645312,84,0.686082,1280
499464,645312,85,0.689091,1264
500096,645312,84,0.687535,1272
497544,645312,83,0.693873,1272
501488,645312,83,0.684217,1272
504360,645312,82,0.676864,1280
507304,645312,81,0.668898,1312
509792,645312,80,0.661930,1312
506040,645312,80,0.672458,1312
506664,645312,79,0.670666,1352
506704,645312,78,0.670535,1360
502808,645312,79,0.680787,1360
503704,645312,79,0.678362,1360
506544,645312,78,0.670839,1360
510640,645312,78,0.659209,1360
510328,645312,78,0.660275,1352
511584,645312,78,0.656467,1352
507744,645312,78,0.667620,1336
504304,645312,77,0.677115,1336
506888,645312,77,0.670100,1336
510464,645312,77,0.659928,1336
507624,645312,77,0.668084,1336
510288,645312,77,0.660436,1336
508744,645312,76,0.665103,1336
512488,645312,76,0.654112,1336
511952,645312,76,0.655852,1336
509552,645312,76,0.662956,1336
508192,645312,76,0.666911,1336
510248,645312,76,0.660966,1336
510528,645312,75,0.660136,1344
514328,645312,75,0.648639,1344
511368,645312,75,0.657808,1304
514184,645312,74,0.649280,1328
511368,645312,75,0.657808,1304
513352,645312,74,0.651750,1352
512256,645312,74,0.655187,1352
514408,645312,74,0.648516,1352
512136,645312,73,0.655686,1352
508328,645312,74,0.666622,1352
506144,645312,74,0.672715,1352
507752,645312,73,0.668304,1368
506968,645312,74,0.670514,1344
508080,645312,73,0.667333,1392
505840,645312,74,0.673549,1344
508048,645312,74,0.667421,1344
506464,645312,74,0.671877,1344
508400,645312,73,0.666533,1360
506248,645312,73,0.672544,1360
510016,645312,72,0.661999,1400
509800,645312,72,0.662751,1400
512504,645312,71,0.654853,1408
513768,645312,71,0.650898,1408
511112,645312,72,0.658813,1408
511368,645312,71,0.658066,1408
515456,645312,71,0.645523,1408
514488,645312,72,0.648639,1376
515600,645312,72,0.645019,1376
512000,645312,73,0.656018,1376
510872,645312,74,0.659418,1344
511584,645312,73,0.657339,1344
508680,645312,73,0.665797,1344
511864,645312,73,0.656514,1344
513800,645312,73,0.650556,1344
510528,645312,72,0.660552,1344
510496,645312,72,0.660782,1344
514224,645312,71,0.649674,1352
515888,645312,71,0.644337,1352
515848,645312,72,0.644489,1344
513640,645312,72,0.651482,1344
513816,645312,71,0.650947,1344
512496,645312,71,0.655068,1344
513168,645312,71,0.652911,1344
510312,645312,71,0.661449,1344
511992,645312,71,0.656420,1344
515424,645312,71,0.645824,1344
511928,645312,70,0.656750,1344
514360,645312,70,0.649280,1344
510704,645312,69,0.660459,1344
507448,645312,69,0.669730,1344
510536,645312,68,0.660943,1392
506864,645312,68,0.671316,1392
507304,645312,67,0.670122,1392
511104,645312,67,0.659302,1392
508840,645312,67,0.665886,1392
512592,645312,66,0.655020,1408
510736,645312,67,0.660459,1408
513400,645312,67,0.652452,1408
510512,645312,68,0.660966,1408
508952,645312,68,0.665529,1408
509832,645312,68,0.662911,1408
510016,645312,67,0.662364,1416
508112,645312,68,0.667753,1400
509432,645312,68,0.663931,1400
509144,645312,69,0.664788,1384
512048,645312,69,0.656278,1384
509720,645312,70,0.663024,1384
513528,645312,70,0.651701,1384
509648,645312,71,0.663093,1384
512232,645312,71,0.655448,1384
508336,645312,70,0.666911,1384
511160,645312,70,0.658743,1384
509384,645312,71,0.663841,1384
512592,645312,71,0.654376,1384
508544,645312,71,0.666199,1384
509648,645312,71,0.662956,1384
508808,645312,70,0.655982,1352
512328,645312,70,0.645399,1352
511800,645312,71,0.647055,1336
509488,645312,72,0.653921,1336
512384,645312,72,0.645130,1336
514768,645312,72,0.637524,1336
512592,645312,71,0.644640,1336
514744,645312,71,0.637754,1336
514456,645312,72,0.638670,1336
514160,645312,73,0.639607,1336
516168,645312,73,0.632995,1336
516488,645312,72,0.631813,1376
513328,645312,72,0.642091,1376
513368,645312,71,0.641942,1384
513048,645312,72,0.643060,1344
512896,645312,73,0.643555,1336
511192,645312,74,0.648743,1336
509120,645312,75,0.654851,1336
511408,645312,75,0.647949,1336
510296,645312,76,0.651410,1288
