used_memory,heap_memory,free_blocks,external_fragmentation,internal_fragmentation
1936,1984,0,0.000000,0
5632,5728,0,0.000000,0
7168,7312,0,0.000000,0
8664,8856,0,0.000000,0
7168,8856,1,0.000000,0
5232,8856,2,0.435897,0
3696,8856,2,0.385965,0
0,8856,1,0.000000,0
4048,8856,1,0.000000,0
7648,8856,1,0.000000,0
7864,8856,1,0.000000,0
9544,10584,1,0.000000,0
9328,10584,1,0.000000,0
12736,14040,1,0.000000,0
9136,14040,1,0.000000,0
7456,14040,1,0.000000,0
10112,14040,1,0.000000,0
13320,14040,1,0.000000,0
10112,14040,1,0.000000,0
6704,14040,1,0.000000,0
7424,14040,1,0.000000,0
9864,14040,1,0.000000,0
10168,14040,1,0.000000,0
6120,14040,2,0.469602,0
8336,14040,2,0.332340,0
11184,14040,2,0.278317,0
8336,14040,2,0.332340,0
7616,14040,3,0.411301,0
9536,14040,3,0.566990,0
7320,14040,3,0.365915,0
4880,14040,3,0.543733,0
5256,14040,3,0.571023,0
4952,14040,3,0.588182,0
8472,14040,3,0.319572,0
12536,18152,3,0.319572,0
12936,18152,3,0.349498,0
14912,18152,3,0.414493,0
12256,18152,3,0.494876,0
8736,18152,3,0.299380,0
12088,18152,3,0.480114,0
13832,18152,3,0.579167,0
15088,18152,3,0.552050,0
17480,20592,3,0.552050,0
19776,22936,3,0.552050,0
21312,24520,3,0.552050,0
23880,27136,3,0.552050,0
19816,27136,3,0.334537,0
19920,27136,3,0.318966,0
22968,27136,3,0.609412,0
26720,30936,3,0.609412,0
29304,33568,3,0.609412,0
29336,33568,3,0.600000,0
33240,37520,3,0.600000,0
33208,37520,3,0.609412,0
34440,37520,3,0.486792,0
37624,40752,3,0.486792,0
36392,40752,3,0.609412,0
34000,40752,3,0.354795,0
32464,40752,4,0.489154,0
33360,40752,4,0.414179,0
32960,40752,4,0.452326,0
37032,44872,4,0.452326,0
37424,44872,4,0.414907,0
40808,44872,4,0.489362,0
40968,44872,4,0.451429,0
40864,44872,5,0.471074,0
37680,44872,6,0.477004,0
35112,44872,6,0.522978,0
31360,44872,6,0.364044,0
31640,44872,6,0.346912,0
34200,44872,6,0.441472,0
37752,44872,6,0.466488,0
41664,48832,6,0.466488,0
45256,52472,6,0.466488,0
44880,52472,7,0.498108,0
42320,52472,8,0.642408,0
43504,52472,8,0.584984,0
41584,52472,8,0.669710,0
42080,52472,8,0.649956,0
45184,52472,8,0.667564,0
49200,56536,8,0.667564,0
45848,56536,8,0.595890,0
48016,56536,8,0.722783,0
44912,56536,8,0.690272,0
44952,56536,8,0.687598,0
44968,56536,8,0.685624,0
44072,56536,8,0.712428,0
42888,56536,8,0.741222,0
38984,56536,8,0.561024,0
42616,56536,8,0.725191,0
42456,56536,9,0.728643,0
46096,60224,9,0.728643,0
46528,60224,9,0.718016,0
42936,60224,10,0.773347,0
42544,60224,9,0.780118,0
43416,60224,9,0.766995,0
47408,64264,9,0.766995,0
43392,64264,9,0.606982,0
44032,64264,9,0.592593,0
44744,64264,9,0.575421,0
41696,64264,10,0.636812,0
39952,64264,10,0.665268,0
41496,64264,10,0.640226,0
43760,64264,10,0.596373,0
39688,64264,10,0.668399,0
39048,64264,10,0.677995,0
42448,64264,10,0.623377,0
43448,64264,10,0.602905,0
42952,64264,11,0.612864,0
46832,64264,11,0.516911,0
49192,64264,11,0.430357,0
49176,64264,12,0.431034,0
45624,64264,11,0.552385,0
45800,64264,11,0.546445,0
45624,64264,11,0.552385,0
46488,64264,10,0.527641,32
47440,64264,10,0.496581,32
46440,64264,9,0.530422,32
48296,64264,9,0.468333,32
44912,64264,8,0.571812,32
46448,64264,8,0.530191,32
42816,64264,9,0.615817,32
40960,64264,9,0.649322,32
44472,64264,9,0.580998,32
46592,64264,9,0.524590,32
42712,64264,9,0.617812,32
44488,64264,9,0.579525,32
46824,64264,9,0.516178,32
44656,64264,10,0.574478,32
46768,64264,10,0.516422,32
48040,64264,10,0.472437,32
51264,64264,10,0.609964,32
51336,64264,10,0.605755,32
50464,64264,11,0.634423,32
46824,64264,11,0.485204,32
42832,64264,11,0.385801,32
40472,64264,12,0.451449,32
41904,64264,12,0.412039,32
44704,64264,11,0.319245,40
48056,64264,11,0.394664,40
51976,64264,11,0.544896,40
54944,64264,11,0.766739,40
52360,64264,11,0.639841,40
53448,64264,11,0.593890,40
52192,64264,11,0.645768,40
48792,64264,11,0.656122,40
50128,64264,11,0.617340,40
48696,64264,11,0.658522,40
47360,64264,11,0.689746,40
50264,64264,11,0.614576,40
51688,64264,11,0.561613,40
51408,64264,11,0.574638,40
54832,64264,11,0.688161,40
55488,64264,11,0.656177,40
58752,67576,11,0.656177,40
58816,67576,11,0.650474,40
57728,67576,11,0.700811,40
60800,70696,11,0.700811,40
59256,70696,11,0.751055,40
59360,70696,11,0.746998,40
62288,73672,11,0.746998,40
62440,73672,11,0.741455,40
65072,76352,11,0.741455,40
67040,76352,11,0.757030,40
64928,76352,11,0.766178,40
68824,80296,11,0.766178,40
71136,82656,11,0.766178,40
70424,82656,12,0.782853,40
68304,82656,12,0.781435,40
66336,82656,12,0.812535,40
69104,85472,12,0.812535,40
72192,88608,12,0.812535,40
69856,88608,12,0.815853,40
66432,88608,11,0.611798,40
66584,88608,11,0.607890,40
63952,88608,12,0.653750,40
66536,88608,12,0.607890,40
63448,88608,13,0.660627,40
62584,88608,12,0.674683,8
63056,88608,12,0.667463,8
64456,88608,11,0.645560,56
65728,88608,11,0.622919,56
62824,88608,11,0.545054,56
60056,88608,11,0.593523,56
59984,88608,10,0.596090,56
63216,88608,10,0.679931,56
65232,88608,10,0.648852,56
67968,88608,10,0.680381,56
66544,88608,9,0.704682,56
69448,88608,9,0.653521,56
72224,88608,9,0.783343,56
73544,88608,9,0.760274,56
74848,88608,9,0.732081,56
75944,88608,8,0.702473,104
76920,88608,8,0.669811,104
75968,88608,8,0.701782,104
73000,88608,8,0.644484,104
77008,88608,8,0.668389,104
79648,88608,8,0.601212,104
81456,88608,8,0.726813,104
85528,92728,8,0.726813,104
85640,92728,8,0.717277,104
84240,92728,9,0.759947,56
84832,92728,9,0.759644,56
87912,95856,9,0.759644,56
87800,95856,9,0.766571,56
88272,95856,9,0.742448,56
90296,97928,9,0.742448,56
91904,99584,9,0.742448,56
93472,101200,9,0.742448,56
91664,101200,9,0.617886,56
88400,101200,9,0.607843,56
91304,101200,9,0.636865,56
92960,101200,9,0.766234,56
95424,103712,9,0.766234,56
96584,103712,9,0.758303,56
93808,103712,10,0.609674,56
94856,103712,9,0.542216,56
97784,106688,9,0.542216,56
94856,106688,10,0.674377,56
92880,106688,10,0.734205,56
91224,106688,10,0.769811,56
94352,109864,10,0.769811,56
93920,109864,10,0.778182,56
94800,109864,10,0.761408,56
98384,113496,10,0.761408,56
101576,116736,10,0.761408,56
105032,120240,10,0.761408,56
101840,120240,11,0.793585,56
100232,120240,12,0.813027,56
97496,120240,13,0.838853,56
96616,120240,13,0.846065,56
96552,120240,14,0.846538,56
93200,120240,15,0.861212,56
95424,120240,15,0.846801,56
92960,120240,15,0.776976,56
93848,120240,15,0.768076,56
95952,120240,15,0.744649,56
91880,120240,15,0.786029,56
94568,120240,15,0.760226,56
97368,120240,15,0.725806,56
94288,120240,15,0.763149,56
96840,120240,15,0.732914,56
95568,120240,15,0.749170,56
99048,120240,15,0.700441,56
102952,120240,15,0.775338,56
104688,120240,15,0.743078,56
103368,120240,16,0.767753,56
105240,120240,16,0.730041,56
106120,120240,16,0.707048,56
108592,120240,16,0.808023,56
109840,120240,15,0.773903,72
113008,123456,15,0.773903,72
112120,123456,16,0.799000,72
109432,123456,16,0.741431,72
112816,126888,16,0.741431,72
115024,126888,16,0.810377,72
114432,126888,17,0.822751,72
112864,126888,17,0.698353,72
109632,126888,17,0.701604,72
111480,126888,17,0.732936,72
115560,131016,17,0.732936,72
117760,131016,17,0.671824,72
118264,131016,17,0.652286,72
120232,131016,17,0.794928,72
117432,131016,17,0.707278,64
118536,131016,17,0.798214,64
117488,131016,18,0.819345,64
114688,131016,19,0.781387,64
118776,135152,19,0.781387,64
117528,135152,20,0.801023,48
115264,135152,20,0.829102,48
112624,135152,19,0.683264,48
111968,135152,18,0.695250,48
111088,135152,18,0.708846,48
113768,135152,17,0.665636,56
117560,135152,17,0.844731,56
117664,135152,17,0.843059,56
120232,137768,17,0.843059,56
123928,141512,17,0.843059,56
125528,141512,17,0.822322,56
123424,141512,17,0.770788,56
123864,141512,17,0.762875,56
126168,141512,17,0.811948,56
122472,141512,18,0.761240,56
122368,141512,18,0.763562,56
124352,141512,18,0.728235,56
124200,141512,19,0.731239,56
126848,141512,19,0.865412,56
128328,141512,18,0.862040,64
129648,141512,17,0.846751,64
133256,145168,17,0.846751,64
134944,146904,17,0.846751,64
135104,146904,17,0.842786,64
138936,150784,17,0.842786,64
142584,154480,17,0.842786,64
142480,154480,16,0.846602,64
143952,156000,16,0.846602,64
141728,156000,16,0.760274,64
143328,156000,16,0.857401,64
141728,156000,16,0.828006,64
145416,159736,16,0.828006,64
143392,159736,16,0.734901,64
144968,159736,16,0.695620,64
148592,163408,16,0.695620,64
145688,163408,16,0.760207,64
142000,163408,17,0.790455,64
143472,163408,17,0.770647,64
144080,163408,17,0.760892,64
145808,163408,17,0.729777,64
142880,163408,18,0.777510,64
141400,163408,19,0.795837,56
142944,163408,19,0.776105,56
139816,163408,19,0.762622,56
135896,163408,19,0.789634,56
138424,163408,19,0.778327,56
141568,163408,19,0.793366,56
141792,163408,19,0.790168,56
143032,163408,19,0.773576,56
143280,163408,18,0.770075,56
143872,163408,18,0.760519,56
144984,163408,18,0.741011,56
141376,163408,18,0.739830,56
141152,163408,19,0.743046,56
142600,163408,19,0.719923,56
143504,163408,19,0.702910,56
144976,163408,18,0.672113,56
143432,163408,18,0.705167,56
140264,163408,19,0.754430,56
137040,163408,20,0.790119,56
139480,163408,20,0.763607,56
138504,163408,20,0.775290,56
138936,163408,20,0.769960,56
140808,163408,20,0.745852,56
139904,163408,20,0.758406,56
140384,163408,20,0.751601,56
136376,163408,20,0.768070,56
132472,163408,20,0.802333,56
130488,163408,20,0.816287,56
131288,163408,20,0.815292,56
131992,163408,19,0.810294,88
132832,163408,19,0.803892,88
131736,163408,20,0.812063,40
135760,163408,20,0.800889,40
139640,163408,20,0.810444,40
141096,163408,20,0.794563,40
142216,163408,19,0.780581,64
143888,163408,19,0.755567,64
145464,163408,19,0.726084,64
144352,163408,20,0.746981,64
144416,163408,19,0.745585,80
146184,163408,19,0.709148,80
148888,163408,19,0.863820,80
152216,166784,19,0.863820,80
155208,169824,19,0.863820,80
158416,173080,19,0.863820,80
161880,176592,19,0.863820,80
161632,176592,19,0.867762,80
165648,180656,19,0.867762,80
168736,183792,19,0.867762,80
167200,183792,20,0.869388,80
164112,183792,21,0.792026,80
166096,183792,21,0.880150,80
165504,183792,21,0.885850,80
169504,187840,21,0.885850,80
168344,187840,21,0.895254,80
171376,190920,21,0.895254,80
167464,190920,21,0.777491,80
166144,190920,22,0.792218,80
163112,190920,23,0.819638,80
160408,190920,23,0.838930,80
159928,190920,23,0.842169,80
159456,190920,24,0.844957,80
160128,190920,24,0.840664,80
163680,190920,24,0.835416,80
160096,190920,25,0.858110,80
156008,190920,26,0.864096,80
152360,190920,27,0.878795,80
149152,190920,28,0.889322,80
149296,190920,28,0.888744,80
146984,190920,29,0.895330,80
142968,190920,30,0.905089,80
144280,190920,30,0.901995,80
144608,190920,30,0.901103,80
147040,190920,30,0.894791,80
149408,190920,30,0.889791,80
149344,190920,31,0.890033,64
151768,190920,31,0.882049,64
151968,190920,31,0.881183,64
150232,190920,31,0.887140,64
151888,190920,31,0.881464,64
154488,190920,31,0.871414,64
157640,190920,31,0.856735,64
159024,190920,31,0.849023,64
159872,190920,30,0.843905,88
162368,190920,30,0.869220,88
162592,190920,30,0.867668,88
162792,190920,30,0.866220,88
164352,190920,30,0.856003,88
165616,190920,29,0.846559,120
169448,194800,29,0.846559,120
169744,194800,29,0.843840,120
171488,194800,29,0.916478,120
168920,194800,29,0.867589,120
170504,194800,29,0.920894,120
172288,196632,29,0.920894,120
171680,196632,30,0.923397,120
171736,196632,29,0.923077,144
173720,198664,29,0.923077,144
171280,198664,29,0.859785,144
174392,201824,29,0.859785,144
178232,205712,29,0.859785,144
174768,205712,29,0.859962,144
178328,209320,29,0.859962,144
180512,209320,29,0.846315,144
178640,209320,29,0.858202,144
178792,209320,29,0.857050,144
177688,209320,30,0.863184,144
174128,209320,31,0.878449,144
170288,209320,31,0.775500,144
173528,209320,31,0.750803,144
176888,209320,31,0.847432,144
175200,209320,31,0.856819,144
175376,209320,31,0.855673,144
176808,209320,31,0.847616,144
177656,209320,31,0.842286,144
174200,209320,31,0.856593,144
173352,209320,32,0.860763,120
171768,209320,32,0.867948,120
172688,209320,32,0.863779,120
171840,209320,32,0.867647,120
167960,209320,32,0.819842,120
170552,209320,32,0.805359,120
172552,209320,32,0.792414,120
174184,209320,32,0.838142,120
175296,209320,32,0.831425,120
176808,209320,31,0.821623,144
179992,209320,31,0.825742,144
181496,209320,31,0.884985,144
185368,213240,31,0.884985,144
187432,213240,31,0.924180,144
191328,217184,31,0.924180,144
187816,217184,32,0.847516,144
191096,217184,32,0.924888,144
194344,220480,32,0.924888,144
194168,220480,32,0.925733,144
190088,220480,33,0.830057,144
191776,220480,33,0.894756,144
191984,220480,33,0.893532,144
191760,220480,34,0.894604,144
191560,220480,33,0.895989,144
192728,220480,33,0.890056,144
194480,220480,33,0.924180,144
195712,220480,33,0.919298,144
192640,220480,33,0.804869,144
188744,220480,33,0.835283,144
187272,220480,33,0.844617,144
188432,220480,33,0.837289,144
191472,220480,33,0.823509,144
188568,220480,33,0.843956,144
185424,220480,33,0.850725,144
188096,220480,33,0.835080,144
186248,220480,33,0.846309,144
187216,220480,33,0.840489,144
183736,220480,33,0.859025,144
183032,220480,33,0.862574,112
183752,220480,33,0.859099,112
183832,220480,33,0.858503,112
184920,220480,32,0.853143,128
182720,220480,32,0.863660,128
184440,220480,32,0.855523,128
184984,220480,32,0.852576,128
185576,220480,32,0.849253,128
187760,220480,32,0.836391,128
186088,220480,33,0.846220,128
184824,220480,34,0.853062,96
184352,220480,34,0.855640,96
186664,220480,34,0.843155,96
188736,220480,34,0.914177,96
187304,220480,34,0.903933,96
187624,220480,34,0.902588,96
187800,220480,33,0.901871,112
188952,220480,33,0.897139,112
187648,220480,34,0.902260,112
191336,224216,34,0.902260,112
187336,224216,34,0.831217,112
189152,224216,34,0.820130,112
187336,224216,34,0.831217,112
190776,224216,34,0.904306,112
189032,224216,33,0.835758,112
188592,224216,34,0.838247,112
185944,224216,34,0.851992,112
184312,224216,34,0.850096,112
183152,224216,34,0.855327,112
181696,224216,34,0.861351,112
179392,224216,34,0.869827,112
178960,224216,35,0.871273,112
176464,224216,34,0.879314,112
173312,224216,35,0.887834,112
176552,224216,35,0.878917,112
176768,224216,35,0.878139,112
175656,224216,34,0.881619,112
179536,224216,34,0.869502,112
181336,224216,34,0.862900,112
181136,224216,34,0.863824,112
179632,224216,35,0.869175,112
176960,224216,34,0.877996,112
176904,224216,35,0.878234,88
178968,224216,35,0.871642,88
179024,224216,35,0.871299,88
182224,224216,35,0.868327,88
180648,224216,36,0.873899,88
184072,224216,36,0.860933,88
185584,224216,36,0.854198,88
183896,224216,37,0.861459,88
180904,224216,37,0.832359,88
183096,224216,37,0.821536,88
185792,224216,37,0.853030,88
184872,224216,37,0.857351,88
180976,224216,38,0.872447,88
183608,224216,38,0.862433,88
180496,224216,39,0.873926,88
182552,224216,39,0.866378,88
186000,224216,39,0.876896,88
185408,224216,39,0.879336,88
181616,224216,39,0.850089,88
184000,224216,39,0.884378,88
187240,224216,39,0.897659,88
188712,224216,39,0.892274,88
192336,227888,39,0.892274,88
190320,227888,40,0.899301,88
190264,227888,40,0.899639,88
188296,227888,40,0.905766,88
191240,227888,39,0.896405,128
189464,227888,39,0.902335,128
189912,227888,39,0.900791,128
189704,227888,40,0.901444,128
190704,227888,40,0.898061,128
191608,227888,39,0.894780,176
190808,227888,39,0.897712,176
190648,227888,39,0.898407,176
187288,227888,38,0.763201,176
185104,227888,38,0.777753,176
185120,227888,38,0.777361,176
188984,227888,38,0.750433,176
186792,227888,38,0.766597,176
187248,227888,38,0.763146,176
189512,227888,38,0.745908,176
189968,227888,38,0.741812,176
187440,227888,37,0.761804,176
186984,227888,37,0.765294,176
189032,227888,37,0.750062,176
189408,227888,37,0.746737,176
191352,227888,37,0.729853,176
188408,227888,38,0.754382,136
188256,227888,37,0.756221,136
184872,227888,36,0.779405,136
186256,227888,36,0.770421,136
187160,227888,36,0.764032,136
187544,227888,36,0.761014,136
187528,227888,36,0.761466,136
183840,227888,37,0.784907,136
183000,227888,37,0.789879,136
185200,227888,37,0.776819,136
188080,227888,37,0.757160,136
189800,227888,36,0.743583,176
191576,227888,36,0.727812,176
194512,227888,36,0.809238,176
190648,227888,36,0.833639,176
192184,227888,36,0.824552,176
190384,227888,36,0.835062,176
186360,227888,36,0.854296,176
188024,227888,36,0.846784,176
192016,227888,36,0.825562,176
195936,227888,36,0.853651,176
195792,227888,36,0.854757,176
197056,227888,36,0.846844,176
199664,227888,36,0.889096,176
201520,227888,36,0.909836,176
201952,227888,35,0.907602,216
205040,231024,35,0.907602,216
208936,234968,35,0.907602,216
212968,239048,35,0.907602,216
210672,239048,36,0.892429,216
207392,239048,36,0.861219,216
207016,239048,36,0.863564,216
206568,239048,36,0.866208,216
205480,239048,37,0.871741,200
209032,242648,37,0.871741,200
206968,242648,36,0.873302,200
207072,242648,36,0.872631,200
209360,242648,35,0.861557,208
210536,242648,35,0.854828,208
213192,242648,35,0.837367,208
213432,242648,35,0.835256,208
216648,242648,35,0.907016,208
213448,242648,35,0.774170,208
212944,242648,36,0.779189,208
214024,242648,35,0.767890,232
216472,242648,35,0.868344,232
220536,246760,35,0.868344,232
222816,246760,35,0.927412,232
225600,249592,35,0.927412,232
225272,249592,34,0.929204,232
226368,249592,34,0.925150,232
224984,249592,33,0.803563,232
227624,249592,33,0.919050,232
227936,249592,33,0.917035,232
229744,251448,33,0.917035,232
231448,253200,33,0.917035,232
234904,256704,33,0.917035,232
234592,256704,33,0.919050,232
236904,259064,33,0.919050,232
240424,262632,33,0.919050,232
238216,262632,33,0.823888,232
239024,262632,33,0.867357,232
235032,262632,33,0.786419,232
236064,262632,33,0.774395,232
234552,262632,34,0.791120,208
238272,262632,34,0.909391,208
241904,266312,34,0.909391,208
241752,266312,35,0.910196,208
237856,266312,36,0.814476,208
237560,266312,35,0.817876,208
238864,266312,35,0.805589,208
241240,266312,35,0.916440,208
242296,266312,35,0.910853,208
246184,270248,35,0.910853,208
243872,270248,36,0.877178,208
246584,273008,36,0.877178,208
243128,273008,36,0.739520,208
247128,273008,36,0.903282,208
248896,273008,35,0.910853,208
249632,273008,35,0.906409,208
245712,273008,36,0.800489,208
249648,276992,36,0.800489,208
248480,276992,37,0.811683,208
250680,276992,37,0.909953,208
250504,276992,38,0.910874,192
252104,276992,38,0.913978,192
255672,280608,38,0.913978,192
257400,282384,38,0.913978,192
261080,286112,38,0.913978,192
258368,286112,39,0.863196,192
261688,289480,39,0.863196,192
264744,292584,39,0.863196,192
262144,292584,39,0.835885,192
264640,292584,39,0.863910,192
264784,292584,38,0.862864,200
265696,292584,38,0.855867,200
261864,292584,38,0.776172,200
265464,292584,38,0.857623,200
268816,295984,38,0.857623,200
269344,295984,38,0.853183,200
265792,295984,39,0.838721,200
265648,295984,40,0.839827,192
269376,299760,40,0.839827,192
271328,299760,40,0.865583,192
272496,299760,39,0.857323,192
275856,303168,39,0.857323,192
272176,303168,40,0.837800,192
276208,307248,40,0.837800,192
278048,307248,40,0.823077,192
276992,307248,40,0.831994,192
275720,307248,40,0.841543,192
277696,307248,40,0.921887,192
279616,309216,40,0.921887,192
278464,309216,40,0.926071,192
278528,309216,40,0.925700,192
275648,309216,41,0.885569,192
278304,309216,41,0.926282,192
276744,309216,42,0.931069,192
273528,309216,41,0.863623,192
277336,313072,41,0.863623,192
277648,313072,41,0.861803,192
280632,313072,41,0.930839,192
284240,316728,41,0.930839,192
284960,316728,41,0.928547,192
282680,316728,41,0.901506,192
278648,316728,41,0.812331,192
279152,316728,41,0.808763,192
281768,316728,41,0.890473,192
283632,316728,41,0.881910,192
287712,320856,41,0.881910,192
286616,320856,41,0.887188,192
283960,320856,41,0.897965,192
287296,324240,41,0.897965,192
286912,324240,41,0.899499,192
285600,324240,42,0.903887,192
289616,328304,42,0.903887,192
290400,328304,42,0.901150,192
290632,328304,42,0.900194,192
288912,328304,43,0.905793,192
291976,331416,43,0.905793,192
288456,331416,44,0.897004,192
289488,331416,44,0.893643,192
286904,331416,44,0.901478,192
287512,331416,44,0.899635,192
291440,335392,44,0.899635,192
288000,335392,45,0.908600,192
291080,335392,45,0.900520,192
293176,335392,45,0.894103,192
290112,335392,46,0.903041,192
290456,335392,45,0.902092,200
288192,335392,45,0.908008,200
289824,335392,45,0.903783,200
286016,335392,46,0.905724,200
285208,335392,47,0.907573,200
287104,335392,47,0.902996,200
285472,335392,47,0.906977,200
287824,335392,47,0.901183,200
287088,335392,47,0.903154,200
283456,335392,47,0.832558,200
286384,335392,47,0.894463,200
283032,335392,48,0.902619,200
286512,335392,48,0.904437,200
288992,335392,48,0.897964,200
285664,335392,49,0.906318,200
287736,335392,48,0.901265,208
290456,335392,48,0.893631,208
288144,335392,48,0.900210,208
290104,335392,48,0.894667,208
287448,335392,48,0.901997,208
283728,335392,48,0.898461,208
282552,335392,48,0.901295,208
284784,335392,48,0.895881,208
285856,335392,48,0.892998,208
286368,335392,48,0.891496,208
288696,335392,48,0.898486,208
286056,335392,48,0.905274,208
286712,335392,48,0.903585,208
289776,335392,48,0.895339,208
286224,335392,49,0.904647,208
289008,335392,49,0.897370,208
286960,335392,50,0.902738,208
287552,335392,50,0.901122,208
291112,335392,50,0.912216,208
294728,339056,50,0.912216,208
297456,339056,50,0.936255,208
298712,339056,50,0.936673,208
295992,339056,50,0.900929,208
299560,342672,50,0.900929,208
297488,342672,51,0.906706,200
298520,342672,51,0.903793,200
295736,342672,52,0.910959,200
298272,342672,52,0.919982,200
294792,342672,52,0.889770,200
295408,342672,52,0.887827,200
292224,342672,52,0.896693,200
294584,342672,52,0.890229,200
297824,342672,52,0.920891,200
300224,342672,52,0.940386,200
302864,345360,52,0.940386,200
300920,345360,52,0.921234,200
300408,345360,52,0.922484,200
303632,348632,52,0.922484,200
301712,348632,53,0.926483,200
299080,348632,53,0.913575,200
295152,348632,53,0.902808,200
296592,348632,53,0.899396,200
299624,348632,53,0.891512,200
301776,348632,53,0.944373,200
303992,350896,53,0.944373,200
305256,350896,53,0.942333,200
306032,350896,53,0.940975,200
306600,350896,53,0.939916,200
310456,354800,53,0.939916,200
313440,357832,53,0.939916,200
314752,357832,53,0.937439,200
311328,357832,53,0.882185,200
307704,357832,53,0.882798,200
304672,357832,53,0.891151,200
305456,357832,53,0.889015,200
307688,357832,53,0.882705,200
304752,357832,54,0.890706,200
300672,357832,55,0.900170,200
302640,357832,55,0.895708,200
304744,357832,55,0.890482,200
305744,357832,55,0.887743,200
307256,357832,55,0.883403,200
310392,357832,55,0.890205,200
308552,357832,55,0.895513,200
308728,357832,54,0.894997,216
304664,357832,54,0.868181,216
307288,357832,54,0.898749,216
308912,357832,54,0.894366,216
311960,357832,54,0.923666,216
314872,360792,54,0.923666,216
311248,360792,54,0.877143,216
307232,360792,55,0.888560,216
311232,360792,55,0.897467,216
313440,360792,55,0.891201,216
316888,360792,55,0.938233,216
318504,360792,54,0.935013,256
317888,360792,54,0.936343,256
318920,360792,53,0.934167,296
321048,362968,53,0.934167,296
317968,362968,53,0.900232,296
320616,362968,53,0.935062,296
322992,365392,53,0.935062,296
326360,368808,53,0.935062,296
323120,368808,53,0.872947,296
323608,368808,53,0.870975,296
321552,368808,53,0.878384,296
320520,368808,54,0.881841,256
317536,368808,54,0.890634,256
315936,368808,54,0.894886,256
312576,368808,55,0.902605,256
315200,368808,55,0.913463,256
318960,372616,55,0.913463,256
321128,372616,55,0.917776,256
317528,372616,55,0.885873,256
313960,372616,56,0.894343,256
310400,372616,55,0.888356,256
310560,372616,55,0.887906,256
310816,372616,55,0.887240,256
309576,372616,55,0.890006,256
307616,372616,55,0.894057,256
311384,372616,55,0.886084,256
315312,372616,55,0.923643,256
313360,372616,55,0.926777,256
316472,372616,55,0.926264,256
319560,372616,54,0.920889,264
322128,372616,54,0.937575,264
318272,372616,55,0.911786,264
318888,372616,55,0.910426,264
320040,372616,55,0.907857,264
318144,372616,55,0.911947,264
317488,372616,56,0.913247,264
318584,372616,56,0.910955,264
315856,372616,56,0.916319,264
313704,372616,55,0.842576,264
313728,372616,54,0.842445,280
315104,372616,53,0.837741,304
312672,372616,54,0.845742,304
316560,372616,54,0.915036,304
315776,372616,54,0.916566,304
312168,372616,54,0.890600,304
314088,372616,54,0.886106,304
315568,372616,54,0.882353,304
316552,372616,54,0.879675,304
317080,372616,54,0.878127,304
321008,372616,54,0.905472,304
319744,372616,54,0.908417,304
323488,372616,54,0.904155,304
322504,372616,54,0.906669,304
323568,372616,54,0.903955,304
324176,372616,54,0.902278,304
322448,372616,55,0.906574,304
319384,372616,55,0.913429,304
316136,372616,55,0.914596,304
316176,372616,55,0.914431,304
313088,372616,56,0.919869,296
311936,372616,56,0.921795,296
310632,372616,56,0.923857,296
311888,372616,56,0.921870,296
311296,372616,55,0.922931,296
312056,372616,55,0.921682,296
311600,372616,56,0.922392,296
311864,372616,56,0.921908,296
308624,372616,56,0.920721,296
309472,372616,56,0.919365,296
310496,372616,56,0.917680,296
310432,372616,57,0.917783,296
311552,372616,57,0.915870,296
314064,372616,57,0.911350,296
312808,372616,58,0.913627,296
316768,372616,58,0.913043,296
315688,372616,59,0.915130,272
314216,372616,59,0.917845,272
311848,372616,59,0.921820,272
308608,372616,59,0.914625,272
306424,372616,58,0.875901,272
308640,372616,58,0.913148,272
306072,372616,58,0.917216,272
302192,372616,58,0.922655,272
305368,372616,58,0.928289,272
304248,372616,59,0.929710,248
301264,372616,59,0.933219,248
298784,372616,59,0.935888,248
301824,372616,59,0.935124,248
305848,376688,59,0.935124,248
307672,376688,59,0.933041,248
307184,376688,59,0.933651,248
303616,376688,60,0.937444,248
302592,376688,61,0.938454,248
306680,380824,61,0.938454,248
304464,380824,62,0.940531,248
301240,380824,63,0.943315,248
301600,380824,63,0.942977,248
304336,380824,63,0.940560,248
306656,380824,63,0.938337,248
310720,384936,63,0.938337,248
313832,384936,63,0.938955,248
311448,384936,63,0.941327,248
308808,384936,62,0.854133,248
309080,384936,62,0.853415,248
310600,384936,62,0.849792,248
310944,384936,62,0.848858,248
313888,384936,62,0.841327,248
317408,384936,62,0.831303,248
320736,384936,61,0.820660,272
320696,384936,61,0.820956,272
321112,384936,61,0.819381,272
323280,384936,61,0.811461,272
321408,384936,60,0.818528,272
321192,384936,60,0.819436,272
324384,384936,60,0.807624,272
327104,384936,60,0.796236,272
326560,384936,61,0.798579,272
330152,384936,61,0.865152,272
333152,384936,61,0.923774,272
332832,384936,61,0.924458,272
333080,384936,61,0.923909,272
335664,384936,61,0.918646,272
335640,384936,61,0.918834,256
338208,384936,61,0.949786,256
335736,384936,61,0.929983,256
338240,384936,61,0.949741,256
337672,384936,61,0.950598,256
336888,384936,61,0.951711,256
334784,384936,61,0.941682,256
335824,384936,61,0.940013,256
337112,384936,61,0.937827,256
336264,384936,61,0.939310,256
340208,388928,61,0.939310,256
337696,388928,61,0.922847,256
334960,388928,61,0.927852,256
332600,388928,61,0.915446,256
336464,392840,61,0.915446,256
336696,392840,61,0.914920,256
338704,392840,61,0.910851,256
342184,392840,61,0.924980,256
342904,392840,61,0.923490,256
345576,392840,61,0.936610,256
341688,392840,62,0.902449,256
342240,392840,62,0.900958,256
342936,392840,62,0.899044,256
342216,392840,62,0.901018,256
345568,392840,62,0.936455,256
347288,392840,62,0.933161,256
348248,392840,62,0.931126,256
350176,392840,62,0.942688,256
347136,392840,63,0.911028,256
348456,392840,63,0.945610,256
345088,392840,64,0.906879,256
348648,396448,64,0.906879,256
351896,396448,64,0.945729,256
355192,399792,64,0.945729,256
352280,399792,64,0.903996,256
348952,399792,65,0.912209,232
347376,399792,65,0.915703,232
350208,399792,65,0.909302,232
353632,399792,64,0.947344,248
356080,402288,64,0.947344,248
358920,405176,64,0.947344,248
361600,407904,64,0.947344,248
358976,407904,64,0.920775,248
360728,407904,64,0.916742,248
359208,407904,64,0.920277,248
357552,407904,64,0.923794,248
359232,407904,63,0.920225,296
360840,407904,63,0.916478,296
362392,407904,63,0.912506,296
360912,407904,63,0.916307,296
359880,407904,63,0.918800,296
363088,411160,63,0.918800,296
363440,411160,63,0.917894,296
364064,411160,63,0.916326,296
367272,414416,63,0.916326,296
367840,414416,63,0.914835,296
369000,414416,63,0.911751,296
369720,414416,63,0.909671,296
368112,414416,63,0.914039,296
369608,414416,63,0.909980,296
368576,414416,64,0.912734,296
367512,414416,64,0.915519,296
369080,414416,64,0.911411,296
365872,414416,65,0.911965,296
367832,414416,65,0.906831,296
366360,414416,65,0.910770,296
367168,414416,65,0.908594,296
370496,417792,65,0.908594,296
371272,417792,65,0.906396,296
370664,417792,65,0.908154,296
373744,417792,65,0.946164,296
369816,417792,66,0.890058,296
373160,417792,66,0.947056,296
372000,417792,65,0.875208,296
369552,417792,66,0.883685,296
365792,417792,66,0.894800,296
365240,417792,66,0.896361,296
368776,417792,66,0.894748,296
364776,417792,67,0.902114,296
368056,417792,67,0.896633,296
367528,417792,68,0.898066,296
370496,417792,68,0.930153,296
370744,417792,68,0.929558,296
371312,417792,68,0.928287,296
369488,417792,68,0.932015,296
372272,420624,68,0.932015,296
371552,420624,68,0.933435,296
373064,420624,68,0.930486,296
369784,420624,68,0.896222,296
368816,420624,68,0.898888,296
369400,420624,67,0.897267,336
367272,420624,68,0.902591,336
365952,420624,69,0.905625,336
362912,420624,69,0.903061,336
362288,420624,70,0.904373,336
365224,420624,70,0.907218,336
366920,420624,70,0.903307,336
365240,420624,71,0.907184,288
362888,420624,72,0.911987,288
360168,420624,72,0.917040,288
357952,420624,72,0.920761,288
359696,420624,72,0.917844,288
360896,420624,72,0.915683,288
364888,420624,71,0.922652,296
362464,420624,72,0.926740,296
362216,420624,72,0.927210,296
363520,420624,72,0.925013,296
361824,420624,72,0.927823,296
359272,420624,72,0.931641,296
362864,424264,72,0.931641,296
362784,424264,72,0.931818,296
365616,424264,72,0.939138,296
369496,428192,72,0.939138,296
371384,428192,72,0.944404,296
375432,432288,72,0.944404,296
375488,432288,72,0.944274,296
376024,432288,72,0.943531,296
376896,432288,72,0.942318,296
372904,432288,73,0.914632,288
374984,432288,73,0.910571,288
371896,432288,73,0.902724,288
370384,432288,73,0.905795,288
373336,432288,73,0.913838,288
377248,432288,73,0.941786,288
374632,432288,74,0.941970,288
377536,435240,74,0.941970,288
373944,435240,75,0.926200,288
370864,435240,75,0.930656,288
369560,435240,75,0.932420,288
367960,435240,76,0.934395,288
368400,435240,76,0.933805,288
372248,439136,76,0.933805,288
375696,439136,76,0.936811,288
376440,439136,76,0.935809,288
378288,439136,76,0.933278,288
379184,439136,75,0.931953,328
378944,439136,76,0.932298,328
381792,439136,76,0.941198,328
383000,439136,76,0.939489,328
381904,439136,77,0.940985,328
378904,439136,77,0.933637,328
381064,439136,77,0.930393,328
384392,442512,77,0.930393,328
384136,442512,78,0.930785,328
388072,446496,78,0.930785,328
386784,446496,78,0.932763,328
389184,446496,78,0.929049,328
391968,446496,78,0.940405,328
395184,449760,78,0.940405,328
398184,452808,78,0.940405,328
397768,452808,78,0.941064,328
394320,452808,79,0.924039,328
396096,452808,79,0.943261,328
396704,452808,79,0.942394,328
394032,452808,79,0.935133,328
397128,455952,79,0.935133,328
399960,455952,79,0.942178,328
400904,455952,79,0.940805,328
401840,455952,79,0.939376,328
405232,459392,79,0.939376,328
405744,459392,79,0.938532,328
405808,459392,79,0.938360,328
405048,459392,79,0.939578,328
404984,459392,79,0.939743,328
405368,459392,79,0.939101,328
406960,459392,78,0.936602,336
407504,459392,78,0.935625,336
406032,459392,78,0.938076,336
404144,459392,78,0.932531,336
407728,463024,78,0.932531,336
408576,463024,78,0.931055,336
407376,463024,77,0.933169,336
405624,463024,77,0.935900,336
402512,463024,77,0.924432,336
399584,463024,78,0.928845,336
397296,463024,77,0.932085,328
397472,463024,76,0.931815,360
398952,463024,76,0.929764,360
402712,466832,76,0.929764,360
405352,466832,76,0.925840,360
406600,466832,76,0.923787,360
409528,466832,75,0.918702,360
408808,466832,75,0.920100,360
409624,466832,75,0.918524,360
407248,466832,75,0.901506,360
405584,466832,76,0.904929,360
409424,466832,76,0.918894,360
409936,466832,76,0.917849,360
412976,466832,76,0.938727,360
409392,466832,77,0.918412,360
411232,466832,77,0.914748,360
409752,466832,78,0.917647,360
409240,466832,78,0.918693,360
413256,470896,78,0.918693,360
411488,470896,78,0.921910,360
413384,470896,78,0.957772,360
411184,470896,78,0.940260,360
414456,474216,78,0.940260,360
416120,474216,78,0.937961,360
419344,477488,78,0.937961,360
419720,477488,78,0.937364,360
420312,477488,78,0.936441,360
422760,477488,78,0.954652,360
423528,477488,78,0.953730,360
420256,477488,79,0.924580,360
423544,480824,79,0.924580,360
421312,480824,80,0.928271,360
418528,480824,79,0.900693,360
419080,480824,79,0.899449,360
422592,480824,79,0.926200,360
424512,480824,79,0.922772,360
424928,480824,78,0.922006,360
421000,480824,77,0.868627,360
418600,480824,77,0.875268,360
419368,480824,77,0.873131,360
419312,480824,77,0.873407,360
423048,480824,77,0.925514,360
421736,480824,76,0.927828,360
421192,480824,77,0.928684,360
423032,480824,77,0.925623,360
426160,480824,77,0.944728,360
424568,480824,78,0.946813,352
424336,480824,79,0.947102,352
423520,480824,80,0.948095,352
423856,480824,80,0.947632,352
426360,483376,80,0.947632,352
424696,483376,80,0.949634,352
423144,483376,79,0.951421,352
423520,483376,79,0.950974,352
423856,483376,79,0.950561,352
424712,483376,79,0.949562,352
425776,483376,79,0.948276,352
424528,483376,79,0.949768,352
423856,483376,79,0.950561,352
422896,483376,79,0.951630,352
421128,483376,79,0.930824,352
421360,483376,78,0.930491,352
422808,483376,78,0.951721,352
419584,483376,78,0.932640,352
420312,483376,77,0.931634,360
424240,487352,77,0.931634,360
426000,487352,77,0.929029,360
428384,487352,77,0.949893,360
431280,490296,77,0.949893,360
429536,490296,76,0.933254,360
431816,490296,76,0.949344,360
434296,492824,76,0.949344,360
431912,492824,76,0.928292,360
431384,492824,76,0.929160,360
428984,492824,75,0.917026,360
431344,492824,75,0.929291,360
428304,492824,75,0.929653,360
430632,492824,75,0.930333,360
433232,492824,75,0.950630,360
431072,492824,75,0.949399,360
427552,492824,74,0.918323,360
429856,492824,74,0.914416,360
431416,492824,74,0.911522,360
429920,492824,75,0.914220,360
430712,492824,75,0.912726,360
429264,492824,75,0.915352,360
425728,492824,75,0.921045,360
423720,492824,74,0.924043,360
426624,492824,74,0.919768,360
422608,492824,75,0.925475,360
418840,492824,75,0.915727,360
420512,492824,75,0.913251,360
418208,492824,75,0.916601,360
421496,492824,75,0.911769,360
424352,492824,75,0.923032,360
425800,492824,74,0.920867,408
427240,492824,74,0.918588,408
429048,492824,74,0.915556,408
430216,492824,74,0.913444,408
431600,492824,74,0.910817,408
431952,492824,74,0.910055,408
431056,492824,75,0.911819,368
431128,492824,75,0.911597,368
431552,492824,75,0.910711,368
432248,492824,75,0.909279,368
433728,492824,74,0.906222,400
432984,492824,74,0.907849,400
433416,492824,74,0.906870,400
433536,492824,73,0.906605,408
434944,492824,73,0.903486,408
438224,492824,73,0.900278,408
438656,492824,73,0.899075,408
435408,492824,73,0.906795,408
436312,492824,72,0.904780,416
437368,492824,72,0.902220,416
439792,492824,72,0.895959,416
437728,492824,72,0.901356,416
440416,492824,72,0.939962,416
438344,492824,72,0.943136,416
439328,492824,72,0.942249,416
436904,492824,72,0.904661,416
440320,492824,72,0.940744,416
437680,492824,72,0.930716,416
440848,496040,72,0.930716,416
439592,496040,72,0.932864,416
439488,496040,73,0.933030,416
439976,496040,73,0.932168,416
437136,496040,74,0.936140,416
433048,496040,75,0.915815,416
430360,496040,75,0.920306,416
427224,496040,76,0.924897,416
428712,496040,76,0.922716,416
430664,496040,76,0.919679,416
432720,496040,76,0.916216,416
430552,496040,76,0.919856,416
433352,496040,76,0.915116,416
433672,496040,76,0.914463,416
431832,496040,76,0.917713,416
428880,496040,76,0.922399,416
431480,496040,76,0.918292,416
430632,496040,76,0.919730,416
431312,496040,76,0.918566,416
429800,496040,77,0.920947,416
431504,496040,77,0.918175,416
430824,496040,77,0.919350,416
430216,496040,78,0.920306,416
430392,496040,78,0.919956,416
432272,496040,78,0.916816,416
428536,496040,79,0.922693,416
425640,496040,80,0.926707,416
425784,496040,79,0.926517,416
429672,496040,79,0.922315,416
431136,496040,78,0.919974,464
428600,496040,77,0.921539,464
430560,496040,77,0.920957,464
433064,496040,77,0.916777,464
435760,496040,77,0.911760,464
436680,496040,77,0.909842,464
437184,496040,77,0.908711,464
437312,496040,76,0.908428,472
441344,500120,76,0.908428,472
439616,500120,76,0.911992,472
443456,500120,76,0.928900,472
439528,500120,76,0.849694,472
439568,500120,76,0.849404,472
439792,500120,76,0.848501,472
443328,500120,76,0.921295,472
446968,503808,76,0.921295,472
448112,503808,76,0.918983,472
451712,507456,76,0.918983,472
451488,507456,76,0.919522,472
449528,507456,75,0.923378,472
449712,507456,75,0.922962,472
447208,507456,76,0.927231,472
446296,507456,76,0.928745,472
446576,507456,76,0.928235,472
450264,511192,76,0.928235,472
451192,511192,76,0.926673,472
450856,511192,76,0.927295,472
454760,515144,76,0.927295,472
451432,515144,77,0.931455,472
450432,515144,77,0.932903,472
451688,515144,77,0.931092,472
448448,515144,78,0.935424,472
450416,515144,78,0.932795,472
448952,515144,79,0.934786,424
446360,515144,79,0.937994,424
442720,515144,80,0.936488,424
445568,515144,80,0.933108,424
447624,515144,80,0.930417,424
448096,515144,80,0.929719,424
447936,515144,81,0.929935,424
447760,515144,80,0.930300,424
444160,515144,80,0.869559,424
446112,515144,80,0.864716,424
448320,515144,80,0.858803,424
447808,515144,80,0.860319,424
451392,515144,80,0.924687,424
452008,515144,80,0.923642,424
450968,515144,80,0.925339,424
448168,515144,81,0.929377,424
445960,515144,81,0.932326,424
446248,515144,81,0.931903,424
446872,515144,81,0.931040,424
450544,518864,81,0.931040,424
447448,518864,82,0.934845,424
451096,518864,81,0.936556,432
450032,518864,82,0.937818,432
454016,522896,82,0.937818,432
452640,522896,82,0.939456,408
450936,522896,82,0.941326,408
450512,522896,82,0.941810,408
451592,522896,82,0.940639,408
450424,522896,82,0.941899,408
448704,522896,82,0.943639,408
449040,522896,82,0.943270,408
452216,522896,82,0.940693,408
451160,522896,82,0.941851,408
450160,522896,82,0.942909,408
450920,522896,82,0.942096,408
454520,526544,82,0.942096,408
458360,530432,82,0.942096,408
461760,533880,82,0.942096,408
462888,533880,82,0.940872,408
459920,533880,81,0.924598,408
456632,533880,80,0.893516,408
458648,533880,80,0.889852,408
459920,533880,80,0.887374,408
459488,533880,80,0.888363,368
463472,533880,80,0.880203,368
466936,533880,80,0.936338,368
463320,533880,80,0.917848,368
462416,533880,80,0.919307,320
460880,533880,80,0.921514,320
458232,533880,80,0.925007,320
456616,533880,81,0.927002,280
455232,533880,81,0.928643,280
455936,533880,81,0.927790,280
452992,533880,81,0.931068,280
454272,533880,81,0.929651,280
455920,533880,81,0.927754,280
453136,533880,82,0.930816,280
454480,533880,82,0.929318,280
454688,533880,82,0.929035,280
453248,533880,82,0.930647,280
452328,533880,81,0.931706,280
450840,533880,82,0.933200,280
451328,533880,82,0.932670,280
449816,533880,82,0.934191,280
446488,533880,82,0.914945,280
449600,533880,82,0.911065,280
450656,533880,82,0.909624,280
450584,533880,83,0.909720,280
448136,533880,83,0.912906,280
451856,533880,83,0.908005,280
455672,533880,83,0.947889,280
455392,533880,83,0.948158,280
457552,533880,83,0.946289,280
459440,533880,83,0.944534,280
460600,533880,83,0.943381,280
463848,533880,82,0.943487,320
467536,537616,82,0.943487,320
471128,541256,82,0.943487,320
468624,541256,82,0.934840,320
464864,541256,82,0.910899,320
465080,541256,82,0.910512,320
463232,541256,83,0.913149,320
464976,541256,83,0.910595,320
464544,541256,83,0.911293,320
460640,541256,84,0.916595,320
463720,541256,84,0.912400,320
466952,541256,84,0.933732,320
465176,541256,84,0.935722,320
466992,541256,84,0.933687,320
468088,541256,84,0.932373,320
466224,541256,84,0.934541,320
466280,541256,83,0.934461,336
465928,541256,84,0.934846,336
466536,541256,83,0.934125,384
465776,541256,84,0.934959,384
467128,541256,84,0.933406,384
467872,541256,83,0.932531,400
468536,541256,82,0.931739,408
469712,541256,82,0.930246,408
470976,541256,82,0.928571,408
474280,541256,82,0.939654,408
473016,541256,82,0.941159,408
471920,541256,82,0.942411,408
473152,541256,82,0.941006,408
474840,541256,82,0.938988,408
476552,541256,81,0.936816,440
479416,541256,81,0.932824,440
479040,541256,82,0.933368,440
482544,544808,82,0.933368,440
479920,544808,82,0.936991,440
483816,548752,82,0.936991,440
486480,548752,82,0.933310,440
482832,548752,83,0.926997,432
483984,548752,83,0.925205,432
480152,548752,83,0.922669,432
482848,548752,83,0.926903,432
482664,548752,83,0.927241,432
485312,548752,83,0.923116,432
486248,548752,83,0.921491,432
488976,548752,83,0.916514,432
489464,548752,83,0.915480,432
493168,552504,83,0.915480,432
489568,552504,84,0.921974,432
491576,552504,84,0.918393,432
495440,556416,84,0.918393,432
497696,556416,83,0.913985,472
494280,556416,84,0.920383,472
494704,556416,83,0.919627,480
492200,556416,83,0.923897,480
489416,556416,83,0.928133,480
491720,556416,83,0.924650,480
490792,556416,83,0.926135,480
487208,556416,83,0.862822,480
487736,556416,83,0.861318,480
489056,556416,83,0.857612,480
492040,556416,83,0.848646,480
490600,556416,83,0.853183,480
490176,556416,84,0.854450,472
490640,556416,83,0.852946,520
493912,556416,83,0.914187,520
492104,556416,83,0.917498,520
488400,556416,84,0.923398,520
488648,556416,84,0.922957,520
492432,556416,84,0.922302,520
488840,556416,85,0.927747,520
492032,556416,85,0.922872,520
490064,556416,85,0.925979,520
487416,556416,85,0.929763,520
491032,556416,85,0.926801,520
494768,560200,85,0.926801,520
495088,560200,85,0.926248,520
495776,560200,85,0.925117,520
497528,560200,85,0.922197,520
500056,560200,85,0.917600,520
498904,560200,85,0.919807,520
496696,560200,85,0.923652,520
497560,560200,85,0.922143,520
498024,560200,85,0.921270,520
498776,560200,85,0.919864,520
496696,560200,86,0.923418,520
498048,560200,86,0.921062,520
498728,560200,86,0.919778,520
494888,560200,85,0.872064,520
494680,560200,86,0.872608,520
490816,560200,86,0.882041,520
490952,560200,86,0.881629,520
491032,560200,85,0.881340,568
487608,560200,86,0.888635,552
488000,560200,85,0.887768,592
490648,560200,85,0.882041,592
490232,560200,86,0.882963,592
486696,560200,86,0.890343,592
485792,560200,87,0.892075,584
487360,560200,87,0.888968,584
487792,560200,87,0.888010,584
490120,560200,87,0.883015,584
491456,560200,86,0.880006,584
492688,560200,86,0.876974,584
494688,560200,86,0.913924,584
496608,560200,86,0.915266,584
499992,560200,86,0.908535,584
499656,560200,86,0.909341,584
501400,560200,86,0.905455,584
498552,560200,86,0.911580,584
497832,560200,86,0.913074,584
497328,560200,86,0.914117,584
498488,560200,86,0.911801,584
501808,560200,86,0.904633,584
504568,560200,86,0.897701,584
502864,560200,87,0.902023,584
499560,560200,87,0.909540,584
500000,560200,87,0.908519,584
497336,560200,87,0.913922,584
493400,560200,87,0.917428,584
493256,560200,87,0.917745,584
491440,560200,87,0.920696,584
488912,560200,87,0.877201,584
487680,560200,87,0.880017,584
489392,560200,87,0.876110,584
485704,560200,86,0.864712,584
482872,560200,87,0.871027,584
483336,560200,87,0.869930,584
484336,560200,87,0.867623,584
487872,560200,87,0.859078,584
491960,560200,87,0.923089,584
490208,560200,87,0.925692,584
489152,560200,88,0.927139,584
492120,560200,88,0.922849,584
493928,560200,88,0.919948,584
495288,560200,88,0.917598,584
497720,560200,88,0.913105,584
493760,560200,88,0.914646,584
496608,560200,88,0.915179,584
496800,560200,88,0.914739,584
497840,560200,87,0.912752,600
496096,560200,87,0.916072,600
495560,560200,88,0.917017,600
498600,560200,88,0.911263,600
499560,560200,88,0.909208,600
497560,560200,89,0.913196,600
495584,560200,88,0.915966,600
494456,560200,88,0.917992,600
496848,560200,88,0.914710,600
498792,560200,88,0.910879,600
501104,560200,88,0.947218,600
499184,560200,88,0.949581,600
501640,562704,88,0.949581,600
500016,562704,88,0.937927,600
499488,562704,89,0.938638,600
497680,562704,89,0.941010,600
500384,562704,89,0.951034,600
502704,565072,89,0.951034,600
505712,568128,89,0.951034,600
503792,568128,88,0.910306,600
506576,568128,88,0.951755,600
505504,568128,87,0.952991,600
501768,568128,87,0.891156,600
503336,568128,87,0.887475,600
499744,568128,88,0.895343,600
499120,568128,89,0.896599,600
497344,568128,89,0.900104,600
500752,568128,89,0.893249,600
504128,568128,89,0.944605,600
505272,568128,89,0.943162,600
505624,568128,89,0.942661,600
502416,568128,89,0.924774,600
503848,568128,89,0.922411,600
500800,568128,88,0.911348,600
502160,568128,88,0.908793,600
501672,568128,88,0.909783,600
501824,568128,87,0.909446,632
501080,568128,88,0.910823,616
498760,568128,89,0.914780,616
502088,568128,89,0.925254,616
500088,568128,89,0.928257,616
502392,568128,89,0.924786,616
506208,571992,89,0.924786,616
503560,571992,90,0.928672,616
505464,571992,90,0.925848,616
504112,571992,90,0.927895,616
505912,571992,90,0.925168,616
504736,571992,90,0.926997,616
502040,571992,90,0.930789,616
505088,571992,90,0.939028,616
501200,571992,90,0.923822,616
497480,571992,91,0.928761,616
497560,571992,91,0.928601,616
498912,571992,91,0.926812,616
494976,571992,91,0.931684,616
492880,571992,90,0.932422,616
496952,571992,90,0.929410,616
493440,571992,89,0.916905,616
493896,571992,89,0.916219,616
492416,571992,90,0.918245,584
493608,571992,90,0.916591,584
497304,571992,89,0.911201,608
494624,571992,89,0.915218,608
491928,571992,89,0.911675,608
493392,571992,89,0.909505,608
494832,571992,89,0.907262,608
495624,571992,88,0.905946,656
495184,571992,89,0.906640,656
491776,571992,89,0.911754,656
493088,571992,89,0.909810,656
495088,571992,89,0.906715,656
494768,571992,89,0.907287,656
493768,571992,90,0.908805,656
492976,571992,91,0.910043,608
491528,571992,92,0.912166,560
490080,571992,92,0.914191,560
490504,571992,91,0.913605,576
494040,571992,91,0.908517,576
497472,571992,91,0.902969,576
500056,571992,91,0.925336,576
502248,571992,91,0.922151,576
501760,571992,91,0.922938,576
500720,571992,92,0.924442,560
503448,571992,92,0.920355,560
499608,571992,92,0.910316,560
502984,571992,92,0.921069,560
503128,571992,92,0.920775,560
500296,571992,92,0.924963,560
503960,571992,92,0.933974,560
500584,571992,92,0.900797,560
504136,571992,92,0.933744,560
503744,571992,92,0.934367,520
501440,571992,93,0.937200,520
501120,571992,93,0.937630,520
499200,571992,93,0.939833,520
501664,571992,93,0.956391,520
503256,571992,93,0.955004,520
505944,574728,93,0.955004,520
508448,577280,93,0.955004,520
507672,577280,93,0.955712,520
510256,579912,93,0.955712,520
509384,579912,92,0.956515,520
506064,579912,92,0.913117,520
508224,579912,92,0.909598,520
511472,579912,92,0.954702,520
507528,579912,93,0.928499,520
505776,579912,92,0.930817,520
508248,579912,92,0.927617,520
509640,579912,92,0.925652,520
505824,579912,92,0.922266,520
506184,579912,92,0.921705,520
502864,579912,92,0.926109,520
504512,579912,92,0.923955,520
503048,579912,93,0.925822,520
502688,579912,93,0.926326,520
501328,579912,93,0.928014,520
497936,579912,93,0.931829,520
496136,579912,94,0.933669,520
498728,579912,94,0.930935,520
502656,579912,94,0.939680,520
501792,579912,95,0.940536,520
497944,579912,96,0.940610,520
501536,579912,96,0.940738,520
500832,579912,96,0.941458,520
499872,579912,96,0.942396,520
501400,579912,96,0.940916,520
504776,579912,96,0.937975,520
500936,579912,96,0.931262,520
504856,579912,96,0.937889,520
504048,579912,95,0.938845,520
506728,579912,95,0.958577,520
509080,582312,95,0.958577,520
511240,582312,95,0.956877,520
509184,582312,96,0.958465,520
510360,582312,96,0.957534,520
508392,582312,96,0.959045,520
508200,582312,96,0.959218,520
510016,582312,96,0.957837,520
513104,585448,96,0.957837,520
515104,585448,96,0.956207,520
516944,585448,96,0.964767,520
516176,585448,96,0.965321,520
517152,585448,95,0.964634,552
515224,585448,94,0.949962,552
512496,585448,95,0.950978,552
515576,588576,95,0.950978,552
516080,588576,95,0.950486,552
513624,588576,95,0.925694,552
515072,588576,95,0.923713,552
513232,588576,96,0.926136,552
509360,588576,96,0.930816,552
510824,588576,96,0.929083,552
508920,588576,96,0.931305,552
512600,588576,96,0.926933,552
509872,588576,96,0.930239,552
513160,588576,96,0.926227,552
509072,588576,97,0.931083,552
507928,588576,97,0.932381,552
504424,588576,97,0.933940,552
506536,588576,96,0.931768,568
509032,588576,96,0.928976,568
508952,588576,97,0.929122,520
508912,588576,97,0.929222,520
507656,588576,98,0.930618,520
509176,588576,98,0.928866,520
510920,588576,98,0.926752,520
514432,588576,98,0.922155,520
516248,588576,98,0.921989,520
517256,588576,98,0.920458,520
513960,588576,99,0.925049,520
517016,588576,99,0.920741,520
513424,588576,99,0.925746,520
515376,588576,99,0.923077,520
511688,588576,100,0.927859,520
510096,588576,101,0.929744,520
512656,588576,101,0.926602,520
515224,588576,101,0.954180,520
511936,588576,101,0.939152,520
512520,588576,101,0.938493,520
511824,588576,102,0.939218,520
512328,588576,102,0.938644,520
510608,588576,102,0.940483,480
510704,588576,101,0.940380,488
507776,588576,101,0.943186,488
505464,588576,102,0.945190,488
506024,588576,102,0.944677,488
506824,588576,102,0.943945,488
505304,588576,102,0.945284,488
503840,588576,102,0.946516,488
504048,588576,101,0.946318,528
507792,592368,101,0.946318,528
504344,592368,101,0.946370,528
504192,592368,102,0.946510,496
504136,592368,103,0.946564,480
505176,592368,102,0.945728,528
505040,592368,101,0.945909,528
501360,592368,101,0.944626,528
504928,592368,101,0.941762,528
501928,592368,102,0.944158,528
501424,592368,102,0.944578,528
503296,592368,102,0.943090,528
500432,592368,102,0.920606,528
501224,592368,102,0.919700,528
502280,592368,102,0.918478,528
505288,592368,102,0.914891,528
507256,592368,102,0.912347,528
508624,592368,102,0.910468,528
506864,592368,102,0.912854,528
507096,592368,102,0.912493,528
503184,592368,102,0.917338,528
507016,592368,102,0.912596,528
506512,592368,102,0.913304,528
504528,592368,102,0.915812,528
506576,592368,102,0.913222,528
510368,592368,102,0.944126,528
508696,592368,103,0.945543,528
510568,592368,103,0.943910,528
509176,592368,103,0.945144,528
506320,592368,103,0.947473,528
508800,592368,103,0.945457,528
512360,592368,102,0.959013,560
511184,592368,102,0.959803,560
511208,592368,101,0.959773,584
509640,592368,101,0.960772,584
513256,596032,101,0.960772,584
509872,596032,100,0.928680,584
508536,596032,101,0.930044,584
505936,596032,102,0.932553,584
509288,596032,102,0.962358,584
508352,596032,101,0.956522,584
508960,596032,101,0.956111,584
510256,596032,101,0.955245,584
511432,596032,101,0.954426,584
508424,596032,101,0.941775,584
508808,596032,101,0.941413,584
508200,596032,101,0.942001,536
508800,596032,101,0.941461,536
508072,596032,101,0.942113,528
510904,596032,101,0.939642,528
509336,596032,101,0.941054,528
507336,596032,101,0.942751,528
506400,596032,101,0.943532,528
504520,596032,101,0.945003,528
502192,596032,102,0.946679,528
503544,596032,102,0.945683,528
506136,596032,102,0.963389,528
509936,599880,102,0.963389,528
512192,599880,102,0.962870,528
509000,599880,103,0.956403,528
510592,599880,103,0.963675,528
511888,599880,103,0.962980,528
510656,599880,102,0.961431,528
513576,602848,102,0.961431,528
513088,602848,102,0.961718,528
510592,602848,103,0.962999,528
514136,606440,103,0.962999,528
510944,606440,104,0.958963,528
512184,606440,103,0.958290,544
512808,606440,103,0.957920,544
510504,606440,102,0.957064,544
512120,606440,102,0.958325,544
510168,606440,102,0.959385,544
511744,606440,102,0.958528,544
510760,606440,101,0.959102,544
510664,606440,102,0.959157,536
512176,606440,102,0.958325,536
514064,606440,102,0.957244,536
510784,606440,103,0.957914,536
507728,606440,103,0.941560,536
509256,606440,103,0.940401,536
508576,606440,102,0.940977,536
508224,606440,103,0.941235,536
507760,606440,103,0.941606,536
506072,606440,104,0.942796,536
504800,606440,105,0.943662,536
501568,606440,106,0.945748,536
504888,606440,106,0.960919,536
506880,606440,106,0.959945,536
503712,606440,107,0.961437,536
506344,606440,107,0.960765,536
508632,606440,107,0.959620,536
509808,606440,107,0.958993,536
512584,606440,107,0.957996,536
514864,606440,106,0.956668,584
514112,606440,106,0.957134,584
515816,606440,106,0.956101,584
516616,606440,105,0.955603,600
516016,606440,106,0.955970,600
516224,606440,106,0.955814,600
515888,606440,106,0.956048,600
516088,606440,106,0.955897,600
513384,606440,106,0.957513,600
511392,606440,106,0.958636,600
514968,610064,106,0.958636,600
515528,610064,106,0.958307,600
513272,610064,106,0.959546,560
515392,610064,106,0.958403,560
514008,610064,106,0.959165,560
516280,610064,106,0.957916,560
513344,610064,106,0.956769,560
509808,610064,105,0.936263,560
506696,610064,105,0.938615,560
509680,610064,105,0.936362,560
512040,610064,105,0.934451,560
512480,610064,105,0.934049,560
508696,610064,106,0.937039,560
510848,610064,106,0.953445,560
509840,610064,105,0.954069,560
511088,610064,105,0.953335,560
508608,610064,106,0.954720,560
511512,610064,106,0.953061,560
511264,610064,107,0.953205,560
513568,610064,107,0.951804,560
513392,610064,107,0.951950,544
517184,613904,107,0.951950,544
516024,613904,107,0.952676,544
516736,613904,107,0.952222,544
515224,613904,107,0.953145,544
512896,613904,107,0.954484,544
514928,613904,107,0.953316,544
510944,613904,106,0.942962,544
510256,613904,106,0.943451,544
511216,613904,106,0.942779,544
510784,613904,106,0.943101,544
509984,613904,106,0.943671,528
510304,613904,105,0.943445,552
511984,613904,105,0.942284,552
515448,613904,105,0.953066,552
516472,613904,105,0.952434,552
512680,613904,106,0.954502,552
513080,613904,106,0.954256,552
512848,613904,107,0.954384,552
511608,613904,108,0.955063,536
514880,613904,108,0.953222,536
514976,613904,108,0.953139,536
513936,613904,108,0.953788,488
510456,613904,108,0.949056,488
511928,613904,108,0.948135,488
511888,613904,108,0.948189,488
513680,613904,108,0.953931,488
510432,613904,109,0.955680,488
511872,613904,109,0.954896,488
509096,613904,109,0.956362,488
510184,613904,109,0.955784,488
508976,613904,108,0.956446,488
509320,613904,108,0.956249,488
511960,613904,108,0.954849,488
511456,613904,109,0.955118,488
509200,613904,109,0.956309,488
508024,613904,109,0.956917,488
509616,613904,109,0.956099,488
511160,613904,109,0.955275,488
509000,613904,108,0.956434,488
512320,613904,108,0.954680,488
515096,613904,108,0.953097,488
514640,613904,109,0.953360,488
516880,613904,109,0.952010,488
516168,613904,109,0.952467,488
512952,613904,109,0.954335,488
516656,613904,109,0.954091,488
517752,613904,109,0.953419,488
514288,613904,109,0.925149,488
516952,613904,109,0.922578,488
513384,613904,109,0.925969,488
514088,613904,109,0.925288,488
510576,613904,108,0.928444,488
507464,613904,107,0.931034,488
509600,613904,107,0.929292,488
512096,613904,107,0.927148,488
510384,613904,107,0.928645,488
512768,613904,106,0.926588,504
509104,613904,106,0.915463,504
511888,613904,106,0.927356,504
509728,613904,107,0.929174,504
506880,613904,106,0.931511,504
508384,613904,106,0.930298,504
512000,613904,106,0.927259,504
509168,613904,106,0.929670,504
505792,613904,106,0.932335,504
507032,613904,105,0.931381,520
508560,613904,105,0.930145,520
506448,613904,106,0.931804,504
506720,613904,106,0.931560,504
503144,613904,107,0.934195,504
500840,613904,107,0.935820,504
504352,613904,107,0.933328,504
501992,613904,107,0.935034,504
502256,613904,106,0.934840,520
500472,613904,106,0.936088,520
501680,613904,106,0.935238,520
499072,613904,106,0.937010,520
499888,613904,106,0.936445,520
496536,613904,107,0.938585,520
494552,613904,107,0.939814,520
494904,613904,107,0.939576,520
498608,613904,107,0.937248,520
499512,613904,106,0.936650,536
496928,613904,106,0.938332,536
497280,613904,106,0.938083,536
495264,613904,106,0.939351,536
493072,613904,106,0.940669,536
490168,613904,107,0.942296,536
493568,613904,107,0.940354,536
493808,613904,107,0.940186,536
493224,613904,108,0.940549,496
495768,613904,108,0.939012,496
496032,613904,108,0.938821,496
492712,613904,108,0.940816,496
493928,613904,108,0.940083,496
490848,613904,109,0.941839,496
489584,613904,108,0.942582,496
491176,613904,108,0.941684,496
493488,613904,108,0.940340,496
491216,613904,108,0.941662,496
493664,613904,107,0.940247,528
490104,613904,107,0.942300,496
492224,613904,107,0.941095,496
490088,613904,108,0.942283,496
493664,613904,108,0.940238,496
491848,613904,109,0.941280,496
489896,613904,108,0.935931,496
488248,613904,109,0.936911,496
492328,613904,109,0.941036,496
493008,613904,108,0.940628,528
492648,613904,108,0.940862,528
496408,613904,108,0.938600,528
497168,613904,108,0.938098,528
494184,613904,108,0.939942,528
490856,613904,107,0.941897,528
494768,613904,107,0.939624,528
494328,613904,107,0.939913,528
496784,613904,107,0.938397,528
496976,613904,107,0.938248,528
495032,613904,107,0.939466,528
495872,613904,107,0.938929,528
494168,613904,107,0.939980,528
494408,613904,106,0.939819,560
494144,613904,107,0.939975,560
495096,613904,107,0.939380,560
493224,613904,108,0.940485,560
492608,613904,107,0.940894,560
490144,613904,106,0.942322,560
487480,613904,106,0.940817,560
487352,613904,107,0.940891,552
491312,613904,107,0.938631,552
488624,613904,108,0.940165,552
489736,613904,108,0.939512,552
487304,613904,107,0.940917,552
489568,613904,107,0.939635,552
489592,613904,107,0.939594,552
486216,613904,106,0.941502,552
483176,613904,105,0.926287,552
483984,613904,105,0.925725,552
486880,613904,105,0.923724,552
484520,613904,105,0.925369,552
483240,613904,105,0.926246,552
481888,613904,105,0.927148,552
480912,613904,105,0.927814,520
478536,613904,104,0.929327,520
481944,613904,104,0.927194,520
482584,613904,104,0.926754,520
484392,613904,104,0.925540,520
486912,613904,104,0.923791,520
489792,613904,104,0.921695,520
490016,613904,103,0.921501,560
492720,613904,102,0.919425,592
496120,613904,102,0.916647,592
494776,613904,103,0.917752,592
497992,613904,103,0.915015,592
496784,613904,104,0.916049,592
499064,613904,104,0.914033,592
497256,613904,105,0.915607,592
500824,613904,105,0.912400,592
497256,613904,105,0.915607,592
497504,613904,105,0.915353,592
497152,613904,106,0.915655,592
494568,613904,107,0.917804,592
492096,613904,107,0.919797,592
492496,613904,106,0.919474,608
489440,613904,106,0.921819,608
492360,613904,106,0.919580,608
493952,613904,106,0.918287,608
491832,613904,107,0.919951,608
493664,613904,107,0.918479,608
496400,613904,107,0.916198,608
495840,613904,108,0.916667,608
496224,613904,108,0.916305,608
494784,613904,108,0.917537,608
491168,613904,109,0.920385,608
490728,613904,109,0.920754,608
486848,613904,109,0.923607,608
485680,613904,108,0.924482,608
484776,613904,109,0.925106,592
487264,613904,109,0.923360,592
487920,613904,109,0.922861,592
486376,613904,109,0.923980,592
486392,613904,108,0.923969,592
488216,613904,108,0.922649,592
485296,613904,109,0.924689,592
483888,613904,109,0.925667,592
485648,613904,109,0.924449,592
486744,613904,109,0.923657,592
487216,613904,109,0.923292,592
491272,613904,109,0.920282,592
488376,613904,109,0.922464,592
489344,613904,109,0.921725,592
490680,613904,108,0.920730,592
487128,613904,108,0.923354,592
487936,613904,108,0.922746,592
485352,613904,109,0.924553,592
483192,613904,110,0.926000,592
483560,613904,110,0.925725,592
486648,613904,110,0.923590,592
486176,613904,110,0.923953,592
483584,613904,110,0.925741,592
486600,613904,110,0.923657,592
489240,613904,110,0.921731,592
488216,613904,110,0.922511,592
488576,613904,110,0.922216,592
487624,613904,110,0.922935,592
486256,613904,110,0.923931,592
487840,613904,110,0.922780,592
486280,613904,110,0.923914,592
486016,613904,111,0.924108,576
482120,613904,111,0.926738,576
483216,613904,111,0.925994,576
480512,613904,112,0.927749,544
480040,613904,113,0.928044,544
483320,613904,113,0.925915,544
485456,613904,112,0.924465,568
484368,613904,111,0.925267,568
482472,613904,111,0.926547,568
483400,613904,111,0.925910,568
484480,613904,111,0.925160,568
484360,613904,111,0.925278,560
486928,613904,111,0.923484,560
483312,613904,110,0.856910,560
486304,613904,110,0.852941,560
482392,613904,110,0.858069,560
483208,613904,109,0.857021,576
483240,613904,108,0.856981,576
484544,613904,108,0.855244,576
484896,613904,107,0.854785,576
481352,613904,106,0.859396,576
483640,613904,106,0.856471,576
482136,613904,106,0.858428,576
481016,613904,106,0.859865,576
484352,613904,106,0.855618,576
483784,613904,106,0.856410,576
485672,613904,106,0.853890,576
487016,613904,105,0.852034,616
486592,613904,105,0.852694,600
490544,613904,105,0.847105,600
490160,613904,106,0.847660,600
492032,613904,106,0.844845,600
491792,613904,106,0.845274,600
491360,613904,107,0.845913,600
489832,613904,107,0.848199,600
491064,613904,106,0.846406,608
491120,613904,106,0.846254,608
492944,613904,106,0.843459,608
492136,613904,106,0.844749,608
495664,613904,106,0.839212,608
494368,613904,106,0.841339,608
494664,613904,106,0.840800,608
494264,613904,107,0.841451,592
497384,613904,106,0.836352,640
495952,613904,105,0.838852,640
494984,613904,104,0.840548,640
498088,613904,104,0.835416,640
498472,613904,104,0.834687,640
496512,613904,105,0.837944,640
496976,613904,105,0.837106,640
494096,613904,104,0.841862,640
490520,613904,104,0.847291,640
490608,613904,103,0.847163,640
491664,613904,103,0.845547,640
489032,613904,102,0.849481,640
490344,613904,102,0.847545,640
488512,613904,102,0.850208,640
490064,613904,102,0.847947,640
486784,613904,101,0.852640,640
486224,613904,101,0.853455,640
487832,613904,101,0.851215,640
488688,613904,101,0.849963,640
485512,613904,101,0.854334,640
488048,613904,101,0.850851,640
485080,613904,101,0.854900,640
484808,613904,102,0.855255,640
486048,613904,102,0.853561,640
484728,613904,102,0.855359,640
481824,613904,102,0.859091,640
479320,613904,101,0.862222,640
480192,613904,101,0.861130,640
482440,613904,101,0.858328,640
482664,613904,100,0.857989,688
484544,613904,100,0.855535,688
482392,613904,101,0.858268,688
483336,613904,101,0.857021,688
479888,613904,102,0.861264,688
483856,613904,102,0.856297,688
483288,613904,103,0.857021,688
487152,613904,103,0.851882,688
484104,613904,104,0.855917,688
484920,613904,104,0.854796,688
480992,613904,104,0.859816,688
484088,613904,103,0.855917,704
481000,613904,103,0.859846,704
477880,613904,104,0.863603,656
480016,613904,104,0.861034,656
482000,613904,104,0.858557,656
481600,613904,103,0.859170,656
480808,613904,103,0.860196,656
477376,613904,103,0.864291,656
474384,613904,104,0.867626,656
471168,613904,104,0.871081,656
468600,613904,105,0.873676,656
470312,613904,104,0.871917,696
468784,613904,103,0.873549,696
470904,613904,103,0.871361,696
467496,613904,103,0.874814,696
466888,613904,104,0.875402,696
465448,613904,104,0.876819,696
463416,613904,103,0.878790,696
466232,613904,103,0.876122,696
462416,613904,103,0.879694,696
460432,613904,103,0.881492,696
462336,613904,103,0.879766,696
466264,613904,103,0.876092,696
464952,613904,104,0.877329,696
465616,613904,103,0.876691,712
466632,613904,103,0.875679,712
469424,613904,103,0.872895,712
465912,613904,104,0.876320,712
468400,613904,104,0.873865,712
469824,613904,104,0.872396,712
465960,613904,104,0.876229,712
464800,613904,104,0.877366,712
465720,613904,104,0.876456,712
466760,613904,104,0.875417,712
469856,613904,104,0.872315,712
469760,613904,105,0.872412,712
472152,613904,105,0.869899,712
471072,613904,106,0.871023,712
470296,613904,107,0.871819,712
472576,613904,107,0.869402,712
474256,613904,107,0.867547,712
477272,613904,106,0.864163,728
478368,613904,106,0.862841,728
478712,613904,106,0.862382,728
476216,613904,107,0.865253,728
479216,613904,107,0.861731,728
477344,613904,107,0.863971,728
477464,613904,107,0.863778,728
473632,613904,106,0.868154,728
476816,613904,106,0.864574,728
480632,613904,106,0.860031,728
478064,613904,105,0.826465,728
478376,613904,105,0.825933,728
477016,613904,105,0.827995,728
475008,613904,104,0.830986,728
477344,613904,104,0.827589,728
478176,613904,104,0.826300,728
476496,613904,105,0.828744,728
480224,613904,105,0.823151,728
480080,613904,106,0.823371,728
479736,613904,107,0.823906,720
480152,613904,107,0.823200,720
480768,613904,107,0.822179,720
478320,613904,107,0.825957,720
482288,613904,107,0.855189,720
479552,613904,107,0.858657,720
480504,613904,107,0.857430,720
477504,613904,108,0.861047,720
477160,613904,107,0.861562,720
478632,613904,107,0.859767,720
476312,613904,106,0.862600,720
477480,613904,106,0.861188,720
476784,613904,106,0.862055,720
477624,613904,105,0.861075,720
480152,613904,105,0.857982,720
479296,613904,104,0.859141,720
482352,613904,104,0.855291,720
481968,613904,104,0.855839,720
481376,613904,105,0.856584,720
482600,613904,105,0.854974,720
483936,613904,105,0.853181,720
483728,613904,106,0.853505,680
484656,613904,105,0.852241,712
483064,613904,105,0.854388,712
482144,613904,106,0.855566,712
480024,613904,107,0.858208,712
479672,613904,108,0.858637,712
481320,613904,107,0.856604,712
483424,613904,106,0.853901,728
480408,613904,107,0.857717,728
478056,613904,106,0.827025,728
475792,613904,107,0.830283,728
478808,613904,106,0.825915,728
476808,613904,106,0.828905,728
477096,613904,106,0.828421,728
473912,613904,105,0.833028,728
477888,613904,105,0.827341,728
480000,613904,105,0.824126,728
481152,613904,105,0.822287,728
483640,613904,105,0.818273,728
482808,613904,105,0.819686,728
484072,613904,105,0.817570,728
485456,613904,105,0.815204,728
483744,613904,105,0.818156,696
482272,613904,106,0.820511,696
485416,613904,105,0.815365,720
487632,613904,105,0.811502,720
487168,613904,105,0.812472,672
485784,613904,105,0.814909,672
482440,613904,106,0.820359,672
484728,613904,106,0.816586,672
486368,613904,106,0.813760,672
489104,613904,106,0.808903,672
486200,613904,106,0.814045,672
485400,613904,105,0.815552,672
487432,613904,105,0.812016,672
488520,613904,105,0.810028,672
484904,613904,106,0.816216,672
486848,613904,106,0.812858,672
486384,613904,107,0.813651,672
483280,613904,107,0.818866,672
485464,613904,107,0.815204,672
488600,613904,107,0.809716,672
486696,613904,107,0.813118,672
488488,613904,107,0.809914,672
485696,613904,107,0.814815,672
483664,613904,107,0.818247,672
482488,613904,106,0.820283,672
482912,613904,106,0.819533,672
481616,613904,107,0.821579,672
485512,613904,107,0.815204,672
488456,613904,107,0.810056,672
488432,613904,108,0.810141,648
486752,613904,109,0.813064,648
488920,613904,109,0.809189,648
492296,613904,109,0.802876,648
495744,613904,109,0.795984,648
492568,613904,109,0.802356,648
494712,613904,108,0.798100,680
494424,613904,107,0.798864,680
498072,613904,107,0.791257,680
497416,613904,108,0.792649,680
499984,613904,108,0.786985,680
496088,613904,109,0.795312,680
497088,613904,109,0.793137,680
496216,613904,110,0.794950,680
497184,613904,110,0.792835,680
496952,613904,111,0.793321,680
495312,613904,112,0.796699,680
493520,613904,112,0.800360,680
493784,613904,112,0.799749,680
496312,613904,112,0.794554,680
498352,613904,112,0.790141,680
496064,613904,113,0.794967,680
493784,613904,113,0.799654,680
491256,613904,113,0.804598,680
490104,613904,113,0.806818,680
491432,613904,113,0.804268,680
487872,613904,113,0.810817,680
487784,613904,114,0.810971,680
484704,613904,113,0.816375,680
486816,613904,113,0.812734,680
485672,613904,112,0.814842,680
489768,613904,112,0.807605,680
493680,613904,112,0.800141,680
494608,613904,112,0.798212,680
492656,613904,112,0.802126,680
494656,613904,112,0.798116,680
497216,613904,112,0.792767,680
496984,613904,113,0.793254,680
498072,613904,113,0.790846,680
496480,613904,113,0.794305,680
497592,613904,113,0.791871,680
496016,613904,114,0.795164,680
497464,613904,114,0.792040,680
497152,613904,115,0.792700,680
497544,613904,115,0.791769,680
493472,613904,114,0.800266,680
490984,613904,114,0.805105,680
493040,613904,114,0.801108,680
496016,613904,114,0.795065,680
492312,613904,114,0.802509,680
491296,613904,113,0.804613,680
494096,613904,113,0.799134,680
497656,613904,113,0.791735,680
496752,613904,113,0.793739,680
497296,613904,113,0.792497,680
495016,613904,114,0.797201,680
499000,613904,114,0.830489,680
498416,613904,115,0.831508,680
498880,613904,114,0.830699,680
502424,613904,114,0.862754,680
498512,613904,115,0.868289,680
500296,613904,115,0.865753,680
497024,613904,116,0.870215,680
498264,613904,116,0.868495,680
494232,613904,116,0.873795,680
497736,613904,116,0.869206,680
499856,613904,116,0.866237,680
497008,613904,116,0.870173,680
497504,613904,116,0.869451,680
494864,613904,117,0.872881,680
493632,613904,117,0.874479,680
491520,613904,117,0.877088,680
491784,613904,116,0.876718,728
493624,613904,116,0.874430,728
495432,613904,116,0.872097,728
495256,613904,115,0.872485,696
495816,613904,115,0.871706,696
493584,613904,116,0.874519,696
497136,613904,116,0.869919,696
493056,613904,117,0.875108,696
493376,613904,116,0.874716,696
490040,613904,116,0.878740,696
492984,613904,116,0.875195,696
490504,613904,117,0.878147,696
494128,613904,117,0.873725,696
490792,613904,117,0.877812,696
490472,613904,118,0.878185,696
490416,613904,118,0.878305,696
491232,613904,118,0.877295,696
494960,613904,118,0.872678,696
493872,613904,117,0.874163,696
496440,613904,117,0.870835,696
498904,613904,117,0.867469,696
496760,613904,117,0.870457,664
497040,613904,116,0.870036,704
496960,613904,116,0.870205,704
499032,613904,116,0.867348,704
498424,613904,116,0.868245,704
501360,613904,116,0.864062,704
497832,613904,116,0.869045,704
498784,613904,116,0.867688,704
497200,613904,116,0.869888,704
495064,613904,116,0.872749,680
495568,613904,116,0.872046,680
498272,613904,116,0.868419,680
494544,613904,116,0.873344,680
492800,613904,116,0.875555,680
491832,613904,116,0.876775,680
493632,613904,116,0.874538,680
492968,613904,115,0.875478,672
494144,613904,115,0.873974,672
491056,613904,114,0.877812,672
494296,613904,114,0.873845,672
495688,613904,114,0.872025,672
498848,613904,114,0.867776,672
498224,613904,114,0.868689,672
500288,613904,114,0.865776,672
498400,613904,114,0.868451,672
497160,613904,113,0.870236,672
499256,613904,113,0.867348,672
497088,613904,113,0.870331,672
499808,613904,113,0.866583,672
498192,613904,113,0.868862,672
494376,613904,112,0.873924,672
492664,613904,113,0.876067,632
495240,613904,113,0.872830,632
494576,613904,114,0.873685,616
498600,613904,114,0.868386,616
498968,613904,114,0.867820,616
497152,613904,115,0.870258,616
500656,613904,115,0.865402,616
502088,613904,115,0.863271,616
503312,613904,115,0.861384,616
501368,613904,116,0.864247,616
503632,613904,116,0.860828,616
502816,613904,116,0.862126,616
501720,613904,117,0.863737,616
503248,613904,117,0.861408,616
503048,613904,116,0.861851,616
506296,613904,116,0.886347,616
508832,613904,116,0.882956,616
506152,613904,115,0.886591,616
507360,613904,115,0.884975,616
506520,613904,116,0.886061,616
509152,613904,116,0.882522,616
505904,613904,117,0.886784,616
509176,613904,117,0.882424,616
507368,613904,117,0.884902,616
504728,613904,117,0.888311,616
501712,613904,118,0.891903,616
502464,613904,118,0.890973,616
501520,613904,117,0.892179,616
499912,613904,117,0.894046,616
500728,613904,117,0.893080,616
500704,613904,117,0.893161,616
496736,613904,117,0.897500,616
493008,613904,117,0.901270,616
494008,613904,117,0.900252,616
497640,613904,117,0.896504,616
494264,613904,117,0.900000,616
497928,613904,117,0.896199,616
501552,613904,117,0.892143,616
499512,613904,117,0.894487,616
500280,613904,117,0.893583,616
498456,613904,118,0.895583,616
500520,613904,117,0.893296,632
504208,613904,117,0.929868,632
503152,613904,117,0.930706,632
506200,613904,117,0.928303,632
509424,613904,116,0.925595,656
510304,613904,116,0.924784,656
507160,613904,116,0.927523,632
505824,613904,117,0.928603,632
503856,613904,117,0.930174,632
506016,613904,117,0.928450,632
507472,613904,117,0.927226,632
505584,613904,117,0.928794,632
501624,613904,118,0.931799,632
504160,613904,118,0.929868,632
507392,613904,118,0.927253,632
506200,613904,118,0.928264,632
509472,613904,118,0.925491,632
507080,613904,118,0.927549,632
505968,613904,118,0.928488,632
506088,613904,117,0.928354,680
509672,613904,117,0.925317,680
508856,613904,118,0.926036,664
509872,613904,118,0.925115,664
508536,613904,118,0.926308,664
506984,613904,117,0.927680,664
510304,613904,116,0.924819,712
513488,613904,116,0.921852,712
510256,613904,116,0.924861,712
510456,613904,115,0.924663,736
512968,613904,115,0.922323,736
509952,613904,116,0.925080,720
510344,613904,116,0.924692,720
506840,613904,115,0.921250,720
507656,613904,114,0.920503,736
505552,613904,114,0.922420,720
503984,613904,114,0.923790,720
506864,613904,114,0.921271,720
508552,613904,114,0.919698,720
507456,613904,113,0.920785,720
509440,613904,113,0.918914,720
505408,613904,113,0.922585,720
509048,613904,113,0.919282,720
506736,613904,113,0.921427,720
503464,613904,113,0.924260,720
505584,613904,113,0.922434,720
501600,613904,114,0.925724,720
505624,613904,114,0.928769,720
507040,613904,114,0.927589,720
505864,613904,114,0.928578,720
507208,613904,114,0.927451,720
506816,613904,115,0.927772,720
504816,613904,115,0.929403,720
508512,613904,115,0.926362,720
512568,613904,115,0.956333,720
510776,613904,116,0.957258,720
511712,613904,116,0.956755,720
509472,613904,116,0.957907,720
508248,613904,116,0.958521,720
512224,617928,116,0.958521,720
511832,617928,116,0.958729,720
509944,617928,116,0.959621,720
512504,617928,116,0.958410,720
513952,617928,116,0.957682,720
511888,617928,116,0.947373,720
508944,617928,116,0.949112,720
512688,617928,116,0.958322,720
510400,617928,116,0.959415,720
513088,617928,116,0.958129,720
512272,617928,117,0.958528,704
512664,617928,117,0.958318,704
515712,617928,117,0.956775,704
518064,617928,117,0.955499,704
517248,617928,118,0.955941,704
513784,617928,117,0.923673,704
511984,617928,117,0.925286,704
513392,617928,117,0.924021,704
510856,617928,117,0.926237,704
508080,617928,117,0.928515,704
511928,617928,117,0.958691,704
512752,617928,116,0.958295,712
515992,617928,115,0.956672,720
516096,617928,115,0.956593,720
513464,617928,116,0.957922,720
510064,617928,115,0.917345,720
511200,617928,115,0.916236,720
507104,617928,116,0.919951,720
508656,617928,116,0.918540,720
509160,617928,116,0.918042,720
508544,617928,117,0.918597,720
511984,617928,117,0.915346,720
510904,617928,117,0.916425,720
512296,617928,117,0.915042,720
509512,617928,116,0.917764,720
513496,617928,116,0.948099,720
510760,617928,117,0.949702,720
508688,617928,117,0.950878,720
510336,617928,117,0.949942,720
510576,617928,116,0.949806,720
507984,617928,116,0.951256,720
503936,617928,116,0.952090,720
505280,617928,115,0.951402,728
504440,617928,116,0.951832,728
504776,617928,116,0.951636,728
508224,617928,116,0.951097,728
505664,617928,116,0.944094,728
508168,617928,116,0.942529,728
505624,617928,117,0.944089,728
509320,617928,117,0.941762,728
508264,617928,117,0.942468,728
508656,617928,117,0.942189,728
504912,617928,117,0.944510,728
503984,617928,118,0.945069,696
506896,617928,118,0.943310,696
508136,617928,118,0.942509,696
504168,617928,118,0.944935,696
505024,617928,118,0.944407,696
501488,617928,119,0.946417,696
504896,617928,119,0.944454,696
504144,617928,118,0.944949,696
501096,617928,118,0.946683,696
503952,617928,118,0.945060,696
507848,617928,118,0.960451,696
504992,617928,118,0.955733,696
503544,617928,117,0.956446,696
501704,617928,116,0.955754,696
500912,617928,116,0.956130,696
498456,617928,115,0.929017,696
499008,617928,115,0.928594,696
500576,617928,115,0.927428,696
501224,617928,115,0.926915,696
501632,617928,114,0.926586,728
501512,617928,114,0.926712,728
503264,617928,114,0.925341,728
502888,617928,114,0.925668,728
506976,617928,114,0.953217,728
510480,617928,114,0.959353,728
508128,617928,114,0.960420,728
508400,617928,113,0.960288,760
507472,617928,114,0.960689,760
511168,621672,114,0.960689,760
509520,621672,115,0.961381,760
511216,621672,115,0.960648,760
508936,621672,115,0.961640,712
511696,621672,115,0.960462,712
509640,621672,116,0.961331,712
507072,621672,115,0.957994,712
509368,621672,115,0.956944,712
509520,621672,114,0.956871,720
505872,621672,113,0.934877,720
506816,621672,113,0.934207,720
503768,621672,113,0.936254,720
504120,621672,112,0.936028,720
500192,621672,111,0.938522,720
501192,621672,111,0.937892,720
497136,621672,111,0.939764,720
497768,621672,111,0.939376,720
495280,621672,110,0.940824,720
498592,621672,110,0.938927,720
496424,621672,111,0.940165,720
497424,621672,111,0.939572,720
496472,621672,110,0.940165,720
496200,621672,111,0.940334,688
499544,621672,111,0.938386,688
500472,621672,111,0.937801,688
496384,621672,112,0.940178,688
496104,621672,112,0.940383,648
496968,621672,112,0.939872,648
500216,621672,112,0.937951,648
499904,621672,112,0.938167,648
501472,621672,112,0.937186,648
500920,621672,113,0.937524,648
499976,621672,113,0.938124,648
497400,621672,113,0.939655,648
497936,621672,112,0.939339,664
498856,621672,112,0.938777,664
502552,621672,112,0.936503,664
498808,621672,112,0.938805,664
499040,621672,112,0.938641,664
495792,621672,112,0.940520,664
494096,621672,112,0.941469,664
495152,621672,111,0.940890,680
494208,621672,111,0.941426,680
497720,621672,111,0.939454,680
494320,621672,110,0.941392,680
497680,621672,110,0.939504,680
497328,621672,111,0.939705,680
500640,621672,111,0.937733,680
499832,621672,111,0.938248,680
501440,621672,111,0.937245,680
499632,621672,110,0.938395,680
500952,621672,110,0.937573,680
499624,621672,110,0.938400,680
501352,621672,110,0.937329,680
500720,621672,111,0.937714,680
500456,621672,112,0.937903,632
496768,621672,112,0.905094,632
497232,621672,111,0.904636,680
496120,621672,111,0.905666,680
500160,621672,111,0.901935,680
501176,621672,111,0.900915,680
504536,621672,110,0.897550,680
502480,621672,110,0.899683,680
498584,621672,110,0.903452,680
500224,621672,109,0.901905,696
502944,621672,109,0.899204,696
500424,621672,109,0.901714,696
502576,621672,109,0.899572,696
505640,621672,109,0.896377,696
505248,621672,108,0.896891,696
503000,621672,108,0.899245,696
505792,621672,108,0.896318,696
504224,621672,108,0.898004,696
507320,621672,108,0.894671,696
505904,621672,109,0.896199,696
505976,621672,109,0.896071,696
506200,621672,109,0.895780,696
503672,621672,110,0.898421,696
503776,621672,110,0.898266,696
500680,621672,110,0.901393,680
496760,621672,109,0.905101,680
497184,621672,109,0.904680,680
497232,621672,108,0.904636,680
496368,621672,108,0.905448,680
494976,621672,107,0.906742,680
495864,621672,107,0.905932,680
497712,621672,106,0.904262,712
494208,621672,106,0.907369,712
492352,621672,106,0.908954,712
488400,621672,106,0.903996,712
485176,621672,107,0.906625,688
481328,621672,107,0.909596,688
481224,621672,107,0.909708,688
482112,621672,106,0.909019,728
481016,621672,106,0.909866,728
479704,621672,105,0.910888,728
480496,621672,105,0.910281,728
483024,621672,105,0.908369,728
487008,621672,105,0.905205,728
486080,621672,106,0.905953,728
487344,621672,106,0.904893,728
484056,621672,106,0.907542,728
483736,621672,106,0.907844,704
481048,621672,105,0.909931,704
480008,621672,105,0.910721,704
483928,621672,105,0.907770,704
484968,621672,105,0.906927,704
483416,621672,105,0.908162,704
485616,621672,105,0.906417,704
489464,621672,105,0.903230,704
487128,621672,105,0.905205,704
490352,621672,105,0.910718,704
491544,621672,104,0.909758,720
494872,621672,104,0.906961,720
493552,621672,104,0.908115,720
493768,621672,104,0.907895,720
495448,621672,104,0.906425,720
495592,621672,104,0.906259,720
496400,621672,104,0.905511,720
496184,621672,105,0.905701,720
498544,621672,105,0.903540,720
495360,621672,105,0.906418,720
498440,621672,105,0.903636,720
495680,621672,104,0.906183,720
494888,621672,105,0.906866,720
496584,621672,105,0.905349,720
500240,621672,105,0.901958,720
499736,621672,105,0.902478,720
502256,621672,105,0.900008,720
498904,621672,105,0.903253,720
499992,621672,105,0.902192,720
499840,621672,106,0.902343,712
503448,621672,105,0.898810,728
499464,621672,106,0.902681,728
502320,621672,106,0.899889,728
498344,621672,106,0.903716,728
495648,621672,106,0.906162,728
498472,621672,106,0.903599,728
494912,621672,107,0.906756,728
497984,621672,107,0.904001,728
494008,621672,107,0.907525,728
492920,621672,107,0.908474,728
494312,621672,107,0.907268,728
495944,621672,107,0.905820,728
498904,621672,107,0.903112,728
495920,621672,107,0.905841,728
498056,621672,107,0.903891,728
497560,621672,107,0.904385,728
496560,621672,108,0.905278,728
498872,621672,108,0.903142,728
501504,621672,108,0.900596,728
500112,621672,108,0.901981,728
498584,621672,108,0.903452,728
498656,621672,108,0.903341,728
500240,621672,108,0.901813,728
496656,621672,108,0.905150,728
497744,621672,107,0.904153,752
494048,621672,106,0.907471,752
497536,621672,106,0.904385,752
497288,621672,107,0.904608,752
499560,621672,107,0.902478,752
496928,621672,107,0.904930,752
493416,621672,108,0.907962,752
494224,621672,108,0.907241,752
494656,621672,108,0.906831,752
491840,621672,109,0.909182,752
494864,621672,109,0.906612,752
494760,621672,109,0.906742,752
493064,621672,109,0.908215,752
494064,621672,109,0.907336,752
495208,621672,109,0.906315,752
491168,621672,109,0.909726,752
489048,621672,110,0.911399,752
492040,621672,110,0.908980,752
489840,621672,110,0.910781,752
485856,621672,110,0.913839,752
486552,621672,110,0.913290,752
488024,621672,110,0.912148,752
489136,621672,110,0.911256,752
485512,621672,110,0.914020,752
487064,621672,110,0.912837,752
484280,621672,110,0.914909,752
481144,621672,110,0.917125,752
481096,621672,111,0.917157,752
480872,621672,112,0.917308,752
482200,621672,112,0.916370,752
478312,621672,112,0.919000,752
479376,621672,112,0.918274,752
476856,621672,112,0.919932,752
475512,621672,111,0.920857,712
478520,621672,111,0.918922,712
482280,621672,111,0.916375,712
480216,621672,112,0.917786,696
480232,621672,111,0.917754,728
481008,621672,111,0.917200,728
479776,621672,112,0.918031,720
476816,621672,111,0.920008,720
478696,621672,111,0.918772,720
482176,621672,111,0.916408,720
478928,621672,111,0.918646,680
481384,621672,111,0.916978,680
484344,621672,110,0.914881,728
485528,621672,110,0.913991,728
484976,621672,110,0.914427,728
483632,621672,109,0.915454,728
487312,621672,109,0.912741,728
490952,621672,109,0.909880,728
488272,621672,109,0.912020,720
489000,621672,109,0.911423,720
487648,621672,109,0.912494,720
488800,621672,109,0.911578,720
488160,621672,108,0.912142,720
490064,621672,107,0.910636,760
488920,621672,107,0.911566,760
489376,621672,107,0.911175,760
487048,621672,107,0.912987,760
488696,621672,107,0.911701,760
486816,621672,107,0.913160,760
490352,621672,107,0.910409,760
489888,621672,108,0.910812,712
489528,621672,108,0.911131,712
488440,621672,109,0.911989,688
490304,621672,109,0.910504,688
490704,621672,109,0.910148,688
492608,621672,109,0.908566,688
491992,621672,109,0.909110,688
494568,621672,109,0.906920,688
493160,621672,108,0.908188,688
494344,621672,108,0.907152,688
493192,621672,109,0.908122,688
493760,621672,109,0.907606,688
490816,621672,109,0.910059,688
494400,621672,109,0.907064,688
491240,621672,110,0.909681,688
487608,621672,110,0.912548,688
487992,621672,110,0.912221,688
491640,621672,110,0.909319,688
487584,621672,111,0.912494,688
489584,621672,110,0.910950,696
485960,621672,110,0.913733,696
484712,621672,110,0.914674,696
485920,621672,110,0.913763,696
485944,621672,110,0.913710,696
482984,621672,111,0.915864,648
484288,621672,111,0.914909,648
483048,621672,112,0.915797,632
484208,621672,111,0.914944,680
483016,621672,111,0.915831,664
485232,621672,111,0.914218,664
484464,621672,110,0.914841,664
483608,621672,110,0.915483,664
485352,621672,110,0.914201,664
481992,621672,110,0.916606,664
483424,621672,110,0.915578,664
485960,621672,110,0.913721,664
484232,621672,109,0.915041,664
484008,621672,109,0.915268,616
480312,621672,109,0.917839,616
478192,621672,110,0.919227,616
480232,621672,110,0.917861,616
482008,621672,110,0.916628,616
484640,621672,110,0.914749,616
481784,621672,111,0.916749,616
482368,621672,111,0.916314,616
483352,621672,111,0.915595,616
480432,621672,111,0.917631,616
480736,621672,111,0.917395,616
477416,621672,112,0.919571,616
475728,621672,113,0.920634,616
472240,621672,113,0.922772,616
475936,621672,113,0.920504,616
476552,621672,113,0.920088,616
476160,621672,114,0.920335,616
478000,621672,114,0.919135,616
477592,621672,114,0.919448,584
474272,621672,114,0.921577,536
476496,621672,114,0.920174,536
474200,621672,114,0.921621,536
473160,621672,113,0.922303,536
474904,621672,113,0.921221,536
476536,621672,113,0.920179,536
476888,621672,112,0.919932,576
477760,621672,112,0.919346,576
475192,621672,112,0.920990,576
476464,621672,112,0.920169,576
472440,621672,111,0.922678,576
471200,621672,111,0.923430,576
470040,621672,112,0.924123,528
472416,621672,112,0.922720,528
476456,621672,111,0.920234,576
478896,621672,111,0.918641,576
475768,621672,111,0.920664,576
475984,621672,110,0.920524,584
472320,621672,109,0.906349,584
476232,621672,109,0.903437,584
473856,621672,109,0.905240,584
477064,621672,109,0.902801,584
476176,621672,108,0.903552,584
479176,621672,108,0.901189,584
477544,621672,108,0.902506,584
477256,621672,107,0.902801,584
476912,621672,107,0.903102,584
480352,621672,107,0.900363,584
484104,621672,107,0.915257,584
484656,621672,106,0.914858,592
480616,621672,107,0.917685,544
480264,621672,107,0.917951,544
481400,621672,107,0.917157,544
484264,621672,107,0.915137,544
481440,621672,107,0.917130,544
483304,621672,107,0.915814,544
480472,621672,107,0.917781,544
477472,621672,107,0.919764,544
479512,621672,107,0.918416,544
479592,621672,106,0.918358,552
477832,621672,106,0.919530,552
479568,621672,106,0.918374,552
478584,621672,106,0.919047,552
478880,621672,105,0.918855,552
476696,621672,105,0.920279,552
478744,621672,105,0.918943,552
475104,621672,104,0.921295,552
478648,621672,104,0.919036,552
475568,621672,105,0.920980,552
475752,621672,105,0.920837,552
474720,621672,105,0.921499,552
473952,621672,106,0.921964,552
475648,621672,106,0.920901,552
473512,621672,107,0.922198,552
473792,621672,107,0.922002,552
472576,621672,107,0.922753,552
468656,621672,106,0.925047,552
468864,621672,106,0.924905,552
465416,621672,105,0.917701,552
469248,621672,105,0.915330,552
470096,621672,105,0.914763,552
470272,621672,105,0.914620,552
467912,621672,105,0.916132,552
469624,621672,105,0.915032,552
467160,621672,105,0.916594,552
470960,621672,105,0.914177,552
468456,621672,105,0.915795,552
471424,621672,105,0.913876,552
468544,621672,105,0.915740,552
470352,621672,105,0.914568,552
468704,621672,105,0.915641,552
468352,621672,106,0.915885,512
468088,621672,107,0.916048,512
468520,621672,107,0.915750,512
471328,621672,107,0.913934,512
474312,621672,107,0.911917,512
472560,621672,108,0.913094,512
475216,621672,108,0.911265,512
473000,621672,109,0.912769,512
469352,621672,109,0.915168,512
467784,621672,110,0.916147,512
469064,621672,109,0.915320,560
468176,621672,109,0.915929,520
470240,621672,109,0.914599,520
472440,621672,108,0.913157,536
474696,621672,108,0.911606,536
472832,621672,107,0.912929,536
472960,621672,106,0.912844,536
471112,621672,107,0.914079,504
472584,621672,107,0.913083,504
472248,621672,108,0.913305,504
474456,621672,108,0.911792,504
472984,621672,109,0.912785,504
474952,621672,109,0.911419,504
474032,621672,109,0.912080,504
471432,621672,109,0.913840,504
470880,621672,110,0.914203,496
469456,621672,111,0.915113,496
469936,621672,111,0.914778,496
471832,621672,111,0.913521,496
472544,621672,111,0.913020,496
474288,621672,110,0.911847,496
470560,621672,110,0.914348,496
470632,621672,109,0.914286,520
470336,621672,108,0.914538,520
471880,621672,108,0.913505,520
470288,621672,107,0.914599,520
472648,621672,107,0.913030,520
472088,621672,108,0.913400,520
470376,621672,108,0.914543,520
474216,621672,108,0.911977,520
471584,621672,108,0.913762,520
472088,621672,108,0.913400,520
470088,621672,109,0.914701,512
466848,621672,110,0.916725,504
470856,621672,110,0.914182,504
474344,621672,110,0.911836,504
475712,621672,110,0.910860,504
475032,621672,110,0.911386,472
478296,621672,110,0.909044,472
476552,621672,109,0.910360,472
480080,621672,109,0.907767,472
478776,621672,109,0.908765,472
479856,621672,109,0.907934,472
477984,621672,109,0.909340,472
480232,621672,109,0.907653,472
478680,621672,110,0.908800,472
480288,621672,110,0.907576,472
479904,621672,111,0.907862,472
481064,621672,111,0.906954,472
478784,621672,111,0.908689,472
478664,621672,112,0.908812,424
479344,621672,111,0.908283,464
478344,621672,110,0.909085,464
480992,621672,110,0.907087,464
479936,621672,111,0.907892,448
483448,621672,111,0.915679,448
479688,621672,111,0.918269,448
482472,621672,111,0.916359,448
480776,621672,111,0.917545,448
480408,621672,111,0.917823,448
478440,621672,111,0.919145,448
479296,621672,111,0.918558,448
479120,621672,111,0.918704,448
476984,621672,111,0.920103,448
477168,621672,111,0.919957,448
479672,621672,111,0.918311,448
481768,621672,111,0.916874,448
481560,621672,111,0.917049,448
483328,621672,111,0.915797,448
480232,621672,111,0.917940,448
481312,621672,111,0.917184,448
483192,621672,110,0.915892,448
483176,621672,111,0.915926,416
485128,621672,111,0.914507,416
484368,621672,111,0.915086,416
480672,621672,112,0.917636,416
481104,621672,111,0.917335,432
478568,621672,111,0.919042,432
477216,621672,111,0.919937,432
473672,621672,110,0.916523,432
475360,621672,110,0.915396,432
477096,621672,110,0.914205,432
480864,621672,110,0.911541,432
483392,621672,110,0.909647,432
480152,621672,110,0.912050,432
479960,621672,111,0.912187,432
483464,621672,111,0.909593,432
481312,621672,111,0.911217,432
485176,621672,111,0.908287,432
485584,621672,110,0.907964,440
483944,621672,110,0.909273,424
481560,621672,110,0.911089,408
481792,621672,110,0.910885,408
482192,621672,110,0.910557,408
485120,621672,110,0.908312,408
481856,621672,111,0.910768,408
480984,621672,111,0.911437,408
481224,621672,111,0.911229,408
477552,621672,111,0.913846,408
479312,621672,111,0.912593,408
481152,621672,111,0.911246,408
480672,621672,111,0.911627,408
480256,621672,111,0.911959,408
482600,621672,111,0.910220,408
486176,621672,111,0.907450,408
484496,621672,112,0.908755,408
485000,621672,111,0.908343,440
483936,621672,112,0.909158,440
485128,621672,112,0.908207,440
482064,621672,113,0.910521,440
484480,621672,113,0.908669,440
480784,621672,112,0.911489,440
478256,621672,113,0.913274,440
479840,621672,112,0.912164,440
477032,621672,112,0.914145,440
478608,621672,112,0.913030,440
482016,621672,112,0.910557,440
481512,621672,112,0.910961,440
481272,621672,112,0.911171,440
480840,621672,113,0.911483,440
477264,621672,113,0.914020,440
473784,621672,113,0.916354,440
471472,621672,114,0.917816,440
473240,621672,114,0.916672,440
476560,621672,113,0.914491,448
477280,621672,113,0.913971,448
475080,621672,112,0.915506,448
471248,621672,113,0.917950,448
473120,621672,113,0.916743,448
473928,621672,113,0.916194,448
477448,621672,113,0.913824,448
479512,621672,113,0.912357,448
477312,621672,113,0.913927,432
474328,621672,113,0.915945,432
473904,621672,114,0.916220,432
475480,621672,114,0.915158,432
472408,621672,114,0.917175,432
474248,621672,114,0.915966,432
474216,621672,115,0.915987,432
472744,621672,116,0.916932,432
474768,621672,116,0.915595,432
478776,621672,116,0.912851,432
478512,621672,116,0.913069,432
480232,621672,116,0.911822,432
479512,621672,116,0.912368,432
480176,621672,116,0.911862,432
481840,621672,116,0.910622,432
480192,621672,116,0.911851,432
478448,621672,117,0.913080,432
477624,621672,118,0.913654,424
476608,621672,118,0.914378,424
477688,621672,118,0.913610,424
477464,621672,119,0.913791,384
478512,621672,119,0.913035,384
478984,621672,119,0.912672,384
481864,621672,119,0.910569,384
479824,621672,118,0.912113,384
476480,621672,119,0.914426,384
472728,621672,119,0.916911,384
472864,621672,118,0.916804,416
470352,621672,118,0.918403,416
471152,621672,117,0.917890,448
472120,621672,117,0.917255,448
469240,621672,117,0.919059,448
472632,621672,117,0.916932,448
471552,621672,117,0.917641,448
475256,621672,117,0.915232,448
479000,621672,117,0.912649,448
481872,621672,117,0.910551,448
482704,621672,117,0.909899,448
484984,621672,117,0.908126,448
484048,621672,117,0.908884,448
488120,621672,117,0.905625,448
487816,621672,118,0.905873,448
490288,621672,118,0.903774,448
489048,621672,119,0.904819,448
488384,621672,119,0.905408,448
491456,621672,119,0.902769,448
492016,621672,118,0.902272,456
490792,621672,118,0.903377,456
492328,621672,118,0.901998,456
492088,621672,118,0.902251,456
488584,621672,117,0.905316,456
491120,621672,117,0.903136,456
492576,621672,117,0.901821,456
489600,621672,117,0.904430,456
486048,621672,117,0.907362,456
488160,621672,117,0.905625,456
492016,621672,117,0.902315,456
489520,621672,117,0.904498,456
491904,621672,117,0.902413,456
490032,621672,118,0.904025,456
491864,621672,117,0.902413,496
491464,621672,117,0.902804,496
492656,621672,116,0.901714,544
492072,621672,116,0.902272,544
494392,621672,116,0.900147,544
493312,621672,116,0.901171,544
494552,621672,116,0.900000,544
490528,621672,116,0.903610,544
486520,621672,117,0.906918,544
488184,621672,116,0.905546,576
490672,621672,116,0.903418,576
486688,621672,116,0.906758,576
489424,621672,116,0.904477,576
487400,621672,116,0.906185,576
488016,621672,116,0.905645,576
487448,621672,117,0.906108,576
491312,621672,117,0.902824,576
490632,621672,118,0.903446,536
489936,621672,119,0.904039,536
487728,621672,120,0.905873,536
486384,621672,120,0.907001,528
486512,621672,120,0.906860,528
489296,621672,120,0.904544,528
491608,621672,120,0.902525,528
491184,621672,121,0.902894,528
494376,621672,121,0.900000,528
496512,621672,121,0.897950,528
495400,621672,120,0.899094,528
499072,621672,120,0.895486,528
495368,621672,120,0.899124,528
496840,621672,120,0.897681,528
495408,621672,121,0.899042,528
499064,621672,121,0.895445,528
497880,621672,121,0.896670,528
498216,621672,121,0.896291,528
496000,621672,120,0.898529,528
498608,621672,120,0.895950,528
497472,621672,119,0.897162,528
498752,621672,119,0.895854,528
495072,621672,120,0.899400,528
495872,621672,120,0.898605,528
493752,621672,120,0.900614,528
491336,621672,120,0.902804,528
490952,621672,120,0.903178,528
490144,621672,121,0.903869,528
493056,621672,121,0.901286,528
493704,621672,121,0.900658,528
493856,621672,121,0.900476,528
496024,621672,121,0.898415,528
493488,621672,121,0.900810,528
489952,621672,122,0.903910,528
493032,621672,122,0.901178,528
491952,621672,121,0.902223,528
493208,621672,121,0.901063,528
489688,621672,121,0.904174,528
493440,621672,121,0.900854,528
493704,621672,121,0.900571,528
491656,621672,121,0.902441,528
495464,621672,121,0.905785,528
494272,621672,122,0.906859,480
495400,621672,122,0.905841,480
494544,621672,123,0.906584,480
495560,621672,123,0.905659,480
492112,621672,123,0.908632,480
496128,621672,123,0.905158,480
495040,621672,123,0.906155,480
491552,621672,123,0.909130,480
494920,621672,123,0.906259,480
494416,621672,124,0.906694,480
498104,621672,124,0.903371,480
499816,621672,124,0.901722,480
498128,621672,124,0.903349,480
496464,621672,125,0.904887,448
497680,621672,125,0.903745,448
498280,621672,125,0.903149,448
496216,621672,124,0.905108,448
499768,621672,124,0.901798,448
497944,621672,125,0.903503,448
494176,621672,125,0.906886,448
492936,621672,124,0.908015,448
491800,621672,125,0.908954,448
494840,621672,125,0.906356,448
494824,621672,125,0.906412,448
493560,621672,124,0.907572,448
495112,621672,124,0.906204,448
491920,621672,125,0.908895,448
490528,621672,125,0.910059,448
490056,621672,124,0.910510,448
490776,621672,124,0.909899,448
486912,621672,124,0.912927,448
488752,621672,124,0.911491,448
487752,621672,125,0.912258,448
488792,621672,125,0.911423,448
492176,621672,125,0.908685,448
490336,621672,125,0.910212,448
488752,621672,125,0.911491,448
486640,621672,125,0.913130,448
489880,621672,125,0.910611,448
489608,621672,125,0.910863,448
493016,621672,125,0.908068,448
496984,621672,125,0.926506,448
497672,621672,124,0.926016,464
494888,621672,124,0.927949,464
498808,621672,124,0.925211,464
501264,621672,124,0.923373,464
497904,621672,123,0.925887,464
493992,621672,124,0.928540,464
494064,621672,123,0.928467,504
490512,621672,123,0.930751,504
487272,621672,123,0.932713,504
487880,621672,123,0.932330,504
489672,621672,123,0.931234,504
487960,621672,123,0.932283,504
484320,621672,122,0.934409,504
480776,621672,121,0.936355,504
480392,621672,120,0.936603,504
478624,621672,120,0.937524,504
474880,621672,119,0.914358,504
478064,621672,118,0.912182,512
480328,621672,118,0.910536,512
476920,621672,118,0.912975,512
476848,621672,118,0.913057,512
472984,621672,118,0.915657,512
474960,621672,118,0.914332,512
476112,621672,117,0.913559,512
474656,621672,117,0.914565,512
470960,621672,116,0.917003,512
474336,621672,116,0.914808,512
472080,621672,117,0.916267,512
469088,621672,117,0.918155,512
470400,621672,117,0.917321,512
471400,621672,116,0.916697,512
470584,621672,116,0.917237,512
466520,621672,116,0.919714,512
468704,621672,116,0.918388,512
469472,621672,116,0.917892,512
469712,621672,116,0.917716,512
466992,621672,116,0.919380,512
467448,621672,115,0.919111,512
471248,621672,115,0.916762,512
471320,621672,115,0.916687,512
475384,621672,115,0.914017,512
479160,621672,115,0.911375,512
475648,621672,115,0.913839,512
476296,621672,115,0.913369,512
473536,621672,115,0.915238,512
474104,621672,115,0.914834,512
477600,621672,115,0.912439,512
480840,621672,115,0.910093,512
483160,621672,115,0.908323,512
483848,621672,114,0.907765,552
487088,621672,114,0.905158,552
491000,621672,113,0.901858,552
490224,621672,114,0.902530,552
493336,621672,114,0.899731,552
491888,621672,114,0.901076,552
488088,621672,115,0.904336,552
487848,621672,115,0.904574,552
485392,621672,114,0.906635,552
481552,621672,114,0.909609,552
479672,621672,114,0.911015,552
478960,621672,113,0.911591,552
479320,621672,113,0.911301,552
482984,621672,113,0.908573,552
479328,621672,114,0.911261,552
482008,621672,114,0.909270,552
478952,621672,114,0.911529,552
475840,621672,113,0.913748,552
477224,621672,113,0.912771,552
480144,621672,112,0.910675,600
480536,621672,111,0.910361,640
478800,621672,111,0.911642,640
482448,621672,111,0.908947,640
486080,621672,111,0.906095,640
488272,621672,111,0.904269,640
491248,621672,111,0.901690,640
493872,621672,111,0.899292,640
491248,621672,111,0.901690,640
494792,621672,111,0.898439,640
491768,621672,110,0.901274,640
488264,621672,110,0.904316,640
492240,621672,110,0.900856,640
493488,621672,110,0.899687,640
491840,621672,110,0.901211,640
494560,621672,110,0.898700,640
492392,621672,110,0.900720,640
491008,621672,110,0.901983,640
492720,621672,110,0.900426,640
494032,621672,110,0.899189,640
493200,621672,109,0.900036,640
491888,621672,109,0.901253,640
491328,621672,110,0.901753,632
495408,621672,110,0.898003,632
491664,621672,111,0.901415,632
489928,621672,111,0.902962,632
487424,621672,112,0.905054,632
488128,621672,112,0.904435,632
491960,621672,112,0.901112,632
494104,621672,112,0.899130,632
492224,621672,112,0.900877,632
491536,621672,112,0.901563,592
493984,621672,112,0.899321,592
492888,621672,112,0.900361,592
494152,621672,111,0.899196,608
494304,621672,110,0.899019,648
490608,621672,111,0.902344,624
488496,621672,110,0.904216,624
485968,621672,111,0.906273,624
485000,621672,111,0.907075,624
486056,621672,111,0.906203,624
488712,621672,111,0.903996,624
491048,621672,111,0.901962,624
493872,621672,111,0.899394,624
491608,621672,111,0.901472,624
495272,621672,111,0.898093,624
495832,621672,110,0.897556,632
498152,621672,110,0.895253,632
497816,621672,110,0.895633,632
501360,621672,110,0.891962,632
498352,621672,109,0.895149,632
501536,621672,109,0.891826,632
501184,621672,110,0.892198,632
500232,621672,110,0.893241,632
502536,621672,110,0.890755,632
502864,621672,110,0.890347,632
501864,621672,110,0.891477,632
503632,621672,110,0.889503,632
503088,621672,110,0.890155,632
505832,621672,110,0.887014,632
504072,621672,109,0.889121,632
507192,621672,109,0.885475,632
506952,621672,110,0.885797,600
510320,621672,110,0.881611,600
506520,621672,110,0.846649,600
506792,621672,109,0.846217,600
504928,621672,109,0.849197,600
504464,621672,109,0.849976,600
502744,621672,109,0.852603,600
500912,621672,110,0.855287,560
504576,621672,110,0.849867,560
508216,621672,110,0.882713,560
509984,621672,110,0.880438,560
513808,621672,110,0.912989,560
510280,621672,110,0.916324,560
514352,621672,110,0.912459,560
511864,621672,110,0.914879,560
513824,621672,110,0.912974,560
511984,621672,110,0.914767,560
513240,621672,110,0.913536,560
512872,621672,110,0.913933,560
513176,621672,110,0.913598,560
509104,621672,109,0.899721,560
509384,621672,109,0.899372,560
506592,621672,109,0.902316,560
504688,621672,109,0.904281,520
503760,621672,110,0.905170,520
501440,621672,110,0.907364,520
498952,621672,110,0.909604,520
499608,621672,110,0.908993,520
503544,621672,110,0.905374,520
501968,621672,110,0.906884,520
502016,621672,110,0.906796,520
502680,621672,110,0.906139,520
503736,621672,110,0.905101,520
504312,621672,110,0.904505,520
503296,621672,110,0.905517,520
504296,621672,110,0.904520,520
503592,621672,109,0.905283,520
504312,621672,109,0.904551,520
501488,621672,109,0.907233,520
504128,621672,109,0.904727,520
503072,621672,109,0.905773,520
503104,621672,108,0.905743,520
501976,621672,107,0.906876,520
499416,621672,107,0.909202,520
498600,621672,107,0.909948,520
501536,621672,107,0.907321,520
505200,621672,107,0.903831,520
508376,621672,107,0.918114,520
508096,621672,108,0.918354,520
507288,621672,108,0.919078,520
505680,621672,108,0.920443,520
507856,621672,108,0.918599,520
504944,621672,108,0.921036,520
502848,621672,107,0.922748,520
503088,621672,106,0.922534,560
504528,621672,106,0.921373,560
504712,621672,106,0.921189,560
506352,621672,106,0.919823,560
502856,621672,106,0.922638,560
501664,621672,106,0.923577,560
501688,621672,105,0.923553,568
497720,621672,105,0.893210,568
499016,621672,105,0.891840,568
495368,621672,104,0.895571,568
492720,621672,104,0.898102,568
492880,621672,103,0.897955,568
490008,621672,104,0.900527,568
490984,621672,104,0.899625,568
492480,621672,104,0.898233,568
495288,621672,104,0.895555,568
493504,621672,104,0.897289,568
496440,621672,104,0.894435,568
496368,621672,105,0.894529,544
492536,621672,105,0.898204,544
491208,621672,106,0.899404,544
494080,621672,106,0.896728,544
496768,621672,106,0.894088,544
500408,621672,106,0.890308,544
500144,621672,106,0.890638,544
501688,621672,106,0.888932,544
501544,621672,106,0.889141,544
504144,621672,106,0.886194,544
500832,621672,106,0.889908,544
503736,621672,106,0.886658,544
501296,621672,106,0.889409,544
500840,621672,107,0.889899,544
504920,621672,107,0.885300,544
504736,621672,107,0.885569,544
506408,621672,107,0.883547,544
508400,621672,107,0.881054,544
508152,621672,107,0.881423,544
511888,621672,106,0.876579,560
509696,621672,106,0.879517,560
511152,621672,106,0.877560,560
507768,621672,106,0.881936,560
507408,621672,106,0.882436,560
511040,621672,106,0.877771,560
511496,621672,105,0.877103,608
510616,621672,105,0.878327,608
512000,621672,105,0.876428,608
509664,621672,104,0.879619,608
507856,621672,104,0.881946,608
503792,621672,103,0.886848,608
500520,621672,103,0.890478,608
503424,621672,103,0.887262,608
500032,621672,104,0.890941,608
502984,621672,104,0.887700,608
503424,621672,103,0.887191,624
506520,621672,103,0.883547,624
510192,621672,103,0.878920,624
507096,621672,103,0.882854,624
507216,621672,103,0.882650,624
505960,621672,104,0.884156,624
509896,621672,104,0.879240,624
507856,621672,103,0.881927,624
508888,621672,103,0.880583,624
508592,621672,103,0.881014,624
512024,621672,103,0.876503,624
508952,621672,103,0.880563,624
512744,621672,103,0.875527,624
511728,621672,104,0.876900,624
510064,621672,104,0.879147,624
508160,621672,103,0.881670,624
510808,621672,103,0.878244,624
513744,621672,103,0.874212,624
517448,621672,103,0.868748,624
513640,621672,104,0.874290,624
514248,621672,104,0.873369,624
510560,621672,103,0.878505,624
506856,621672,102,0.858296,624
505648,621672,102,0.860106,624
506816,621672,102,0.858355,624
506904,621672,101,0.858179,656
507128,621672,101,0.857781,656
504856,621672,100,0.861178,656
508768,621672,100,0.855401,656
505448,621672,101,0.860288,648
508040,621672,101,0.856439,648
507352,621672,102,0.857486,632
505360,621672,102,0.860435,632
508248,621672,102,0.856151,632
511176,621672,102,0.851532,632
508640,621672,102,0.855559,632
506168,621672,103,0.859213,632
505984,621672,104,0.859477,632
507808,621672,104,0.856738,632
509704,621672,104,0.853779,632
511816,621672,104,0.850344,632
508176,621672,105,0.856043,632
509848,621672,105,0.853405,632
509232,621672,105,0.854435,632
513032,621672,105,0.848258,632
511864,621672,105,0.850266,632
513456,621672,105,0.847545,632
509440,621672,106,0.854039,632
512024,621672,106,0.849847,632
509072,621672,106,0.854607,632
506264,621672,106,0.858866,632
503328,621672,106,0.863057,632
503432,621672,105,0.862872,664
506720,621672,104,0.858214,672
508488,621672,104,0.855511,672
506896,621672,104,0.857957,672
507960,621672,104,0.856307,672
505568,621672,104,0.859878,672
501960,621672,104,0.864929,656
498296,621672,104,0.869677,656
500552,621672,104,0.866770,656
503344,621672,104,0.863003,656
504536,621672,104,0.861290,656
502256,621672,103,0.864535,656
503744,621672,103,0.862455,656
501096,621672,103,0.866064,656
504928,621672,103,0.860808,656
502224,621672,103,0.864578,656
499048,621672,104,0.868682,656
502296,621672,104,0.864417,656
504952,621672,104,0.860706,656
504816,621672,105,0.860943,624
502072,621672,105,0.864759,624
498664,621672,105,0.869202,624
497088,621672,105,0.871190,624
499896,621672,105,0.867652,624
501920,621672,105,0.864960,624
500856,621672,105,0.866418,624
503736,621672,105,0.862510,624
502936,621672,106,0.863644,592
499104,621672,106,0.868692,592
501312,621672,106,0.865803,592
500608,621672,107,0.866718,592
503960,621672,107,0.862179,592
505040,621672,107,0.860605,592
507248,621672,107,0.857344,592
508312,621672,107,0.855680,592
508208,621672,108,0.855886,560
505752,621672,108,0.859569,560
502816,621672,108,0.863719,560
503616,621672,107,0.862587,592
503272,621672,108,0.863057,592
499536,621672,109,0.867987,576
502928,621672,109,0.863481,576
500616,621672,109,0.866605,576
498664,621672,108,0.869202,576
501040,621672,108,0.866117,576
505048,621672,108,0.860616,576
506384,621672,108,0.858634,576
509176,621672,108,0.854385,576
512456,621672,107,0.849110,600
508912,621672,107,0.854828,600
510264,621672,107,0.852651,600
506832,621672,107,0.857945,600
505800,621672,107,0.859512,600
506928,621672,107,0.857804,600
504360,621672,107,0.861547,600
507800,621672,107,0.856511,600
510856,621672,107,0.851711,600
508136,621672,108,0.855934,600
507136,621672,109,0.857427,600
506600,621672,109,0.858308,584
503720,621672,109,0.862455,584
503480,621672,109,0.862905,544
503984,621672,109,0.862146,544
503960,621672,110,0.862179,544
502960,621672,110,0.863611,544
499168,621672,110,0.868612,544
496960,621672,110,0.871383,544
500016,621672,110,0.867539,544
501272,621672,109,0.865918,544
505064,621672,109,0.860706,544
504912,621672,108,0.861055,544
507856,621672,108,0.856726,544
504944,621672,107,0.861077,544
508024,621672,107,0.856547,544
504168,621672,106,0.862224,544
500160,621672,105,0.867662,544
496184,621672,104,0.872649,544
499760,621672,104,0.868230,544
503456,621672,104,0.863329,544
505328,621672,104,0.860672,544
505520,621672,104,0.860333,544
506528,621672,104,0.858820,544
504144,621672,103,0.862323,544
508144,621672,103,0.856511,544
506560,621672,102,0.858982,544
505840,621672,102,0.860083,544
509320,621672,102,0.854877,544
508992,621672,102,0.855450,544
509752,621672,102,0.854213,544
510336,621672,102,0.853230,544
510720,621672,101,0.852563,584
512624,621672,101,0.849413,584
508984,621672,102,0.855182,584
511088,621672,102,0.851826,584
508992,621672,102,0.855170,584
512704,621672,102,0.849202,584
511096,621672,102,0.851890,584
514712,621672,101,0.845851,608
517696,621672,101,0.840430,608
515248,621672,101,0.844919,608
511880,621672,101,0.850669,608
513736,621672,101,0.847518,608
514288,621672,101,0.846497,608
513440,621672,102,0.847936,608
513632,621672,101,0.847599,616
511472,621672,101,0.851237,616
515384,621672,101,0.844583,616
511728,621672,102,0.850746,616
508416,621672,102,0.855995,616
510024,621672,102,0.853455,616
507232,621672,102,0.857757,616
509376,621672,102,0.854459,616
511080,621672,102,0.851711,616
510360,621672,101,0.853004,616
514128,621672,101,0.846757,616
513552,621672,102,0.847734,616
510944,621672,102,0.852081,616
508352,621672,102,0.856163,616
504440,621672,102,0.861881,616
505112,621672,102,0.860875,616
505360,621672,102,0.860458,616
505168,621672,103,0.860740,608
508848,621672,103,0.855280,608
508824,621672,104,0.855328,600
512648,621672,104,0.891626,600
509208,621672,103,0.895670,600
505856,621672,103,0.899283,600
508200,621672,103,0.896768,600
511248,621672,103,0.893320,600
511592,621672,103,0.892866,600
508320,621672,104,0.896534,600
508864,621672,103,0.895907,632
512416,621672,103,0.891807,632
512264,621672,104,0.892034,592
515984,621672,104,0.887401,592
514704,621672,104,0.889078,592
516664,621672,104,0.886522,592
513272,621672,104,0.890832,592
517280,621672,104,0.932594,592
515536,621672,104,0.933961,592
513288,621672,104,0.935635,592
515832,621672,104,0.933739,592
516032,621672,104,0.933552,592
515872,621672,105,0.933673,592
516248,621672,105,0.933352,592
514072,621672,105,0.935004,592
514368,621672,105,0.934753,592
511128,621672,105,0.937068,592
507944,621672,105,0.939189,592
508880,621672,105,0.938559,592
511072,621672,105,0.937074,592
507792,621672,106,0.939240,568
510544,621672,106,0.937414,568
508936,621672,106,0.938507,568
507664,621672,106,0.939351,568
505344,621672,106,0.940809,568
506712,621672,106,0.939946,568
505584,621672,106,0.940664,568
508672,621672,106,0.938709,568
512408,621672,106,0.936170,568
516456,621672,106,0.957100,568
513400,621672,106,0.958573,568
510864,621672,105,0.904610,568
511312,621672,105,0.904099,568
513336,621672,105,0.901902,568
512480,621672,105,0.902873,568
515120,621672,105,0.899928,568
511208,621672,105,0.904207,568
514680,621672,105,0.900422,568
512336,621672,105,0.903026,568
511256,621672,106,0.904157,568
507776,621672,106,0.907676,568
507856,621672,106,0.907553,568
508768,621672,106,0.906618,568
512800,621672,106,0.902428,568
510944,621672,106,0.904430,568
512112,621672,106,0.903161,568
509472,621672,106,0.905921,568
507576,621672,105,0.907867,568
505200,621672,106,0.910086,568
506984,621672,106,0.908385,568
507584,621672,106,0.907768,568
504528,621672,106,0.910651,568
500792,621672,106,0.913931,568
499256,621672,106,0.915234,568
499552,621672,106,0.914954,568
501392,621672,106,0.913386,568
500952,621672,107,0.913770,552
504552,621672,107,0.910601,552
508600,621672,107,0.906752,552
512136,621672,107,0.903102,552
512064,621672,108,0.903178,552
514904,621672,108,0.900027,552
511352,621672,109,0.903874,552
510784,621672,109,0.904512,552
512216,621672,109,0.902966,552
515152,621672,109,0.899692,552
511712,621672,110,0.903448,552
507712,621672,110,0.907522,552
504336,621672,110,0.910709,552
502224,621672,110,0.912608,552
501576,621672,109,0.913244,552
501072,621672,109,0.913710,552
504200,621672,109,0.910959,552
504920,621672,109,0.910268,552
508040,621672,109,0.907298,552
506200,621672,110,0.909046,552
508992,621672,110,0.906319,552
509616,621672,110,0.905649,552
511712,621672,110,0.903448,552
511464,621672,111,0.903708,552
515352,621672,111,0.944036,552
517720,621672,111,0.942460,552
517376,621672,110,0.942754,552
518928,621672,109,0.941688,576
515296,621672,109,0.944117,576
517048,621672,108,0.942976,592
514392,621672,108,0.944703,592
516016,621672,107,0.943653,632
514680,621672,107,0.944529,632
512080,621672,107,0.946132,632
513576,621672,106,0.945229,648
514912,621672,106,0.944374,648
510880,621672,106,0.931908,648
514120,621672,106,0.929408,648
510352,621672,106,0.932293,648
513056,621672,106,0.930237,648
510872,621672,107,0.931879,648
512336,621672,107,0.930750,648
512120,621672,108,0.930914,648
509144,621672,108,0.933125,648
506272,621672,108,0.935129,648
509680,621672,108,0.932743,648
513144,621672,108,0.930132,648
516872,621672,108,0.943055,648
516440,621672,107,0.943410,632
514664,621672,107,0.944569,632
516504,621672,107,0.943369,632
512800,621672,106,0.895778,632
516608,621672,106,0.935434,632
516968,621672,106,0.935130,632
516768,621672,106,0.935333,608
515000,621672,107,0.936621,608
512896,621672,106,0.938154,608
516688,621672,106,0.943327,608
516408,621672,105,0.943571,608
513768,621672,105,0.945253,608
514784,621672,105,0.944599,608
515904,621672,105,0.943863,608
513696,621672,105,0.945267,608
511928,621672,105,0.946348,608
510720,621672,106,0.947043,608
508824,621672,105,0.948151,608
507192,621672,106,0.949025,608
504400,621672,105,0.911753,608
507400,621672,105,0.908971,608
508896,621672,105,0.907493,608
510504,621672,105,0.905854,608
512784,621672,105,0.903449,608
512832,621672,105,0.903348,608
510808,621672,104,0.905547,608
510360,621672,105,0.905999,608
512184,621672,105,0.904081,608
514408,621672,105,0.901645,608
513240,621672,106,0.902913,608
513776,621672,105,0.902292,648
512304,621672,106,0.903863,648
510808,621672,106,0.905458,648
512344,621672,106,0.903821,648
513288,621672,106,0.902767,648
512664,621672,106,0.903483,648
515752,621672,106,0.935666,648
518560,621672,106,0.942055,648
514624,621672,107,0.944614,648
517400,621672,107,0.942802,648
520936,621672,107,0.940323,648
522928,621672,107,0.938814,648
521496,621672,108,0.939881,648
524912,621672,108,0.937233,648
521824,621672,109,0.939605,648
518920,621672,109,0.935947,648
516216,621672,109,0.937963,648
517512,621672,109,0.936995,648
515888,621672,110,0.938189,608
518480,621672,110,0.936272,608
514720,621672,110,0.939001,608
516416,621672,109,0.937804,624
517520,621672,109,0.936971,624
515696,621672,110,0.938279,624
513392,621672,110,0.939888,624
509384,621672,111,0.942445,624
510792,621672,111,0.941542,624
513200,621672,111,0.939952,624
512192,621672,111,0.940646,624
510520,621672,112,0.941713,624
509256,621672,113,0.942503,608
508000,621672,113,0.943287,608
505408,621672,113,0.944811,608
502168,621672,113,0.946597,608
506256,621672,113,0.944330,608
504560,621672,114,0.945292,592
508056,621672,114,0.948368,592
508664,621672,114,0.948011,592
511688,621672,114,0.946273,592
508504,621672,115,0.948077,584
505720,621672,114,0.949604,584
502056,621672,113,0.943601,584
505136,621672,113,0.941811,584
508904,621672,113,0.939468,584
511088,621672,113,0.938008,584
513656,621672,113,0.936204,584
516208,621672,113,0.934305,584
514776,621672,113,0.935400,584
514704,621672,113,0.935516,544
516848,621672,113,0.933887,544
519152,621672,113,0.932044,544
516464,621672,113,0.934178,544
519392,621672,113,0.931851,544
516488,621672,113,0.934160,544
517936,621672,113,0.933009,544
520128,621672,113,0.931210,544
519152,621672,112,0.932083,544
519808,621672,112,0.931512,544
522352,621672,112,0.939182,544
525160,621672,112,0.936964,544
524888,621672,112,0.937220,544
526712,621672,112,0.935689,544
522824,621672,111,0.839873,544
521520,621672,111,0.842510,544
522432,621672,111,0.840647,544
522032,621672,112,0.841429,544
525808,621672,112,0.882837,544
529864,621672,112,0.932065,544
528864,621672,111,0.933062,544
532024,621672,111,0.949418,544
529216,621672,111,0.951361,544
528984,621672,111,0.951544,544
527528,621672,111,0.952501,544
529392,621672,111,0.951277,544
530056,621672,111,0.950805,544
528720,621672,112,0.951684,544
532448,625448,112,0.951684,544
531848,625448,111,0.952129,544
534048,625448,111,0.950660,544
537848,629296,111,0.950660,544
534640,629296,111,0.952341,544
532232,629296,111,0.924759,544
529480,629296,111,0.927335,544
527336,629296,112,0.929191,544
527112,629296,113,0.929379,544
529896,629296,113,0.926920,544
526608,629296,112,0.929846,536
529264,629296,112,0.927533,536
530896,629296,112,0.926018,536
530360,629296,113,0.926545,496
530232,629296,113,0.926704,496
532232,629296,112,0.924843,504
535120,629296,112,0.921946,504
536616,629296,112,0.920330,504
536912,629296,111,0.919996,520
535376,629296,111,0.921666,520
535288,629296,112,0.921789,488
536928,629296,111,0.920030,520
538128,629296,111,0.918664,520
534352,629296,112,0.922661,520
536008,629296,111,0.920932,544
534552,629296,112,0.922434,544
533592,629296,112,0.923442,544
537352,629296,112,0.948857,544
536752,629296,111,0.949334,544
533152,629296,111,0.938395,544
530344,629296,111,0.940567,544
533232,629296,111,0.938332,544
532504,629296,112,0.938902,544
530304,629296,112,0.940596,544
532048,629296,112,0.939253,544
529744,629296,112,0.941004,544
530688,629296,112,0.940278,544
531320,629296,112,0.939770,544
534864,629296,112,0.950555,544
534928,629296,112,0.950483,544
533632,629296,112,0.951340,544
530088,629296,113,0.953465,544
533040,629296,113,0.951679,544
535056,629296,113,0.950368,544
535224,629296,112,0.950237,576
539192,633312,112,0.950237,576
536264,633312,113,0.952086,576
540152,637248,113,0.952086,576
538016,637248,113,0.953378,576
537936,637248,114,0.953424,576
538928,637248,114,0.952819,576
538632,637248,115,0.952993,576
541064,637248,115,0.951495,576
539768,637248,115,0.952318,576
542656,637248,115,0.950483,576
544672,637248,115,0.949105,576
540976,637248,115,0.948778,576
541824,637248,114,0.948188,616
541152,637248,113,0.948699,616
541728,637248,112,0.948317,616
538632,637248,113,0.950309,616
540912,637248,113,0.948826,616
537968,637248,112,0.950745,616
535104,637248,112,0.946355,616
535576,637248,112,0.946021,616
539224,637248,112,0.943519,616
538176,637248,112,0.944285,616
536392,637248,113,0.945488,616
536760,637248,113,0.945212,616
539720,637248,113,0.943131,616
536056,637248,113,0.922424,616
537280,637248,113,0.921215,616
535096,637248,114,0.923268,616
535240,637248,114,0.923092,616
534248,637248,114,0.924036,616
533672,637248,115,0.924550,616
534992,637248,115,0.923319,616
536784,637248,115,0.921599,616
534824,637248,116,0.923429,616
535944,637248,115,0.922379,632
532864,637248,116,0.925161,632
535520,637248,116,0.922729,632
532360,637248,116,0.925597,632
536240,637248,116,0.939409,632
534416,637248,116,0.940753,632
536944,637248,116,0.938887,632
536648,637248,115,0.939179,632
537896,637248,115,0.938204,632
535896,637248,116,0.939701,624
532008,637248,117,0.942402,624
535344,637248,117,0.940065,624
534880,637248,117,0.940431,624
538168,637248,117,0.951762,624
536720,637248,117,0.952641,624
533104,637248,117,0.937611,600
535448,637248,117,0.935821,600
539288,637248,117,0.951097,600
542904,637248,116,0.948767,600
542360,637248,116,0.949184,568
543712,637248,116,0.948237,568
539920,637248,115,0.919494,568
542832,637248,115,0.948869,568
538984,637248,115,0.944956,568
536056,637248,116,0.946901,568
536664,637248,116,0.946477,568
540680,637248,116,0.950246,568
537840,637248,115,0.952047,568
537464,637248,116,0.952269,568
539048,637248,116,0.951293,568
539640,637248,116,0.950899,568
537544,637248,115,0.952222,568
537600,637248,114,0.952175,592
535376,637248,114,0.953475,592
539192,637248,114,0.957342,592
536384,637248,114,0.956880,592
537752,637248,114,0.956127,592
535736,637248,114,0.957216,592
538472,637248,113,0.955752,608
535104,637248,113,0.921786,608
532192,637248,113,0.924452,608
533496,637248,113,0.923257,608
536304,637248,113,0.920604,608
535240,637248,112,0.921703,608
538824,637248,112,0.918156,608
536848,637248,112,0.920171,608
540320,637248,112,0.957689,608
536784,637248,112,0.954475,608
536880,637248,111,0.954408,632
534224,637248,110,0.949288,632
538216,637248,110,0.953682,632
534392,637248,110,0.937004,632
535144,637248,110,0.936404,632
533320,637248,109,0.937826,632
533672,637248,108,0.937553,656
530592,637248,108,0.939758,656
527048,637248,108,0.942106,656
525728,637248,108,0.942952,656
527368,637248,108,0.941904,656
526248,637248,109,0.942604,656
528416,637248,109,0.941202,656
530648,637248,109,0.939687,656
526656,637248,109,0.942321,656
527728,637248,109,0.941614,656
527176,637248,109,0.941995,656
531040,637248,109,0.939419,656
534320,637248,109,0.937040,656
532712,637248,109,0.938246,656
535832,637248,109,0.935896,656
532744,637248,110,0.938189,656
533488,637248,110,0.937617,656
532688,637248,110,0.938252,624
536784,637248,110,0.935142,624
535432,637248,111,0.936191,624
538824,637248,111,0.933453,624
535744,637248,111,0.935952,624
539400,637248,111,0.932972,624
537560,637248,111,0.934524,624
539928,637248,111,0.932524,624
537000,637248,112,0.934933,624
537592,637248,112,0.934421,624
534584,637248,112,0.936795,624
538296,637248,112,0.933849,624
538248,637248,112,0.933928,624
534664,637248,112,0.924637,624
535400,637248,112,0.923931,624
535320,637248,111,0.924098,616
535248,637248,112,0.924163,616
532328,637248,112,0.926796,568
535696,637248,112,0.936068,568
532472,637248,112,0.932946,568
531088,637248,112,0.934035,568
532976,637248,112,0.932554,568
532472,637248,113,0.932971,536
529032,637248,114,0.935527,536
528984,637248,114,0.935595,536
531408,637248,114,0.933783,536
534224,637248,114,0.931551,536
535920,637248,114,0.930116,536
539216,637248,114,0.933200,536
535544,637248,115,0.936136,536
537072,637248,115,0.934908,536
540680,637248,115,0.931869,536
536840,637248,115,0.887797,536
536952,637248,115,0.887578,536
533560,637248,115,0.892102,536
530624,637248,114,0.895798,536
534608,637248,114,0.938547,536
536064,637248,114,0.937434,536
536096,637248,113,0.937379,576
538264,637248,113,0.935660,576
536240,637248,112,0.937307,576
537248,637248,112,0.936497,576
533448,637248,112,0.939351,576
536632,637248,112,0.936972,576
533344,637248,113,0.939391,576
533432,637248,113,0.939295,576
530096,637248,113,0.941605,576
529728,637248,113,0.941877,576
529752,637248,112,0.941862,576
529560,637248,111,0.942048,576
531632,637248,111,0.940644,576
529760,637248,112,0.941888,576
527176,637248,111,0.943580,576
528560,637248,110,0.942693,616
530424,637248,110,0.941458,616
530944,637248,109,0.941102,632
526960,637248,108,0.863822,632
527328,637248,108,0.863205,632
524784,637248,109,0.866893,632
524568,637248,109,0.867275,624
523816,637248,109,0.868388,624
525360,637248,109,0.866155,624
526776,637248,109,0.864034,624
528592,637248,109,0.861234,624
524840,637248,108,0.866893,624
522976,637248,108,0.869536,624
522384,637248,108,0.870398,624
523792,637248,108,0.868421,624
526472,637248,108,0.864550,624
525208,637248,108,0.866440,624
524360,637248,109,0.867689,584
522720,637248,109,0.870044,552
522336,637248,109,0.870675,512
524816,637248,108,0.867264,528
528128,637248,108,0.862377,528
529624,637248,108,0.860009,528
531936,637248,108,0.856227,528
533624,637248,108,0.853312,528
533016,637248,108,0.854427,528
530944,637248,108,0.857919,528
531448,637248,108,0.857026,528
532696,637248,108,0.854885,528
532576,637248,107,0.855246,528
529392,637248,107,0.860444,528
531176,637248,107,0.857545,528
528456,637248,108,0.861808,528
529720,637248,108,0.859784,528
531616,637248,108,0.856673,528
528728,637248,108,0.861320,528
531472,637248,108,0.856908,528
527712,637248,109,0.862786,528
530016,637248,109,0.859168,528
529928,637248,109,0.859382,528
532680,637248,109,0.854831,528
529552,637248,110,0.859896,528
528888,637248,110,0.861000,528
532320,637248,109,0.855499,536
533752,637248,109,0.852996,536
529744,637248,110,0.859583,536
532368,637248,110,0.855260,536
532256,637248,111,0.855446,536
533440,637248,110,0.853408,560
529440,637248,111,0.859946,560
531888,637248,111,0.855937,560
528096,637248,111,0.862014,560
529776,637248,111,0.859344,560
528592,637248,112,0.861222,536
529152,637248,112,0.860283,536
528544,637248,112,0.861295,536
531424,637248,112,0.856660,536
530816,637248,112,0.857725,536
532296,637248,112,0.855219,536
530400,637248,112,0.858393,536
531992,637248,112,0.855725,536
531624,637248,112,0.856411,536
530440,637248,112,0.858405,536
533448,637248,112,0.853353,536
529536,637248,113,0.859759,536
530216,637248,113,0.858610,536
533744,637248,113,0.852679,536
532672,637248,112,0.854670,536
534256,637248,112,0.851873,536
531376,637248,112,0.856817,536
534648,637248,112,0.851185,536
531176,637248,112,0.857143,536
534040,637248,112,0.852249,536
531088,637248,111,0.857363,536
530696,637248,111,0.858137,496
533456,637248,111,0.853490,496
535344,637248,111,0.850105,496
532224,637248,111,0.855566,496
535624,637248,111,0.890890,496
532600,637248,112,0.894703,496
533800,637248,112,0.893162,496
532864,637248,111,0.894439,496
530128,637248,112,0.897701,480
527008,637248,112,0.901214,480
527856,637248,111,0.900245,528
528040,637248,111,0.899991,528
529544,637248,111,0.898258,528
528240,637248,110,0.899824,528
531784,637248,110,0.895706,528
529160,637248,110,0.898801,528
528312,637248,111,0.899798,480
528968,637248,111,0.899016,480
526288,637248,111,0.901979,480
528008,637248,111,0.900079,480
527360,637248,111,0.900836,480
528304,637248,111,0.899754,480
531576,637248,111,0.895953,480
528776,637248,111,0.899230,480
530272,637248,111,0.897480,480
527536,637248,111,0.900593,480
530752,637248,111,0.896923,480
530096,637248,112,0.897682,480
527528,637248,112,0.900602,480
529176,637248,112,0.898729,480
530304,637248,112,0.897387,480
529832,637248,112,0.897985,480
527544,637248,112,0.900585,480
526128,637248,112,0.902148,480
527800,637248,112,0.900306,480
530440,637248,112,0.897286,480
534248,637248,112,0.938060,480
530632,637248,112,0.914415,480
530688,637248,112,0.914314,480
529144,637248,112,0.915830,480
528376,637248,112,0.916586,480
532256,637248,112,0.912815,480
534472,637248,112,0.910483,480
530416,637248,112,0.914623,480
533912,637248,112,0.911071,480
530416,637248,112,0.914623,480
533136,637248,112,0.911874,480
532616,637248,113,0.912420,464
535832,637248,113,0.908986,464
535624,637248,112,0.909317,464
534128,637248,112,0.910963,464
536664,637248,111,0.908219,472
537160,637248,110,0.907619,512
533336,637248,110,0.908244,512
529288,637248,110,0.912421,512
527808,637248,110,0.913884,512
525440,637248,111,0.916056,512
528312,637248,111,0.913361,512
529968,637248,111,0.911707,512
531840,637248,111,0.909765,512
532216,637248,111,0.909325,512
530256,637248,111,0.911373,512
527272,637248,111,0.914296,512
528584,637248,111,0.913009,512
529704,637248,110,0.911904,528
527480,637248,110,0.914086,528
529848,637248,110,0.911762,528
528416,637248,111,0.913155,528
530624,637248,111,0.910940,528
527088,637248,111,0.914407,528
530440,637248,110,0.911125,576
528096,637248,111,0.913414,576
531864,637248,111,0.909625,576
529416,637248,111,0.912171,544
525752,637248,111,0.915661,544
522168,637248,110,0.918857,544
520376,637248,109,0.920404,544
516408,637248,110,0.923471,544
516992,637248,110,0.922999,544
519576,637248,110,0.920966,544
522056,637248,110,0.918910,544
524152,637248,110,0.917081,544
525624,637248,110,0.915733,544
523832,637248,109,0.917400,544
526600,637248,109,0.914888,544
523944,637248,110,0.917262,544
520144,637248,110,0.920475,544
523872,637248,110,0.917324,544
526424,637248,110,0.915006,544
523672,637248,110,0.917497,544
525136,637248,110,0.916170,544
524552,637248,110,0.916730,544
526656,637248,110,0.914792,544
525744,637248,109,0.915711,544
527408,637248,109,0.914139,544
527032,637248,109,0.914534,544
530152,637248,109,0.911492,544
529096,637248,110,0.912530,544
525232,637248,109,0.916213,544
528560,637248,109,0.913093,544
524984,637248,108,0.916476,544
520896,637248,108,0.919984,544
521824,637248,108,0.919183,544
520568,637248,109,0.920211,544
518680,637248,110,0.921707,544
520288,637248,110,0.920398,544
520920,637248,110,0.919847,544
517920,637248,110,0.922257,544
521528,637248,110,0.919348,544
520216,637248,111,0.920417,544
519568,637248,111,0.920972,544
518952,637248,111,0.921495,544
522792,637248,111,0.918332,544
521544,637248,110,0.919454,544
524232,637248,110,0.917136,544
520312,637248,109,0.803535,544
523872,637248,109,0.796113,544
522520,637248,109,0.799059,544
519656,637248,109,0.804921,544
519864,637248,109,0.804419,544
517280,637248,109,0.809457,544
520784,637248,109,0.802595,544
518232,637248,109,0.807665,544
518616,637248,109,0.806841,544
520368,637248,109,0.803329,544
522448,637248,109,0.799009,544
522152,637248,110,0.799654,528
522808,637248,110,0.798193,528
521280,637248,111,0.801339,528
524472,637248,111,0.794547,528
524880,637248,111,0.793554,528
527160,637248,111,0.788329,528
525960,637248,111,0.791163,528
523480,637248,112,0.796573,528
525128,637248,112,0.792904,528
521880,637248,112,0.799918,528
518040,637248,112,0.807604,528
516456,637248,113,0.810569,528
518768,637248,113,0.806118,528
517176,637248,113,0.809233,528
513464,637248,113,0.816010,528
509816,637248,114,0.822141,528
512312,637248,114,0.817910,528
511928,637248,114,0.818642,528
514912,637248,114,0.813372,528
511496,637248,114,0.819369,528
508168,637248,115,0.824779,528
508448,637248,114,0.824285,560
511864,637248,114,0.818615,560
515856,637248,114,0.811522,560
517096,637248,114,0.809143,560
513856,637248,114,0.815102,560
515744,637248,113,0.811668,592
515968,637248,113,0.811171,592
518176,637248,113,0.806948,592
518496,637248,113,0.806241,592
522168,637248,113,0.837232,592
521016,637248,113,0.839226,592
521648,637248,113,0.838102,592
520280,637248,113,0.840425,592
519560,637248,113,0.841657,592
521352,637248,112,0.838686,632
524104,637248,112,0.833924,632
520672,637248,113,0.839736,624
524664,637248,113,0.875732,624
522128,637248,114,0.878998,616
525088,637248,114,0.875117,616
524680,637248,114,0.875732,608
526720,637248,114,0.872917,608
524880,637248,115,0.875404,608
522448,637248,115,0.878607,608
525704,637248,115,0.874302,608
528080,637248,115,0.870945,608
526472,637248,115,0.873258,608
529736,637248,115,0.905720,608
526336,637248,115,0.909232,608
528416,637248,115,0.907096,608
524624,637248,115,0.910881,608
521864,637248,115,0.913459,608
522584,637248,115,0.912769,608
524104,637248,115,0.911325,608
524080,637248,115,0.911392,608
523848,637248,116,0.911609,608
525928,637248,116,0.909584,608
525424,637248,116,0.910118,608
527616,637248,116,0.907911,608
524144,637248,116,0.911333,608
524872,637248,116,0.910600,608
528704,637248,116,0.906750,608
525888,637248,116,0.909623,608
529272,637248,116,0.906158,608
526488,637248,117,0.908988,608
523080,637248,116,0.912317,608
525512,637248,116,0.909987,608
526528,637248,115,0.908957,648
523160,637248,115,0.912207,648
527128,637248,115,0.908361,648
524768,637248,116,0.910661,648
526288,637248,116,0.909146,648
526256,637248,117,0.909177,648
524488,637248,117,0.910926,648
528312,637248,116,0.907154,656
527904,637248,116,0.907619,656
529080,637248,116,0.906359,656
526144,637248,116,0.909373,656
523104,637248,116,0.912295,656
521984,637248,117,0.913323,640
522096,637248,116,0.913223,640
520624,637248,116,0.914565,640
523312,637248,116,0.912119,640
523472,637248,116,0.911928,640
527272,637248,116,0.908225,640
527336,637248,115,0.908145,656
524568,637248,115,0.910889,656
523624,637248,115,0.911817,656
524336,637248,115,0.911107,656
526992,637248,115,0.908489,656
525328,637248,116,0.910118,656
521800,637248,115,0.913473,656
523144,637248,114,0.912237,680
519368,637248,113,0.915649,680
520720,637248,113,0.914446,680
521816,637248,113,0.913438,680
519096,637248,114,0.915798,680
521208,637248,114,0.913934,680
518656,637248,115,0.916127,680
517008,637248,115,0.917524,680
515104,637248,116,0.919038,680
517040,637248,116,0.917459,680
519576,637248,116,0.915309,680
518400,637248,116,0.916341,680
516256,637248,116,0.918129,680
519904,637248,116,0.915069,680
521360,637248,116,0.913758,680
521744,637248,116,0.913373,680
517776,637248,116,0.906124,680
521520,637248,116,0.913573,680
521064,637248,116,0.914019,680
521608,637248,115,0.913516,704
518800,637248,116,0.915946,704
517112,637248,116,0.917381,704
520168,637248,116,0.914780,704
517976,637248,116,0.916673,704
519208,637248,116,0.915602,704
519968,637248,116,0.914911,704
516312,637248,115,0.918026,704
519144,637248,115,0.915656,704
518200,637248,115,0.916488,704
514848,637248,116,0.919218,656
517296,637248,116,0.917232,656
518184,637248,116,0.916461,656
517832,637248,117,0.916772,632
520232,637248,117,0.914703,632
517696,637248,117,0.916884,632
518888,637248,117,0.915852,632
517344,637248,117,0.917173,632
517312,637248,117,0.917271,592
518296,637248,117,0.916421,592
522312,637248,117,0.912899,592
518488,637248,117,0.916268,584
522072,637248,117,0.913123,584
519296,637248,118,0.915547,584
516800,637248,118,0.917654,584
519512,637248,118,0.915364,584
521264,637248,118,0.913800,584
520768,637248,119,0.914272,544
517712,637248,119,0.916904,544
518248,637248,118,0.916461,544
517240,637248,117,0.917368,544
519384,637248,117,0.915547,544
521840,637248,117,0.913366,544
519528,637248,117,0.909787,544
519144,637248,117,0.910177,544
521080,637248,117,0.908354,544
517584,637248,117,0.911560,544
520840,637248,117,0.908579,544
520968,637248,116,0.908437,568
518888,637248,115,0.910429,568
520560,637248,114,0.908869,608
519064,637248,115,0.910249,592
515072,637248,116,0.913700,592
518264,637248,116,0.916488,592
519432,637248,116,0.915466,592
517936,637248,116,0.916759,592
516408,637248,116,0.918039,592
512600,637248,117,0.920975,592
515736,637248,117,0.918535,592
519448,637248,117,0.915452,592
520816,637248,117,0.914230,592
520096,637248,117,0.914897,592
518392,637248,118,0.916341,592
519392,637248,118,0.915459,592
516712,637248,117,0.917757,592
516760,637248,117,0.917679,592
514768,637248,116,0.919330,592
515696,637248,116,0.918567,592
517584,637248,116,0.917009,592
513976,637248,115,0.919939,592
512664,637248,114,0.920999,592
515224,637248,114,0.919013,592
511968,637248,114,0.921513,592
508088,637248,113,0.917910,592
504832,637248,113,0.920283,592
501112,637248,113,0.922827,592
497840,637248,113,0.924937,592
500104,637248,113,0.923480,592
503264,637248,113,0.921362,592
500784,637248,114,0.923020,576
504432,637248,114,0.920539,576
502560,637248,114,0.921847,576
498816,637248,115,0.924279,576
496624,637248,114,0.925692,576
497264,637248,113,0.925292,592
500016,637248,113,0.923537,592
498384,637248,114,0.924570,592
497280,637248,114,0.925282,592
495728,637248,115,0.926235,568
494288,637248,116,0.927085,568
494576,637248,116,0.926889,568
496032,637248,116,0.925996,568
494840,637248,116,0.926734,568
491720,637248,117,0.928527,568
488320,637248,116,0.898064,568
489768,637248,116,0.896886,568
487624,637248,116,0.898603,568
489192,637248,115,0.897374,576
487472,637248,115,0.898750,576
483800,637248,115,0.901528,576
479984,637248,114,0.904289,576
480832,637248,114,0.903671,576
479568,637248,115,0.904541,576
477120,637248,115,0.906215,576
478312,637248,115,0.905391,576
478560,637248,115,0.905192,576
476864,637248,115,0.906352,576
473096,637248,115,0.882726,576
471856,637248,114,0.883786,576
469408,637248,115,0.885681,576
469296,637248,116,0.885766,576
470144,637248,116,0.885081,576
470352,637248,115,0.884908,592
470376,637248,115,0.884853,592
467688,637248,115,0.886928,592
468280,637248,114,0.886485,592
469008,637248,114,0.885900,592
469776,637248,114,0.885277,592
471224,637248,114,0.884119,592
472664,637248,114,0.882943,592
475216,637248,113,0.880851,616
473752,637248,113,0.882088,616
476816,637248,113,0.879513,616
478752,637248,113,0.877811,616
479888,637248,113,0.876773,616
481688,637248,113,0.875116,616
484656,637248,113,0.872315,616
482448,637248,113,0.874422,616
485720,637248,113,0.871297,616
486632,637248,113,0.870364,616
490024,637248,113,0.866906,616
491040,637248,113,0.865800,616
489400,637248,113,0.867547,616
490800,637248,113,0.866051,616
491448,637248,112,0.865362,624
489792,637248,112,0.867162,600
492120,637248,112,0.864674,600
489464,637248,112,0.867498,600
492880,637248,112,0.863858,600
492200,637248,113,0.864589,600
491352,637248,113,0.865539,600
491736,637248,113,0.865082,600
492800,637248,113,0.863893,600
491152,637248,112,0.865749,600
494928,637248,111,0.861655,608
492560,637248,111,0.864297,608
493984,637248,111,0.862700,608
492048,637248,111,0.864844,608
491888,637248,111,0.865065,608
491256,637248,111,0.865783,608
493240,637248,111,0.863616,608
494320,637248,111,0.862383,608
495248,637248,111,0.861298,608
494488,637248,112,0.862144,608
496680,637248,112,0.859619,608
495560,637248,113,0.860911,592
498624,637248,113,0.857314,592
498336,637248,113,0.857711,592
501544,637248,113,0.853765,592
499216,637248,113,0.856666,592
498560,637248,114,0.857447,592
500560,637248,114,0.854980,592
496544,637248,113,0.859848,592
495072,637248,113,0.861566,592
491048,637248,114,0.865917,592
490984,637248,115,0.866001,576
489888,637248,115,0.867187,576
486696,637248,115,0.870434,576
485928,637248,115,0.871227,576
484088,637248,114,0.873070,576
481896,637248,115,0.875095,576
485528,637248,115,0.871658,576
484872,637248,115,0.872330,576
488936,637248,115,0.868303,576
485208,637248,115,0.872010,576
484080,637248,115,0.873123,576
486672,637248,115,0.870598,576
485000,637248,115,0.872254,576
482600,637248,114,0.874584,576
481840,637248,114,0.875320,576
484488,637248,114,0.872830,576
482816,637248,114,0.874429,576
482720,637248,114,0.874584,552
479736,637248,113,0.877343,552
480448,637248,113,0.876674,552
483496,637248,113,0.873869,552
487528,637248,113,0.869971,552
490688,637248,113,0.866733,552
488432,637248,112,0.869122,552
485680,637248,112,0.871858,552
481880,637248,112,0.875435,552
484864,637248,112,0.872633,552
488064,637248,112,0.869489,552
489024,637248,112,0.868481,552
485560,637248,112,0.871926,552
487160,637248,112,0.870332,552
488416,637248,112,0.869043,552
491680,637248,112,0.865648,552
491048,637248,113,0.866309,552
494456,637248,113,0.862612,552
491184,637248,113,0.866168,552
495144,637248,113,0.861851,552
491928,637248,114,0.865336,552
489272,637248,115,0.868085,552
487752,637248,114,0.869702,552
490144,637248,114,0.867244,552
490792,637248,114,0.866526,552
490064,637248,114,0.867326,552
493712,637248,114,0.863425,552
492304,637248,113,0.865040,552
491576,637248,114,0.865808,552
490328,637248,114,0.867154,552
489616,637248,114,0.867930,552
493680,637248,114,0.863616,552
491448,637248,114,0.866042,552
490640,637248,114,0.866931,552
494528,637248,114,0.862744,552
494280,637248,114,0.863068,552
495800,637248,114,0.861334,552
497520,637248,114,0.859325,552
501184,637248,114,0.886282,552
504888,637248,114,0.897431,552
507456,637248,114,0.895034,552
511272,637248,114,0.891282,552
512440,637248,114,0.890045,552
513440,637248,114,0.888956,552
515768,637248,114,0.886406,552
511936,637248,114,0.890512,552
513904,637248,114,0.888416,552
517280,637248,114,0.884667,552
515016,637248,113,0.887277,552
512872,637248,113,0.889599,552
515392,637248,113,0.886869,552
512872,637248,113,0.889599,552
514088,637248,113,0.888272,552
512872,637248,113,0.889599,552
511416,637248,112,0.891185,552
509528,637248,113,0.893055,552
507160,637248,112,0.895400,552
508632,637248,112,0.893966,552
511800,637248,112,0.890797,552
515040,637248,112,0.887355,552
517656,637248,112,0.884404,552
520792,637248,112,0.880666,552
522808,637248,112,0.878112,552
523064,637248,112,0.877726,552
519792,637248,113,0.881752,552
523456,637248,113,0.877164,552
521112,637248,113,0.880160,552
520568,637248,113,0.880908,528
521824,637248,113,0.879313,528
517888,637248,113,0.884057,528
514648,637248,113,0.887700,528
515320,637248,113,0.886922,528
512864,637248,113,0.889582,528
515344,637248,113,0.886896,528
516080,637248,113,0.886036,528
519008,637248,113,0.882649,528
520088,637248,113,0.881312,528
519784,637248,114,0.881675,528
521352,637248,114,0.879718,528
517720,637248,114,0.884084,528
515704,637248,114,0.886397,528
513064,637248,114,0.889274,528
513784,637248,114,0.888467,528
514416,637248,114,0.887743,528
517056,637248,114,0.884784,528
514840,637248,113,0.887338,528
516000,637248,113,0.886018,528
518424,637248,113,0.883218,528
521304,637248,113,0.879718,528
517896,637248,113,0.883828,528
518888,637248,113,0.882621,528
517144,637248,113,0.884685,528
520048,637248,113,0.881245,528
519104,637248,113,0.882424,528
522480,637248,113,0.878253,528
521496,637248,113,0.879541,528
525416,637248,113,0.874434,528
522672,637248,112,0.878132,528
519712,637248,112,0.881818,528
521184,637248,112,0.879984,528
523848,637248,112,0.876565,528
522920,637248,112,0.877818,528
518824,637248,111,0.882920,528
518640,637248,111,0.883190,528
519952,637248,111,0.881590,528
519320,637248,111,0.882395,528
518680,637248,112,0.883162,512
521480,637248,112,0.879758,512
517600,637248,112,0.884404,512
520936,637248,112,0.880423,512
519072,637248,113,0.882649,512
522272,637248,113,0.878715,512
520616,637248,114,0.880753,512
519168,637248,113,0.882593,512
522904,637248,113,0.877980,512
522232,637248,112,0.878945,512
520184,637248,112,0.881504,512
516552,637248,113,0.885690,512
512744,637248,113,0.889822,512
515776,637248,113,0.886546,512
515520,637248,113,0.886878,512
519464,637248,113,0.882358,512
516904,637248,113,0.885351,512
518064,637248,113,0.883984,512
514384,637248,113,0.888102,512
510672,637248,113,0.891969,512
511064,637248,113,0.891531,512
514672,637248,113,0.887743,512
518296,637248,113,0.883662,512
516184,637248,113,0.886098,512
518728,637248,113,0.883162,512
518544,637248,113,0.883431,512
516376,637248,113,0.885938,512
512752,637248,113,0.889864,512
514296,637248,113,0.888195,512
513664,637248,113,0.888914,512
517376,637248,113,0.884820,512
521336,637248,113,0.920999,512
524296,637248,113,0.918498,512
524472,637248,113,0.918305,512
528520,637248,113,0.959778,512
529960,637248,113,0.959107,512
528792,637248,112,0.959678,512
527880,637248,112,0.960101,512
528224,637248,112,0.959930,512
526840,637248,112,0.960567,472
527736,637248,112,0.960161,472
523656,637248,112,0.952433,472
525640,637248,112,0.951401,472
526608,637248,112,0.950868,472
527800,637248,112,0.950201,472
526208,637248,112,0.951079,472
528848,637248,112,0.949624,472
529640,637248,112,0.949151,472
528272,637248,111,0.949969,472
528528,637248,110,0.949828,472
531536,637248,110,0.948079,472
530928,637248,110,0.948465,472
531504,637248,110,0.948098,472
530304,637248,109,0.948854,472
531064,637248,108,0.948385,520
529600,637248,108,0.949255,520
528520,637248,108,0.949886,520
527960,637248,108,0.950223,512
528352,637248,108,0.949982,512
529928,637248,108,0.949074,512
528480,637248,109,0.949886,512
530744,637248,109,0.948577,512
534136,637248,109,0.957123,512
533376,637248,110,0.957526,464
532376,637248,110,0.958038,464
529944,637248,111,0.959180,464
533152,637248,111,0.957637,464
532560,637248,112,0.957926,464
532840,637248,111,0.957778,488
536896,641352,111,0.957778,488
538632,641352,111,0.956888,488
536072,641352,111,0.958177,488
539424,641352,111,0.962684,488
537680,641352,111,0.963465,488
538904,641352,111,0.962914,488
537712,641352,110,0.963472,488
539176,641352,110,0.962815,488
535960,641352,109,0.938421,488
538712,641352,109,0.936383,488
537464,641352,109,0.937343,488
541144,641352,109,0.962920,488
539648,641352,109,0.963603,488
542632,641352,109,0.967093,488
542424,641352,110,0.967177,488
544808,641352,110,0.966160,488
544272,641352,110,0.966410,488
546744,641352,110,0.965305,488
543552,641352,111,0.959972,488
545632,641352,110,0.958896,496
544632,641352,111,0.959418,496
541664,641352,111,0.950828,496
538528,641352,110,0.894469,496
534968,641352,110,0.898771,496
538848,641352,110,0.894070,496
542680,641352,110,0.937054,496
545288,641352,110,0.934912,496
547904,641352,109,0.932619,536
546088,641352,109,0.934245,536
546288,641352,109,0.934033,536
545944,641352,110,0.934326,536
547808,641352,109,0.932676,568
544920,641352,109,0.935197,568
547344,641352,108,0.933123,576
545576,641352,108,0.934684,576
547256,641352,108,0.933200,576
543880,641352,109,0.936039,576
543224,641352,108,0.936639,576
539848,641352,109,0.939200,576
540000,641352,109,0.939054,576
537920,641352,108,0.933402,576
539280,641352,108,0.932287,576
537712,641352,108,0.933563,576
536216,641352,108,0.934739,576
537056,641352,108,0.934068,576
533344,641352,108,0.936818,576
529800,641352,107,0.907114,576
527424,641352,107,0.909454,576
527552,641352,107,0.909288,576
527688,641352,107,0.909114,576
528104,641352,107,0.908672,576
524144,641352,108,0.912312,576
521096,641352,109,0.914922,576
523640,641352,109,0.912712,576
519720,641352,110,0.916011,576
523760,641352,110,0.912565,576
526584,641352,110,0.909970,576
530328,641352,110,0.938737,576
526264,641352,111,0.941303,576
526384,641352,111,0.941201,576
528352,641352,111,0.939951,576
532256,641352,111,0.937340,576
532088,641352,112,0.937478,544
534048,641352,111,0.936103,544
531656,641352,111,0.937806,544
533144,641352,111,0.936745,544
532712,641352,110,0.937114,544
535816,641352,110,0.953514,544
534064,641352,110,0.954452,544
532264,641352,111,0.955352,544
532320,641352,111,0.955301,544
531280,641352,111,0.955830,544
533568,641352,111,0.954679,544
533808,641352,111,0.954533,544
532672,641352,110,0.955151,544
535408,641352,110,0.954914,544
533368,641352,110,0.955961,544
536520,641352,110,0.954336,544
533128,641352,110,0.932121,544
530240,641352,110,0.934261,544
528768,641352,110,0.935317,544
529680,641352,110,0.934654,544
530208,641352,110,0.934250,544
532288,641352,110,0.932712,544
529024,641352,109,0.919841,544
531384,641352,108,0.917740,592
530128,641352,108,0.918891,592
533664,641352,108,0.915648,592
530792,641352,108,0.918309,592
531136,641352,107,0.918004,592
528168,641352,106,0.920642,592
531312,641352,106,0.917890,592
529912,641352,107,0.919120,592
529928,641352,106,0.919099,600
529400,641352,106,0.919595,600
527832,641352,107,0.920921,592
527040,641352,107,0.921609,592
523832,641352,107,0.924169,592
522488,641352,108,0.925196,568
522072,641352,108,0.925538,568
522504,641352,108,0.925184,568
524312,641352,108,0.923784,568
524896,641352,108,0.923295,568
523928,641352,107,0.924115,568
525824,641352,106,0.922636,576
525160,641352,105,0.923233,576
525480,641352,104,0.922977,584
521416,641352,104,0.926074,584
519224,641352,104,0.927658,584
520720,641352,103,0.926596,600
517048,641352,103,0.929155,600
517480,641352,103,0.928835,600
515400,641352,104,0.930207,592
517328,641352,104,0.928910,592
518296,641352,104,0.928224,592
520704,641352,104,0.926511,592
518048,641352,105,0.928360,592
519384,641352,105,0.927408,592
522760,641352,105,0.924940,592
525136,641352,105,0.923089,592
523768,641352,106,0.924145,592
526976,641352,106,0.921583,592
525040,641352,107,0.923127,592
524912,641352,108,0.923246,568
523848,641352,107,0.924139,568
523456,641352,108,0.924436,568
525200,641352,108,0.923058,568
527744,641352,108,0.920973,568
524032,641352,107,0.898263,568
524048,641352,107,0.898197,568
525032,641352,107,0.897129,568
523680,641352,108,0.898524,568
527080,641352,108,0.894890,568
523576,641352,108,0.898630,568
526656,641352,108,0.895351,568
526376,641352,109,0.895679,544
526632,641352,109,0.895351,544
523232,641352,109,0.898954,544
520248,641352,109,0.901923,544
517088,641352,110,0.904837,544
514616,641352,110,0.907040,544
512024,641352,110,0.909241,544
512416,641352,110,0.908881,544
512920,641352,110,0.908426,544
509536,641352,110,0.911184,544
510360,641352,110,0.910500,544
512752,641352,110,0.908526,544
515984,641352,110,0.905731,544
518192,641352,110,0.903707,544
516648,641352,110,0.905144,544
519784,641352,110,0.902226,544
518416,641352,110,0.903546,544
520456,641352,110,0.901587,544
523728,641352,110,0.924029,544
522288,641352,109,0.925184,544
525160,641352,109,0.922958,544
523200,641352,110,0.924466,544
525736,641352,110,0.922465,544
523656,641352,110,0.924121,544
525560,641352,110,0.922604,544
524648,641352,109,0.923395,544
525840,641352,109,0.922420,544
522608,641352,109,0.924946,544
525976,641352,109,0.922312,544
522968,641352,109,0.924677,544
523328,641352,109,0.924370,544
519280,641352,109,0.922580,544
522152,641352,109,0.920345,544
518840,641352,109,0.922906,544
517928,641352,110,0.923573,544
513912,641352,109,0.926443,544
513712,641352,110,0.926577,544
515568,641352,110,0.925280,544
517328,641352,110,0.924006,544
521200,641352,110,0.921088,544
524904,641352,110,0.918077,544
524400,641352,111,0.918495,544
528424,641352,111,0.914992,544
526016,641352,111,0.917140,544
524560,641352,111,0.918402,544
521824,641352,111,0.920640,544
520336,641352,111,0.921823,544
520136,641352,111,0.922011,544
521648,641352,111,0.920815,544
519032,641352,112,0.922829,504
522640,641352,112,0.920029,504
525368,641352,112,0.917762,504
522792,641352,112,0.919908,504
524656,641352,112,0.918356,504
526456,641352,111,0.916818,528
522808,641352,110,0.919914,528
520080,641352,110,0.922065,528
522160,641352,110,0.920427,528
522968,641352,110,0.919748,528
526048,641352,110,0.917167,528
527576,641352,109,0.915845,528
524544,641352,109,0.918468,528
526784,641352,109,0.916535,528
525472,641352,110,0.917655,528
526576,641352,110,0.916674,528
523744,641352,111,0.919045,528
524736,641352,110,0.918223,536
521600,641352,110,0.920784,536
524352,641352,110,0.918541,536
523072,641352,110,0.919659,488
527088,641352,110,0.916265,488
524880,641352,109,0.918223,488
527808,641352,109,0.915676,488
525192,641352,110,0.917923,488
521584,641352,110,0.920871,488
522256,641352,110,0.920307,488
526080,641352,110,0.917133,488
524584,641352,110,0.918442,472
528184,641352,110,0.915314,472
525704,641352,111,0.917466,472
529616,641352,111,0.913976,472
526472,641352,112,0.916770,472
525456,641352,112,0.917675,472
527080,641352,112,0.916244,472
530392,641352,112,0.913212,472
528968,641352,112,0.914567,472
529992,641352,112,0.913584,472
528152,641352,112,0.915300,472
528872,641352,112,0.914610,472
525768,641352,111,0.917412,472
524088,641352,111,0.918849,472
524360,641352,110,0.918600,504
521720,641352,110,0.920752,504
523592,641352,110,0.919227,504
525808,641352,110,0.917351,504
524640,641352,109,0.918409,504
524704,641352,108,0.918336,528
521496,641352,108,0.902182,528
517536,641352,109,0.905841,528
517640,641352,109,0.905706,528
520408,641352,109,0.903125,528
518952,641352,110,0.904477,528
521096,641352,110,0.902428,528
517320,641352,110,0.905955,520
517424,641352,110,0.905820,520
514008,641352,110,0.908805,520
510136,641352,109,0.906067,520
513328,641352,109,0.903301,520
510048,641352,108,0.906179,520
513944,641352,108,0.902799,520
516720,641352,107,0.900262,528
514080,641352,106,0.902756,528
513928,641352,106,0.902934,528
515688,641352,106,0.901306,528
514160,641352,107,0.902685,528
510248,641352,107,0.906087,528
513720,641352,106,0.903111,536
514368,641352,106,0.902493,536
515560,641352,106,0.901372,536
515200,641352,106,0.901743,536
515232,641352,106,0.901671,536
514000,641352,106,0.902820,536
515568,641352,106,0.901365,536
513240,641352,106,0.903490,536
513784,641352,105,0.903012,536
512624,641352,106,0.904027,536
515592,641352,106,0.901343,536
514920,641352,107,0.901954,536
518656,641352,107,0.898411,536
514608,641352,106,0.902278,536
511408,641352,107,0.905068,536
508696,641352,107,0.907349,536
512680,641352,107,0.910043,536
515752,641352,107,0.907436,536
518592,641352,107,0.904885,536
516208,641352,107,0.907043,536
518736,641352,107,0.904755,536
516192,641352,108,0.907015,536
520152,641352,108,0.921932,536
519872,641352,109,0.922167,504
516736,641352,110,0.924456,504
519664,641352,110,0.922287,504
515632,641352,111,0.925197,504
514472,641352,112,0.925994,504
517616,641352,112,0.923758,504
519864,641352,112,0.922065,504
522032,641352,112,0.920357,504
519144,641352,112,0.922604,504
519728,641352,112,0.922131,504
517872,641352,112,0.923538,504
515968,641352,112,0.924929,504
514368,641352,112,0.926065,504
516496,641352,112,0.924558,504
518688,641352,111,0.922977,504
521080,641352,111,0.921137,504
520152,641352,111,0.921883,504
521096,641352,111,0.921125,504
520112,641352,112,0.921877,504
520408,641352,111,0.921640,520
518648,641352,111,0.922995,520
518592,641352,112,0.923036,520
521080,641352,111,0.921125,568
517432,641352,111,0.923879,568
513616,641352,112,0.926529,568
511448,641352,112,0.927984,568
509776,641352,113,0.929070,528
512640,641352,113,0.927203,528
514560,641352,112,0.925890,568
516768,641352,112,0.924320,568
515688,641352,111,0.925147,568
519432,641352,111,0.922413,568
520096,641352,110,0.921908,576
516784,641352,110,0.924371,576
514888,641352,110,0.925732,568
515240,641352,110,0.925457,568
512472,641352,110,0.927350,568
512752,641352,110,0.927135,568
508728,641352,109,0.914545,568
509696,641352,108,0.913805,584
512464,641352,108,0.911616,584
510496,641352,108,0.913194,584
507352,641352,108,0.915581,584
509448,641352,108,0.913993,584
505504,641352,108,0.916904,584
509576,641352,108,0.929219,584
508584,641352,109,0.929836,576
511232,641352,109,0.928148,576
507864,641352,109,0.930273,576
507848,641352,110,0.930282,576
504976,641352,111,0.931973,576
504080,641352,112,0.932484,576
508104,641352,112,0.930099,576
506008,641352,112,0.931375,576
506784,641352,112,0.930890,576
508480,641352,111,0.929845,616
505600,641352,111,0.931590,616
501696,641352,112,0.933785,616
502272,641352,112,0.933443,616
502760,641352,111,0.933165,632
501352,641352,111,0.933963,632
504624,641352,111,0.932115,632
505600,641352,111,0.931525,632
502952,641352,112,0.933032,632
502696,641352,112,0.933201,632
500152,641352,113,0.934581,632
503624,641352,113,0.932656,632
503768,641352,113,0.932547,632
505656,641352,112,0.931436,680
503768,641352,112,0.932565,648
503856,641352,112,0.932489,648
506936,641352,112,0.930671,648
508976,641352,112,0.929403,648
511680,641352,111,0.927663,688
511248,641352,112,0.927943,688
511472,641352,111,0.927777,720
508600,641352,110,0.877882,720
512480,641352,109,0.873572,744
510936,641352,108,0.875419,744
512472,641352,107,0.873654,776
511368,641352,107,0.874955,776
508432,641352,107,0.878205,776
505040,641352,108,0.881700,776
504328,641352,108,0.882456,776
504904,641352,108,0.881836,776
505064,641352,108,0.881628,776
508176,641352,108,0.878375,776
505376,641352,109,0.881266,776
509040,641352,108,0.877402,824
505144,641352,108,0.881500,824
506688,641352,107,0.879904,848
504384,641352,106,0.882329,848
505976,641352,106,0.880683,848
505656,641352,106,0.881056,848
507208,641352,106,0.879415,848
510160,641352,106,0.876213,848
507048,641352,107,0.879531,848
508544,641352,106,0.877924,880
505680,641352,106,0.880951,880
505408,641352,107,0.881258,848
509240,641352,107,0.877213,848
510488,641352,107,0.875799,848
507840,641352,107,0.878704,848
509624,641352,107,0.876745,848
507760,641352,107,0.878788,848
507944,641352,107,0.878544,848
505664,641352,107,0.880951,848
506400,641352,107,0.880151,848
505680,641352,107,0.880935,848
508800,641352,107,0.877634,848
507280,641352,107,0.879290,848
505216,641352,107,0.881451,848
502152,641352,108,0.884453,848
504320,641352,108,0.882297,848
507112,641352,108,0.879415,848
506184,641352,108,0.880421,848
504640,641352,108,0.882051,824
506288,641352,108,0.880340,824
507584,641352,108,0.878947,824
507096,641352,109,0.879473,808
507360,641352,109,0.879148,808
504288,641352,110,0.882274,808
505864,641352,110,0.880642,808
507408,641352,110,0.878998,808
504136,641352,110,0.882377,808
507728,641352,110,0.878662,808
507152,641352,110,0.879315,808
509168,641352,110,0.877126,808
506880,641352,110,0.879598,808
510176,641352,110,0.876028,808
507856,641352,110,0.878577,808
508904,641352,110,0.877411,808
506480,641352,111,0.879962,808
507000,641352,111,0.879373,808
504072,641352,111,0.882393,808
506680,641352,111,0.879705,808
505144,641352,112,0.881306,776
507880,641352,112,0.878434,776
504272,641352,112,0.882178,776
501104,641352,113,0.885242,776
501888,641352,113,0.884453,776
505792,641352,113,0.880552,776
502192,641352,112,0.837043,776
498488,641352,111,0.842014,776
501288,641352,111,0.838317,776
498512,641352,111,0.841994,768
501248,641352,111,0.838381,768
499888,641352,112,0.840166,768
498144,641352,113,0.842399,768
496552,641352,114,0.844383,768
493504,641352,114,0.848101,768
492456,641352,114,0.849375,768
494304,641352,114,0.847158,768
490424,641352,115,0.851628,768
493048,641352,115,0.848578,768
490624,641352,115,0.851404,768
490864,641352,115,0.851081,768
489672,641352,114,0.852518,768
487880,641352,115,0.854515,728
489304,641352,115,0.852915,728
485568,641352,114,0.857010,728
486600,641352,114,0.855879,728
484800,641352,114,0.857828,704
487024,641352,114,0.855456,704
486960,641352,114,0.855600,680
487432,641352,113,0.855064,712
488264,641352,113,0.854118,712
488128,641352,113,0.854317,712
485288,641352,113,0.857366,712
488256,641352,113,0.854179,712
486040,641352,113,0.856585,712
483288,641352,114,0.859404,712
483064,641352,114,0.859677,712
485960,641352,114,0.856668,712
487080,641352,114,0.855439,712
487208,641352,113,0.855277,736
487160,641352,114,0.855328,736
487520,641352,114,0.854893,736
491096,641352,114,0.850909,736
488736,641352,115,0.853580,688
490720,641352,115,0.851333,688
494056,641352,115,0.847432,688
496808,641352,115,0.844047,688
498144,641352,115,0.842318,688
500568,641352,115,0.839132,688
500312,641352,115,0.839530,688
499096,641352,116,0.841106,688
497520,641352,116,0.843162,688
496296,641352,116,0.844736,688
492216,641352,116,0.849633,688
494464,641352,116,0.846948,688
495216,641352,116,0.845990,688
495200,641352,117,0.846019,680
491536,641352,116,0.837042,680
490048,641352,116,0.838923,680
490280,641352,116,0.838583,680
487528,641352,116,0.841916,680
489736,641352,116,0.839242,680
493232,641352,116,0.834853,680
496928,641352,116,0.829949,680
498584,641352,116,0.827619,680
498200,641352,117,0.828150,680
502288,641352,117,0.822258,680
500952,641352,117,0.824274,680
499928,641352,118,0.825736,680
496104,641352,118,0.831053,680
492048,641352,118,0.836346,680
490408,641352,118,0.838428,680
493064,641352,118,0.835067,680
489320,641352,119,0.839684,680
485712,641352,119,0.843950,680
487208,641352,119,0.842177,680
484472,641352,119,0.845346,680
483752,641352,119,0.846198,680
486968,641352,119,0.842510,680
487656,641352,119,0.841654,680
488144,641352,119,0.841025,680
489368,641352,119,0.839511,680
493424,641352,119,0.834425,680
491664,641352,119,0.836705,680
487928,641352,118,0.764668,680
490488,641352,118,0.760036,680
492096,641352,118,0.757000,680
493584,641352,118,0.754114,680
489752,641352,118,0.761276,680
491256,641352,118,0.758461,680
490672,641352,119,0.759528,680
491016,641352,118,0.758828,720
492832,641352,118,0.755370,720
496800,641352,118,0.747571,720
493608,641352,119,0.753809,720
491040,641352,118,0.758784,720
490832,641352,118,0.759281,704
492208,641352,118,0.756657,704
495944,641352,117,0.749480,712
499528,641352,117,0.742101,712
502544,641352,117,0.735529,712
501584,641352,117,0.737728,712
503992,641352,116,0.732377,728
503888,641352,116,0.732719,728
506800,641352,116,0.725900,728
507280,641352,116,0.724647,728
504456,641352,116,0.731328,728
503160,641352,116,0.734345,728
502144,641352,115,0.736790,728
505640,641352,115,0.728836,728
508816,641352,115,0.721170,728
511400,641352,115,0.714583,728
510656,641352,115,0.716598,728
512656,641352,114,0.711329,776
510112,641352,114,0.717965,776
513048,641352,113,0.710404,784
512576,641352,114,0.711727,752
512232,641352,114,0.712851,712
508264,641352,114,0.722900,712
511792,641352,114,0.713988,712
514352,641352,114,0.707118,712
512840,641352,113,0.711392,712
514040,641352,113,0.708085,712
513304,641352,113,0.710171,712
517368,641352,113,0.698886,712
517128,641352,113,0.699705,712
520888,641352,113,0.688504,712
523928,641352,113,0.678788,712
523896,641352,113,0.679047,712
526416,641352,113,0.697115,712
524848,641352,113,0.702103,712
523096,641352,113,0.707469,712
519216,641352,114,0.718468,688
522424,641352,114,0.709354,688
526000,641352,114,0.735869,688
524744,641352,114,0.739375,688
526912,641352,114,0.733361,688
528160,641352,114,0.729714,688
524432,641352,113,0.619674,688
526896,641352,112,0.609890,696
524896,641352,113,0.618031,648
521736,641352,113,0.630121,648
517968,641352,113,0.643542,648
521000,641352,113,0.632787,648
524496,641352,113,0.619581,648
527224,641352,113,0.637541,648
527104,641352,113,0.638175,648
526528,641352,113,0.640514,648
527624,641352,113,0.636204,648
529824,641352,113,0.651554,648
526616,641352,113,0.663320,648
522936,641352,113,0.675853,648
523912,641352,113,0.672504,648
524928,641352,113,0.668951,648
522000,641352,112,0.678854,648
523832,641352,112,0.672768,648
521664,641352,112,0.679918,648
524904,641352,112,0.669194,648
523464,641352,113,0.673978,648
522520,641352,113,0.677194,648
518928,641352,113,0.688469,648
520144,641352,113,0.684644,648
517240,641352,113,0.693435,648
517056,641352,113,0.694105,648
516168,641352,113,0.696779,648
516544,641352,113,0.695574,648
518320,641352,113,0.690276,648
518632,641352,113,0.689209,648
522184,641352,113,0.678115,648
519104,641352,113,0.687798,648
516856,641352,112,0.694681,648
517904,641352,112,0.691501,648
516872,641352,112,0.694635,648
518360,641352,112,0.690158,648
515424,641352,113,0.698626,640
514600,641352,113,0.701046,640
516208,641352,113,0.696417,640
517232,641352,113,0.693342,640
519504,641352,113,0.686471,640
522440,641352,113,0.677168,640
520216,641352,113,0.684301,640
517064,641352,113,0.693828,640
518856,641352,113,0.688421,640
522088,641352,113,0.678294,640
521544,641352,113,0.680170,640
518888,641352,113,0.688469,640
520896,641352,113,0.682199,640
523944,641352,113,0.672266,640
520416,641352,113,0.683685,640
518872,641352,113,0.688517,640
515376,641352,113,0.698760,640
512792,641352,113,0.705942,640
516096,641352,113,0.696734,640
518112,641352,113,0.690772,640
515704,641352,114,0.697751,624
512488,641352,115,0.706537,624
513632,641352,115,0.703341,624
516312,641352,115,0.695756,624
514144,641352,115,0.701946,624
517584,641352,115,0.692086,624
518160,641352,115,0.690253,624
520016,641352,115,0.684521,624
516776,641352,115,0.694290,624
512712,641352,116,0.705558,624
514696,641352,116,0.700030,624
512272,641352,116,0.706728,624
509520,641352,116,0.713963,624
507248,641352,115,0.719809,624
509336,641352,115,0.714547,624
506272,641352,115,0.722150,624
509208,641352,115,0.714868,624
511312,641352,115,0.709375,624
511952,641352,115,0.707574,624
509744,641352,115,0.713398,624
511800,641352,115,0.707974,624
512384,641352,115,0.706304,624
509472,641352,116,0.713842,624
511376,641352,116,0.708833,624
508256,641352,117,0.716759,624
506472,641352,117,0.721215,624
507448,641352,117,0.718741,624
505408,641352,117,0.723739,624
502288,641352,117,0.730991,624
506048,641352,117,0.722226,624
502056,641352,116,0.731614,624
503104,641352,116,0.729160,624
504008,641352,115,0.727010,664
500744,641352,116,0.734302,664
503960,641352,115,0.727010,712
507152,641352,114,0.719441,728
504256,641352,114,0.726402,728
500184,641352,115,0.735480,728
500976,641352,114,0.733657,776
503976,641352,114,0.726826,776
500536,641352,114,0.734615,776
498256,641352,114,0.739571,776
499744,641352,114,0.736322,776
501408,641352,114,0.732604,776
501016,641352,115,0.733465,776
501504,641352,114,0.732357,792
500920,641352,114,0.733745,792
497512,641352,113,0.741182,792
495992,641352,114,0.744281,792
499760,641352,114,0.736357,792
502736,641352,114,0.729719,792
500904,641352,114,0.733884,792
499680,641352,114,0.736630,792
495720,641352,114,0.744924,792
493472,641352,114,0.749444,792
497392,641352,114,0.741529,792
500928,641352,114,0.733937,792
499504,641352,114,0.737108,792
497728,641352,115,0.740835,792
497336,641352,115,0.741743,792
501408,641352,115,0.732991,792
503568,641352,115,0.728053,792
502984,641352,115,0.729485,792
500424,641352,115,0.735238,792
500368,641352,116,0.735411,768
502872,641352,116,0.729791,768
506480,641352,116,0.721310,768
504928,641352,116,0.725086,768
505904,641352,116,0.722682,768
505328,641352,116,0.724152,768
504080,641352,115,0.727267,768
506472,641352,114,0.721597,800
507368,641352,114,0.719325,800
507928,641352,114,0.717842,800
506912,641352,115,0.720408,760
504360,641352,115,0.726587,736
507952,641352,115,0.717940,736
507368,641352,115,0.719480,736
509400,641352,114,0.714386,768
512704,641352,114,0.705707,768
509208,641352,114,0.714868,768
510552,641352,114,0.711339,768
513944,641352,114,0.702231,768
514920,641352,114,0.699407,768
516096,641352,114,0.695962,768
517872,641352,113,0.690819,768
515248,641352,113,0.698492,768
517000,641352,113,0.693366,768
514856,641352,113,0.699585,768
518104,641352,113,0.690134,768
517976,641352,112,0.690795,768
515736,641352,112,0.697390,768
516872,641352,112,0.694013,768
520864,641352,112,0.681900,768
517448,641352,111,0.692483,768
513432,641352,110,0.704012,768
510200,641352,111,0.712484,768
506896,641352,111,0.720773,768
505760,641352,111,0.723588,768
504792,641352,111,0.725959,768
502112,641352,112,0.732021,768
498528,641352,112,0.739822,768
496520,641352,112,0.744039,768
494864,641352,112,0.747433,768
496384,641352,112,0.744314,768
497680,641352,112,0.741578,768
500272,641352,112,0.736031,768
499056,641352,112,0.738716,768
501600,641352,111,0.733254,768
502224,641352,111,0.731773,768
504448,641352,111,0.726642,768
501760,641352,111,0.732798,768
504768,641352,111,0.725903,768
505064,641352,111,0.725105,768
506760,641352,111,0.720985,768
504600,641352,111,0.726181,768
506576,641352,111,0.721425,768
505328,641352,112,0.724377,768
508440,641352,112,0.716778,768
508480,641352,111,0.716581,808
512328,641352,111,0.706601,808
509136,641352,112,0.714868,792
506872,641352,112,0.720543,792
509888,641352,112,0.712972,792
509264,641352,112,0.714667,792
508968,641352,113,0.715448,776
510008,641352,112,0.712789,792
508984,641352,112,0.715488,792
510200,641352,112,0.712301,792
508704,641352,112,0.716184,792
509360,641352,112,0.714426,792
509616,641352,112,0.713661,792
512736,641352,112,0.705430,792
511616,641352,112,0.708519,792
512472,641352,112,0.706134,792
514280,641352,111,0.701156,824
511312,641352,111,0.709229,824
511760,641352,111,0.707931,824
508056,641352,112,0.717350,824
505120,641352,111,0.724620,824
507792,641352,111,0.718116,824
505024,641352,112,0.724732,824
505760,641352,112,0.722890,824
507096,641352,112,0.719577,824
505952,641352,112,0.722435,824
508464,641352,112,0.716224,824
504880,641352,112,0.724956,824
508104,641352,112,0.717114,824
506256,641352,112,0.721712,824
509704,641352,112,0.713114,824
508952,641352,112,0.715128,824
506920,641352,113,0.720196,792
504640,641352,113,0.725700,792
506480,641352,113,0.721253,792
510392,641352,113,0.711441,792
513864,641352,113,0.702121,792
510032,641352,113,0.712362,792
509016,641352,112,0.715168,792
504992,641352,112,0.724993,792
506688,641352,112,0.720869,792
507136,641352,112,0.719674,792
506816,641352,112,0.720581,784
508464,641352,112,0.716442,784
509256,641352,112,0.714346,784
506304,641352,112,0.721693,784
508248,641352,112,0.716857,784
504976,641352,112,0.724825,784
506720,641352,112,0.720581,784
504520,641352,112,0.706904,784
504560,641352,111,0.706765,800
500760,641352,111,0.715997,800
504800,641352,110,0.706269,808
503808,641352,110,0.708831,808
500592,641352,111,0.716590,760
502160,641352,111,0.712801,760
502680,641352,111,0.711445,760
501176,641352,110,0.715233,760
504808,641352,110,0.706368,760
503072,641352,110,0.710733,760
504992,641352,110,0.705910,760
504024,641352,110,0.708459,744
505648,641352,109,0.704388,760
503672,641352,109,0.709397,760
505424,641352,108,0.705051,768
504584,641352,108,0.707259,768
505304,641352,108,0.705351,768
504568,641352,108,0.707299,768
502552,641352,108,0.712306,768
501896,641352,108,0.713975,768
503112,641352,108,0.710965,768
499864,641352,108,0.718685,768
497768,641352,108,0.723490,768
499768,641352,108,0.718904,768
495904,641352,108,0.727535,768
499560,641352,108,0.719377,768
502952,641352,108,0.711349,768
503200,641352,107,0.710753,768
502968,641352,107,0.711426,768
499592,641352,107,0.719413,768
499464,641352,107,0.719866,744
502056,641352,107,0.713767,744
503032,641352,106,0.711407,760
506088,641352,106,0.703762,760
507400,641352,105,0.700304,800
503328,641352,105,0.710598,800
507040,641352,105,0.701233,800
505552,641352,105,0.705131,800
507000,641352,105,0.701335,800
506856,641352,106,0.701705,800
510384,641352,106,0.692248,800
507376,641352,105,0.700490,800
505272,641352,106,0.705831,800
502472,641352,107,0.712649,800
499968,641352,107,0.718594,800
499928,641352,108,0.718722,784
503880,641352,108,0.709299,784
503584,641352,107,0.710250,784
501376,641352,108,0.715494,784
499712,641352,109,0.719322,784
501688,641352,109,0.714652,784
505200,641352,108,0.706149,792
504224,641352,109,0.708557,792
507296,641352,109,0.700717,792
506648,641352,109,0.702503,792
507776,641352,109,0.699474,792
507736,641352,110,0.699682,752
505680,641352,110,0.705051,752
506312,641352,109,0.703377,784
505336,641352,110,0.705870,768
505112,641352,111,0.706507,736
505672,641352,111,0.704990,736
506360,641352,111,0.703134,736
506400,641352,110,0.702930,776
505768,641352,111,0.704609,744
506584,641352,111,0.702421,744
509384,641352,111,0.694974,744
509632,641352,111,0.694178,744
508840,641352,111,0.696425,744
505504,641352,111,0.705151,744
502944,641352,111,0.711541,744
506648,641352,111,0.702258,744
510048,641352,111,0.693183,744
507440,641352,111,0.700221,744
508360,641352,110,0.697694,792
509072,641352,110,0.695680,792
509920,641352,110,0.693270,792
512352,641352,110,0.686398,792
513768,641352,109,0.682264,816
510976,641352,109,0.690315,816
514136,641352,109,0.681190,816
511744,641352,109,0.688178,816
514216,641352,109,0.680956,816
510296,641352,110,0.692051,816
506408,641352,110,0.702441,816
510280,641352,110,0.692095,816
512344,641352,110,0.686216,816
510896,641352,110,0.690403,816
510640,641352,109,0.691372,816
514672,641352,109,0.717396,816
515408,641352,108,0.715379,848
513016,641352,108,0.721689,848
513880,641352,108,0.719364,848
512432,641352,108,0.723158,848
513624,641352,108,0.720020,848
512576,641352,108,0.722797,848
511728,641352,108,0.725027,848
510872,641352,108,0.727240,848
510208,641352,109,0.728863,840
508224,641352,109,0.733653,840
504480,641352,110,0.742051,840
505112,641352,109,0.740583,880
505488,641352,109,0.739648,880
505656,641352,109,0.739169,880
503872,641352,108,0.743279,880
507840,641352,108,0.734337,880
509432,641352,108,0.730504,880
511304,641352,108,0.725873,880
513480,641352,108,0.720307,880
509448,641352,108,0.694437,880
513040,641352,108,0.684322,880
509168,641352,108,0.695188,880
510344,641352,108,0.691876,880
506808,641352,109,0.701253,880
509976,641352,109,0.692749,880
508368,641352,110,0.697061,880
511896,641352,109,0.687414,888
508560,641352,109,0.696658,888
509040,641352,109,0.695252,888
507168,641352,109,0.700304,888
506360,641352,110,0.702380,888
504840,641352,110,0.706328,888
505808,641352,110,0.703782,888
505752,641352,109,0.704166,888
502360,641352,109,0.712592,888
502592,641352,108,0.711981,912
500896,641352,109,0.715978,912
503680,641352,109,0.709241,912
506544,641352,108,0.702033,936
502776,641352,107,0.711599,936
504624,641352,107,0.706983,936
506504,641352,107,0.702135,936
503488,641352,108,0.709649,936
502928,641352,108,0.711119,936
504120,641352,108,0.708106,936
506144,641352,108,0.702930,936
502592,641352,109,0.711694,936
504240,641352,108,0.707575,984
502320,641352,108,0.712344,984
499592,641352,108,0.696326,984
502240,641352,107,0.689566,1024
503896,641352,106,0.685229,1032
504664,641352,105,0.683079,1072
502680,641352,105,0.688431,1072
503056,641352,105,0.687329,1072
501360,641352,104,0.691933,1072
503024,641352,104,0.687538,1072
502576,641352,104,0.688824,1072
504856,641352,104,0.682692,1072
501152,641352,104,0.692459,1072
504064,641352,104,0.684805,1072
503144,641352,105,0.687350,1024
499848,641352,104,0.695951,1024
503112,641352,104,0.687558,1024
500832,641352,104,0.693505,1024
498832,641352,104,0.698553,1024
499504,641352,104,0.696797,1024
499616,641352,104,0.696404,1024
501352,641352,104,0.691954,1024
497592,641352,103,0.701415,1024
496624,641352,103,0.703811,1024
500032,641352,103,0.695497,1024
503416,641352,103,0.686765,1024
503040,641352,103,0.687871,1024
503608,641352,103,0.686261,1024
502392,641352,103,0.689546,1024
500416,641352,103,0.694663,1024
503912,641352,103,0.685588,1024
501488,641352,103,0.691994,1016
503320,641352,103,0.687162,1016
502632,641352,103,0.689072,1016
504416,641352,102,0.684338,1040
506176,641352,102,0.679458,1040
504480,641352,102,0.684274,1000
508240,641352,102,0.673813,1000
506408,641352,102,0.679063,1000
508616,641352,102,0.672743,1000
506856,641352,102,0.677827,1000
505664,641352,102,0.681224,1000
505712,641352,101,0.681073,1008
503224,641352,102,0.687808,960
501728,641352,103,0.691731,928
498120,641352,104,0.700613,928
499248,641352,104,0.697775,928
498728,641352,104,0.699153,928
500944,641352,104,0.693585,928
503272,641352,104,0.687517,928
504000,641352,104,0.685482,928
504336,641352,103,0.684551,944
504224,641352,103,0.684975,944
508080,641352,103,0.674289,944
505408,641352,104,0.681679,944
508456,641352,104,0.673085,944
507728,641352,104,0.675282,944
504280,641352,104,0.684826,944
503760,641352,104,0.686324,944
504408,641352,104,0.684487,944
507840,641352,104,0.674967,944
509152,641352,104,0.671089,944
506632,641352,104,0.678336,944
507928,641352,103,0.674606,984
505280,641352,104,0.682025,944
505040,641352,104,0.682800,944
506232,641352,104,0.679436,944
506936,641352,104,0.677362,944
503344,641352,104,0.687162,944
506032,641352,103,0.679984,944
502456,641352,102,0.605549,944
498960,641352,102,0.616790,944
501248,641352,102,0.609454,944
503512,641352,102,0.601911,944
500112,641352,102,0.613056,944
499680,641352,102,0.614558,944
499536,641352,102,0.615156,944
495680,641352,103,0.626778,944
498480,641352,103,0.618263,944
501528,641352,103,0.608556,944
499592,641352,103,0.614833,944
497048,641352,104,0.622592,944
494248,641352,104,0.630917,944
497568,641352,104,0.621032,944
499328,641352,104,0.615504,944
500320,641352,104,0.612250,944
497336,641352,105,0.621441,944
495592,641352,105,0.626754,944
492120,641352,104,0.636923,936
495696,641352,104,0.626614,936
492376,641352,104,0.636214,936
490272,641352,104,0.642093,936
491880,641352,104,0.637586,936
495448,641352,104,0.627338,936
491784,641352,104,0.637850,936
494272,641352,104,0.630734,936
494416,641352,104,0.630184,936
497184,641352,104,0.621922,936
495160,641352,104,0.628036,936
491504,641352,104,0.638488,936
495072,641352,104,0.628292,936
493128,641352,104,0.633978,936
495656,641352,104,0.626591,936
498080,641352,104,0.619215,936
500616,641352,104,0.611187,936
502344,641352,104,0.605471,936
500136,641352,104,0.612704,936
499464,641352,104,0.614957,936
498728,641352,104,0.617381,936
502816,641352,104,0.604239,936
499800,641352,105,0.613909,936
500672,641352,105,0.611010,936
501544,641352,104,0.608221,936
501840,641352,104,0.607110,936
501464,641352,103,0.608633,936
504048,641352,103,0.599987,936
502632,641352,103,0.604921,912
505360,641352,102,0.595697,936
503480,641352,102,0.602204,936
502352,641352,102,0.606071,936
501160,641352,103,0.609914,936
504248,641352,102,0.599718,960
504208,641352,103,0.599987,920
500800,641352,102,0.611416,920
500240,641352,103,0.613182,920
497816,641352,103,0.620791,920
498424,641352,103,0.618801,920
499640,641352,102,0.614932,960
499512,641352,102,0.615479,960
500120,641352,102,0.613433,960
497088,641352,102,0.622855,960
500616,641352,102,0.611871,960
500056,641352,101,0.613934,960
502288,641352,101,0.606669,960
505800,641352,101,0.594762,960
508504,641352,101,0.585052,960
504808,641352,101,0.598152,960
502840,641352,102,0.604711,960
505880,641352,102,0.594320,960
509752,641352,102,0.580316,960
510160,641352,102,0.578623,960
512528,641352,102,0.569425,960
508576,641352,103,0.584270,960
512584,641352,103,0.605701,960
509016,641352,103,0.618187,960
512576,641352,103,0.605730,960
509048,641352,103,0.618080,960
507544,641352,103,0.623202,960
504280,641352,102,0.633835,960
501768,641352,102,0.641542,960
505624,641352,102,0.629655,960
503888,641352,102,0.635183,960
504040,641352,102,0.634572,960
501128,641352,102,0.643418,960
504016,641352,102,0.634645,960
506280,641352,101,0.627580,960
509576,641352,101,0.616629,960
505536,641352,101,0.629931,960
506344,641352,101,0.627223,960
508904,641352,100,0.618721,1008
505864,641352,100,0.628747,1008
508648,641352,100,0.619573,1008
507096,641352,101,0.624656,1008
508624,641352,101,0.619493,1008
505320,641352,100,0.630458,1008
504120,641352,100,0.634326,1008
505792,641352,100,0.628974,1008
509784,641352,100,0.615764,1008
508032,641352,101,0.621607,1008
509696,641352,101,0.615900,1008
508504,641352,101,0.620050,1008
510696,641352,101,0.612486,1008
507696,641352,100,0.622863,1008
510144,641352,100,0.614541,1008
506576,641352,100,0.626482,1008
509560,641352,100,0.616521,1008
506856,641352,100,0.625713,968
509544,641352,100,0.616710,968
508696,641352,99,0.619865,968
512552,641352,99,0.606470,968
508496,641352,100,0.620368,968
508648,641352,100,0.619706,968
506744,641352,100,0.626072,968
503816,641352,100,0.635378,968
504912,641352,100,0.631856,968
504424,641352,101,0.633416,952
505920,641352,101,0.628595,952
505200,641352,102,0.630859,952
502496,641352,103,0.639121,952
500872,641352,104,0.643907,952
503744,641352,104,0.635207,952
501016,641352,105,0.643418,928
500368,641352,105,0.645436,928
499024,641352,105,0.649405,928
497808,641352,106,0.652800,928
500416,641352,106,0.645298,928
497808,641352,106,0.652800,928
497000,641352,106,0.655151,928
498384,641352,106,0.651200,928
501032,641352,106,0.643511,928
502168,641352,106,0.640026,928
502568,641352,106,0.638690,928
501832,641352,105,0.641164,928
503944,641352,105,0.634670,928
500432,641352,105,0.645252,928
503872,641352,105,0.634890,928
507848,641352,105,0.622158,928
504520,641352,106,0.632749,928
503656,641352,106,0.635549,928
506328,641352,106,0.627070,928
506472,641352,106,0.626456,928
506872,641352,106,0.625017,928
503208,641352,107,0.636618,880
506360,641352,107,0.626661,880
507072,641352,107,0.624216,880
509976,641352,107,0.614405,880
507712,641352,108,0.621974,880
508712,641352,108,0.618508,880
507120,641352,108,0.623904,880
504256,641352,108,0.633194,856
503440,641352,107,0.635987,856
506216,641352,106,0.627248,888
505024,641352,106,0.631159,888
506512,641352,106,0.626303,888
504736,641352,106,0.632055,888
507536,641352,106,0.622994,888
509856,641352,106,0.615113,888
512168,641352,106,0.606924,888
511560,641352,106,0.609235,888
514624,641352,105,0.598053,928
514264,641352,105,0.599559,928
515344,641352,104,0.595547,928
513032,641352,104,0.604212,928
515832,641352,104,0.593708,928
512656,641352,103,0.605730,928
509008,641352,102,0.618641,928
510768,641352,102,0.612513,928
512496,641352,101,0.606385,952
508424,641352,102,0.620341,952
510384,641352,102,0.613585,952
509072,641352,102,0.618187,952
507352,641352,103,0.623853,952
509560,641352,103,0.616386,952
510112,641352,103,0.614350,952
506680,641352,104,0.625713,952
503632,641352,103,0.635549,952
506064,641352,103,0.627834,952
507560,641352,103,0.622863,952
506568,641352,104,0.626072,952
508448,641352,104,0.619785,952
506800,641352,104,0.625481,904
504784,641352,103,0.632154,904
503208,641352,103,0.637126,904
499120,641352,103,0.649202,904
500464,641352,103,0.645228,904
500712,641352,103,0.644372,904
501632,641352,103,0.641542,904
498552,641352,103,0.650529,904
495960,641352,102,0.657900,904
497760,641352,102,0.652866,904
498288,641352,102,0.651267,904
496496,641352,103,0.656195,904
495624,641352,104,0.658543,904
499392,641352,104,0.648024,904
503168,641352,104,0.636812,904
501368,641352,104,0.642318,904
504848,641352,104,0.631657,904
507720,641352,104,0.622341,904
505968,641352,105,0.628012,896
504312,641352,105,0.633367,888
507384,641352,105,0.623489,888
510328,641352,105,0.613503,888
507784,641352,104,0.622341,888
509792,641352,104,0.615493,888
507104,641352,104,0.624552,888
503368,641352,105,0.636279,880
502736,641352,106,0.638306,840
501640,641352,106,0.641707,840
501072,641352,106,0.643511,840
500824,641352,106,0.644372,840
501056,641352,106,0.643558,840
503904,641352,106,0.634914,840
502296,641352,106,0.639907,840
504328,641352,106,0.633613,840
507008,641352,106,0.625017,840
509648,641352,106,0.616143,840
507160,641352,106,0.624526,840
503664,641352,107,0.635500,840
505736,641352,107,0.628924,840
505760,641352,107,0.628696,840
507168,641352,107,0.624034,840
504488,641352,107,0.632675,840
502024,641352,108,0.640169,832
498448,641352,108,0.650619,832
500104,641352,108,0.645782,832
503928,641352,108,0.634277,832
506144,641352,108,0.627197,832
509400,641352,108,0.616359,832
505640,641352,109,0.628645,832
508752,641352,109,0.618374,832
506712,641352,109,0.625223,832
507256,641352,109,0.623307,832
507208,641352,110,0.623489,824
504408,641352,110,0.632526,824
501328,641352,109,0.642107,824
503960,641352,109,0.634056,824
506768,641352,109,0.625069,824
508128,641352,108,0.620632,824
504776,641352,107,0.565790,824
505496,641352,106,0.563133,824
502864,641352,106,0.572863,824
505432,641352,106,0.563371,824
504528,641352,106,0.567019,784
506688,641352,106,0.558813,784
504424,641352,107,0.567223,784
501992,641352,106,0.576243,784
500280,641352,106,0.582304,784
504072,641352,106,0.568850,784
501280,641352,107,0.578716,784
502040,641352,107,0.575908,784
504184,641352,107,0.568096,784
506752,641352,107,0.558389,784
503272,641352,107,0.571381,784
502936,641352,107,0.572806,768
504216,641352,107,0.568038,768
501528,641352,108,0.577581,768
499056,641352,108,0.586151,768
497560,641352,108,0.591233,768
498952,641352,108,0.586498,768
500256,641352,108,0.581951,768
504232,641352,108,0.567806,768
506168,641352,108,0.560473,768
504504,641352,108,0.566815,768
505272,641352,108,0.563815,768
502744,641352,109,0.572976,768
499488,641352,109,0.584385,768
503304,641352,109,0.570980,768
504392,641352,108,0.566903,808
502104,641352,107,0.575431,808
505928,641352,107,0.594443,808
504176,641352,107,0.600632,792
501984,641352,108,0.607855,792
502048,641352,107,0.607518,832
499264,641352,108,0.616338,832
500304,641352,108,0.612939,832
502512,641352,108,0.605695,832
499472,641352,107,0.615693,832
498392,641352,107,0.619167,832
497264,641352,107,0.622722,832
493728,641352,107,0.633158,832
494992,641352,107,0.629406,832
494384,641352,108,0.631154,832
492520,641352,109,0.636503,800
489768,641352,109,0.644124,800
491496,641352,109,0.639327,800
491120,641352,110,0.640354,800
489008,641352,110,0.646137,800
492224,641352,110,0.637324,800
490224,641352,109,0.643033,800
492408,641352,109,0.636947,800
496400,641352,109,0.625386,800
494336,641352,109,0.631520,800
496040,641352,109,0.626446,800
500088,641352,109,0.647284,800
497216,641352,110,0.655323,800
495056,641352,110,0.661259,800
495152,641352,110,0.660878,800
499224,641352,110,0.682845,800
496152,641352,111,0.690515,800
492592,641352,110,0.699174,800
496328,641352,109,0.690301,808
499880,641352,109,0.681261,808
500800,641352,109,0.678740,808
503536,641352,109,0.671260,808
504824,641352,109,0.667546,808
506848,641352,109,0.661617,808
506672,641352,109,0.662268,808
508392,641352,109,0.657059,808
506160,641352,109,0.663747,808
507240,641352,108,0.660612,808
504280,641352,109,0.669069,808
508088,641352,109,0.691515,808
507688,641352,109,0.692713,808
510440,641352,109,0.685071,808
508064,641352,108,0.691837,808
508448,641352,108,0.690676,808
506720,641352,109,0.695270,808
509912,641352,109,0.686541,808
506864,641352,108,0.695018,808
507992,641352,108,0.691901,808
506208,641352,107,0.696916,784
503672,641352,107,0.703466,784
500200,641352,108,0.711834,784
500976,641352,108,0.709891,784
502952,641352,108,0.705005,784
501672,641352,108,0.708229,784
500800,641352,108,0.710421,784
501152,641352,107,0.709529,808
502200,641352,106,0.706956,832
502936,641352,106,0.705045,832
502624,641352,107,0.705808,832
503040,641352,106,0.704770,840
500912,641352,106,0.710024,840
501232,641352,106,0.709148,840
499624,641352,107,0.712935,840
501520,641352,107,0.708344,840
497512,641352,107,0.717761,840
500608,641352,107,0.710516,840
499472,641352,107,0.713288,840
501648,641352,107,0.708037,840
501200,641352,108,0.709110,840
497232,641352,109,0.718281,840
500056,641352,109,0.711702,840
496864,641352,110,0.718996,840
496096,641352,111,0.720784,800
496128,641352,111,0.720608,800
498912,641352,111,0.714230,800
500496,641352,110,0.710478,824
498640,641352,111,0.714801,824
496416,641352,112,0.719813,824
494440,641352,111,0.724327,824
493984,641352,111,0.725505,776
496512,641352,111,0.719919,776
495464,641352,111,0.722323,776
493800,641352,111,0.725997,776
494136,641352,111,0.725181,776
491768,641352,110,0.730332,776
493944,641352,110,0.725692,776
495464,641352,110,0.722323,776
495400,641352,111,0.722549,736
495640,641352,110,0.721940,776
494448,641352,110,0.724618,776
497664,641352,110,0.717455,776
500832,641352,110,0.710024,776
499312,641352,110,0.713695,776
503360,641352,110,0.703902,776
500696,641352,111,0.710346,776
503000,641352,111,0.704671,776
499024,641352,112,0.714138,776
501544,641352,112,0.708095,776
500184,641352,113,0.711327,776
500088,641352,114,0.711552,776
496352,641352,114,0.720184,768
497928,641352,114,0.716552,768
498376,641352,114,0.715423,768
495608,641352,114,0.721713,768
499296,641352,114,0.713306,768
497640,641352,113,0.717311,768
498360,641352,112,0.715569,816
497072,641352,112,0.718585,816
500224,641352,112,0.711252,816
500424,641352,111,0.710780,816
500920,641352,111,0.709491,816
504792,641352,111,0.699851,816
504496,641352,111,0.700723,816
508232,641352,110,0.690913,840
508208,641352,110,0.691107,840
511744,641352,110,0.681151,840
508208,641352,110,0.691107,840
510416,641352,110,0.684914,840
508208,641352,110,0.691107,840
505424,641352,111,0.698421,840
501616,641352,111,0.676242,840
499304,641352,111,0.682415,840
500032,641352,111,0.680411,840
503176,641352,111,0.671897,840
505488,641352,111,0.665304,840
509224,641352,111,0.654163,840
508744,641352,110,0.655906,840
509568,641352,110,0.653260,840
507248,641352,111,0.660213,840
509320,641352,111,0.653871,840
508832,641352,111,0.655496,840
505672,641352,111,0.664916,840
501824,641352,111,0.675686,840
499608,641352,110,0.681756,840
500496,641352,110,0.679327,840
502792,641352,109,0.673141,864
502768,641352,109,0.673336,864
502920,641352,108,0.672858,888
506792,641352,108,0.661826,888
505416,641352,109,0.665782,888
508864,641352,109,0.655545,888
508384,641352,110,0.656987,888
511488,641352,110,0.647287,888
514864,641352,109,0.636108,936
514288,641352,109,0.638198,936
518096,641352,109,0.661679,936
517360,641352,109,0.664293,904
518416,641352,109,0.660747,904
517640,641352,109,0.663401,904
518416,641352,108,0.660799,936
517240,641352,107,0.664877,936
516416,641352,107,0.667617,936
519104,641352,107,0.658867,936
518064,641352,107,0.662401,936
521520,641352,107,0.685264,936
525360,641352,107,0.712553,936
524712,641352,108,0.714449,936
524168,641352,108,0.716158,936
520096,641352,109,0.727386,936
516880,641352,108,0.735883,936
513064,641352,107,0.745262,936
515208,641352,107,0.740090,936
511384,641352,108,0.748980,936
509352,641352,108,0.753565,936
512512,641352,108,0.746422,936
514000,641352,108,0.742853,936
516704,641352,108,0.736201,936
517840,641352,108,0.733232,936
518184,641352,108,0.732234,936
520112,641352,108,0.727089,936
517968,641352,108,0.732785,936
516624,641352,109,0.736161,936
515912,641352,109,0.738033,936
516520,641352,109,0.736419,936
518888,641352,109,0.730299,936
516368,641352,109,0.736795,936
513296,641352,108,0.744389,936
515040,641352,108,0.740148,936
513848,641352,107,0.743211,936
512960,641352,107,0.745391,936
514640,641352,107,0.741336,936
515680,641352,107,0.738716,936
518072,641352,107,0.732642,936
520072,641352,107,0.727322,936
516928,641352,107,0.735525,936
519600,641352,107,0.728567,936
516048,641352,108,0.737582,936
516512,641352,108,0.736320,936
514592,641352,108,0.741203,896
510616,641352,108,0.750462,896
512760,641352,107,0.745557,920
511448,641352,108,0.748639,880
513016,641352,108,0.744947,880
514464,641352,108,0.741431,880
511240,641352,108,0.748998,880
508304,641352,108,0.755523,880
510656,641352,108,0.750303,880
506944,641352,108,0.758386,880
508032,641352,108,0.755999,880
508616,641352,108,0.754651,880
505912,641352,108,0.760415,880
503024,641352,109,0.766180,880
502312,641352,109,0.767651,880
504120,641352,109,0.764025,880
506656,641352,109,0.758784,880
509192,641352,109,0.753305,880
508944,641352,110,0.753842,880
507008,641352,110,0.758052,880
505360,641352,110,0.761539,880
504568,641352,111,0.763229,832
506864,641352,111,0.758452,832
509824,641352,111,0.752032,832
510712,641352,111,0.749964,832
513720,641352,111,0.742966,832
509896,641352,111,0.751769,832
510224,641352,110,0.751011,848
509944,641352,110,0.751734,848
512200,641352,110,0.746568,848
510352,641352,109,0.750941,848
506480,641352,109,0.759314,848
506656,641352,108,0.758933,856
502672,641352,108,0.767003,856
498680,641352,108,0.774565,856
499984,641352,107,0.772104,896
499624,641352,106,0.772945,896
502784,641352,106,0.766895,896
506016,641352,106,0.760366,896
508320,641352,106,0.755455,896
505168,641352,105,0.762186,896
507856,641352,105,0.756541,896
505648,641352,106,0.761117,896
508624,641352,106,0.754805,896
504768,641352,106,0.762893,896
507536,641352,106,0.757114,896
503696,641352,106,0.732467,896
504280,641352,106,0.731044,896
501512,641352,106,0.737271,896
502784,641352,106,0.734389,896
502320,641352,106,0.735514,896
504744,641352,106,0.729989,896
503336,641352,105,0.733378,896
505696,641352,105,0.727911,896
505552,641352,105,0.728355,896
509344,641352,105,0.719187,896
508896,641352,106,0.720289,896
507136,641352,107,0.724533,896
506000,641352,107,0.727316,896
502624,641352,107,0.735163,848
500864,641352,107,0.739074,848
504552,641352,107,0.730863,848
506552,641352,107,0.726138,848
503704,641352,107,0.732771,848
499792,641352,107,0.741338,848
496280,641352,108,0.748505,840
495152,641352,108,0.750811,840
492480,641352,108,0.755987,840
492328,641352,109,0.756270,840
496424,641352,109,0.748314,840
493264,641352,109,0.754518,840
489672,641352,109,0.761196,840
487784,641352,109,0.764685,792
487200,641352,109,0.765775,792
486480,641352,109,0.767168,744
482792,641352,110,0.773261,744
485008,641352,110,0.769559,744
488272,641352,110,0.763920,744
488288,641352,110,0.763808,744
487552,641352,110,0.765169,744
491600,641352,109,0.757939,760
494736,641352,109,0.751956,760
492656,641352,109,0.755987,760
492160,641352,110,0.756908,760
488712,641352,110,0.763206,760
486904,641352,110,0.766419,760
487536,641352,110,0.765252,760
484592,641352,110,0.770301,760
482264,641352,110,0.774159,760
484472,641352,110,0.770499,760
481664,641352,111,0.775037,760
480176,641352,111,0.777443,760
479008,641352,111,0.779313,760
477008,641352,111,0.782391,760
478080,641352,111,0.780718,760
479776,641352,111,0.778062,760
483144,641352,111,0.772668,760
486264,641352,111,0.767426,760
486864,641352,111,0.766323,760
486104,641352,111,0.767696,760
482720,641352,111,0.773351,760
480552,641352,111,0.776859,760
482248,641352,111,0.774108,760
481448,641352,110,0.775530,760
481120,641352,111,0.776071,744
480704,641352,111,0.776809,736
481376,641352,111,0.775681,736
481888,641352,111,0.774796,736
479808,641352,112,0.778049,736
481000,641352,111,0.776134,776
484664,641352,111,0.770156,776
484648,641352,111,0.770262,776
484544,641352,111,0.770513,776
485288,641352,111,0.769200,776
486600,641352,111,0.766910,776
489352,641352,111,0.762049,776
490720,641352,111,0.759513,776
490568,641352,112,0.759832,752
489528,641352,111,0.761893,736
491744,641352,111,0.757807,736
494016,641352,111,0.753472,736
491872,641352,111,0.757572,736
488416,641352,111,0.737953,736
491800,641352,111,0.731133,736
495200,641352,111,0.723915,736
491464,641352,112,0.731768,712
489976,641352,112,0.734849,712
488352,641352,113,0.738061,696
486960,641352,113,0.740819,696
484976,641352,113,0.744612,696
482152,641352,113,0.749788,696
484360,641352,113,0.745740,696
482520,641352,113,0.749137,696
479984,641352,114,0.753559,696
478176,641352,114,0.756751,664
478592,641352,114,0.755974,664
480696,641352,114,0.752305,664
478520,641352,114,0.756095,664
481288,641352,114,0.751277,664
480240,641352,114,0.753216,640
476944,641352,115,0.758750,640
478688,641352,115,0.755772,640
474912,641352,115,0.762040,640
471856,641352,115,0.766896,640
468328,641352,115,0.772251,640
469008,641352,115,0.771181,640
466000,641352,115,0.775606,640
464280,641352,115,0.778089,640
465544,641352,115,0.776252,640
467144,641352,115,0.773901,640
467584,641352,115,0.773195,640
466248,641352,115,0.775185,640
467400,641352,115,0.773461,640
471304,641352,115,0.767593,640
469776,641352,114,0.770041,640
469528,641352,113,0.770553,640
467104,641352,113,0.774166,640
464536,641352,114,0.777800,640
462968,641352,113,0.780093,640
466896,641352,113,0.774533,640
467176,641352,113,0.774062,640
464088,641352,114,0.778455,616
465864,641352,114,0.775901,616
464640,641352,114,0.777689,616
465992,641352,114,0.775720,616
469384,641352,114,0.770731,616
471424,641352,114,0.767593,616
472296,641352,114,0.766183,616
470296,641352,114,0.769299,616
467232,641352,113,0.774004,576
469936,641352,113,0.769969,576
467744,641352,114,0.773195,576
470128,641352,114,0.769611,576
467256,641352,114,0.773901,576
468280,641352,114,0.772344,576
469192,641352,114,0.770932,576
466040,641352,114,0.775572,576
464056,641352,113,0.778489,576
461752,641352,113,0.781696,576
461872,641352,113,0.781470,576
464016,641352,113,0.778478,576
464968,641352,113,0.777085,576
465624,641352,113,0.776094,576
467344,641352,113,0.773566,576
468976,641352,113,0.771110,576
467392,641352,113,0.773496,576
470560,641352,113,0.768745,576
469288,641352,114,0.770648,576
471320,641352,114,0.767520,576
472328,641352,114,0.765899,576
469368,641352,114,0.770458,576
469392,641352,114,0.770351,576
472920,641352,114,0.764906,576
475400,641352,114,0.760898,576
473704,641352,115,0.763601,576
474904,641352,115,0.761618,576
478904,641352,115,0.754949,576
477608,641352,114,0.757284,576
481096,641352,114,0.751263,576
483840,641352,114,0.746293,576
481312,641352,113,0.750969,576
479008,641352,113,0.755016,576
481800,641352,113,0.750113,576
483688,641352,112,0.746670,616
484232,641352,112,0.745594,616
487168,641352,112,0.740028,616
483432,641352,111,0.747133,616
483960,641352,111,0.746090,616
485512,641352,110,0.743192,640
489440,641352,110,0.735577,640
489208,641352,109,0.736222,640
489176,641352,110,0.736285,640
491688,641352,110,0.731166,640
493320,641352,110,0.727697,640
494504,641352,110,0.725096,640
492488,641352,111,0.729327,640
488680,641352,110,0.678033,640
489624,641352,109,0.675687,672
489448,641352,110,0.676132,664
491368,641352,110,0.671308,664
491776,641352,110,0.670170,664
495240,641352,110,0.661132,664
494832,641352,111,0.662208,664
496040,641352,111,0.658875,664
498304,641352,111,0.652566,664
500688,641352,111,0.645673,664
498304,641352,111,0.652566,664
502184,641352,111,0.641295,664
505400,641352,111,0.631357,664
504096,641352,112,0.635515,624
507248,641352,112,0.625457,624
507160,641352,113,0.625741,624
506648,641352,113,0.627538,624
506848,641352,113,0.626745,624
503728,641352,113,0.636637,624
507688,641352,113,0.624030,624
507104,641352,113,0.626076,624
506216,641352,114,0.628913,624
505872,641352,114,0.630152,624
505464,641352,114,0.631583,624
504512,641352,114,0.634681,624
505640,641352,114,0.631032,624
505008,641352,114,0.633151,624
504480,641352,114,0.634927,624
502120,641352,113,0.642311,624
502680,641352,113,0.640511,624
505488,641352,113,0.631807,624
507864,641352,113,0.624083,624
508896,641352,113,0.620535,624
511584,641352,113,0.611242,624
512048,641352,113,0.609453,624
509248,641352,113,0.619205,624
512136,641352,113,0.609143,624
513136,641352,112,0.605451,664
511584,641352,113,0.611020,640
511632,641352,113,0.610685,640
508944,641352,114,0.619845,640
507888,641352,114,0.623483,640
510840,641352,114,0.613429,640
508304,641352,114,0.622120,640
508040,641352,114,0.623143,640
510184,641352,114,0.615836,640
510496,641352,113,0.614664,672
510624,641352,113,0.614061,672
509464,641352,113,0.618160,672
507168,641352,114,0.625793,648
510648,641352,114,0.614061,648
514592,641352,114,0.599867,648
513824,641352,113,0.603027,648
515592,641352,113,0.596327,648
513008,641352,114,0.605794,648
513792,641352,114,0.602795,648
514992,641352,114,0.598209,648
516288,641352,114,0.593150,648
519248,641352,114,0.581354,648
519312,641352,113,0.581096,648
518536,641352,113,0.584399,648
517928,641352,114,0.586803,648
520296,641352,114,0.577082,648
517128,641352,115,0.589738,648
516440,641352,116,0.592387,648
514744,641352,116,0.598951,648
510872,641352,117,0.612795,648
511192,641352,117,0.611521,648
513984,641352,117,0.601395,648
511600,641352,117,0.610098,648
509920,641352,117,0.616054,648
511360,641352,117,0.610936,648
514128,641352,117,0.600868,648
516912,641352,117,0.590202,648
516384,641352,117,0.592417,648
514576,641352,117,0.599395,648
513112,641352,116,0.605077,648
510160,641352,117,0.615401,648
511776,641352,117,0.609649,648
515168,641352,117,0.629099,648
519000,641352,117,0.652582,648
522224,641352,117,0.673792,648
523192,641352,117,0.670466,648
526232,641352,117,0.691906,648
523136,641352,118,0.701477,648
520384,641352,118,0.709635,648
521400,641352,118,0.706588,648
521848,641352,118,0.705145,648
521728,641352,118,0.705636,648
523088,641352,118,0.701477,648
519216,641352,118,0.712774,648
516864,641352,118,0.719278,648
520232,641352,118,0.709929,648
518360,641352,118,0.715259,648
514528,641352,119,0.725332,648
515208,641352,119,0.723474,648
517304,641352,119,0.717851,648
517176,641352,119,0.718322,648
515792,641352,120,0.721965,648
513696,641352,120,0.727426,648
513896,641352,119,0.726825,688
517936,641352,119,0.755171,688
514672,641352,118,0.762775,688
512360,641352,117,0.767940,688
515984,641352,116,0.760042,704
515008,641352,116,0.762318,704
513704,641352,117,0.765154,704
512920,641352,117,0.766928,704
512136,641352,117,0.768676,704
509176,641352,116,0.774877,704
509216,641352,116,0.774703,704
510984,641352,116,0.771053,704
509904,641352,116,0.773334,704
510848,641352,116,0.771331,704
513624,641352,116,0.765428,704
514616,641352,116,0.763177,704
514448,641352,117,0.763544,704
516352,641352,117,0.759213,704
516576,641352,116,0.758652,728
518208,641352,116,0.754778,728
518624,641352,116,0.753686,728
516448,641352,116,0.758833,728
518080,641352,116,0.754965,728
515936,641352,116,0.760042,704
519296,641352,116,0.752144,704
522976,641352,116,0.742887,704
520600,641352,116,0.748983,704
518592,641352,116,0.753931,704
519640,641352,116,0.751318,704
522560,641352,116,0.743954,704
521112,641352,116,0.747719,704
522576,641352,116,0.743913,704
518488,641352,117,0.753950,704
522144,641352,117,0.744891,704
518848,641352,117,0.753098,704
516592,641352,117,0.758452,704
512688,641352,117,0.767114,704
515856,641352,117,0.760114,704
517088,641352,117,0.757209,704
517304,641352,117,0.756601,704
516656,641352,117,0.758215,696
520672,641352,117,0.748589,696
520440,641352,117,0.749336,672
517520,641352,117,0.756398,672
516344,641352,118,0.759087,672
517688,641352,118,0.755897,672
514552,641352,118,0.763072,672
517184,641352,118,0.757062,672
520968,641352,118,0.747918,672
524568,641352,118,0.775713,672
520568,641352,117,0.784697,672
519656,641352,117,0.786700,672
522952,641352,117,0.779558,672
526448,641352,117,0.771448,672
524360,641352,117,0.776406,672
523232,641352,116,0.779151,672
523704,641352,115,0.778100,672
524776,641352,115,0.775567,672
521008,641352,115,0.783970,672
523224,641352,115,0.779062,672
521408,641352,115,0.783119,672
525112,641352,115,0.813175,672
523072,641352,115,0.817082,672
520304,641352,115,0.822099,672
520968,641352,114,0.820899,696
520048,641352,114,0.822583,696
516424,641352,115,0.828642,680
517456,641352,115,0.826888,680
519032,641352,115,0.824182,680
521712,641352,115,0.819440,680
517720,641352,115,0.826375,680
521720,641352,115,0.819426,680
520352,641352,115,0.821919,680
516568,641352,115,0.828333,680
520568,641352,115,0.821543,680
521632,641352,115,0.819583,680
520640,641352,115,0.821417,680
522304,641352,115,0.818377,680
520632,641352,115,0.821431,680
518648,641352,115,0.824910,680
517648,641352,116,0.826572,680
514960,641352,115,0.831039,680
514760,641352,116,0.831413,640
517184,641352,116,0.827477,640
514072,641352,116,0.832477,640
517512,641352,116,0.826941,640
519568,641352,116,0.823420,640
522928,641352,116,0.817404,640
520120,641352,116,0.822473,640
517376,641352,116,0.827163,640
517512,641352,115,0.826862,688
517912,641352,115,0.826123,688
515952,641352,115,0.829385,688
517632,641352,115,0.826586,688
517032,641352,115,0.827646,688
515696,641352,115,0.829868,688
516384,641352,115,0.828694,688
519656,641352,114,0.823215,720
516128,641352,114,0.829142,712
512248,641352,114,0.835198,712
511936,641352,114,0.835779,680
514840,641352,113,0.831326,712
513608,641352,113,0.833297,712
516712,641352,113,0.828359,712
519944,641352,113,0.822900,712
521936,641352,113,0.819326,712
525888,641352,113,0.853082,712
528552,641352,113,0.848860,712
525184,641352,113,0.854139,712
524984,641352,113,0.854508,712
522768,641352,114,0.857724,712
524352,641352,114,0.855370,712
527920,641352,114,0.849865,712
532016,641352,114,0.888625,712
528624,641352,114,0.892687,712
530424,641352,114,0.890543,712
528792,641352,114,0.892496,712
529040,641352,113,0.892175,744
527320,641352,113,0.894169,744
530864,641352,113,0.890038,744
530704,641352,114,0.890229,744
530952,641352,114,0.889876,744
529880,641352,115,0.891145,744
532016,641352,114,0.888527,792
531880,641352,115,0.888752,744
528904,641352,115,0.892331,744
525216,641352,115,0.896447,744
527848,641352,115,0.893527,744
528688,641352,115,0.892523,744
531912,641352,115,0.888654,744
530336,641352,115,0.890609,744
532128,641352,115,0.888389,744
528768,641352,115,0.892432,744
526496,641352,116,0.894968,744
522568,641352,115,0.899179,744
520200,641352,114,0.901595,744
521176,641352,114,0.900605,744
518528,641352,115,0.903125,744
514768,641352,114,0.906573,744
514552,641352,114,0.906800,744
518128,641352,114,0.903582,744
514728,641352,114,0.906649,744
514376,641352,114,0.907013,720
513368,641352,114,0.907906,720
511152,641352,113,0.909804,720
509016,641352,114,0.911526,672
505656,641352,114,0.914086,672
502216,641352,114,0.916557,672
505192,641352,114,0.914423,672
504320,641352,114,0.915084,672
502752,641352,115,0.916186,672
498712,641352,116,0.918900,672
496984,641352,116,0.920053,648
493768,641352,115,0.922092,648
495544,641352,114,0.920992,680
496088,641352,114,0.920625,680
493656,641352,114,0.922139,680
496064,641352,114,0.920640,680
492016,641352,114,0.923119,664
491576,641352,114,0.923403,664
490112,641352,115,0.924242,664
492672,641352,115,0.922734,664
492032,641352,116,0.923110,664
491344,641352,116,0.923537,664
488680,641352,116,0.925073,664
484632,641352,116,0.927278,664
485968,641352,116,0.926547,664
484224,641352,115,0.927515,664
483024,641352,115,0.928158,664
486824,641352,115,0.926140,664
490696,641352,115,0.923965,664
493544,641352,115,0.922273,664
489504,641352,115,0.924644,656
489664,641352,114,0.924541,680
490648,641352,114,0.923956,680
492776,641352,114,0.922691,680
495736,641352,114,0.920873,680
493208,641352,114,0.922435,680
495864,641352,114,0.920794,680
493720,641352,115,0.922101,680
493520,641352,116,0.922221,680
494072,641352,116,0.921861,680
497736,641352,116,0.919555,680
501432,641352,116,0.917087,680
501960,641352,115,0.916711,704
498472,641352,115,0.919066,704
500072,641352,115,0.917985,704
503176,641352,115,0.915835,704
504504,641352,115,0.914861,704
504632,641352,115,0.914734,704
501880,641352,114,0.916732,704
502840,641352,113,0.916064,712
501640,641352,113,0.916924,712
503752,641352,113,0.915424,712
504168,641352,113,0.915095,712
507200,641352,113,0.912843,712
510536,641352,113,0.910226,712
513216,641352,113,0.908000,712
516048,641352,113,0.905527,712
515344,641352,113,0.906185,712
515024,641352,114,0.906463,712
514040,641352,114,0.907346,712
516808,641352,114,0.904894,712
515128,641352,114,0.906414,712
515656,641352,114,0.905913,712
513752,641352,114,0.907590,712
510648,641352,113,0.910214,712
510504,641352,113,0.910366,712
507400,641352,113,0.912801,712
506056,641352,113,0.913834,712
508168,641352,113,0.912220,712
506096,641352,113,0.913805,712
503120,641352,113,0.915969,712
501352,641352,112,0.917250,712
504240,641352,112,0.915214,712
502888,641352,111,0.916231,712
501008,641352,111,0.917547,712
498824,641352,110,0.919050,712
502840,641352,110,0.916330,712
500200,641352,109,0.918181,712
503080,641352,108,0.916220,728
505824,641352,108,0.914237,728
509480,641352,108,0.911458,728
509896,641352,108,0.911097,728
511376,641352,108,0.909887,728
507424,641352,109,0.912951,728
505400,641352,109,0.914475,728
503272,641352,110,0.915986,728
502184,641352,111,0.916738,728
505328,641352,111,0.914492,728
502936,641352,111,0.916242,696
504344,641352,111,0.915220,696
503928,641352,111,0.915548,696
506608,641352,111,0.913581,696
508328,641352,111,0.912256,696
509832,641352,111,0.911060,696
506952,641352,112,0.913267,680
510472,641352,112,0.910531,680
513784,641352,112,0.907792,680
510512,641352,112,0.910525,648
507280,641352,113,0.913011,648
507152,641352,113,0.913142,648
507944,641352,113,0.912511,648
507416,641352,113,0.912945,648
509424,641352,113,0.911377,648
511592,641352,113,0.909623,648
507896,641352,114,0.912511,648
510456,641352,114,0.910493,648
512000,641352,114,0.909215,648
508952,641352,114,0.911668,648
512040,641352,114,0.909182,648
508080,641352,113,0.912372,648
511672,641352,113,0.909520,648
510832,641352,113,0.910233,648
508032,641352,113,0.912445,648
509664,641352,113,0.911153,648
511712,641352,113,0.909488,648
513896,641352,113,0.907644,648
514680,641352,113,0.906937,648
517960,641352,113,0.903999,648
514808,641352,112,0.906869,648
515488,641352,111,0.906262,672
515800,641352,110,0.905983,680
515256,641352,110,0.906497,680
518816,641352,110,0.903273,680
515968,641352,110,0.905878,680
513408,641352,110,0.908107,680
511144,641352,110,0.909996,680
510424,641352,110,0.910607,680
511696,641352,109,0.909552,728
514520,641352,109,0.907170,728
513848,641352,109,0.907779,728
513432,641352,109,0.908167,728
516992,641352,109,0.905059,728
521016,641352,109,0.901288,728
522752,641352,109,0.899539,728
518656,641352,108,0.903553,728
522216,641352,108,0.900118,728
521272,641352,108,0.901087,728
521448,641352,107,0.900893,752
525536,641352,106,0.896718,792
526000,641352,105,0.896175,840
529128,641352,105,0.892678,840
530256,641352,105,0.891323,840
529712,641352,106,0.891954,840
526680,641352,106,0.895394,840
528776,641352,105,0.893068,848
530304,641352,105,0.891258,848
530992,641352,105,0.890391,848
529392,641352,105,0.892313,848
531080,641352,105,0.890286,848
534424,641352,105,0.886098,848
537128,641352,105,0.882457,848
540280,641352,105,0.877919,848
536648,641352,105,0.883108,848
539488,641352,105,0.879075,848
535920,641352,105,0.884083,848
534832,641352,106,0.885562,808
537376,641352,106,0.882106,808
535320,641352,107,0.884864,808
535864,641352,106,0.884147,808
538072,641352,106,0.881075,808
537520,641352,106,0.881908,808
539888,641352,106,0.878482,808
537104,641352,106,0.882479,808
540864,641352,106,0.877041,808
538696,641352,106,0.880265,808
541328,641352,106,0.876344,808
538880,641352,106,0.880004,808
541712,641352,106,0.875761,808
538480,641352,106,0.880570,808
536896,641352,106,0.882860,784
537968,641352,106,0.881321,784
534984,641352,105,0.885458,784
531224,641352,105,0.890191,784
534304,641352,105,0.886333,784
532568,641352,105,0.888566,784
534352,641352,105,0.886272,784
537952,641352,105,0.881410,784
539880,641352,105,0.878599,784
536664,641352,104,0.883238,784
539848,641352,104,0.878715,784
537744,641352,104,0.881765,784
540640,641352,104,0.877553,784
536544,641352,103,0.789682,784
536608,641352,102,0.789469,808
533720,641352,102,0.796361,808
534344,641352,102,0.794823,808
530328,641352,103,0.803680,808
528032,641352,103,0.808505,808
531912,641352,103,0.800280,808
528616,641352,103,0.807326,808
532560,641352,103,0.798855,808
534288,641352,103,0.794842,808
531760,641352,103,0.800611,808
533280,641352,103,0.797139,808
531096,641352,103,0.802046,808
527432,641352,103,0.809702,808
528672,641352,103,0.807114,808
530904,641352,103,0.802355,808
529568,641352,102,0.805371,808
529120,641352,103,0.806296,808
532392,641352,103,0.799226,808
531616,641352,104,0.800994,776
528056,641352,105,0.808425,776
527736,641352,105,0.809162,776
527488,641352,106,0.809718,744
528520,641352,106,0.807553,744
531640,641352,106,0.800907,744
533288,641352,106,0.797157,744
536152,641352,106,0.790377,744
536912,641352,105,0.788415,792
535264,641352,105,0.792492,792
532560,641352,105,0.798784,792
531016,641352,105,0.802252,792
530120,641352,105,0.804253,792
530072,641352,106,0.804353,792
526128,641352,107,0.812284,792
527624,641352,107,0.809257,792
529552,641352,107,0.805238,792
526808,641352,107,0.810869,792
523680,641352,107,0.816891,792
521568,641352,107,0.820772,792
525472,641352,107,0.813541,792
527984,641352,107,0.808537,792
531128,641352,106,0.801995,800
530096,641352,106,0.804286,800
533064,641352,106,0.797750,800
536120,641352,106,0.790550,800
532464,641352,107,0.798979,800
531672,641352,107,0.800820,800
529880,641352,107,0.804738,800
531920,641352,106,0.800385,800
533240,641352,105,0.797445,808
531032,641352,104,0.802492,808
534496,641352,104,0.794694,808
533840,641352,105,0.796197,808
534952,641352,105,0.793524,808
534400,641352,106,0.794805,808
531712,641352,106,0.800924,808
530968,641352,105,0.802730,808
529336,641352,105,0.806246,808
525480,641352,105,0.813952,808
528088,641352,105,0.808778,808
531608,641352,105,0.801357,808
534000,641352,105,0.795942,808
536064,641352,105,0.791011,808
535648,641352,105,0.792114,808
537928,641352,104,0.786476,848
541976,641352,104,0.775737,848
542568,641352,104,0.773960,848
538888,641352,104,0.783930,848
537888,641352,104,0.786675,808
538872,641352,104,0.784073,808
534880,641352,104,0.793916,808
538752,641352,104,0.784379,808
539480,641352,103,0.782509,808
543440,641352,103,0.771609,808
540808,641352,103,0.779015,808
539784,641352,103,0.781844,808
535736,641352,103,0.792020,808
533056,641352,102,0.798393,808
536656,641352,102,0.789934,808
535336,641352,103,0.793094,800
537600,641352,103,0.787529,800
537776,641352,103,0.786974,800
540952,641352,103,0.778650,800
537432,641352,104,0.787707,800
539992,641352,104,0.781070,800
539712,641352,104,0.781928,800
539880,641352,104,0.781364,800
543800,641352,104,0.820330,800
542824,641352,103,0.822718,800
544936,641352,102,0.817913,816
544248,641352,102,0.819604,816
543464,641352,103,0.821371,816
542256,641352,102,0.824235,816
540728,641352,103,0.827476,816
542416,641352,103,0.823785,816
545848,641352,103,0.815887,816
546528,641352,103,0.814145,816
548160,641352,103,0.809995,816
549656,641352,103,0.806014,816
550840,641352,103,0.802716,816
549256,641352,103,0.807061,816
552776,641352,102,0.797438,816
549576,641352,102,0.806350,816
553400,641352,102,0.850984,816
550176,641352,103,0.857549,816
546616,641352,104,0.864158,816
546456,641352,105,0.864483,792
543688,641352,106,0.869190,792
544832,641352,106,0.867203,792
546680,641352,106,0.863916,792
544008,641352,107,0.868503,792
541744,641352,107,0.872230,792
541400,641352,106,0.872915,792
538920,641352,107,0.876645,792
538376,641352,108,0.877434,792
539024,641352,108,0.876423,792
540928,641352,108,0.873495,792
542808,641352,108,0.870464,792
543040,641352,108,0.870012,792
546544,641352,108,0.863987,792
546896,641352,108,0.863274,792
549488,641352,108,0.858370,792
547560,641352,108,0.862073,792
543968,641352,109,0.868331,792
545056,641352,108,0.866496,792
549016,641352,108,0.913382,792
545896,641352,109,0.916883,792
542400,641352,108,0.920578,792
543968,641352,108,0.918957,792
546320,641352,108,0.916424,792
545640,641352,109,0.917157,792
545736,641352,109,0.917003,792
542776,641352,110,0.920064,792
540880,641352,111,0.921908,792
538784,641352,112,0.923858,784
541368,641352,112,0.921403,784
539960,641352,112,0.922781,784
542840,641352,112,0.919960,784
539952,641352,111,0.922833,784
540816,641352,110,0.921977,832
544568,641352,110,0.918197,832
547648,641352,110,0.914799,832
546984,641352,111,0.915570,808
547744,641352,111,0.914663,808
543992,641352,111,0.918768,808
542488,641352,111,0.920334,808
541192,641352,111,0.921680,768
541256,641352,111,0.921572,768
541592,641352,110,0.921249,768
542144,641352,110,0.920665,768
539512,641352,110,0.923209,768
539592,641352,110,0.923092,768
535648,641352,110,0.889174,768
536248,641352,110,0.888346,768
535568,641352,110,0.889275,768
535928,641352,110,0.888756,768
535464,641352,111,0.889406,720
537552,641352,111,0.886642,720
535624,641352,112,0.889143,720
538264,641352,112,0.917359,720
538088,641352,112,0.917601,696
537912,641352,112,0.917817,696
540592,641352,112,0.922181,696
543384,641352,112,0.919405,696
541808,641352,113,0.920970,696
544504,641352,113,0.918205,696
541544,641352,113,0.921226,696
539120,641352,113,0.923546,696
541344,641352,113,0.921419,696
540424,641352,113,0.922339,696
542808,641352,113,0.919984,696
542824,641352,113,0.919920,696
540312,641352,113,0.922400,696
541304,641352,113,0.921411,696
539672,641352,113,0.922996,696
541688,641352,113,0.921040,696
539680,641352,113,0.922988,696
540832,641352,113,0.921863,696
538272,641352,112,0.924311,696
539880,641352,112,0.922803,696
537056,641352,111,0.925423,696
539256,641352,111,0.923422,696
535464,641352,112,0.926738,696
532184,641352,112,0.929420,696
536184,641352,112,0.954039,696
539896,641352,112,0.951959,696
537688,641352,111,0.934520,696
540544,641352,111,0.932215,696
538696,641352,111,0.933738,696
538728,641352,111,0.933675,696
535152,641352,111,0.936408,696
534112,641352,111,0.937185,696
534048,641352,111,0.937264,696
530544,641352,111,0.939669,696
528768,641352,111,0.940833,696
528088,641352,111,0.941285,696
531952,641352,111,0.956289,696
534384,641352,111,0.955069,696
530584,641352,111,0.948908,696
530232,641352,111,0.949128,696
528144,641352,111,0.950269,696
524544,641352,111,0.936974,696
526992,641352,111,0.935342,696
523328,641352,111,0.937740,696
519960,641352,110,0.921591,696
521640,641352,110,0.920261,696
519376,641352,109,0.922067,696
521600,641352,109,0.920330,696
517584,641352,109,0.923385,696
521208,641352,109,0.920635,696
517768,641352,109,0.923251,696
521832,641352,109,0.920148,696
522824,641352,109,0.919323,696
520712,641352,110,0.920981,696
520736,641352,110,0.920926,696
521648,641352,110,0.920179,696
522816,641352,110,0.919214,696
524200,641352,110,0.918046,696
527256,641352,110,0.915396,696
526632,641352,110,0.915984,696
529280,641352,110,0.923450,696
531648,641352,110,0.921430,696
534064,641352,110,0.919256,696
531432,641352,111,0.921574,696
533112,641352,111,0.920068,696
529648,641352,111,0.923070,696
532592,641352,110,0.920555,712
528888,641352,111,0.923678,712
529120,641352,111,0.923450,712
529888,641352,110,0.922793,744
528200,641352,111,0.924167,744
528352,641352,111,0.924007,744
525384,641352,111,0.926354,744
526088,641352,110,0.925819,744
525736,641352,109,0.926160,744
528360,641352,108,0.924109,752
525992,641352,108,0.925996,752
527576,641352,108,0.924732,752
525648,641352,109,0.926221,752
526776,641352,109,0.925320,752
523912,641352,109,0.927512,752
526816,641352,109,0.925289,752
523936,641352,110,0.927459,752
527168,641352,109,0.925015,752
524232,641352,108,0.927312,752
522624,641352,109,0.928475,752
524000,641352,109,0.927447,752
523136,641352,110,0.928109,704
525248,641352,109,0.926558,704
525184,641352,109,0.926642,704
522592,641352,109,0.928566,704
522848,641352,109,0.928349,704
526936,641352,109,0.925270,704
524712,641352,109,0.926994,704
525608,641352,109,0.926287,704
525688,641352,109,0.926190,704
525464,641352,108,0.926450,680
522560,641352,108,0.928605,680
519968,641352,108,0.930429,680
523896,641352,108,0.927646,680
526336,641352,108,0.925788,680
528360,641352,108,0.924167,680
525176,641352,108,0.926666,680
528448,641352,108,0.934228,680
524528,641352,108,0.922285,680
520816,641352,108,0.925137,680
522288,641352,108,0.924010,680
526000,641352,108,0.921070,680
524112,641352,108,0.922611,680
521744,641352,108,0.924452,680
520912,641352,108,0.925102,680
521904,641352,107,0.924351,704
522688,641352,107,0.923725,704
519632,641352,107,0.926009,704
521648,641352,107,0.924506,704
524272,641352,107,0.922467,704
523960,641352,107,0.922755,696
527560,641352,107,0.919809,696
525520,641352,108,0.921484,696
528896,641352,108,0.918632,696
527904,641352,108,0.919520,696
525344,641352,108,0.921702,648
528320,641352,108,0.919208,648
525344,641352,108,0.921702,648
525776,641352,108,0.921316,648
526144,641352,108,0.920979,648
524400,641352,108,0.922411,648
528480,641352,108,0.919031,648
527216,641352,107,0.920176,648
528328,641352,107,0.919201,648
528248,641352,108,0.919269,648
528384,641352,107,0.919126,680
526392,641352,108,0.920790,680
523656,641352,107,0.923040,680
520976,641352,107,0.925090,680
521960,641352,107,0.924327,680
523008,641352,107,0.923500,680
524936,641352,107,0.921963,680
524896,641352,108,0.921994,680
524744,641352,109,0.922115,680
526856,641352,109,0.920369,680
524936,641352,110,0.921925,680
526056,641352,110,0.920985,680
525064,641352,111,0.921804,656
527808,641352,111,0.919513,656
527984,641352,110,0.919324,704
526512,641352,109,0.920632,704
523832,641352,110,0.922773,704
522144,641352,110,0.924100,704
524352,641352,110,0.922367,704
525168,641352,110,0.921682,704
526304,641352,110,0.920724,704
523912,641352,110,0.922674,704
527824,641352,110,0.919459,704
525472,641352,111,0.921400,704
527000,641352,111,0.920110,704
523848,641352,111,0.922686,704
525896,641352,111,0.921018,704
522368,641352,111,0.923822,704
522992,641352,110,0.923335,720
522232,641352,111,0.923949,672
521504,641352,112,0.924494,672
523776,641352,112,0.922730,672
525136,641352,112,0.921618,672
524776,641352,112,0.921944,672
525168,641352,112,0.921593,672
523648,641352,111,0.922867,672
527000,641352,111,0.920137,672
525224,641352,112,0.921612,640
526520,641352,112,0.920520,640
522960,641352,113,0.923347,640
526584,641352,113,0.920428,640
525600,641352,114,0.921232,640
527744,641352,114,0.919419,640
525600,641352,114,0.921232,640
527408,641352,114,0.919702,640
524784,641352,114,0.921886,640
523520,641352,114,0.922916,640
526768,641352,114,0.920276,640
529424,641352,114,0.917971,640
529024,641352,114,0.918362,640
526256,641352,115,0.920698,640
527744,641352,115,0.919419,640
530968,641352,114,0.916594,640
529168,641352,113,0.918279,640
533136,641352,113,0.914627,640
530704,641352,113,0.916919,640
530112,641352,112,0.917534,640
528928,641352,113,0.918570,640
528456,641352,113,0.919017,640
524528,641352,113,0.922279,640
528520,641352,113,0.918962,640
527392,641352,112,0.919997,640
530760,641352,112,0.917042,640
530360,641352,113,0.917399,640
533560,641352,113,0.914406,640
529736,641352,113,0.876540,640
530032,641352,113,0.876084,640
529480,641352,112,0.876940,640
526368,641352,111,0.881009,640
523928,641352,111,0.883985,640
522784,641352,111,0.885358,640
525664,641352,111,0.881925,640
526736,641352,111,0.880556,640
525136,641352,111,0.882559,640
523416,641352,111,0.884634,640
525296,641352,111,0.882367,640
527608,641352,111,0.879469,640
526224,641352,111,0.881244,640
526648,641352,111,0.880665,640
525176,641352,111,0.882511,640
529216,641352,111,0.877411,640
526272,641352,112,0.881147,624
529696,641352,112,0.876740,624
527552,641352,112,0.879559,624
531360,641352,111,0.874522,664
533144,641352,111,0.871972,664
530488,641352,111,0.875700,664
534208,641352,111,0.912731,664
533424,641352,112,0.913492,664
536504,641352,111,0.910382,704
539424,641352,110,0.907243,720
542368,641352,109,0.903848,736
540160,641352,109,0.906458,736
540856,641352,109,0.905613,736
540624,641352,108,0.905987,736
541136,641352,108,0.905346,736
540712,641352,108,0.905887,736
541864,641352,108,0.904500,736
542600,641352,108,0.903571,736
539232,641352,108,0.907490,736
540520,641352,108,0.905996,736
543976,641352,107,0.901848,776
543584,641352,107,0.902390,776
545296,641352,107,0.900185,776
541416,641352,106,0.905032,776
538720,641352,106,0.908111,776
542712,641352,106,0.903504,776
542464,641352,106,0.903858,776
543736,641352,106,0.902262,776
546256,641352,106,0.899002,776
548816,641352,106,0.895461,776
547632,641352,107,0.897099,776
550480,641352,106,0.893058,784
548816,641352,106,0.895518,784
551792,641352,106,0.933445,784
550112,641352,106,0.935018,784
552296,641352,106,0.932972,784
550080,641352,106,0.935046,784
546120,641352,106,0.938420,784
543560,641352,106,0.940433,784
545264,641352,106,0.939096,784
547896,641352,106,0.936929,784
548688,641352,106,0.936218,784
547552,641352,107,0.937176,784
551152,641352,107,0.933993,784
548880,641352,108,0.936012,784
545872,641352,108,0.938541,784
547120,641352,107,0.937526,792
545488,641352,108,0.938839,792
542832,641352,108,0.940896,792
543208,641352,107,0.940588,832
541136,641352,107,0.942122,832
545160,641352,107,0.939102,832
546136,641352,107,0.938292,832
549672,641352,107,0.956744,832
548360,641352,107,0.957531,832
549992,641352,106,0.956584,832
545912,641352,106,0.937474,832
544184,641352,106,0.938879,832
543224,641352,107,0.939618,824
545136,641352,107,0.938102,824
545424,641352,106,0.937841,864
548960,641352,106,0.957169,864
547248,641352,106,0.958162,864
546008,641352,106,0.958860,864
546344,641352,106,0.958654,864
546688,641352,106,0.958442,864
543456,641352,106,0.952123,864
542344,641352,106,0.952810,864
542368,641352,105,0.952782,888
542216,641352,106,0.952870,888
540512,641352,106,0.953868,888
542080,641352,106,0.952949,888
542360,641352,106,0.952758,888
538312,641352,107,0.952278,888
535568,641352,107,0.941107,888
537624,641352,107,0.952662,888
539240,641352,107,0.951722,888
536136,641352,106,0.950005,888
540208,641352,106,0.951187,888
536248,641352,106,0.940462,888
539752,641352,106,0.937926,888
540016,641352,106,0.937693,888
538128,641352,106,0.939140,848
534256,641352,106,0.934358,848
535592,641352,106,0.933321,848
531728,641352,106,0.932412,848
528184,641352,105,0.934998,848
525104,641352,106,0.937062,808
521136,641352,106,0.939064,808
524768,641352,106,0.936790,808
524904,641352,105,0.936672,856
521760,641352,105,0.938661,856
522456,641352,105,0.938209,856
524360,641352,105,0.936989,856
527272,641352,105,0.935045,856
524704,641352,106,0.936739,856
524272,641352,107,0.937015,856
520960,641352,107,0.939084,856
522792,641352,107,0.937943,856
523776,641352,107,0.937299,856
526416,641352,106,0.935583,864
530288,641352,106,0.932862,864
529120,641352,106,0.933730,864
525600,641352,106,0.936153,864
527104,641352,106,0.935121,864
529400,641352,106,0.933498,864
525896,641352,106,0.935927,864
521824,641352,106,0.938531,864
522320,641352,106,0.938199,864
526336,641352,106,0.935604,864
524960,641352,106,0.936538,864
528072,641352,106,0.934428,864
527040,641352,106,0.935164,864
526808,641352,106,0.935353,864
527728,641352,106,0.934697,864
526200,641352,106,0.935758,864
528608,641352,106,0.934089,864
530392,641352,106,0.932787,864
529056,641352,105,0.933809,864
525056,641352,105,0.936538,864
521328,641352,105,0.938888,864
518424,641352,105,0.940607,864
517632,641352,105,0.941079,864
518392,641352,105,0.940625,864
520640,641352,105,0.939297,864
519008,641352,106,0.940247,864
522536,641352,106,0.938125,864
526192,641352,106,0.935763,864
527600,641352,106,0.934784,864
531200,641352,106,0.932196,864
529184,641352,106,0.933685,864
529248,641352,106,0.933606,864
525712,641352,106,0.910106,864
521688,641352,107,0.913671,864
518216,641352,107,0.916565,864
515824,641352,107,0.918460,864
513712,641352,107,0.920067,864
511192,641352,107,0.921897,864
513056,641352,107,0.920543,864
516768,641352,107,0.917737,864
520536,641352,107,0.914680,864
517480,641352,108,0.917146,864
518760,641352,107,0.916105,896
518064,641352,107,0.916698,896
516152,641352,107,0.918223,896
512280,641352,108,0.921075,896
512664,641352,107,0.920767,944
512704,641352,107,0.920704,944
516200,641352,107,0.918076,944
512824,641352,107,0.920618,944
513160,641352,107,0.920340,944
517120,641352,107,0.917327,944
515216,641352,107,0.918823,944
513568,641352,107,0.920079,944
509968,641352,107,0.922653,944
508240,641352,108,0.923815,944
508896,641352,107,0.923352,984
506016,641352,107,0.925266,984
507704,641352,107,0.924143,984
506808,641352,108,0.924727,984
506936,641352,107,0.924628,1008
509744,641352,107,0.922730,1008
511464,641352,106,0.921534,1016
512920,641352,106,0.920462,1016
515856,641352,106,0.918247,1016
516352,641352,106,0.917830,1016
513104,641352,106,0.920294,1016
513792,641352,106,0.919757,1016
513448,641352,107,0.920009,1016
513184,641352,108,0.920201,1016
510040,641352,108,0.922461,1008
514048,641352,107,0.919580,1048
511256,641352,107,0.921623,1048
511672,641352,107,0.921297,1048
514040,641352,107,0.919550,1048
513704,641352,108,0.919798,1048
516352,641352,108,0.917768,1048
514520,641352,108,0.919194,1048
516712,641352,108,0.917489,1048
520032,641352,108,0.914786,1048
518104,641352,109,0.916355,1048
516600,641352,110,0.917539,1048
516424,641352,111,0.917712,1000
512888,641352,111,0.920393,1000
516792,641352,111,0.917427,1000
512920,641352,111,0.920369,1000
511848,641352,112,0.921138,1000
512392,641352,112,0.920715,1000
509168,641352,112,0.922996,1000
510472,641352,112,0.922070,1000
512624,641352,112,0.920514,1000
513744,641352,112,0.919663,1000
511520,641352,113,0.921268,1000
510456,641352,112,0.922081,1000
507248,641352,112,0.924274,1000
505760,641352,112,0.925266,1000
501856,641352,112,0.927704,1000
498232,641352,113,0.929803,1000
494736,641352,113,0.931742,1000
496464,641352,113,0.930784,1000
498864,641352,113,0.929419,1000
496320,641352,114,0.930836,1000
497672,641352,113,0.930068,1040
495968,641352,113,0.931032,1040
496952,641352,113,0.930467,1040
498856,641352,113,0.929373,1040
502552,641352,113,0.927175,1040
503912,641352,113,0.926312,1040
501984,641352,113,0.927517,1040
502880,641352,113,0.926946,1040
503544,641352,112,0.926530,1056
504992,641352,112,0.925596,1056
503312,641352,112,0.926672,1056
502800,641352,112,0.927015,1056
500592,641352,112,0.928361,1056
503928,641352,112,0.926322,1056
507920,641352,112,0.923731,1056
509320,641352,112,0.922757,1056
511256,641352,112,0.921381,1056
514928,641352,112,0.918666,1056
512736,641352,112,0.920323,1056
509928,641352,112,0.922340,1056
508312,641352,112,0.923469,1056
509160,641352,112,0.922866,1056
508112,641352,112,0.923603,1056
509312,641352,112,0.922762,1056
505384,641352,111,0.925409,1056
504680,641352,112,0.925853,1056
508648,641352,112,0.923244,1056
512280,641352,112,0.920687,1056
515000,641352,112,0.918648,1056
517200,641352,112,0.916913,1056
516464,641352,111,0.917564,1056
516784,641352,110,0.917302,1072
514976,641352,109,0.918763,1072
516048,641352,109,0.917910,1072
512024,641352,109,0.920927,1072
515064,641352,109,0.918660,1072
512432,641352,109,0.920635,1072
514648,641352,109,0.918973,1072
511808,641352,110,0.921047,1072
509608,641352,110,0.922615,1072
506272,641352,110,0.924861,1072
509536,641352,110,0.922664,1072
512744,641352,110,0.920375,1072
513088,641352,109,0.920120,1080
509096,641352,110,0.922925,1080
506688,641352,110,0.924556,1080
507152,641352,110,0.924221,1080
510080,641352,110,0.922219,1080
508584,641352,110,0.923271,1080
505608,641352,111,0.925220,1080
506024,641352,111,0.924923,1080
504144,641352,111,0.926143,1080
502792,641352,112,0.927000,1040
504096,641352,112,0.926168,1040
503960,641352,113,0.926273,1008
505800,641352,113,0.925082,1008
504904,641352,113,0.925682,1008
501792,641352,112,0.927651,1008
503408,641352,112,0.926643,1008
502944,641352,112,0.926956,1008
505360,641352,112,0.925424,1008
506392,641352,112,0.924732,1008
509888,641352,112,0.922368,1008
507864,641352,111,0.923800,1008
510832,641352,111,0.921747,1008
513088,641352,111,0.920102,1008
510680,641352,111,0.921853,1008
508896,641352,111,0.923109,1008
506864,641352,111,0.924488,1008
503640,641352,110,0.926589,1008
500040,641352,110,0.928767,1008
502984,641352,110,0.926990,1008
502952,641352,111,0.927010,1008
503696,641352,111,0.926525,1008
507400,641352,111,0.924137,1008
507904,641352,111,0.923773,1008
511208,641352,111,0.921483,1008
508264,641352,111,0.923534,1008
511416,641352,111,0.921336,1008
511992,641352,110,0.920904,1040
510944,641352,110,0.921679,1040
511712,641352,110,0.921104,1040
509064,641352,110,0.922974,1040
511464,641352,110,0.921280,1040
509352,641352,110,0.922789,1024
513128,641352,110,0.920096,1024
513032,641352,110,0.920201,1024
513328,641352,109,0.919950,1072
512728,641352,108,0.920456,1072
513600,641352,108,0.919786,1072
512200,641352,108,0.920836,1072
508496,641352,108,0.923432,1072
509648,641352,108,0.922620,1072
508560,641352,108,0.923389,1072
509624,641352,108,0.922637,1072
509560,641352,107,0.922746,1072
509944,641352,106,0.922472,1088
506640,641352,106,0.924706,1088
509920,641352,105,0.922489,1136
508632,641352,105,0.923394,1136
509128,641352,104,0.923050,1152
512696,641352,104,0.920525,1152
510248,641352,104,0.922285,1152
510960,641352,103,0.921786,1160
509600,641352,103,0.922757,1160
507816,641352,104,0.923953,1160
508544,641352,104,0.923437,1160
506336,641352,104,0.924918,1160
508968,641352,104,0.923153,1160
511616,641352,104,0.921291,1160
511552,641352,105,0.921336,1160
514608,641352,105,0.919081,1160
513024,641352,105,0.920282,1160
516120,641352,104,0.917953,1184
513144,641352,104,0.892670,1184
516800,641352,104,0.888922,1184
516560,641352,103,0.889315,1144
515360,641352,104,0.890548,1144
518792,641352,104,0.886892,1144
522440,641352,104,0.882732,1144
519704,641352,104,0.885894,1144
521128,641352,104,0.884244,1144
520480,641352,104,0.885030,1144
518848,641352,105,0.886832,1144
519096,641352,104,0.886509,1192
516944,641352,104,0.888864,1192
518824,641352,104,0.886806,1192
520696,641352,104,0.884679,1192
520360,641352,104,0.885110,1192
523088,641352,104,0.881914,1192
520832,641352,104,0.884579,1192
522344,641352,104,0.882788,1192
521040,641352,103,0.884398,1192
522184,641352,103,0.883030,1192
521264,641352,104,0.884089,1192
523864,641352,104,0.880989,1192
520704,641352,104,0.884724,1192
520680,641352,105,0.884751,1192
524648,641352,105,0.880039,1192
527536,641352,105,0.876343,1192
527240,641352,106,0.876726,1192
527576,641352,106,0.876229,1192
524664,641352,107,0.879902,1192
525008,641352,106,0.879440,1224
524296,641352,107,0.880322,1216
524328,641352,106,0.880283,1216
523344,641352,106,0.881525,1216
519688,641352,106,0.885779,1216
522656,641352,106,0.882339,1216
526728,641352,106,0.877291,1216
522736,641352,105,0.882301,1216
519064,641352,105,0.886518,1216
516552,641352,105,0.889248,1216
520480,641352,105,0.884949,1216
524504,641352,105,0.880185,1216
525288,641352,105,0.879163,1216
521968,641352,105,0.883197,1216
517960,641352,106,0.887703,1176
518472,641352,106,0.887100,1176
519728,641352,106,0.885672,1176
518472,641352,106,0.887100,1176
521624,641352,106,0.883530,1176
519376,641352,105,0.886167,1176
521576,641352,105,0.883640,1176
520584,641352,105,0.884823,1176
524232,641352,105,0.880506,1176
524192,641352,105,0.880613,1176
523040,641352,106,0.881990,1176
519384,641352,107,0.886158,1176
517504,641352,107,0.888240,1176
516808,641352,107,0.889023,1176
518816,641352,107,0.886832,1176
517672,641352,107,0.888112,1176
521680,641352,106,0.883649,1208
525272,641352,106,0.879312,1208
528648,641352,106,0.874926,1208
532336,641352,106,0.911052,1208
529544,641352,106,0.913759,1208
527432,641352,106,0.915710,1208
529400,641352,106,0.913892,1208
526232,641352,106,0.916756,1208
527984,641352,105,0.915191,1240
527608,641352,106,0.915562,1200
528960,641352,105,0.914310,1240
530032,641352,105,0.913276,1240
532072,641352,105,0.911280,1240
528984,641352,105,0.914244,1240
528848,641352,104,0.914499,1192
525640,641352,104,0.917358,1192
526728,641352,104,0.916383,1192
529776,641352,104,0.913604,1192
532944,641352,104,0.910514,1192
532624,641352,105,0.910847,1176
530408,641352,104,0.913074,1176
529912,641352,105,0.913552,1160
533688,641352,105,0.909849,1160
529976,641352,105,0.913492,1160
530344,641352,105,0.913104,1160
527496,641352,105,0.915745,1152
524152,641352,105,0.918635,1152
521512,641352,105,0.920787,1152
524416,641352,104,0.918450,1160
523440,641352,103,0.919326,1160
525120,641352,103,0.917904,1160
523672,641352,104,0.919099,1160
526104,641352,104,0.917031,1160
523736,641352,103,0.919086,1160
519808,641352,102,0.922233,1160
519824,641352,101,0.922214,1168
521448,641352,101,0.920937,1168
522880,641352,101,0.919770,1168
525632,641352,101,0.917467,1168
527512,641352,101,0.915802,1168
529464,641352,101,0.914002,1168
526712,641352,101,0.916501,1168
530448,641352,101,0.913089,1168
528272,641352,101,0.915127,1168
529656,641352,101,0.913826,1168
529080,641352,102,0.914383,1136
531560,641352,102,0.912017,1136
527496,641352,102,0.915802,1136
523496,641352,103,0.919184,1136
522736,641352,103,0.919834,1136
525352,641352,103,0.917649,1136
527720,641352,103,0.915562,1136
529880,641352,103,0.913559,1136
525912,641352,103,0.917133,1136
524472,641352,102,0.918424,1136
526560,641352,102,0.916618,1136
527976,641352,102,0.915334,1136
525760,641352,102,0.917304,1136
522864,641352,101,0.919770,1136
522928,641352,101,0.919681,1136
525896,641352,100,0.917188,1184
525168,641352,101,0.917804,1184
528176,641352,101,0.915156,1184
526880,641352,101,0.916341,1184
527216,641352,101,0.916006,1184
524272,641352,102,0.918523,1168
526720,641352,102,0.916410,1168
523712,641352,102,0.918982,1168
527040,641352,102,0.916132,1168
524416,641352,102,0.918410,1160
524000,641352,103,0.918753,1160
522384,641352,104,0.920057,1160
520888,641352,105,0.921228,1160
518440,641352,105,0.923106,1160
518944,641352,105,0.922699,1160
522144,641352,105,0.920209,1160
526032,641352,105,0.916969,1160
523992,641352,105,0.918720,1160
523656,641352,105,0.919034,1160
527552,641352,105,0.915689,1160
528912,641352,104,0.914463,1168
530704,641352,104,0.912757,1168
532024,641352,104,0.911444,1168
531048,641352,104,0.912430,1168
528440,641352,104,0.914890,1168
532304,641352,104,0.911217,1168
531536,641352,105,0.911994,1136
534408,641352,105,0.909091,1136
533592,641352,105,0.909970,1136
535208,641352,105,0.908262,1136
534120,641352,105,0.909435,1136
534896,641352,104,0.908612,1160
537160,641352,104,0.906148,1160
535000,641352,104,0.908504,1160
533312,641352,105,0.910227,1160
534688,641352,105,0.908778,1160
535568,641352,105,0.907808,1160
534800,641352,106,0.908612,1160
536784,641352,106,0.906453,1160
533856,641352,106,0.909581,1160
537704,641352,106,0.905442,1160
535824,641352,107,0.907486,1160
536104,641352,107,0.907136,1160
536080,641352,108,0.907161,1160
536720,641352,108,0.906419,1160
534016,641352,109,0.909271,1160
536512,641352,109,0.906592,1160
533312,641352,109,0.909986,1160
533920,641352,108,0.909369,1160
533640,641352,108,0.909703,1160
534784,641352,107,0.908521,1168
531072,641352,108,0.912224,1168
533032,641352,108,0.910259,1168
532184,641352,109,0.911099,1168
533888,641352,109,0.909345,1168
530720,641352,108,0.912560,1168
528240,641352,108,0.914897,1168
531608,641352,108,0.911708,1168
527616,641352,108,0.915455,1168
529488,641352,108,0.913715,1168
527224,641352,108,0.915802,1168
528472,641352,108,0.914644,1168
528672,641352,107,0.914463,1168
527544,641352,107,0.915519,1168
524152,641352,107,0.918463,1168
521784,641352,107,0.920411,1168
521256,641352,107,0.920881,1144
517776,641352,106,0.894621,1144
521224,641352,106,0.891002,1144
520128,641352,106,0.892213,1144
523488,641352,105,0.888541,1176
521808,641352,105,0.890442,1176
525048,641352,104,0.886776,1216
522768,641352,104,0.889447,1176
525360,641352,103,0.886516,1176
525496,641352,102,0.886302,1224
522112,641352,101,0.890217,1224
522480,641352,100,0.889789,1248
518392,641352,100,0.894138,1248
519792,641352,100,0.892655,1248
521672,641352,100,0.890615,1248
520288,641352,100,0.892138,1248
520320,641352,100,0.892054,1248
519128,641352,100,0.893382,1208
520616,641352,100,0.891784,1208
522320,641352,100,0.889903,1208
523152,641352,99,0.888969,1224
519376,641352,98,0.893110,1224
518304,641352,99,0.894203,1224
516816,641352,98,0.895777,1224
513184,641352,99,0.899215,1224
514720,641352,99,0.897744,1224
518368,641352,99,0.894138,1224
519032,641352,99,0.893414,1224
518248,641352,99,0.894259,1224
515936,641352,99,0.896585,1224
514320,641352,99,0.898164,1224
517048,641352,99,0.895502,1224
520976,641352,99,0.891437,1224
524952,641352,99,0.886988,1224
524936,641352,100,0.887006,1224
524856,641352,101,0.887098,1224
527504,641352,101,0.883914,1224
524224,641352,102,0.887819,1176
525032,641352,102,0.886840,1176
523096,641352,102,0.889084,1176
525416,641352,102,0.886395,1176
527520,641352,102,0.883836,1176
531608,641352,102,0.878578,1176
530832,641352,103,0.879632,1152
530072,641352,103,0.880678,1152
529728,641352,103,0.881219,1120
533624,641352,103,0.875984,1120
536808,641352,103,0.871336,1120
535448,641352,103,0.873403,1120
532720,641352,104,0.877224,1120
536720,641352,104,0.906774,1120
533864,641352,104,0.909808,1120
537856,641352,104,0.905531,1120
541520,641352,103,0.901227,1168
539792,641352,104,0.903279,1168
540392,641352,104,0.902519,1168
536416,641352,105,0.906998,1168
537448,641352,105,0.905823,1168
541504,641352,105,0.901072,1168
540432,641352,105,0.902415,1168
538808,641352,105,0.904354,1168
541624,641352,104,0.901043,1168
545432,641352,104,0.896117,1168
542248,641352,104,0.900278,1168
543392,641352,104,0.898783,1168
541376,641352,104,0.901344,1168
545176,641352,104,0.945965,1168
544144,641352,104,0.946706,1168
548096,641352,104,0.951449,1168
546392,641352,104,0.952560,1168
546504,641352,104,0.952461,1168
543584,641352,104,0.954248,1152
543752,641352,103,0.954146,1160
542784,641352,104,0.954700,1160
542440,641352,105,0.954898,1152
541608,641352,106,0.955368,1136
538976,641352,106,0.946607,1136
541856,641352,106,0.955231,1136
540240,641352,107,0.956106,1136
537272,641352,108,0.957649,1088
539304,641352,108,0.956597,1088
540096,641352,108,0.956156,1088
543104,641352,107,0.954500,1096
544016,641352,106,0.953969,1104
544400,641352,106,0.953716,1104
542000,641352,105,0.950005,1104
542888,641352,105,0.949420,1104
539880,641352,106,0.951257,1096
543760,641352,106,0.954095,1096
539760,641352,107,0.951877,1096
540440,641352,107,0.951452,1096
538256,641352,107,0.952732,1096
537840,641352,107,0.952990,1096
538048,641352,107,0.952848,1096
541584,641352,107,0.950768,1096
538152,641352,106,0.927904,1096
540344,641352,106,0.925947,1096
536776,641352,107,0.929016,1096
539744,641352,106,0.926439,1144
538176,641352,107,0.927802,1144
538792,641352,106,0.927273,1144
536016,641352,107,0.929624,1112
539432,641352,107,0.952029,1112
538368,641352,106,0.952687,1112
539008,641352,106,0.952299,1112
538672,641352,106,0.952517,1112
541872,641352,106,0.950612,1112
541584,641352,107,0.950812,1072
543032,641352,107,0.949890,1072
542528,641352,107,0.950234,1072
539640,641352,108,0.951960,1072
535944,641352,108,0.941155,1072
535200,641352,107,0.941718,1072
532480,641352,107,0.943498,1072
532272,641352,107,0.943657,1072
531544,641352,107,0.944134,1072
532504,641352,107,0.943513,1072
535984,641352,107,0.954082,1072
538952,641352,107,0.952435,1072
538336,641352,107,0.952808,1072
538400,641352,106,0.952763,1088
541232,641352,106,0.951100,1088
544784,641352,105,0.948860,1120
542992,641352,106,0.950005,1120
539720,641352,107,0.951969,1120
540320,641352,107,0.951593,1120
537384,641352,106,0.952185,1120
540456,641352,106,0.951541,1120
541128,641352,106,0.951115,1120
542632,641352,106,0.950169,1120
544544,641352,106,0.948922,1120
543184,641352,106,0.949824,1120
542152,641352,106,0.950495,1120
539592,641352,105,0.952071,1120
539224,641352,104,0.952336,1120
541392,641352,104,0.951043,1120
544416,641352,103,0.949146,1144
543776,641352,104,0.949556,1144
541872,641352,104,0.950768,1144
544952,641352,104,0.948797,1144
545448,641352,104,0.948438,1144
543416,641352,103,0.931346,1144
544216,641352,103,0.930608,1144
545920,641352,103,0.929031,1144
544568,641352,104,0.930289,1104
545040,641352,104,0.929825,1104
547488,641352,104,0.947006,1104
545440,641352,104,0.948438,1104
546904,641352,104,0.947413,1104
546408,641352,104,0.947786,1104
548376,641352,104,0.946375,1104
544856,641352,105,0.948791,1104
548192,641352,105,0.946473,1104
544760,641352,105,0.904358,1104
547600,641352,105,0.900690,1104
546584,641352,105,0.902074,1104
549144,641352,105,0.898612,1104
548672,641352,105,0.899322,1104
552584,641352,105,0.949955,1104
549904,641352,105,0.935947,1104
550360,641352,105,0.935502,1104
548872,641352,105,0.936839,1104
550656,641352,105,0.935237,1104
548272,641352,106,0.937306,1104
545872,641352,107,0.939259,1104
543552,641352,106,0.941105,1104
542912,641352,106,0.941611,1104
541480,641352,106,0.942670,1104
541672,641352,106,0.942500,1104
538600,641352,106,0.944623,1104
539264,641352,106,0.944153,1104
538192,641352,106,0.944889,1104
539552,641352,106,0.943960,1104
536736,641352,107,0.945788,1104
534752,641352,108,0.947006,1104
537152,641352,107,0.945526,1104
537456,641352,107,0.945302,1104
538904,641352,106,0.944328,1152
535848,641352,105,0.946340,1152
537760,641352,105,0.945107,1152
538480,641352,105,0.944608,1152
542456,641352,105,0.941837,1152
539184,641352,105,0.944142,1152
540712,641352,105,0.943071,1152
536696,641352,104,0.897498,1152
536664,641352,104,0.897593,1152
540656,641352,104,0.941622,1152
538592,641352,104,0.941661,1152
534688,641352,104,0.925993,1152
534520,641352,105,0.926133,1152
531552,641352,105,0.928603,1104
533712,641352,105,0.926840,1104
536528,641352,105,0.924420,1104
538688,641352,105,0.922442,1104
538624,641352,106,0.922523,1080
539200,641352,106,0.921947,1080
542344,641352,106,0.918857,1080
542400,641352,105,0.918761,1120
541152,641352,106,0.920008,1112
537240,641352,106,0.923701,1112
533432,641352,106,0.923715,1072
535960,641352,106,0.921459,1072
536632,641352,106,0.920804,1072
539888,641352,106,0.917654,1072
543288,641352,106,0.914088,1072
541840,641352,107,0.915672,1024
543176,641352,107,0.914208,1024
540776,641352,108,0.916715,1024
536888,641352,108,0.920524,1024
539536,641352,108,0.917954,1024
535888,641352,108,0.921437,1024
533392,641352,109,0.923627,1024
534240,641352,108,0.922876,1048
532184,641352,109,0.924623,1048
531224,641352,110,0.925412,1048
531672,641352,110,0.925007,1048
535464,641352,110,0.921710,1048
531672,641352,110,0.925007,1048
534352,641352,110,0.922694,1048
537832,641352,110,0.919484,1048
539832,641352,110,0.917495,1048
538680,641352,110,0.918672,1048
540472,641352,110,0.916853,1048
538720,641352,111,0.918618,1016
535360,641352,112,0.921775,984
536168,641352,112,0.921002,984
533288,641352,113,0.923545,984
536784,641352,113,0.920391,984
538128,641352,112,0.919103,1008
535936,641352,112,0.921191,1008
539720,641352,112,0.917551,1008
535728,641352,113,0.921336,1008
533960,641352,114,0.922904,1008
537912,641352,113,0.919271,1048
537000,641352,114,0.920131,1048
537768,641352,114,0.919362,1048
540712,641352,114,0.916414,1048
537840,641352,114,0.919294,1048
538624,641352,114,0.918494,1048
535528,641352,114,0.921459,1024
533568,641352,115,0.923187,1024
535416,641352,115,0.921516,1024
538208,641352,115,0.918873,1024
537440,641352,115,0.919650,1024
540304,641352,115,0.916805,1024
538960,641352,116,0.918166,1000
541472,641352,116,0.915581,1000
539992,641352,116,0.917143,1000
538616,641352,116,0.918548,1000
535752,641352,116,0.921278,1000
539800,641352,116,0.917383,1000
542904,641352,116,0.914114,1000
546944,641352,116,0.917514,1000
545032,641352,116,0.919600,1000
547456,641352,115,0.916986,1016
544728,641352,114,0.919996,1016
547768,641352,114,0.916693,1016
546736,641352,115,0.917827,1016
549720,641352,114,0.914452,1024
548152,641352,113,0.916362,1024
545952,641352,114,0.918761,1024
548624,641352,114,0.915775,1024
551576,641352,114,0.912215,1024
550456,641352,115,0.913579,1024
550928,641352,115,0.912951,1024
550056,641352,116,0.913999,1024
551496,641352,116,0.912196,1024
549992,641352,116,0.914075,1024
547624,641352,115,0.916898,1024
549144,641352,115,0.915123,1024
553176,641352,115,0.910129,1024
550072,641352,115,0.914037,1024
548952,641352,116,0.915344,1024
551080,641352,116,0.912766,1024
547200,641352,116,0.917312,1024
550064,641352,116,0.913989,1024
551736,641352,116,0.911898,1024
549952,641352,116,0.914122,1024
550888,641352,116,0.912941,1024
549360,641352,116,0.914817,1024
552272,641352,115,0.911235,1064
552144,641352,115,0.911487,1040
553992,641352,114,0.909048,1080
552544,641352,113,0.911053,1080
553968,641352,113,0.909144,1080
551320,641352,114,0.912521,1080
554400,641352,114,0.908504,1080
551360,641352,114,0.912472,1080
549480,641352,114,0.914780,1080
552368,641352,114,0.911215,1080
555400,641352,114,0.953034,1080
554416,641352,115,0.953712,1080
554696,641352,114,0.953516,1088
552848,641352,114,0.954780,1088
554160,641352,114,0.953880,1088
553792,641352,115,0.954127,1088
555472,641352,115,0.952944,1088
551464,641352,116,0.943118,1056
552496,641352,115,0.942279,1056
550984,641352,115,0.943538,1056
553736,641352,114,0.941279,1056
551288,641352,114,0.943335,1056
553200,641352,114,0.941733,1056
549224,641352,114,0.944166,1056
549256,641352,114,0.944105,1056
546424,641352,114,0.946218,1056
547152,641352,114,0.945665,1056
543248,641352,115,0.948340,1056
543888,641352,115,0.947888,1056
540848,641352,114,0.939415,1056
544208,641352,114,0.947707,1056
540744,641352,114,0.949951,1056
543184,641352,114,0.949088,1056
540064,641352,114,0.951042,1056
536984,641352,113,0.949683,1056
540232,641352,113,0.950971,1056
541064,641352,113,0.950442,1056
537024,641352,114,0.952782,1056
538264,641352,114,0.952060,1056
538208,641352,115,0.952115,1016
538904,641352,115,0.951689,1016
536368,641352,116,0.953110,1016
532776,641352,116,0.948151,1016
531632,641352,117,0.948808,1008
533848,641352,117,0.947501,1008
537576,641352,117,0.945167,1008
533920,641352,117,0.947459,1008
533504,641352,117,0.947732,1008
533736,641352,117,0.947568,1008
531088,641352,118,0.949086,1008
533880,641352,118,0.947454,1008
534672,641352,118,0.946951,1008
535688,641352,118,0.946300,1008
535304,641352,118,0.946566,1008
536144,641352,118,0.946016,1008
534296,641352,119,0.947173,968
537464,641352,119,0.950919,968
533656,641352,119,0.953050,968
534752,641352,119,0.952437,968
534080,641352,119,0.952825,968
537184,641352,119,0.951080,968
535872,641352,119,0.951848,968
536728,641352,119,0.951340,968
532736,641352,119,0.951481,968
532864,641352,118,0.951390,1008
530736,641352,118,0.952543,1008
531864,641352,118,0.951926,1008
529864,641352,118,0.952990,1008
533880,641352,118,0.952910,1008
532040,641352,118,0.953894,1008
533512,641352,118,0.953105,1008
530088,641352,119,0.954845,1008
530672,641352,118,0.954557,1008
527072,641352,117,0.955311,1008
528856,641352,117,0.954437,1008
528160,641352,117,0.954796,1008
528384,641352,117,0.954665,1008
525280,641352,117,0.956135,1008
528608,641352,117,0.954557,1008
528544,641352,117,0.954611,1008
532536,641352,117,0.953639,1008
530336,641352,117,0.954770,1008
529872,641352,117,0.955020,1008
532240,641352,117,0.953816,1008
532704,641352,116,0.953557,1048
529920,641352,117,0.954954,1048
530968,641352,117,0.954414,1048
529264,641352,117,0.955271,1048
530632,641352,117,0.954581,1048
529752,641352,117,0.955036,1048
526808,641352,117,0.956442,1048
527848,641352,117,0.955941,1048
530080,641352,117,0.954853,1048
527480,641352,116,0.956134,1048
530600,641352,116,0.954621,1048
528072,641352,115,0.926073,1048
530528,641352,115,0.924061,1048
526528,641352,114,0.927298,1048
524848,641352,114,0.928583,1048
527752,641352,114,0.929734,1048
528928,641352,114,0.928816,1048
525672,641352,114,0.931242,1048
522216,641352,114,0.933668,1008
518424,641352,113,0.935909,1008
519776,641352,113,0.935038,1008
519104,641352,114,0.935459,1008
520784,641352,114,0.934364,1008
520592,641352,115,0.934488,1008
521000,641352,115,0.934194,1008
518168,641352,116,0.935978,1008
521920,641352,116,0.933561,1008
521584,641352,116,0.933814,1008
520048,641352,117,0.934805,1008
522968,641352,117,0.932862,1008
524264,641352,117,0.931944,1008
527976,641352,117,0.929236,1008
527720,641352,117,0.929463,1008
528904,641352,117,0.928535,1008
531016,641352,117,0.926846,1008
530440,641352,117,0.927342,1008
530792,641352,116,0.927025,1056
529816,641352,116,0.927831,1056
531488,641352,116,0.926467,1056
530128,641352,117,0.927550,1056
530792,641352,117,0.926987,1056
527552,641352,117,0.929547,1016
527168,641352,117,0.929866,1016
528328,641352,117,0.928966,1016
526608,641352,117,0.930281,1008
527152,641352,117,0.929848,1008
528416,641352,117,0.928869,1008
526200,641352,117,0.930542,1008
526184,641352,117,0.930594,1000
527576,641352,117,0.929541,1000
523928,641352,117,0.932181,1000
521016,641352,118,0.934152,960
521176,641352,117,0.934028,992
517624,641352,118,0.936280,960
519552,641352,118,0.935058,960
520128,641352,118,0.934662,960
523680,641352,118,0.932523,960
523648,641352,118,0.932578,960
524184,641352,118,0.932177,960
522744,641352,118,0.933189,960
524864,641352,118,0.931705,960
523528,641352,118,0.932660,960
520360,641352,118,0.934779,960
516672,641352,119,0.937051,960
519168,641352,119,0.935501,960
521872,641352,119,0.933736,960
524784,641352,119,0.931727,960
523392,641352,119,0.932719,960
524800,641352,119,0.931716,960
524552,641352,120,0.931922,912
524784,641352,120,0.931727,912
524584,641352,120,0.931900,912
527632,641352,120,0.929675,912
524000,641352,121,0.932271,912
525800,641352,121,0.930974,912
522080,641352,121,0.925672,912
523768,641352,121,0.924363,912
522488,641352,121,0.925392,880
524712,641352,121,0.923657,880
523408,641352,121,0.924699,880
525688,641352,121,0.922886,880
525008,641352,122,0.923425,880
525864,641352,122,0.922707,880
522136,641352,123,0.925583,880
518120,641352,123,0.928484,880
516072,641352,122,0.929925,880
519600,641352,122,0.927488,880
522120,641352,122,0.925630,880
519472,641352,122,0.927578,880
516304,641352,122,0.929772,880
519024,641352,121,0.927925,880
520624,641352,120,0.926787,888
517144,641352,120,0.929238,888
514504,641352,121,0.930973,880
516112,641352,120,0.929930,880
515304,641352,121,0.930458,880
516448,641352,121,0.929676,880
516152,641352,121,0.929935,832
517568,641352,121,0.928958,832
516272,641352,121,0.929856,832
519472,641352,121,0.927645,832
521608,641352,121,0.926079,832
521712,641352,121,0.925967,832
519192,641352,121,0.927808,832
522328,641352,121,0.925512,832
520832,641352,121,0.926643,832
524680,641352,121,0.923719,832
522120,641352,122,0.925666,832
524352,641352,122,0.923937,832
521312,641352,121,0.924555,832
525408,641352,121,0.923147,832
523248,641352,122,0.924821,832
524328,641352,122,0.923956,832
521248,641352,122,0.926307,832
522816,641352,122,0.925110,832
521352,641352,121,0.926266,832
520168,641352,121,0.927153,832
521008,641352,121,0.926516,832
518552,641352,122,0.928253,832
515056,641352,121,0.930650,832
515568,641352,120,0.930286,880
517880,641352,120,0.928713,880
515200,641352,121,0.930494,880
516656,641352,121,0.929506,880
520376,641352,121,0.926902,880
518168,641352,122,0.928451,880
519960,641352,122,0.927165,880
519552,641352,122,0.927488,880
518720,641352,122,0.928103,880
521944,641352,122,0.925761,880
519336,641352,122,0.927673,880
523000,641352,121,0.925002,888
524128,641352,121,0.924104,888
523632,641352,122,0.924485,888
526024,641352,122,0.922572,888
524848,641352,122,0.923544,888
524720,641352,123,0.923675,848
523320,641352,123,0.924790,848
524016,641352,123,0.924221,848
519944,641352,122,0.927301,848
522448,641352,122,0.925446,848
523736,641352,122,0.924437,848
524712,641352,122,0.923644,848
520672,641352,121,0.926747,848
517008,641352,121,0.929356,800
513080,641352,120,0.930418,800
512536,641352,120,0.930792,800
516112,641352,120,0.928437,800
514952,641352,119,0.929271,800
512520,641352,119,0.930862,800
509024,641352,119,0.933015,800
512400,641352,119,0.932459,800
510608,641352,120,0.933538,800
513512,641352,120,0.931742,800
514744,641352,120,0.930932,800
513472,641352,119,0.931797,800
514944,641352,119,0.930835,800
512664,641352,119,0.932297,800
511592,641352,119,0.932979,800
513656,641352,119,0.931682,800
514456,641352,119,0.931147,800
516704,641352,119,0.929655,800
514832,641352,120,0.930876,800
516688,641352,120,0.929634,800
517888,641352,119,0.928822,808
514768,641352,119,0.930912,808
518864,641352,119,0.928153,808
519256,641352,119,0.927847,808
515920,641352,119,0.930135,808
513168,641352,118,0.911726,808
513272,641352,118,0.911603,808
514888,641352,118,0.910238,808
515648,641352,118,0.909560,808
514496,641352,119,0.910524,808
518456,641352,118,0.907107,824
517032,641352,118,0.908402,824
519512,641352,118,0.906155,824
516736,641352,118,0.908658,824
519616,641352,118,0.906061,824
517608,641352,118,0.907900,824
519872,641352,118,0.905826,824
516120,641352,119,0.909146,824
519592,641352,119,0.906039,824
515696,641352,120,0.909465,824
515184,641352,121,0.909937,776
519192,641352,121,0.906402,776
516608,641352,121,0.908727,776
518528,641352,121,0.907000,776
518248,641352,121,0.907299,768
519104,641352,121,0.906489,768
521856,641352,121,0.903887,768
520840,641352,121,0.904893,768
523016,641352,121,0.902767,768
521608,641352,122,0.904124,768
519192,641352,121,0.906453,768
519912,641352,121,0.905753,768
519400,641352,120,0.906308,768
516256,641352,120,0.909118,768
513416,641352,119,0.911558,768
517080,641352,119,0.908451,768
518592,641352,119,0.907079,768
519008,641352,119,0.906663,768
522488,641352,119,0.903373,768
521032,641352,120,0.904758,768
518128,641352,120,0.907456,760
519096,641352,120,0.906547,760
516128,641352,120,0.909193,760
514160,641352,120,0.910880,760
511568,641352,121,0.912959,760
507704,641352,121,0.915919,760
507728,641352,121,0.915866,760
504896,641352,121,0.917923,760
502480,641352,122,0.919572,760
503832,641352,122,0.918624,760
501336,641352,122,0.920329,760
504568,641352,122,0.918117,760
505184,641352,121,0.917677,776
501784,641352,122,0.919992,776
501248,641352,122,0.920377,776
504608,641352,122,0.918078,776
503528,641352,123,0.918821,776
501744,641352,123,0.920050,776
497784,641352,124,0.922594,760
494304,641352,123,0.924748,760
496664,641352,123,0.923311,760
497120,641352,122,0.923008,800
497432,641352,121,0.922792,840
499040,641352,121,0.921758,840
498424,641352,122,0.922156,824
494456,641352,121,0.924621,824
497568,641352,121,0.922718,824
494416,641352,120,0.924673,824
491664,641352,120,0.926280,824
487632,641352,120,0.928504,824
489360,641352,120,0.927553,824
486712,641352,119,0.929012,824
482760,641352,119,0.923963,824
485992,641352,119,0.922142,824
486936,641352,119,0.921574,824
489408,641352,119,0.920094,824
492168,641352,119,0.918376,824
494648,641352,119,0.916766,824
494064,641352,119,0.917174,824
493400,641352,118,0.917660,824
489864,641352,118,0.919877,824
491888,641352,118,0.918610,824
492904,641352,118,0.917944,824
489680,641352,117,0.919988,824
490920,641352,117,0.919207,824
492944,641352,117,0.917919,824
489776,641352,117,0.919901,824
486176,641352,116,0.893007,824
484688,641352,116,0.894195,824
487328,641352,116,0.892099,824
489368,641352,116,0.890413,824
489808,641352,116,0.890011,824
491624,641352,116,0.888449,824
492840,641352,116,0.887364,824
489312,641352,115,0.890419,824
488456,641352,115,0.891156,824
487656,641352,116,0.891799,824
485152,641352,116,0.893802,824
481144,641352,116,0.896837,824
483592,641352,116,0.894991,824
485280,641352,116,0.893666,824
484552,641352,117,0.894226,824
481504,641352,117,0.896540,824
479896,641352,118,0.897702,824
476760,641352,118,0.899929,824
479456,641352,118,0.898016,824
483024,641352,118,0.895381,824
484976,641352,118,0.893864,824
483560,641352,119,0.894942,824
482880,641352,120,0.895470,800
486816,641352,120,0.892410,800
489552,641352,120,0.890163,800
489488,641352,120,0.890268,784
486584,641352,121,0.892606,784
489664,641352,121,0.890083,784
488976,641352,121,0.890688,784
492032,641352,121,0.888094,784
491640,641352,121,0.888469,784
494000,641352,121,0.886385,784
496728,641352,121,0.883883,784
493680,641352,121,0.886666,784
490600,641352,121,0.889346,784
494080,641352,121,0.886314,784
496336,641352,121,0.884243,784
495616,641352,121,0.884942,784
499048,641352,120,0.881745,792
496928,641352,119,0.883824,792
498488,641352,119,0.882323,792
497344,641352,119,0.883439,792
501216,641352,119,0.879684,792
500992,641352,119,0.879953,792
502064,641352,119,0.878840,792
498912,641352,120,0.881920,792
502504,641352,120,0.878349,792
498656,641352,121,0.882118,792
500544,641352,121,0.880251,792
501400,641352,121,0.879359,792
502400,641352,121,0.878308,792
504664,641352,121,0.875924,792
502024,641352,121,0.878687,792
505864,641352,120,0.874692,800
504064,641352,120,0.876643,800
505192,641352,119,0.875434,824
503264,641352,119,0.877494,824
499784,641352,120,0.880960,824
501656,641352,120,0.879072,824
502784,641352,120,0.877886,824
502952,641352,120,0.877666,824
500728,641352,120,0.879945,824
501080,641352,120,0.879550,824
499264,641352,120,0.881369,824
497392,641352,121,0.883142,824
500936,641352,121,0.879692,824
503568,641352,121,0.876983,824
502320,641352,122,0.878260,824
504208,641352,122,0.876268,824
502976,641352,121,0.877641,824
502400,641352,121,0.878276,824
504024,641352,121,0.876560,824
506712,641352,121,0.873645,824
506824,641352,121,0.873470,824
507064,641352,121,0.873155,824
503216,641352,121,0.877296,824
505312,641352,121,0.875051,824
506016,641352,120,0.874296,824
505472,641352,121,0.874880,824
508464,641352,121,0.871543,824
505744,641352,121,0.874589,824
506800,641352,121,0.873391,824
504896,641352,121,0.875493,824
501128,641352,121,0.879407,824
497408,641352,121,0.883037,824
494176,641352,122,0.885981,824
495240,641352,122,0.884985,824
497896,641352,122,0.882489,824
498752,641352,121,0.881676,824
501472,641352,121,0.878968,824
497480,641352,122,0.882835,824
495376,641352,122,0.884819,824
497312,641352,122,0.882992,824
493784,641352,122,0.886244,824
495400,641352,122,0.884753,824
499320,641352,122,0.881038,824
496624,641352,122,0.883632,824
500416,641352,122,0.879969,824
497448,641352,122,0.882865,824
500320,641352,122,0.880063,824
497288,641352,121,0.872580,824
500920,641352,121,0.868721,824
498744,641352,120,0.871130,824
500992,641352,120,0.868695,824
499752,641352,120,0.870072,824
499368,641352,120,0.870545,808
500152,641352,120,0.869665,808
497840,641352,119,0.872179,808
501864,641352,119,0.867868,808
504112,641352,119,0.865307,808
503976,641352,120,0.865516,760
500040,641352,120,0.869886,760
498768,641352,120,0.871322,712
498104,641352,120,0.872056,712
497648,641352,120,0.872612,672
501256,641352,120,0.868781,672
501824,641352,120,0.868113,672
503968,641352,120,0.865679,672
507216,641352,120,0.861844,672
509520,641352,120,0.858972,672
506144,641352,121,0.863059,672
505304,641352,122,0.864039,672
504104,641352,122,0.865479,664
502976,641352,121,0.866854,664
499408,641352,122,0.870704,664
498464,641352,122,0.871768,632
494752,641352,122,0.875531,632
497336,641352,122,0.872921,632
494416,641352,123,0.875810,632
493432,641352,124,0.876754,632
493688,641352,124,0.876464,632
492848,641352,124,0.877307,632
491936,641352,124,0.878214,624
492920,641352,124,0.877247,624
491704,641352,124,0.878467,584
493728,641352,124,0.876517,584
491288,641352,123,0.878895,584
493952,641352,123,0.876349,584
495072,641352,123,0.875219,584
497296,641352,123,0.872961,584
499296,641352,123,0.870855,584
496568,641352,122,0.873742,584
495144,641352,123,0.875149,584
497736,641352,123,0.872515,584
498256,641352,122,0.871941,624
499272,641352,122,0.870838,624
501488,641352,122,0.868426,624
501048,641352,122,0.868954,624
498984,641352,123,0.871139,624
500232,641352,123,0.869775,624
503784,641352,123,0.865832,624
502224,641352,122,0.867675,624
502984,641352,122,0.866782,624
501072,641352,122,0.868928,624
501488,641352,122,0.868426,624
500336,641352,122,0.869716,624
498336,641352,122,0.871859,624
502128,641352,122,0.867781,624
505816,641352,122,0.863555,624
509568,641352,122,0.870571,624
505544,641352,123,0.875017,624
502344,641352,122,0.878438,624
502008,641352,122,0.878824,624
503072,641352,122,0.877698,624
502616,641352,122,0.878211,624
502096,641352,123,0.878776,584
501240,641352,122,0.879724,584
503968,641352,122,0.876917,584
505360,641352,122,0.875408,584
502696,641352,122,0.878219,584
504400,641352,122,0.876418,584
505144,641352,122,0.875586,584
501672,641352,121,0.879248,584
504184,641352,121,0.876643,584
506320,641352,121,0.874330,584
508280,641352,121,0.872126,584
511864,641352,121,0.867937,584
509840,641352,121,0.870360,584
509048,641352,121,0.871317,584
508192,641352,122,0.872278,584
509368,641352,122,0.870899,584
512128,641352,122,0.867622,584
516200,641352,122,0.862499,584
519040,641352,122,0.858665,584
515120,641352,123,0.863819,584
515880,641352,123,0.862788,584
513120,641352,123,0.866306,584
516320,641352,123,0.862220,584
516216,641352,123,0.862416,584
515424,641352,123,0.863494,584
517672,641352,123,0.860508,584
519624,641352,123,0.857798,584
517736,641352,123,0.860423,584
513680,641352,123,0.865678,584
517168,641352,123,0.861174,584
518512,641352,123,0.859317,584
515928,641352,123,0.862788,584
519592,641352,123,0.857842,584
516344,641352,123,0.862251,584
513264,641352,124,0.866130,584
515104,641352,124,0.863778,584
518592,641352,124,0.859144,584
517936,641352,123,0.860209,544
515488,641352,124,0.863402,544
515512,641352,123,0.863372,544
513592,641352,123,0.865836,544
514680,641352,123,0.864424,544
512992,641352,123,0.866569,544
511056,641352,122,0.868996,544
513992,641352,122,0.865402,544
510656,641352,122,0.869463,544
512560,641352,122,0.867151,544
513080,641352,121,0.866462,592
513712,641352,121,0.865629,592
510136,641352,121,0.869955,592
506264,641352,122,0.874279,592
509032,641352,122,0.871163,592
508616,641352,122,0.871687,592
511936,641352,122,0.867784,592
515000,641352,122,0.863961,592
512832,641352,121,0.866764,592
514368,641352,121,0.864815,592
511712,641352,120,0.868165,592
512408,641352,120,0.867276,592
511280,641352,121,0.868648,568
514184,641352,121,0.865074,568
513560,641352,122,0.865865,552
511136,641352,122,0.868855,536
507584,641352,123,0.872899,536
505216,641352,123,0.875510,536
505488,641352,123,0.875171,536
505136,641352,124,0.875595,488
504720,641352,123,0.876134,488
502584,641352,123,0.878381,488
501600,641352,122,0.879463,488
505040,641352,122,0.875899,488
503672,641352,123,0.877321,488
501424,641352,124,0.879589,488
504336,641352,124,0.876585,488
507280,641352,124,0.873391,488
509136,641352,124,0.871272,488
509744,641352,124,0.870525,488
511784,641352,124,0.868089,488
509272,641352,125,0.871009,488
512760,641352,125,0.866861,488
514848,641352,125,0.864223,488
514288,641352,125,0.864985,488
514696,641352,125,0.864414,488
515832,641352,124,0.862952,504
518008,641352,124,0.860038,504
514112,641352,123,0.865183,504
511320,641352,122,0.868676,504
507712,641352,122,0.872846,504
509936,641352,122,0.870286,504
513664,641352,122,0.865796,504
515648,641352,122,0.863249,504
514296,641352,122,0.865014,504
512976,641352,122,0.866696,504
511016,641352,122,0.869089,504
511216,641352,121,0.868836,520
512464,641352,121,0.867295,520
514040,641352,121,0.865312,520
513064,641352,121,0.866569,520
513112,641352,121,0.866453,520
511144,641352,120,0.868921,520
513584,641352,120,0.865934,520
512520,641352,119,0.867343,520
511584,641352,120,0.868459,520
511656,641352,119,0.868345,544
510120,641352,119,0.870194,544
508392,641352,120,0.872153,544
509048,641352,120,0.871362,544
504952,641352,120,0.875882,544
506752,641352,120,0.873906,544
508016,641352,120,0.872465,544
509800,641352,120,0.870397,544
507504,641352,120,0.873031,544
510480,641352,120,0.869612,544
507808,641352,121,0.872642,544
510776,641352,121,0.869211,544
507232,641352,121,0.873277,544
511056,641352,121,0.868883,544
507568,641352,121,0.872908,544
507888,641352,121,0.872501,544
504984,641352,122,0.875646,544
507344,641352,122,0.873049,544
505392,641352,123,0.875162,544
508176,641352,123,0.872073,544
505440,641352,123,0.875111,544
504320,641352,123,0.876343,544
500368,641352,124,0.880377,504
501704,641352,124,0.879008,504
502760,641352,124,0.877894,504
506840,641352,124,0.873540,504
503392,641352,123,0.877296,504
507128,641352,123,0.873277,504
503640,641352,123,0.877041,504
507488,641352,123,0.872881,504
505232,641352,123,0.875375,504
507488,641352,123,0.872881,504
504504,641352,123,0.876151,496
507224,641352,123,0.873181,496
507024,641352,124,0.873418,480
509248,641352,124,0.870881,480
509016,641352,124,0.871199,480
505768,641352,124,0.874829,480
504312,641352,125,0.876368,480
501592,641352,125,0.879192,480
503528,641352,124,0.877214,496
500552,641352,124,0.880251,496
497224,641352,124,0.883469,496
497504,641352,124,0.883164,496
495480,641352,124,0.885065,496
494464,641352,125,0.885974,496
496728,641352,125,0.883883,496
498888,641352,125,0.881813,496
499096,641352,125,0.881569,496
499520,641352,125,0.881115,496
499352,641352,125,0.881323,496
498408,641352,125,0.882270,496
501520,641352,125,0.879200,496
499952,641352,124,0.880836,496
498920,641352,124,0.881875,496
501496,641352,124,0.879319,496
502752,641352,124,0.878008,496
505040,641352,124,0.875586,496
508720,641352,124,0.871516,496
511488,641352,124,0.868260,496
510352,641352,125,0.869612,480
510544,641352,124,0.869351,512
508744,641352,124,0.871471,512
512112,641352,124,0.867497,512
511144,641352,124,0.868704,512
513648,641352,124,0.865629,512
509856,641352,125,0.870148,512
509552,641352,126,0.870497,512
512656,641352,126,0.866783,512
508920,641352,125,0.871272,512
509368,641352,125,0.870708,512
505880,641352,124,0.874675,512
507784,641352,124,0.872545,512
511120,641352,124,0.868676,512
509856,641352,124,0.870204,512
511312,641352,124,0.868449,512
510552,641352,125,0.869342,512
511064,641352,125,0.868685,512
510792,641352,126,0.869005,512
509616,641352,126,0.870424,512
513640,641352,126,0.902086,512
511024,641352,126,0.904424,512
508768,641352,126,0.906358,512
507720,641352,126,0.907250,512
509864,641352,126,0.905448,512
511552,641352,126,0.903969,512
513640,641352,126,0.902086,512
509616,641352,125,0.905655,512
510624,641352,125,0.904765,512
511072,641352,125,0.904342,512
509168,641352,125,0.905988,512
506920,641352,124,0.907891,512
506160,641352,125,0.908492,512
506184,641352,125,0.908435,512
504512,641352,125,0.909768,512
507032,641352,125,0.907764,512
508888,641352,125,0.906219,512
504976,641352,126,0.909338,512
504480,641352,126,0.909756,512
505232,641352,125,0.909171,520
507672,641352,125,0.907205,520
510520,641352,125,0.904806,520
506672,641352,125,0.908006,520
506752,641352,124,0.907929,536
505696,641352,124,0.908799,536
506168,641352,124,0.908391,536
504032,641352,123,0.910115,536
503584,641352,123,0.910489,536
506880,641352,123,0.907904,536
503680,641352,123,0.910417,536
499944,641352,122,0.913210,536
502016,641352,122,0.911687,536
498784,641352,123,0.913989,536
500080,641352,123,0.913046,536
498752,641352,123,0.914011,536
495960,641352,122,0.915968,536
491888,641352,123,0.918581,536
488064,641352,123,0.920918,536
490600,641352,123,0.919373,536
488816,641352,123,0.920475,536
489520,641352,123,0.920026,536
486584,641352,123,0.921777,536
488720,641352,123,0.920503,536
486200,641352,123,0.921997,536
483248,641352,122,0.923698,536
482464,641352,123,0.924123,536
485680,641352,123,0.922319,536
488224,641352,123,0.920824,536
487208,641352,124,0.921417,536
484848,641352,124,0.922787,536
482088,641352,124,0.924326,536
483016,641352,124,0.923798,536
485264,641352,124,0.922527,536
481680,641352,125,0.924493,536
485712,641352,125,0.922247,536
486696,641352,125,0.921657,536
482896,641352,124,0.820535,536
483792,641352,124,0.819317,536
484872,641352,124,0.817839,536
487728,641352,124,0.813922,536
491664,641352,124,0.808265,536
490416,641352,124,0.810143,536
488128,641352,124,0.813435,536
488872,641352,123,0.812343,576
487272,641352,123,0.814636,568
489184,641352,123,0.811916,568
490640,641352,123,0.809775,568
493728,641352,123,0.805149,568
495224,641352,123,0.802788,568
498440,641352,123,0.797603,568
495080,641352,123,0.803010,568
497856,641352,123,0.798551,568
494680,641352,124,0.803552,568
491616,641352,124,0.808218,568
489440,641352,123,0.811487,568
490984,641352,123,0.809209,568
487544,641352,122,0.814197,568
489376,641352,122,0.811578,568
486000,641352,122,0.816294,568
485432,641352,122,0.817118,568
482704,641352,122,0.820740,568
484776,641352,122,0.817987,568
485824,641352,122,0.816530,568
486272,641352,122,0.815864,568
487576,641352,122,0.814021,568
484280,641352,121,0.818576,568
486216,641352,121,0.815939,568
485288,641352,121,0.817246,568
487568,641352,121,0.814098,568
487728,641352,121,0.813811,568
485656,641352,121,0.816691,568
481976,641352,120,0.821605,568
482104,641352,120,0.821382,568
478784,641352,120,0.825558,568
480872,641352,120,0.822933,568
479016,641352,119,0.825335,568
478664,641352,118,0.825877,568
478888,641352,118,0.825548,568
481920,641352,118,0.821737,568
483544,641352,118,0.819597,568
481184,641352,119,0.822603,568
484512,641352,119,0.818271,568
483424,641352,120,0.819690,568
483144,641352,121,0.820052,568
486504,641352,121,0.815550,568
490168,641352,121,0.810383,568
488872,641352,120,0.812354,568
486368,641352,120,0.815864,568
486872,641352,119,0.815181,568
488136,641352,119,0.813380,568
486272,641352,119,0.815993,568
486672,641352,119,0.815387,568
482648,641352,119,0.791702,568
481024,641352,119,0.794157,568
485008,641352,119,0.788136,568
487232,641352,119,0.784585,568
485560,641352,119,0.787284,568
489144,641352,119,0.781503,568
487632,641352,118,0.784100,568
484664,641352,117,0.788883,568
485216,641352,117,0.787963,568
488104,641352,116,0.783344,616
486016,641352,116,0.786724,616
483112,641352,115,0.791345,584
485232,641352,114,0.788062,632
488240,641352,114,0.783254,632
487920,641352,114,0.783845,632
487136,641352,113,0.785244,632
490864,641352,113,0.779109,632
493720,641352,113,0.774148,632
491632,641352,113,0.777818,632
495264,641352,113,0.771418,632
493792,641352,113,0.774106,632
496256,641352,113,0.769629,632
495280,641352,112,0.771561,632
496720,641352,112,0.768870,632
495976,641352,113,0.770296,592
497616,641352,113,0.767205,592
495352,641352,112,0.771504,592
498800,641352,112,0.765077,592
496888,641352,111,0.768812,592
498896,641352,111,0.764986,592
497280,641352,112,0.768004,592
499784,641352,112,0.763202,592
497064,641352,111,0.768489,592
493696,641352,111,0.774594,592
490904,641352,110,0.779509,592
492056,641352,110,0.777493,592
495208,641352,110,0.771932,592
493088,641352,111,0.775730,544
494368,641352,111,0.773419,544
492144,641352,111,0.777344,544
495336,641352,111,0.771704,544
492120,641352,112,0.777303,544
495032,641352,112,0.772160,544
493248,641352,113,0.775288,544
490376,641352,113,0.780226,544
490960,641352,113,0.779176,544
488176,641352,114,0.783729,544
489096,641352,114,0.782168,544
491872,641352,114,0.777480,544
493016,641352,114,0.775440,544
489080,641352,114,0.782116,544
492208,641352,114,0.776827,544
489152,641352,113,0.782077,544
489792,641352,112,0.780965,584
489184,641352,112,0.782038,584
487496,641352,112,0.784826,584
489248,641352,112,0.781933,584
490568,641352,112,0.779683,584
487752,641352,113,0.784266,584
491504,641352,113,0.778035,584
490064,641352,113,0.780517,584
486400,641352,114,0.786400,584
484360,641352,113,0.789686,584
480672,641352,113,0.795197,584
480952,641352,112,0.794794,584
477400,641352,113,0.799792,584
473736,641352,112,0.804823,584
475208,641352,112,0.802820,584
472904,641352,113,0.805841,584
471832,641352,114,0.807215,584
473056,641352,114,0.805582,584
473248,641352,114,0.805271,584
473880,641352,114,0.804384,584
473280,641352,115,0.805167,584
476624,641352,115,0.800655,584
473768,641352,115,0.804531,584
474904,641352,115,0.802969,584
472464,641352,114,0.806284,584
470320,641352,113,0.809120,584
469040,641352,113,0.810763,584
472232,641352,113,0.806704,584
474128,641352,113,0.804185,584
476288,641352,113,0.801242,584
474192,641352,113,0.804100,584
473984,641352,113,0.804436,584
473880,641352,114,0.804572,584
475912,641352,114,0.801814,584
472072,641352,115,0.806858,576
475040,641352,114,0.802990,576
474384,641352,115,0.803858,576
470592,641352,114,0.808850,576
472880,641352,114,0.805882,576
471176,641352,114,0.808117,576
470864,641352,115,0.808560,536
473880,641352,115,0.804635,536
474704,641352,114,0.803552,536
472456,641352,114,0.806541,536
468728,641352,114,0.811262,536
465952,641352,114,0.814646,536
465352,641352,114,0.815405,536
462496,641352,115,0.818679,536
464312,641352,115,0.816555,536
466720,641352,115,0.813680,536
467512,641352,115,0.812676,536
466248,641352,116,0.814183,536
466960,641352,116,0.813280,536
468400,641352,116,0.811486,536
470128,641352,116,0.809300,536
473176,641352,116,0.805364,536
474480,641352,116,0.803594,536
472392,641352,117,0.806315,536
473192,641352,117,0.805219,536
476512,641352,117,0.800742,536
473880,641352,117,0.804321,536
474912,641352,117,0.802894,536
475904,641352,117,0.801501,536
477040,641352,117,0.799890,536
481040,641352,117,0.794181,536
480280,641352,116,0.795415,536
478056,641352,116,0.798621,536
475032,641352,115,0.802894,512
473952,641352,114,0.804447,512
476608,641352,114,0.800840,512
478760,641352,114,0.797806,512
479384,641352,114,0.796861,512
481408,641352,114,0.793890,512
480896,641352,113,0.794771,512
482136,641352,113,0.792896,512
481336,641352,113,0.794134,512
483736,641352,112,0.790567,528
479776,641352,112,0.796419,528
482360,641352,112,0.792614,528
478712,641352,112,0.797918,528
482632,641352,112,0.792212,528
479528,641352,111,0.796838,528
479808,641352,111,0.796374,528
479144,641352,111,0.797402,512
476984,641352,111,0.800459,512
478072,641352,111,0.798898,512
477792,641352,111,0.799351,512
478384,641352,111,0.798465,512
478408,641352,111,0.798365,512
477160,641352,112,0.800088,512
480864,641352,112,0.794817,512
480840,641352,112,0.794921,512
482056,641352,111,0.793107,544
480768,641352,110,0.795116,544
478616,641352,110,0.798231,544
480704,641352,110,0.795208,544
479088,641352,111,0.797503,544
482400,641352,111,0.792673,544
484336,641352,111,0.789710,544
481824,641352,111,0.793517,544
481664,641352,112,0.793797,512
482184,641352,112,0.792967,512
479936,641352,112,0.796283,512
480896,641352,112,0.794840,512
480736,641352,112,0.795139,512
478504,641352,112,0.798365,512
475144,641352,113,0.802937,512
473288,641352,114,0.805375,512
472160,641352,113,0.806950,512
472080,641352,114,0.807072,496
469488,641352,115,0.810321,496
469592,641352,115,0.810133,496
467368,641352,116,0.812840,496
465576,641352,115,0.815078,496
463936,641352,116,0.816978,496
467344,641352,116,0.812926,496
468640,641352,116,0.811301,496
469408,641352,116,0.810301,496
472824,641352,116,0.805934,496
472192,641352,115,0.806868,496
473176,641352,115,0.805541,496
474408,641352,115,0.803869,496
473944,641352,115,0.804593,456
472424,641352,116,0.806561,456
473704,641352,116,0.804844,456
469784,641352,116,0.809886,456
470400,641352,116,0.809060,456
470528,641352,116,0.808840,456
470024,641352,116,0.809529,456
470368,641352,116,0.809040,456
466776,641352,115,0.813538,456
466392,641352,115,0.814107,408
465688,641352,115,0.814993,408
465808,641352,115,0.814796,408
464456,641352,115,0.816426,408
461920,641352,115,0.819361,408
462176,641352,115,0.819020,408
463112,641352,115,0.817910,408
463080,641352,116,0.817946,408
463296,641352,115,0.817646,456
466544,641352,115,0.813814,456
464592,641352,115,0.816158,456
465400,641352,114,0.815209,464
466344,641352,114,0.814041,464
463576,641352,114,0.817317,464
460800,641352,115,0.820436,464
464656,641352,115,0.816019,464
462192,641352,115,0.818886,464
459248,641352,114,0.822237,464
458696,641352,114,0.822884,464
460824,641352,114,0.820515,464
464792,641352,114,0.815973,464
467064,641352,114,0.813242,464
466240,641352,115,0.814221,464
468656,641352,115,0.811262,464
471144,641352,115,0.808117,464
474192,641352,115,0.804132,464
474320,641352,115,0.803900,464
475320,641352,115,0.802511,464
475208,641352,115,0.802724,464
478208,641352,115,0.798576,464
477512,641352,114,0.799671,464
479256,641352,114,0.797177,464
476352,641352,113,0.801317,464
475648,641352,114,0.802264,464
478640,641352,114,0.798108,464
475792,641352,115,0.802007,464
478424,641352,115,0.798343,464
479072,641352,115,0.797369,464
481584,641352,115,0.793704,464
479696,641352,115,0.796487,464
480840,641352,115,0.794782,464
484432,641352,115,0.789395,464
482216,641352,115,0.792778,464
484952,641352,115,0.788602,464
482408,641352,114,0.792566,464
481464,641352,114,0.794018,464
481592,641352,114,0.793762,464
484248,641352,114,0.789747,464
480472,641352,114,0.795381,464
482616,641352,114,0.792189,464
479880,641352,114,0.796226,464
479936,641352,113,0.796078,512
477448,641352,113,0.799627,512
476296,641352,113,0.801263,512
477888,641352,113,0.799020,512
478192,641352,112,0.798587,520
477912,641352,113,0.798976,520
477440,641352,113,0.799693,520
480568,641352,113,0.795231,520
476584,641352,112,0.800927,520
475488,641352,112,0.802468,520
476728,641352,112,0.800732,520
479728,641352,112,0.796499,520
477024,641352,112,0.800328,520
477984,641352,112,0.798942,520
481720,641352,112,0.793564,520
478808,641352,112,0.797795,520
478784,641352,112,0.797896,520
475208,641352,112,0.802841,520
476496,641352,112,0.801047,520
477880,641352,111,0.799130,536
480264,641352,111,0.795713,536
477048,641352,111,0.800274,536
478048,641352,110,0.798876,552
477008,641352,109,0.800437,552
475136,641352,109,0.803022,552
475760,641352,109,0.802125,552
479304,641352,109,0.797188,552
477400,641352,109,0.799901,552
476592,641352,110,0.801014,544
478120,641352,110,0.798854,544
476096,641352,109,0.801749,544
473816,641352,110,0.804771,544
477288,641352,110,0.800066,544
479456,641352,110,0.796985,544
481632,641352,110,0.793797,544
478768,641352,110,0.797952,544
479904,641352,109,0.796328,560
479880,641352,110,0.796362,560
481504,641352,110,0.793960,560
481032,641352,110,0.794713,560
478000,641352,111,0.798998,560
474640,641352,111,0.803605,560
478256,641352,111,0.798643,560
480400,641352,111,0.795553,560
478568,641352,110,0.798276,560
477560,641352,110,0.799737,560
481224,641352,110,0.794505,560
479984,641352,109,0.796419,560
480608,641352,109,0.795461,560
478192,641352,109,0.798931,560
481688,641352,109,0.793902,560
480192,641352,109,0.796124,560
478512,641352,109,0.798554,560
481728,641352,109,0.793913,560
477760,641352,110,0.799528,560
478568,641352,110,0.798343,560
477248,641352,110,0.800230,560
480752,641352,110,0.795254,560
480768,641352,109,0.795220,568
483584,641352,109,0.791023,568
487568,641352,109,0.784813,568
484368,641352,109,0.789843,568
484808,641352,109,0.789103,568
483584,641352,110,0.790951,568
480592,641352,110,0.795404,568
481552,641352,110,0.793948,568
478200,641352,110,0.798776,568
477312,641352,111,0.800000,568
475152,641352,110,0.803043,568
474560,641352,110,0.803890,568
472312,641352,111,0.806807,568
470632,641352,111,0.808991,568
472912,641352,111,0.806037,568
476728,641352,111,0.800927,568
474872,641352,110,0.803542,568
471904,641352,110,0.807449,568
468400,641352,110,0.811856,568
467104,641352,111,0.813414,568
464944,641352,112,0.815954,568
465416,641352,112,0.815349,568
462200,641352,112,0.819083,568
463088,641352,112,0.818028,568
464544,641352,112,0.816306,568
466544,641352,112,0.813908,568
470624,641352,112,0.808881,568
473208,641352,112,0.805530,568
476320,641352,111,0.801404,576
477080,641352,110,0.800350,592
475472,641352,110,0.802585,592
476208,641352,110,0.801533,592
479336,641352,110,0.797155,592
480656,641352,110,0.795208,592
481904,641352,110,0.793330,592
479816,641352,110,0.796408,592
480320,641352,109,0.795690,592
478696,641352,108,0.798119,592
475224,641352,108,0.802916,592
477936,641352,108,0.799175,592
474272,641352,107,0.804248,584
474144,641352,107,0.804478,584
475984,641352,107,0.801975,584
475344,641352,106,0.802958,584
474008,641352,105,0.804844,584
472872,641352,105,0.806376,584
470464,641352,106,0.809419,584
469880,641352,107,0.810143,584
470968,641352,107,0.808730,584
472144,641352,106,0.807245,584
469136,641352,107,0.810998,584
468368,641352,108,0.811933,584
469744,641352,108,0.810192,584
473528,641352,108,0.805344,584
472632,641352,108,0.806561,584
474776,641352,108,0.803711,584
477352,641352,108,0.800186,584
481224,641352,108,0.794679,584
477632,641352,109,0.799737,584
479288,641352,108,0.797436,584
476848,641352,108,0.800873,584
473880,641352,107,0.804948,584
472496,641352,107,0.806817,568
470808,641352,107,0.809011,568
469720,641352,107,0.810419,568
470952,641352,107,0.808830,568
473504,641352,107,0.805520,568
475424,641352,107,0.802937,568
476048,641352,107,0.802039,568
480120,641352,107,0.796351,568
483912,641352,107,0.790747,568
481736,641352,108,0.793960,568
482680,641352,108,0.792508,568
482048,641352,108,0.793505,568
483608,641352,108,0.791130,568
482368,641352,108,0.793037,568
480448,641352,108,0.795884,568
482008,641352,108,0.793564,568
482208,641352,108,0.793201,568
484520,641352,108,0.789686,568
483520,641352,108,0.791262,568
482896,641352,109,0.792189,568
480312,641352,109,0.796010,568
479080,641352,110,0.797750,568
480208,641352,110,0.796089,568
477160,641352,109,0.800470,568
480128,641352,109,0.796271,568
482288,641352,109,0.793084,568
486080,641352,109,0.787296,568
487032,641352,109,0.785735,568
488936,641352,109,0.782622,568
486864,641352,110,0.785924,568
490648,641352,110,0.779736,568
487808,641352,110,0.784432,568
484056,641352,109,0.790386,568
486992,641352,109,0.785798,568
490744,641352,109,0.779656,568
486960,641352,108,0.785924,568
484928,641352,107,0.789212,568
487856,641352,107,0.784585,568
485376,641352,106,0.788602,568
487264,641352,106,0.785597,568
487192,641352,107,0.785748,544
485256,641352,107,0.788846,528
487560,641352,107,0.785193,528
487192,641352,107,0.785886,504
483648,641352,107,0.791381,504
480024,641352,107,0.796714,504
482808,641352,107,0.792625,504
486616,641352,107,0.786787,504
488144,641352,107,0.784304,504
490256,641352,107,0.780807,504
490720,641352,107,0.779961,504
489720,641352,108,0.781633,488
491080,641352,108,0.779310,488
487008,641352,107,0.786049,488
488976,641352,107,0.782842,488
487352,641352,108,0.785433,488
491160,641352,108,0.779176,488
488448,641352,108,0.783691,488
484864,641352,109,0.789285,488
488856,641352,109,0.782958,488
489000,641352,108,0.782686,512
486840,641352,108,0.786200,512
486104,641352,108,0.787420,512
489688,641352,108,0.781646,512
492832,641352,108,0.776307,512
489952,641352,107,0.781293,512
494008,641352,107,0.774357,512
492168,641352,106,0.777683,512
490808,641352,106,0.780041,512
494192,641352,106,0.774204,512
495840,641352,106,0.771203,512
493728,641352,106,0.775011,512
495368,641352,106,0.772046,512
493328,641352,106,0.775702,512
490000,641352,106,0.781372,512
491280,641352,106,0.779176,512
490424,641352,105,0.780754,512
489008,641352,105,0.783138,512
487744,641352,105,0.785231,512
486288,641352,105,0.787581,512
488264,641352,105,0.784406,512
484880,641352,105,0.789734,512
488232,641352,105,0.784457,512
489792,641352,105,0.781868,512
492256,641352,105,0.777697,512
488472,641352,106,0.783921,512
490040,641352,106,0.781306,512
492184,641352,106,0.777656,512
490608,641352,106,0.780372,512
494480,641352,106,0.773700,512
496016,641352,105,0.770887,560
492824,641352,106,0.776485,560
494088,641352,106,0.774217,560
490216,641352,106,0.780860,560
491968,641352,106,0.777859,560
490128,641352,106,0.781004,560
489168,641352,106,0.782648,560
491944,641352,106,0.777981,560
493856,641352,106,0.774622,560
493512,641352,107,0.775219,560
495944,641352,107,0.770844,560
492832,641352,108,0.776321,552
491392,641352,107,0.778922,552
492096,641352,107,0.777656,552
494576,641352,107,0.773292,552
493184,641352,107,0.775799,552
491048,641352,107,0.779496,552
491344,641352,106,0.778922,600
492320,641352,106,0.777194,600
488328,641352,106,0.783857,600
488632,641352,106,0.783293,600
486320,641352,106,0.787023,600
487200,641352,106,0.785572,600
484072,641352,106,0.790459,600
481928,641352,106,0.793704,600
481944,641352,105,0.793657,616
483672,641352,105,0.791035,616
480360,641352,105,0.795941,616
484192,641352,105,0.790254,616
482896,641352,105,0.792260,616
485104,641352,105,0.788871,616
484480,641352,106,0.789819,616
487856,641352,106,0.784508,616
487384,641352,107,0.785256,616
488632,641352,107,0.783190,616
485240,641352,106,0.788663,616
485480,641352,106,0.788222,616
483824,641352,107,0.790735,616
481392,641352,107,0.794389,616
481672,641352,107,0.793913,616
482416,641352,107,0.792755,616
480440,641352,107,0.795690,616
477296,641352,107,0.800153,616
480632,641352,107,0.795415,616
480416,641352,108,0.795793,568
481648,641352,108,0.793948,568
479920,641352,108,0.796499,568
475832,641352,107,0.802318,528
477384,641352,107,0.800153,528
478552,641352,107,0.798476,528
478840,641352,107,0.798008,528
476840,641352,107,0.800829,528
479112,641352,107,0.797627,528
478920,641352,108,0.797941,496
477168,641352,108,0.800426,496
478584,641352,108,0.798409,496
479952,641352,108,0.796419,496
477264,641352,108,0.800230,496
473432,641352,108,0.805396,496
471880,641352,109,0.807388,496
474992,641352,109,0.803288,496
478232,641352,109,0.798832,496
480560,641352,109,0.795484,496
478416,641352,109,0.798576,496
474336,641352,108,0.804216,496
475360,641352,108,0.802799,496
473272,641352,109,0.805541,496
477016,641352,109,0.800503,496
478152,641352,109,0.798876,496
475600,641352,108,0.802478,496
478496,641352,108,0.798465,496
476768,641352,108,0.800905,496
477768,641352,108,0.799473,496
476480,641352,108,0.801296,496
476536,641352,108,0.801155,496
474256,641352,109,0.804195,496
474240,641352,110,0.804227,488
476888,641352,110,0.800623,488
475360,641352,110,0.802745,488
471504,641352,110,0.807814,488
468312,641352,111,0.811768,488
468392,641352,110,0.811623,528
472104,641352,110,0.806940,528
468752,641352,110,0.811184,528
472096,641352,110,0.806950,528
475488,641352,110,0.802457,528
478568,641352,110,0.798186,528
478424,641352,111,0.798421,504
474632,641352,112,0.803563,504
471392,641352,112,0.807814,504
468376,641352,111,0.811671,504
470600,641352,111,0.808871,504
470944,641352,111,0.808379,504
472384,641352,111,0.806489,504
473784,641352,111,0.804614,504
473136,641352,110,0.805582,504
470136,641352,111,0.809390,504
473456,641352,111,0.805105,504
477064,641352,111,0.800230,504
476936,641352,112,0.800405,504
479984,641352,112,0.796089,504
479784,641352,112,0.796442,504
483464,641352,112,0.791011,504
479408,641352,112,0.796974,504
480632,641352,112,0.795162,504
478504,641352,112,0.798242,504
481144,641352,112,0.794424,504
480480,641352,112,0.795449,504
484400,641352,112,0.789601,504
480736,641352,112,0.795082,504
481120,641352,112,0.794459,504
478848,641352,112,0.797762,504
479376,641352,112,0.796951,504
479248,641352,111,0.797267,504
480616,641352,111,0.795254,504
479360,641352,112,0.797042,504
483312,641352,112,0.791238,504
482688,641352,112,0.792236,504
481096,641352,113,0.794563,504
480656,641352,114,0.795197,504
477248,641352,114,0.800044,504
480816,641352,114,0.794967,504
477152,641352,114,0.800175,504
480664,641352,114,0.795185,504
482088,641352,114,0.793049,504
483360,641352,114,0.791094,504
486360,641352,114,0.786437,504
483712,641352,114,0.790567,504
481568,641352,114,0.793809,504
477816,641352,114,0.799197,504
478064,641352,114,0.798787,504
479512,641352,114,0.796691,504
478624,641352,114,0.798008,504
477352,641352,114,0.799835,504
479024,641352,114,0.797447,504
479056,641352,114,0.797335,504
476584,641352,113,0.800884,504
479224,641352,113,0.797166,504
480384,641352,113,0.795449,504
478472,641352,113,0.798220,504
478216,641352,112,0.798710,504
481480,641352,112,0.794006,504
483056,641352,112,0.791619,504
479640,641352,112,0.796646,504
482680,641352,112,0.792177,504
481448,641352,112,0.794053,504
484896,641352,112,0.788846,504
482240,641352,112,0.792896,504
482648,641352,112,0.792224,504
482392,641352,112,0.792673,504
482312,641352,113,0.792849,464
478944,641352,113,0.797750,464
480600,641352,113,0.795335,464
484472,641352,113,0.789553,464
487672,641352,112,0.784546,488
486824,641352,112,0.785999,464
489728,641352,112,0.781267,464
487744,641352,113,0.784470,464
489568,641352,113,0.781450,464
489160,641352,113,0.782194,464
490736,641352,113,0.779523,464
487032,641352,113,0.785597,464
488192,641352,112,0.783742,472
487200,641352,113,0.785319,472
484936,641352,113,0.788908,472
486288,641352,113,0.786749,472
489600,641352,113,0.781385,472
488280,641352,114,0.783524,472
489040,641352,114,0.782220,472
488512,641352,114,0.783151,472
486032,641352,114,0.787147,472
487656,641352,114,0.784521,472
488232,641352,114,0.783524,472
486000,641352,115,0.787048,472
486968,641352,115,0.785458,472
482920,641352,115,0.791726,472
481672,641352,115,0.793634,472
483640,641352,115,0.790651,472
486464,641352,115,0.786250,472
483952,641352,114,0.790254,472
485224,641352,114,0.788246,472
483056,641352,115,0.791524,472
482024,641352,116,0.793049,472
483672,641352,116,0.790531,472
484432,641352,115,0.789358,488
482072,641352,114,0.793025,488
481968,641352,115,0.793178,488
480392,641352,115,0.795530,488
480600,641352,115,0.795162,488
477632,641352,115,0.799406,488
480480,641352,115,0.795335,488
483400,641352,115,0.790987,488
485264,641352,115,0.788086,488
482360,641352,115,0.792531,488
479856,641352,115,0.796226,488
477648,641352,116,0.799318,488
480168,641352,116,0.795713,488
484192,641352,116,0.789722,488
484832,641352,116,0.788675,488
483264,641352,115,0.791190,488
479240,641352,115,0.797098,488
482024,641352,114,0.793060,512
481264,641352,114,0.794262,496
478608,641352,114,0.798108,496
480264,641352,114,0.795701,496
482064,641352,114,0.793025,496
482272,641352,114,0.792649,496
480648,641352,114,0.795082,496
477216,641352,114,0.799978,488
475912,641352,115,0.801749,488
477672,641352,115,0.799285,488
475792,641352,115,0.801910,488
479408,641352,115,0.796861,488
480288,641352,115,0.795541,488
481544,641352,114,0.793657,536
478208,641352,115,0.798409,536
481144,641352,115,0.794169,536
480200,641352,116,0.795530,536
478552,641352,116,0.797929,536
479288,641352,116,0.796827,536
477816,641352,116,0.798953,536
476648,641352,115,0.800688,536
476304,641352,114,0.801285,536
476480,641352,113,0.801014,560
479296,641352,113,0.797053,560
478232,641352,113,0.798610,560
478272,641352,113,0.798487,560
480280,641352,113,0.795587,560
480304,641352,112,0.795553,560
478296,641352,112,0.798454,560
478976,641352,112,0.797436,560
476064,641352,113,0.801447,560
476280,641352,113,0.801090,560
475016,641352,113,0.802852,560
476008,641352,113,0.801458,560
473744,641352,113,0.804531,560
475008,641352,113,0.802799,560
471056,641352,113,0.807986,560
473424,641352,113,0.804886,560
472784,641352,114,0.805768,520
472592,641352,114,0.806078,520
471144,641352,114,0.807986,520
467536,641352,114,0.812494,520
469416,641352,114,0.810143,520
472888,641352,114,0.805696,520
473088,641352,114,0.805375,520
475192,641352,114,0.802543,520
471448,641352,114,0.807479,520
474624,641352,114,0.803298,520
474568,641352,113,0.803563,472
476360,641352,112,0.801112,512
473576,641352,113,0.804813,512
474784,641352,113,0.803160,512
473136,641352,114,0.805323,512
472160,641352,114,0.806643,512
474216,641352,114,0.803911,512
470584,641352,114,0.808640,512
469592,641352,114,0.809935,512
472528,641352,114,0.806171,512
469416,641352,114,0.810153,512
473280,641352,114,0.805198,512
473680,641352,113,0.804656,528
477640,641352,113,0.799274,528
475760,641352,113,0.801900,528
475792,641352,112,0.801857,528
474248,641352,112,0.803974,528
472840,641352,112,0.805872,528
469128,641352,111,0.810665,528
470168,641352,111,0.809320,528
469200,641352,111,0.810577,528
467192,641352,111,0.813070,528
468408,641352,111,0.811545,528
470192,641352,111,0.809290,528
473432,641352,111,0.805105,528
476712,641352,110,0.800721,544
476264,641352,109,0.801458,544
473936,641352,109,0.804614,544
476080,641352,108,0.801738,568
475080,641352,108,0.803139,568
475344,641352,108,0.802724,568
477328,641352,108,0.799978,568
475504,641352,107,0.802575,568
475056,641352,106,0.803298,568
478960,641352,106,0.797918,568
480920,641352,106,0.795070,568
477016,641352,106,0.800601,568
480880,641352,106,0.795128,568
477880,641352,106,0.799417,568
474152,641352,106,0.804489,568
478032,641352,106,0.799208,568
481712,641352,106,0.793925,568
479136,641352,106,0.797672,568
477576,641352,107,0.799835,568
479240,641352,106,0.797515,576
481240,641352,106,0.794598,576
477744,641352,106,0.799594,576
474464,641352,107,0.804027,560
477944,641352,107,0.799274,560
480200,641352,107,0.796044,560
480144,641352,108,0.796124,560
480432,641352,108,0.795644,560
480128,641352,109,0.796078,560
481368,641352,108,0.794285,568
479480,641352,108,0.797053,568
479200,641352,108,0.797515,568
482976,641352,108,0.791999,568
483784,641352,108,0.790723,568
480704,641352,108,0.795312,568
481024,641352,107,0.794829,584
478256,641352,108,0.798743,584
479512,641352,108,0.796918,584
476872,641352,108,0.800644,584
479168,641352,108,0.797402,584
476592,641352,108,0.801025,584
473264,641352,108,0.805499,584
475728,641352,108,0.802189,584
477544,641352,108,0.799660,584
473760,641352,108,0.804792,584
474360,641352,108,0.803943,584
473608,641352,109,0.804938,576
470560,641352,109,0.808891,576
474408,641352,109,0.803890,576
476840,641352,109,0.800568,576
475056,641352,109,0.803033,576
478624,641352,109,0.798108,576
477384,641352,110,0.799835,568
476920,641352,110,0.800536,568
477624,641352,110,0.799506,568
480192,641352,110,0.795838,568
479552,641352,111,0.796748,568
480664,641352,111,0.795093,568
478760,641352,112,0.797795,568
482752,641352,112,0.791975,568
481832,641352,113,0.793330,568
478568,641352,113,0.798064,568
481552,641352,113,0.793739,568
483864,641352,113,0.790242,568
482904,641352,114,0.791679,568
486232,641352,113,0.786600,576
485024,641352,113,0.788541,576
482240,641352,114,0.792755,552
485048,641352,113,0.788541,552
487808,641352,113,0.784151,552
485944,641352,113,0.787160,552
488736,641352,113,0.782660,552
488512,641352,114,0.783022,552
486144,641352,113,0.786924,552
487360,641352,113,0.784940,552
489544,641352,113,0.781345,552
488400,641352,114,0.783203,552
490512,641352,113,0.779722,568
488200,641352,113,0.783575,568
490112,641352,113,0.780385,568
488896,641352,113,0.782453,568
485568,641352,114,0.787729,560
485168,641352,115,0.788344,560
488176,641352,115,0.783550,560
485400,641352,114,0.788062,560
484704,641352,114,0.789200,560
488128,641352,114,0.783781,560
491368,641352,114,0.778385,560
489704,641352,115,0.781162,552
493048,641352,115,0.775454,552
492648,641352,116,0.776170,536
496088,641352,116,0.770021,536
496360,641352,116,0.769440,536
496960,641352,116,0.768254,536
494848,641352,117,0.772103,520
494144,641352,116,0.773517,520
495416,641352,116,0.771174,520
496984,641352,115,0.768269,552
495848,641352,114,0.770512,552
493848,641352,114,0.774148,552
491912,641352,113,0.777642,552
492240,641352,113,0.777004,552
495472,641352,113,0.771275,552
497208,641352,113,0.768033,552
496904,641352,114,0.768607,544
497200,641352,113,0.768033,560
497032,641352,114,0.768357,552
495904,641352,114,0.770498,552
492528,641352,113,0.776594,552
494104,641352,113,0.773784,552
497904,641352,113,0.766833,552
501888,641352,113,0.759076,552
499784,641352,113,0.763279,552
495800,641352,114,0.770685,552
496928,641352,114,0.768548,552
497872,641352,114,0.766714,552
494256,641352,114,0.773348,552
492344,641352,114,0.776745,552
491000,641352,114,0.779096,552
494656,641352,114,0.772727,552
493288,641352,115,0.775122,552
496536,641352,115,0.769265,552
494904,641352,115,0.772288,552
493344,641352,115,0.775108,552
493312,641352,116,0.775163,552
496952,641352,116,0.768592,552
499856,641352,116,0.763049,552
501928,641352,116,0.758901,552
501904,641352,117,0.758949,552
501656,641352,117,0.759536,552
498416,641352,118,0.765785,552
495848,641352,118,0.770599,552
497080,641352,118,0.768269,552
500728,641352,118,0.761266,552
501584,641352,117,0.759489,600
498696,641352,117,0.765258,552
500304,641352,117,0.762091,552
497664,641352,118,0.767101,552
501536,641352,118,0.759584,552
499960,641352,118,0.762756,552
501096,641352,118,0.760452,552
503280,641352,118,0.755983,552
502488,641352,118,0.757684,552
501064,641352,118,0.760609,552
502608,641352,118,0.757443,552
505080,641352,118,0.752257,552
502192,641352,118,0.758278,552
499256,641352,118,0.764105,552
501024,641352,118,0.760593,552
501288,641352,118,0.759979,552
500240,641352,118,0.762122,552
501832,641352,118,0.758901,552
502632,641352,118,0.757201,552
504424,641352,118,0.753428,552
502888,641352,119,0.756683,504
502680,641352,119,0.757201,504
499240,641352,119,0.764044,504
499496,641352,119,0.763463,504
501384,641352,119,0.759695,504
498800,641352,119,0.764789,504
501448,641352,119,0.759568,504
499656,641352,120,0.763141,464
498000,641352,119,0.766460,464
502000,641352,119,0.758646,464
504216,641352,119,0.754043,464
505232,641352,119,0.751819,464
501968,641352,118,0.758710,464
504840,641352,118,0.752744,464
502872,641352,118,0.756894,464
506760,641352,118,0.748657,464
505104,641352,117,0.752391,464
505680,641352,116,0.751091,504
502336,641352,117,0.757990,504
498888,641352,117,0.764804,504
495088,641352,118,0.771789,504
496512,641352,118,0.769133,504
498456,641352,117,0.765469,536
499192,641352,116,0.764029,560
495320,641352,116,0.771275,560
497448,641352,116,0.767308,560
495056,641352,116,0.771747,560
493320,641352,116,0.774886,560
495352,641352,116,0.771217,560
497744,641352,116,0.766758,560
496136,641352,117,0.769716,560
495376,641352,118,0.771117,544
494520,641352,119,0.772727,496
493568,641352,118,0.774566,496
492328,641352,119,0.776704,496
495232,641352,119,0.771547,496
497904,641352,119,0.766579,496
501256,641352,119,0.760058,496
497936,641352,120,0.766430,496
501216,641352,119,0.760058,536
498288,641352,118,0.765876,536
494896,641352,118,0.772160,536
493128,641352,118,0.775343,536
494920,641352,118,0.772117,536
497032,641352,118,0.768210,536
499552,641352,118,0.763386,536
500064,641352,118,0.762308,536
501328,641352,118,0.759742,536
497648,641352,118,0.766892,536
499920,641352,118,0.762493,536
498616,641352,117,0.765168,536
499800,641352,117,0.762818,536
496792,641352,116,0.768651,536
499880,641352,116,0.762756,536
498512,641352,117,0.765364,536
500008,641352,117,0.762416,536
498984,641352,117,0.764471,536
497416,641352,118,0.767471,504
500016,641352,118,0.762463,504
501464,641352,118,0.759536,504
498352,641352,118,0.765635,504
501536,641352,118,0.759394,504
500800,641352,119,0.760891,480
504136,641352,119,0.754076,480
502344,641352,119,0.757829,480
501232,641352,119,0.760137,480
504632,641352,119,0.753145,480
505904,641352,119,0.750359,480
505160,641352,119,0.752038,480
507936,641352,119,0.745946,480
505088,641352,120,0.752089,480
505152,641352,119,0.751869,520
501968,641352,119,0.758502,520
504736,641352,119,0.752744,520
504456,641352,118,0.753528,520
506928,641352,118,0.748172,520
503248,641352,118,0.756016,520
506392,641352,118,0.749330,520
502392,641352,118,0.757749,520
504328,641352,118,0.753695,520
503816,641352,118,0.754853,520
504112,641352,118,0.754143,520
501512,641352,119,0.759409,520
498112,641352,119,0.766056,520
494600,641352,118,0.772628,520
493384,641352,117,0.774928,520
489496,641352,116,0.781633,520
492496,641352,116,0.776540,520
495840,641352,116,0.770585,520
494664,641352,115,0.772855,520
497248,641352,114,0.768121,560
498664,641352,114,0.765394,560
499984,641352,114,0.762787,560
496568,641352,115,0.769192,560
493520,641352,115,0.774705,560
491248,641352,115,0.778667,560
493232,641352,115,0.775205,560
493784,641352,115,0.774162,560
494896,641352,115,0.772117,560
497744,641352,115,0.766848,560
495280,641352,115,0.771432,560
493824,641352,115,0.774092,560
497424,641352,115,0.767531,560
495680,641352,115,0.770801,560
499432,641352,115,0.763754,560
500408,641352,115,0.761780,560
499960,641352,116,0.762648,560
499160,641352,115,0.764364,560
496368,641352,115,0.769643,560
492576,641352,115,0.776417,560
492168,641352,116,0.777113,560
495800,641352,116,0.770671,560
495504,641352,116,0.771289,560
492592,641352,116,0.776471,560
488784,641352,117,0.782803,560
492576,641352,116,0.776471,576
492952,641352,116,0.775743,576
493976,641352,116,0.773882,576
495856,641352,116,0.770455,576
496736,641352,116,0.768768,576
500720,641352,115,0.761188,600
499128,641352,115,0.764349,600
497232,641352,115,0.767989,600
497720,641352,114,0.767071,608
501712,641352,114,0.759314,608
500992,641352,114,0.760828,608
503016,641352,114,0.756699,608
499448,641352,114,0.763815,608
501008,641352,114,0.760703,608
499024,641352,115,0.764531,608
502608,641352,115,0.757427,608
503544,641352,115,0.755427,608
502968,641352,116,0.756683,568
503936,641352,116,0.754605,568
500616,641352,117,0.761266,568
500672,641352,116,0.761157,568
500096,641352,117,0.762277,568
498952,641352,117,0.764562,568
500720,641352,117,0.761063,568
499584,641352,118,0.763294,552
497824,641352,118,0.766714,552
501640,641352,118,0.759282,552
504368,641352,118,0.753645,552
508072,641352,118,0.745591,552
506888,641352,118,0.748293,552
503096,641352,119,0.756293,536
506528,641352,119,0.749003,536
503048,641352,118,0.756488,536
503504,641352,118,0.755460,536
503712,641352,117,0.755001,552
502912,641352,116,0.756829,552
498912,641352,117,0.764668,552
501616,641352,117,0.759330,552
501496,641352,117,0.759663,552
501808,641352,117,0.758949,552
501920,641352,117,0.758630,552
499112,641352,117,0.764197,552
500192,641352,117,0.762029,552
499336,641352,116,0.763861,552
502568,641352,116,0.757427,552
500656,641352,116,0.761313,552
501832,641352,116,0.758901,552
500480,641352,117,0.761563,552
499496,641352,117,0.763555,552
503184,641352,117,0.756179,552
501952,641352,118,0.758662,552
498952,641352,118,0.764592,552
500888,641352,118,0.760766,552
503448,641352,117,0.755559,592
500360,641352,117,0.761812,592
498176,641352,117,0.766071,592
500176,641352,117,0.762169,592
503552,641352,117,0.755346,592
504072,641352,117,0.754176,592
503776,641352,118,0.754820,576
507056,641352,118,0.747771,576
503320,641352,117,0.755853,576
504528,641352,116,0.753295,608
504152,641352,116,0.754176,608
505672,641352,116,0.750887,608
501752,641352,117,0.758949,608
504536,641352,117,0.753178,608
502504,641352,117,0.757443,608
505640,641352,117,0.750853,608
504832,641352,118,0.752559,608
505760,641352,118,0.750496,608
501672,641352,118,0.759012,608
504256,641352,118,0.753661,608
502800,641352,118,0.756748,608
499800,641352,118,0.762771,608
501688,641352,118,0.758980,608
499704,641352,119,0.762864,608
497032,641352,120,0.767900,608
499856,641352,120,0.762478,608
503896,641352,120,0.754308,608
501376,641352,120,0.759505,608
497392,641352,120,0.767279,584
493808,641352,120,0.773826,584
492552,641352,120,0.776087,584
494560,641352,120,0.772501,584
495008,641352,119,0.771618,632
498184,641352,118,0.765785,640
501864,641352,118,0.758566,640
503784,641352,118,0.754572,640
500440,641352,118,0.761376,640
496448,641352,119,0.768914,640
495432,641352,118,0.770930,640
499520,641352,118,0.763248,640
499936,641352,118,0.762354,640
501216,641352,118,0.759758,640
498104,641352,118,0.765846,640
501992,641352,118,0.758214,640
498744,641352,119,0.764547,640
501072,641352,119,0.759947,640
497736,641352,118,0.766534,640
501168,641352,118,0.759853,640
498384,641352,118,0.765319,640
500536,641352,118,0.761094,640
498152,641352,117,0.765846,640
501104,641352,117,0.760074,640
500400,641352,117,0.761547,640
501024,641352,117,0.760231,640
500144,641352,117,0.762044,640
503832,641352,117,0.754572,640
501808,641352,118,0.758678,640
499736,641352,118,0.762833,640
501064,641352,118,0.760152,640
503840,641352,118,0.754457,640
503728,641352,119,0.754688,640
507280,641352,119,0.747037,640
506064,641352,119,0.749777,640
507912,641352,119,0.745645,640
504360,641352,119,0.753378,640
500728,641352,119,0.760813,640
498600,641352,119,0.765001,640
500664,641352,119,0.760938,640
496816,641352,120,0.768239,640
500784,641352,120,0.760609,640
500968,641352,120,0.760152,640
498064,641352,120,0.765830,640
497184,641352,120,0.767560,640
500976,641352,120,0.760231,640
498864,641352,121,0.764318,640
502784,641352,121,0.756521,640
500016,641352,121,0.762106,640
502640,641352,121,0.756813,640
502040,641352,122,0.758022,640
499648,641352,121,0.762910,640
500336,641352,121,0.761485,640
504432,641352,121,0.753128,640
501672,641352,121,0.758853,640
503448,641352,121,0.755165,640
501744,641352,120,0.758805,640
505624,641352,120,0.750717,640
502800,641352,120,0.756683,640
502760,641352,120,0.756861,640
499288,641352,121,0.763693,640
502896,641352,121,0.786977,640
504944,641352,121,0.783187,640
505624,641352,121,0.781839,640
507176,641352,121,0.778817,640
508216,641352,121,0.776713,640
506264,641352,121,0.780550,640
507376,641352,120,0.778356,680
503560,641352,120,0.785546,680
506936,641352,120,0.779199,680
504416,641352,119,0.784082,680
507696,641352,119,0.777832,680
506472,641352,119,0.780263,680
507824,641352,119,0.777584,680
506648,641352,119,0.779930,680
507328,641352,119,0.778541,680
507120,641352,120,0.778970,664
509840,641352,120,0.773546,664
507376,641352,120,0.778479,664
505408,641352,121,0.782196,664
504408,641352,121,0.784125,664
504472,641352,121,0.783921,664
506472,641352,121,0.780112,664
509272,641352,121,0.774585,664
507336,641352,122,0.778372,664
510416,641352,122,0.772189,664
509168,641352,122,0.774792,664
508680,641352,122,0.775867,656
510112,641352,122,0.772918,656
511520,641352,122,0.769940,656
509296,641352,122,0.774553,656
511504,641352,122,0.769973,656
511120,641352,122,0.770865,656
511528,641352,122,0.769924,656
510976,641352,122,0.771160,656
511464,641352,122,0.770056,656
510032,641352,122,0.773079,656
507136,641352,122,0.778863,656
504848,641352,121,0.783334,656
508624,641352,121,0.776071,656
510472,641352,121,0.772286,656
511912,641352,121,0.769225,656
509976,641352,122,0.773192,656
510136,641352,122,0.772773,656
509200,641352,122,0.774744,656
509472,641352,121,0.774123,696
505720,641352,120,0.781556,696
507168,641352,120,0.778725,696
503720,641352,120,0.785229,696
506376,641352,120,0.780233,696
504312,641352,120,0.784155,696
502304,641352,121,0.787756,696
499432,641352,122,0.792703,696
502032,641352,122,0.788150,696
504504,641352,121,0.783643,736
502248,641352,121,0.787784,736
502992,641352,121,0.786379,736
503968,641352,121,0.784533,736
499888,641352,121,0.791784,736
497160,641352,121,0.796391,736
497672,641352,121,0.795478,736
500160,641352,121,0.791239,736
496816,641352,122,0.796792,736
496136,641352,123,0.797886,736
493904,641352,124,0.801393,736
496296,641352,124,0.797553,736
498776,641352,124,0.793414,736
499120,641352,124,0.792757,736
495232,641352,124,0.799170,736
495568,641352,123,0.798612,752
495304,641352,123,0.799107,752
497608,641352,123,0.795321,752
496680,641352,123,0.796909,752
497544,641352,122,0.795439,792
496128,641352,122,0.797809,792
493504,641352,122,0.801997,792
497320,641352,122,0.795883,792
496112,641352,122,0.797963,760
498016,641352,122,0.794794,760
494136,641352,121,0.801146,760
497216,641352,121,0.796183,760
498904,641352,121,0.793320,760
495776,641352,121,0.798498,760
496648,641352,121,0.797025,760
495608,641352,121,0.798765,760
494168,641352,121,0.801096,760
495744,641352,121,0.798549,760
492136,641352,121,0.776170,760
491392,641352,122,0.777439,760
493816,641352,122,0.773165,760
492552,641352,122,0.775454,760
488872,641352,123,0.781633,760
492296,641352,123,0.775812,760
488432,641352,123,0.782349,760
489152,641352,122,0.781136,784
489704,641352,122,0.780147,784
492496,641352,122,0.775343,784
494512,641352,122,0.771718,784
491664,641352,123,0.776690,784
491344,641352,124,0.777262,768
492840,641352,124,0.774608,768
492584,641352,124,0.775136,768
490112,641352,125,0.779403,728
491824,641352,125,0.776430,728
490568,641352,126,0.778640,680
492288,641352,126,0.775633,680
491144,641352,126,0.777669,680
487488,641352,126,0.783768,680
491544,641352,126,0.776990,680
493056,641352,126,0.774301,680
494624,641352,126,0.771446,680
496952,641352,126,0.767115,680
496840,641352,125,0.767501,680
497800,641352,125,0.765620,680
496424,641352,126,0.768180,680
499256,641352,125,0.762818,696
497456,641352,125,0.766325,696
499048,641352,125,0.763218,696
498776,641352,126,0.763815,656
502248,641352,125,0.756974,664
500136,641352,125,0.761266,664
502152,641352,125,0.757169,664
498376,641352,125,0.764653,664
500984,641352,125,0.759505,664
497608,641352,126,0.766011,664
500896,641352,126,0.759584,664
498312,641352,127,0.764668,624
501080,641352,127,0.759203,624
499360,641352,127,0.762663,624
496424,641352,127,0.768283,624
498752,641352,127,0.763830,624
501568,641352,127,0.758230,624
499624,641352,127,0.762215,592
501424,641352,127,0.758582,592
497736,641352,127,0.765815,592
498536,641352,127,0.764212,592
497176,641352,127,0.766877,584
500632,641352,127,0.760168,584
498304,641352,128,0.764668,584
495128,641352,128,0.770642,576
496688,641352,128,0.767708,576
493920,641352,128,0.772798,576
496456,641352,128,0.768136,576
497672,641352,128,0.765785,576
493688,641352,129,0.773038,576
490888,641352,129,0.777954,576
487808,641352,129,0.783112,576
484888,641352,128,0.787865,576
480848,641352,128,0.793983,576
484032,641352,128,0.789176,576
484840,641352,128,0.787865,576
486376,641352,128,0.785395,576
484104,641352,127,0.789066,576
485144,641352,127,0.787395,576
487352,641352,127,0.783845,576
487952,641352,127,0.782803,576
486840,641352,126,0.784737,576
486816,641352,126,0.784889,552
488200,641352,126,0.782596,552
487176,641352,126,0.784317,552
483752,641352,125,0.789783,552
479832,641352,126,0.795553,552
481840,641352,126,0.792566,552
481568,641352,127,0.792967,552
482936,641352,126,0.790915,568
484840,641352,126,0.787951,568
485264,641352,125,0.787284,576
487312,641352,125,0.783985,576
484168,641352,124,0.789042,576
480136,641352,124,0.795082,576
477528,641352,124,0.798832,576
480472,641352,124,0.794598,576
479664,641352,124,0.795827,576
476536,641352,124,0.800263,576
473336,641352,124,0.804635,552
469904,641352,124,0.809080,552
470328,641352,124,0.808489,552
470496,641352,124,0.808218,552
469520,641352,124,0.809499,552
472736,641352,124,0.805354,552
472880,641352,123,0.805125,584
474640,641352,123,0.802745,584
475672,641352,123,0.801296,584
475056,641352,124,0.802125,584
478200,641352,124,0.797750,584
478472,641352,124,0.797301,584
476568,641352,124,0.800011,584
479320,641352,124,0.796101,584
477400,641352,123,0.798931,584
478112,641352,123,0.797874,584
477392,641352,123,0.798976,560
480952,641352,123,0.793855,560
479992,641352,124,0.795243,560
482632,641352,124,0.791309,560
479928,641352,123,0.795404,560
481616,641352,123,0.792884,560
480264,641352,123,0.794921,560
478264,641352,123,0.797829,560
476792,641352,123,0.799934,560
475680,641352,123,0.801512,560
471864,641352,124,0.806530,560
475808,641352,124,0.801274,560
472992,641352,124,0.805073,560
473152,641352,123,0.804865,560
472632,641352,122,0.805665,560
475736,641352,122,0.801501,560
473584,641352,123,0.804363,560
474624,641352,123,0.802926,560
472480,641352,123,0.805799,560
476560,641352,123,0.800317,560
474784,641352,123,0.802777,560
477496,641352,123,0.799031,560
473504,641352,123,0.804468,560
471456,641352,124,0.807113,560
471128,641352,124,0.807591,560
473712,641352,124,0.804195,560
471232,641352,125,0.807398,560
471760,641352,125,0.806663,560
467704,641352,124,0.811836,560
468928,641352,124,0.810281,560
472048,641352,124,0.806294,560
475368,641352,124,0.801867,560
473552,641352,124,0.804342,560
476912,641352,124,0.799770,560
476576,641352,124,0.800317,544
475136,641352,125,0.802264,544
472152,641352,126,0.806181,544
470704,641352,127,0.808026,544
467912,641352,127,0.811545,544
469000,641352,127,0.810153,544
472352,641352,127,0.805861,544
473808,641352,127,0.803900,544
475344,641352,127,0.801792,544
476448,641352,126,0.800295,544
480456,641352,126,0.794598,544
484240,641352,125,0.788932,576
484896,641352,124,0.787877,608
484752,641352,125,0.788148,576
485000,641352,125,0.787692,576
487928,641352,125,0.782996,576
485288,641352,125,0.787246,576
488016,641352,125,0.782854,576
487512,641352,125,0.783742,576
489496,641352,125,0.780438,576
489448,641352,126,0.780517,576
486160,641352,127,0.785811,576
482296,641352,126,0.791857,576
482384,641352,125,0.791679,608
483384,641352,125,0.790109,608
484056,641352,125,0.789017,608
482520,641352,125,0.791405,608
486192,641352,125,0.785710,608
482992,641352,125,0.790699,608
479176,641352,125,0.796340,608
482656,641352,125,0.791202,608
481552,641352,126,0.792837,608
485424,641352,126,0.786911,608
485928,641352,126,0.786049,608
485840,641352,127,0.786237,576
487808,641352,127,0.783035,576
484016,641352,127,0.789054,576
480640,641352,126,0.794215,576
479096,641352,126,0.796499,576
482376,641352,126,0.791667,576
480080,641352,127,0.795024,576
484032,641352,127,0.789103,576
482952,641352,127,0.790807,576
482992,641352,127,0.790675,576
479816,641352,128,0.795335,576
481544,641352,128,0.792755,576
480008,641352,129,0.794990,576
480144,641352,128,0.794736,616
483440,641352,128,0.789795,616
485632,641352,128,0.786350,616
482544,641352,127,0.791214,616
484320,641352,127,0.788455,616
481072,641352,126,0.793459,616
477592,641352,126,0.798487,616
476992,641352,126,0.799384,616
477432,641352,125,0.798776,616
479704,641352,125,0.795507,616
478016,641352,125,0.797963,616
481072,641352,125,0.793529,616
484808,641352,125,0.787852,616
480936,641352,125,0.793727,616
477336,641352,124,0.798976,616
479744,641352,124,0.795518,616
479064,641352,125,0.796487,616
480608,641352,125,0.794204,616
483400,641352,125,0.790001,616
481256,641352,126,0.793225,592
478824,641352,126,0.796793,592
478992,641352,126,0.796487,592
479848,641352,126,0.795197,592
478352,641352,126,0.797391,592
478080,641352,126,0.797840,592
481936,641352,126,0.792224,592
483528,641352,126,0.789771,592
482768,641352,125,0.791058,592
482344,641352,126,0.791690,592
485168,641352,126,0.787333,592
484928,641352,126,0.787778,592
486112,641352,126,0.785861,592
482360,641352,126,0.791667,592
482072,641352,126,0.792165,592
482584,641352,126,0.791333,592
486280,641352,126,0.785597,592
487160,641352,126,0.784126,592
485840,641352,127,0.786212,592
489632,641352,127,0.780028,592
488416,641352,127,0.782155,560
491448,641352,127,0.777031,560
490320,641352,127,0.779016,560
490152,641352,127,0.779376,560
493232,641352,127,0.774036,560
494208,641352,127,0.772231,560
492000,641352,127,0.776170,560
494432,641352,127,0.771832,560
491296,641352,127,0.777371,560
490872,641352,128,0.778089,560
494440,641352,128,0.771818,560
493952,641352,129,0.772685,560
491160,641352,129,0.777602,560
494656,641352,129,0.771432,560
491008,641352,129,0.777859,560
487648,641352,129,0.783473,560
489936,641352,129,0.779656,560
487112,641352,128,0.784406,560
486080,641352,128,0.786112,560
488424,641352,128,0.782298,560
489568,641352,128,0.780345,560
490344,641352,128,0.778975,560
493880,641352,128,0.772812,560
497664,641352,128,0.765830,560
494544,641352,129,0.771547,560
495104,641352,129,0.770455,560
494512,641352,129,0.771604,560
491408,641352,129,0.777099,560
491792,641352,129,0.776362,560
491288,641352,130,0.777222,560
493336,641352,130,0.773601,560
497256,641352,130,0.766415,560
496320,641352,130,0.768239,560
499112,641352,130,0.762895,560
495968,641352,130,0.768885,560
498384,641352,130,0.764288,560
498144,641352,130,0.764835,560
495936,641352,130,0.769031,560
496856,641352,130,0.767249,560
492768,641352,130,0.774677,560
494504,641352,130,0.771532,560
493464,641352,130,0.773461,560
492424,641352,130,0.775357,560
491144,641352,130,0.777629,560
494728,641352,130,0.771303,560
496112,641352,129,0.768797,560
494984,641352,129,0.770930,560
497920,641352,129,0.765439,560
494976,641352,129,0.770944,560
497600,641352,129,0.766041,560
496056,641352,128,0.769075,560
497608,641352,128,0.766116,560
500072,641352,128,0.761313,560
499104,641352,128,0.763279,560
499608,641352,128,0.762215,560
499832,641352,127,0.761687,608
499520,641352,127,0.762385,608
495888,641352,127,0.769294,608
495864,641352,128,0.769338,608
492168,641352,128,0.775964,608
492264,641352,128,0.775716,608
492656,641352,128,0.774955,608
496072,641352,128,0.768782,608
496832,641352,128,0.767294,608
495192,641352,128,0.770382,608
493920,641352,128,0.772741,608
490624,641352,128,0.778506,608
490408,641352,127,0.779029,608
491896,641352,127,0.776430,608
493072,641352,127,0.774315,608
491984,641352,127,0.776279,608
491776,641352,128,0.776635,608
488624,641352,128,0.781972,608
488784,641352,128,0.781633,608
491608,641352,128,0.776840,608
492664,641352,128,0.774941,608
493944,641352,128,0.772614,608
491408,641352,128,0.777099,608
492600,641352,128,0.774969,608
488816,641352,128,0.781476,576
491952,641352,128,0.776142,576
489128,641352,128,0.780965,576
490376,641352,128,0.778815,576
489568,641352,128,0.780240,576
487096,641352,128,0.784330,576
490160,641352,128,0.779256,576
491256,641352,128,0.777330,576
487520,641352,127,0.783652,576
488992,641352,127,0.781188,576
491384,641352,127,0.777113,576
490056,641352,127,0.779430,576
491512,641352,127,0.776895,576
490328,641352,127,0.778975,576
492976,641352,127,0.774371,576
491184,641352,127,0.777534,576
491992,641352,127,0.776074,576
489992,641352,127,0.779536,576
490552,641352,127,0.778519,576
486936,641352,127,0.784508,576
485848,641352,127,0.786300,576
488992,641352,127,0.781188,576
490568,641352,127,0.778493,576
490344,641352,128,0.778949,528
491200,641352,128,0.777425,528
490400,641352,129,0.778774,528
487752,641352,130,0.783125,528
485952,641352,130,0.786062,528
487312,641352,130,0.783832,528
485464,641352,130,0.786824,528
489272,641352,130,0.780649,528
488464,641352,130,0.782051,528
484584,641352,129,0.788332,528
486248,641352,129,0.785672,528
483856,641352,130,0.789370,528
482592,641352,131,0.791274,528
486160,641352,131,0.785735,528
488456,641352,131,0.781985,528
491216,641352,131,0.777317,528
494240,641352,131,0.771975,528
496656,641352,131,0.767501,528
493072,641352,131,0.774036,528
495080,641352,131,0.770382,528
494896,641352,132,0.770714,528
496056,641352,132,0.768519,528
495528,641352,132,0.769571,528
491672,641352,133,0.776375,528
494888,641352,133,0.770642,528
497936,641352,133,0.764926,528
497072,641352,133,0.766714,488
499928,641352,133,0.761173,488
499048,641352,132,0.763064,488
496232,641352,133,0.768357,488
494480,641352,132,0.771704,488
491544,641352,132,0.776909,488
493424,641352,132,0.773573,488
491024,641352,132,0.777818,472
494536,641352,132,0.771632,472
493664,641352,131,0.773348,472
493728,641352,131,0.773151,472
496936,641352,131,0.767264,472
493376,641352,131,0.773770,472
496320,641352,131,0.768401,472
500272,641352,131,0.760813,472
500024,641352,131,0.761391,472
500088,641352,131,0.761173,472
502488,641352,130,0.756342,496
498784,641352,129,0.763830,496
499408,641352,129,0.762540,496
497448,641352,129,0.766355,496
494816,641352,129,0.771260,496
492232,641352,128,0.775964,496
494736,641352,128,0.771489,496
495512,641352,128,0.770006,496
495552,641352,127,0.769919,504
494280,641352,127,0.772288,504
494832,641352,127,0.771217,504
491480,641352,126,0.777235,504
489792,641352,127,0.780067,504
490792,641352,127,0.778318,504
489656,641352,127,0.780293,504
489864,641352,127,0.779869,504
493008,641352,127,0.774441,504
491536,641352,127,0.777058,504
489240,641352,127,0.780978,504
492752,641352,127,0.774969,504
494808,641352,127,0.771260,504
492416,641352,127,0.775550,504
495320,641352,127,0.770339,504
492568,641352,128,0.775205,504
489288,641352,127,0.780899,504
485944,641352,128,0.786262,504
482624,641352,127,0.791476,504
482104,641352,128,0.792319,456
485664,641352,128,0.786849,456
484088,641352,128,0.789346,456
483792,641352,127,0.790013,408
487480,641352,127,0.784215,408
485080,641352,127,0.788086,384
486184,641352,127,0.786300,384
487568,641352,127,0.784036,384
487360,641352,127,0.784445,384
483760,641352,126,0.790170,384
486720,641352,125,0.785572,408
490616,641352,125,0.779176,408
494168,641352,125,0.772996,408
491696,641352,124,0.777439,408
493344,641352,124,0.774524,408
490032,641352,123,0.780306,408
488096,641352,123,0.783537,408
490920,641352,123,0.778828,408
494256,641352,122,0.773081,416
494928,641352,121,0.771889,416
491032,641352,121,0.778707,416
489608,641352,121,0.781149,416
490384,641352,121,0.779789,416
493456,641352,121,0.774483,416
496456,641352,121,0.769046,416
499016,641352,121,0.764181,416
497368,641352,121,0.767368,416
499504,641352,121,0.763248,416
495968,641352,121,0.769934,416
499856,641352,121,0.762571,416
497352,641352,121,0.767397,416
495856,641352,121,0.770223,416
498416,641352,120,0.765409,464
497416,641352,120,0.767368,464
496456,641352,120,0.769221,464
494112,641352,121,0.773419,464
493768,641352,121,0.774106,464
492792,641352,121,0.775881,464
492560,641352,122,0.776279,464
492616,641352,122,0.776101,464
492824,641352,122,0.775661,464
489544,641352,121,0.781332,464
489672,641352,120,0.781123,464
492360,641352,120,0.776540,464
493776,641352,120,0.774008,464
490344,641352,119,0.780014,464
492608,641352,119,0.776115,464
493512,641352,119,0.774469,464
495720,641352,118,0.770484,504
497712,641352,118,0.766743,504
494528,641352,119,0.772529,504
495584,641352,119,0.770556,504
492624,641352,120,0.775812,480
493120,641352,120,0.774872,480
492728,641352,120,0.775633,480
491616,641352,120,0.777683,440
495592,641352,120,0.770657,440
494784,641352,120,0.772188,440
498288,641352,120,0.765695,440
499152,641352,120,0.763968,440
495376,641352,121,0.770959,440
499352,641352,121,0.763494,440
499288,641352,122,0.763693,400
502384,641352,122,0.757523,400
499824,641352,122,0.762663,400
501200,641352,122,0.759884,400
500744,641352,121,0.760969,400
504072,641352,121,0.754176,400
503312,641352,120,0.755934,400
502904,641352,119,0.756958,400
503528,641352,119,0.755591,400
502816,641352,118,0.757233,400
505072,641352,118,0.752492,400
508680,641352,118,0.744577,400
508080,641352,118,0.746016,400
509384,641352,118,0.742994,400
509344,641352,117,0.743301,400
509800,641352,117,0.742159,400
508520,641352,117,0.745147,400
508080,641352,118,0.746122,400
506488,641352,119,0.749588,400
506792,641352,118,0.748917,408
509232,641352,118,0.743428,408
512736,641352,118,0.735162,408
511320,641352,118,0.738632,408
510400,641352,117,0.740988,408
508840,641352,116,0.744737,408
505792,641352,117,0.751362,408
506416,641352,117,0.749931,408
509152,641352,117,0.743824,408
512232,641352,117,0.736595,408
514672,641352,117,0.730548,408
513080,641352,118,0.734449,408
514488,641352,118,0.730885,408
514040,641352,119,0.732110,360
513264,641352,119,0.734120,360
513360,641352,119,0.733771,360
511952,641352,119,0.737259,360
507872,641352,120,0.746563,360
504592,641352,120,0.753678,360
503816,641352,120,0.755378,360
500024,641352,120,0.763002,360
501984,641352,120,0.759076,360
503216,641352,120,0.756504,360
503160,641352,120,0.756715,360
504920,641352,120,0.752995,360
502592,641352,120,0.757861,360
505136,641352,120,0.752542,360
503904,641352,120,0.755198,360
502680,641352,120,0.757781,360
504632,641352,120,0.753695,360
507984,641352,120,0.746422,360
508136,641352,119,0.746087,360
509424,641352,119,0.743102,360
510872,641352,119,0.739676,360
507792,641352,119,0.746739,360
508368,641352,119,0.745361,360
511488,641352,119,0.738126,360
508408,641352,119,0.745272,360
507720,641352,119,0.746897,360
505256,641352,120,0.752190,360
502328,641352,120,0.758294,360
503056,641352,120,0.756732,360
505704,641352,120,0.751142,360
509000,641352,120,0.743842,360
505432,641352,120,0.751718,360
508544,641352,120,0.744862,360
510728,641352,120,0.739788,360
508040,641352,120,0.745981,360
509816,641352,120,0.741885,360
507040,641352,121,0.748067,360
506056,641352,121,0.750291,360
506552,641352,120,0.749227,360
506512,641352,121,0.749330,352
508832,641352,121,0.744129,352
505224,641352,122,0.751971,352
501536,641352,123,0.759505,352
499776,641352,123,0.763033,352
499640,641352,124,0.763371,312
499840,641352,124,0.762895,312
500176,641352,124,0.762153,312
496896,641352,124,0.768504,272
499224,641352,124,0.764059,272
502632,641352,124,0.757282,272
505176,641352,124,0.751937,272
505112,641352,124,0.752173,272
504456,641352,124,0.753711,240
504712,641352,124,0.753078,240
504736,641352,124,0.752928,240
504720,641352,124,0.753095,224
504096,641352,125,0.754391,224
507688,641352,124,0.746704,240
510864,641352,124,0.739416,240
507352,641352,124,0.747440,240
505088,641352,124,0.752391,240
506872,641352,124,0.748484,240
503304,641352,125,0.755983,240
506096,641352,125,0.750051,240
507928,641352,125,0.745963,240
510672,641352,125,0.739639,240
510512,641352,125,0.740121,240
514080,641352,124,0.731598,240
510904,641352,124,0.739323,240
511800,641352,124,0.737107,240
511248,641352,125,0.738408,240
509296,641352,125,0.743012,240
513000,641352,125,0.734236,240
515040,641352,125,0.729088,240
513272,641352,125,0.733577,240
510208,641352,124,0.741043,240
512104,641352,124,0.736500,240
509064,641352,124,0.743644,240
511528,641352,124,0.737863,240
511496,641352,124,0.738051,240
514008,641352,124,0.731894,240
517824,641352,124,0.722032,240
514616,641352,124,0.730389,240
516296,641352,123,0.726120,248
513640,641352,122,0.733011,248
516208,641352,122,0.726469,248
513464,641352,122,0.733440,248
510920,641352,122,0.739602,248
514104,641352,122,0.731874,248
513200,641352,121,0.734314,248
509776,641352,120,0.742559,248
510984,641352,120,0.739676,248
514368,641352,120,0.731460,248
515432,641352,120,0.728685,248
512096,641352,121,0.736861,240
510432,641352,121,0.740859,240
507832,641352,121,0.746809,240
508520,641352,121,0.745183,240
506736,641352,121,0.749193,240
507176,641352,120,0.748241,240
504152,641352,120,0.754737,240
502736,641352,120,0.757717,240
504856,641352,120,0.753278,240
506688,641352,119,0.749348,264
509592,641352,119,0.742831,264
505616,641352,120,0.751532,264
502648,641352,120,0.757749,264
503936,641352,120,0.755034,264
503072,641352,121,0.756796,264
505992,641352,121,0.750632,264
509096,641352,121,0.743734,264
510968,641352,121,0.739342,264
510760,641352,122,0.739825,264
513648,641352,122,0.732836,264
511136,641352,122,0.738950,264
513456,641352,122,0.733304,264
512784,641352,123,0.734931,264
516296,641352,123,0.726079,264
513344,641352,122,0.733693,264
514480,641352,122,0.730786,264
512432,641352,122,0.735890,264
513512,641352,122,0.733168,264
511048,641352,122,0.739155,264
513456,641352,122,0.733304,264
510048,641352,122,0.741465,264
507464,641352,123,0.747247,264
511272,641352,123,0.738520,264
510648,641352,123,0.740084,264
510952,641352,123,0.739267,264
513360,641352,123,0.733421,264
509552,641352,124,0.742377,264
507224,641352,124,0.747667,264
506048,641352,124,0.750308,264
504232,641352,124,0.754225,264
507328,641352,124,0.747545,264
510248,641352,123,0.740896,312
514144,641352,123,0.731499,312
514944,641352,123,0.729389,312
513888,641352,124,0.732012,312
515192,641352,124,0.728645,312
514152,641352,124,0.731361,312
517184,641352,124,0.723527,312
515776,641352,124,0.727286,312
516464,641352,124,0.725399,312
516400,641352,124,0.725688,312
520192,641352,124,0.715422,312
519568,641352,125,0.717142,312
515896,641352,126,0.726858,312
518544,641352,126,0.719791,312
522312,641352,126,0.747151,312
519424,641352,126,0.754336,312
517440,641352,127,0.758964,312
516464,641352,126,0.761393,312
515080,641352,126,0.764562,312
516520,641352,126,0.761267,312
520512,641352,126,0.791334,312
524600,641352,126,0.824680,312
523296,641352,126,0.827062,312
522608,641352,126,0.828332,312
522304,641352,126,0.828933,312
520544,641352,125,0.832032,312
523016,641352,125,0.827796,312
522592,641352,125,0.828619,304
521304,641352,125,0.830870,304
521408,641352,124,0.830657,328
524640,641352,124,0.825008,328
525592,641352,124,0.823210,328
526344,641352,124,0.821745,328
527456,641352,124,0.819577,328
525136,641352,124,0.823948,328
528592,641352,124,0.817402,328
524824,641352,125,0.824422,328
525312,641352,124,0.823471,368
527000,641352,124,0.820271,368
523440,641352,125,0.826714,368
527440,641352,125,0.861846,368
526688,641352,125,0.862997,368
530696,641352,125,0.901043,368
530088,641352,125,0.901744,368
530160,641352,125,0.901617,368
527888,641352,126,0.903974,368
524752,641352,125,0.907140,368
524464,641352,124,0.907502,368
522728,641352,123,0.909192,368
525968,641352,123,0.906113,368
528032,641352,123,0.904023,368
529216,641352,123,0.902760,368
525920,641352,123,0.906113,368
522800,641352,123,0.909084,368
523088,641352,123,0.908778,368
525488,641352,123,0.906484,368
525592,641352,123,0.906337,368
524512,641352,123,0.907412,368
523568,641352,122,0.908381,368
524904,641352,121,0.907087,416
523056,641352,121,0.908851,416
521168,641352,121,0.910584,416
519616,641352,120,0.912008,416
521120,641352,120,0.910668,416
519600,641352,121,0.911981,416
520208,641352,120,0.911447,432
522272,641352,119,0.909632,432
518704,641352,119,0.912764,432
520328,641352,119,0.911343,432
523704,641352,119,0.908285,432
522176,641352,118,0.909761,432
524656,641352,118,0.907442,432
526488,641352,118,0.905638,432
526288,641352,117,0.905927,432
523216,641352,116,0.908909,432
526552,641352,116,0.905717,432
530584,641352,116,0.901557,432
528104,641352,116,0.904176,432
525920,641352,117,0.906330,432
528328,641352,117,0.903901,432
529104,641352,117,0.903058,432
526200,641352,118,0.905966,432
526440,641352,118,0.905685,432
525880,641352,118,0.906276,432
529648,641352,118,0.902443,432
526552,641352,118,0.905623,432
529128,641352,118,0.902984,432
528968,641352,118,0.903198,432
532512,641352,118,0.899354,432
528808,641352,119,0.903314,432
524936,641352,118,0.907223,432
525576,641352,118,0.906568,432
522784,641352,117,0.909258,432
526584,641352,117,0.905638,432
530480,641352,117,0.901617,432
527264,641352,117,0.904969,432
528624,641352,117,0.903551,432
525168,641352,118,0.906958,432
524712,641352,118,0.907435,432
524920,641352,117,0.907238,432
525120,641352,117,0.907003,432
523216,641352,116,0.908865,432
527160,641352,116,0.946697,432
524432,641352,116,0.948196,432
525168,641352,116,0.947781,432
521832,641352,116,0.944629,432
522816,641352,116,0.944059,432
519672,641352,115,0.945810,432
516080,641352,116,0.947636,416
516832,641352,116,0.947242,416
518920,641352,116,0.946160,416
517648,641352,116,0.946834,416
519808,641352,116,0.945697,416
517840,641352,116,0.946737,416
517680,641352,117,0.946817,416
520536,641352,117,0.945311,416
522752,641352,117,0.944077,416
522008,641352,117,0.944515,416
518464,641352,117,0.946419,416
520928,641352,117,0.945101,416
523200,641352,117,0.943826,416
522576,641352,117,0.944201,416
525112,641352,117,0.942729,416
522208,641352,116,0.944431,416
523704,641352,116,0.943568,416
519816,641352,117,0.945693,416
520456,641352,117,0.945328,416
517808,641352,117,0.946728,416
519944,641352,117,0.945600,416
518072,641352,116,0.946619,416
520064,641352,116,0.945562,416
517976,641352,116,0.946668,416
515120,641352,115,0.935692,416
511888,641352,115,0.937585,416
515752,641352,115,0.935313,416
517552,641352,115,0.934182,416
521016,641352,115,0.931918,416
518600,641352,114,0.902584,416
516136,641352,114,0.904869,416
518448,641352,114,0.902726,416
522504,641352,114,0.898760,416
519088,641352,115,0.902083,416
517944,641352,115,0.903191,416
520344,641352,115,0.900887,416
523744,641352,115,0.932142,416
521096,641352,116,0.933903,416
518448,641352,116,0.935605,416
514984,641352,116,0.937694,416
518280,641352,116,0.935708,416
519128,641352,116,0.935154,416
517672,641352,117,0.936049,416
519584,641352,117,0.934838,416
520720,641352,117,0.934084,416
519488,641352,118,0.934868,416
519280,641352,119,0.934999,416
515928,641352,119,0.937061,416
511832,641352,118,0.939431,416
509272,641352,119,0.940813,376
506848,641352,119,0.942070,376
508688,641352,119,0.941115,376
512520,641352,119,0.939050,376
513776,641352,119,0.938323,376
515488,641352,118,0.937328,400
516184,641352,118,0.936892,400
512712,641352,119,0.938882,392
513096,641352,119,0.938642,392
516128,641352,119,0.936873,392
515576,641352,120,0.937197,392
519120,641352,120,0.950748,392
518008,641352,121,0.951270,392
519456,641352,121,0.950565,392
517336,641352,121,0.951580,392
513528,641352,121,0.953286,392
515664,641352,121,0.952335,392
513504,641352,121,0.953296,392
511448,641352,122,0.954157,392
515272,641352,122,0.952508,392
515720,641352,122,0.952289,392
516296,641352,122,0.952009,392
514920,641352,122,0.952642,392
518688,641352,122,0.950907,392
516624,641352,123,0.951861,392
517688,641352,123,0.951351,392
516400,641352,124,0.951940,392
520384,641352,124,0.962008,392
516816,641352,124,0.943824,392
518392,641352,124,0.942949,392
515984,641352,124,0.944261,392
516744,641352,124,0.943836,392
514856,641352,124,0.944844,392
515888,641352,124,0.944286,392
515312,641352,125,0.944585,392
514704,641352,126,0.944905,376
510752,641352,125,0.908994,376
512056,641352,125,0.907882,376
510600,641352,125,0.909117,376
510624,641352,124,0.909065,416
512840,641352,124,0.907192,416
512328,641352,124,0.907662,416
509848,641352,124,0.909728,416
510152,641352,123,0.909465,440
510096,641352,124,0.909510,440
513480,641352,124,0.906669,440
517488,641352,124,0.941615,440
516736,641352,125,0.942029,440
518768,641352,124,0.940882,464
521384,641352,123,0.939336,496
520224,641352,123,0.940052,496
523024,641352,123,0.938338,496
522400,641352,123,0.938751,496
525336,641352,123,0.936873,496
524576,641352,123,0.937393,496
522552,641352,122,0.938717,496
526320,641352,122,0.959685,496
527232,641352,122,0.959279,496
526848,641352,123,0.959443,496
529808,641352,122,0.958136,528
527752,641352,122,0.952662,528
527464,641352,123,0.952805,528
530272,641352,123,0.957926,528
531112,641352,123,0.957517,528
527616,641352,123,0.959101,528
524856,641352,123,0.960275,528
523696,641352,123,0.960762,520
522072,641352,123,0.961413,520
525144,641352,123,0.960180,520
526120,641352,123,0.959758,520
525240,641352,124,0.960121,520
529328,645488,124,0.960121,520
531040,645488,124,0.959388,520
532360,645488,124,0.958800,520
531840,645488,125,0.959025,520
530928,645488,125,0.959436,520
532240,645488,125,0.958852,520
531176,645488,125,0.959331,520
532840,645488,125,0.958589,520
534896,645488,125,0.957640,520
533944,645488,124,0.958118,520
537360,645488,124,0.956494,520
536632,645488,124,0.956869,520
539152,645488,124,0.955604,520
536576,645488,124,0.956896,520
533432,645488,124,0.955457,520
537352,645488,124,0.956522,520
537872,645488,123,0.956267,520
534840,645488,123,0.957732,520
536976,645488,122,0.956711,552
535016,645488,122,0.957658,552
538280,645488,122,0.956074,552
536784,645488,122,0.956827,552
539976,645488,122,0.955216,552
538616,645488,122,0.955930,552
536128,645488,122,0.957162,552
538792,645488,122,0.955842,552
537216,645488,122,0.956642,552
539416,645488,122,0.955527,552
541888,645488,122,0.954207,552
540440,645488,122,0.955000,552
538256,645488,123,0.956109,552
540160,645488,122,0.955133,576
543744,645488,121,0.953184,600
543672,645488,122,0.953224,600
542536,645488,123,0.953855,600
542360,645488,122,0.954016,576
544256,645488,122,0.952934,576
545600,645488,122,0.952128,576
547384,645488,121,0.951043,592
547144,645488,120,0.951249,592
549832,645488,120,0.949517,592
547688,645488,120,0.950914,592
548816,645488,120,0.950174,592
546624,645488,121,0.951536,592
546360,645488,121,0.951723,592
543928,645488,120,0.934412,592
540712,645488,120,0.936892,592
544792,645488,120,0.952701,592
547472,645488,120,0.951077,592
545256,645488,121,0.952404,592
542016,645488,120,0.954178,592
540960,645488,119,0.954790,592
543368,645488,119,0.953559,592
539784,645488,120,0.955478,568
543656,645488,119,0.954842,584
546304,645488,119,0.953334,584
548184,645488,118,0.952207,608
551376,645488,118,0.950159,608
549360,645488,117,0.951513,608
546328,645488,117,0.931874,608
550072,645488,117,0.951065,608
549096,645488,117,0.951707,608
551808,645488,117,0.949936,608
549400,645488,117,0.949871,608
548904,645488,117,0.950220,608
548704,645488,116,0.950407,608
546824,645488,115,0.951624,608
548992,645488,115,0.950255,608
550000,645488,115,0.949575,608
552064,645488,115,0.948158,608
548872,645488,115,0.950301,608
552080,645488,115,0.949851,608
555176,645488,115,0.947661,608
558880,645488,115,0.961665,608
560928,645488,115,0.960450,608
558024,645488,115,0.942920,608
558712,645488,114,0.942305,656
556664,645488,115,0.943984,656
555360,645488,114,0.945076,656
553056,645488,115,0.946783,656
555648,645488,115,0.944818,656
559160,645488,115,0.961480,656
558304,645488,115,0.961986,656
560024,645488,115,0.960983,656
560816,645488,115,0.960488,656
558904,645488,114,0.943239,656
555392,645488,114,0.945051,656
554888,645488,113,0.945507,656
553752,645488,113,0.946384,656
554288,645488,113,0.945955,656
556808,645488,113,0.943984,656
554800,645488,112,0.945609,656
553024,645488,112,0.946944,656
555912,645488,112,0.944762,656
557472,645488,112,0.943489,656
561488,649552,112,0.943489,656
563528,649552,112,0.941746,656
560728,649552,113,0.944060,656
562472,649552,113,0.942601,656
561784,649552,114,0.943170,656
562520,649552,113,0.942541,680
562016,649552,113,0.942999,680
560952,649552,114,0.943862,680
563920,649552,114,0.958358,680
567552,653232,114,0.958358,680
566456,653232,114,0.959055,680
562456,653232,115,0.944739,680
566536,657360,115,0.944739,680
567616,657360,115,0.943864,680
565584,657360,116,0.945439,656
567912,657360,116,0.943611,656
564816,657360,116,0.946004,656
568024,657360,116,0.943522,656
564216,657360,116,0.935726,656
564768,657360,116,0.935205,656
562120,657360,115,0.889930,656
564096,657360,115,0.886952,656
561656,657360,115,0.890591,656
564176,657360,115,0.886831,656
564152,657360,116,0.886867,656
560352,657360,117,0.892341,656
558864,657360,118,0.894342,656
557176,657360,118,0.896585,656
558992,657360,118,0.894173,656
556368,657360,119,0.897538,656
558632,657360,119,0.894585,656
559096,657360,118,0.893971,656
561704,657360,118,0.890319,656
562136,657360,118,0.889631,656
558504,657360,119,0.894627,656
555568,657360,119,0.898404,656
556336,657360,119,0.897399,656
552368,657360,118,0.902220,656
551184,657360,118,0.903594,656
552712,657360,118,0.901830,656
556304,657360,118,0.897498,656
553200,657360,117,0.901326,656
557184,657360,117,0.896454,656
559896,657360,117,0.892832,656
558536,657360,116,0.894774,656
555032,657360,116,0.899228,656
558936,657360,116,0.943672,656
560000,657360,116,0.942877,656
558920,657360,115,0.943717,656
558536,657360,115,0.944019,656
554552,657360,115,0.935896,656
556112,657360,115,0.934653,656
559312,657360,115,0.931987,656
556776,657360,115,0.934125,656
560560,657360,115,0.942539,656
560456,657360,115,0.942651,656
560928,657360,115,0.942268,656
564784,657360,115,0.946028,656
560912,657360,116,0.948718,640
557816,657360,116,0.948043,640
556152,657360,116,0.949117,640
556056,657360,117,0.949175,640
559416,657360,117,0.949713,640
561048,657360,117,0.948628,640
560744,657360,117,0.948865,632
556728,657360,117,0.906475,632
559784,657360,117,0.902809,632
563240,657360,117,0.898309,632
560912,657360,117,0.901404,632
563976,657360,117,0.897310,632
560288,657360,117,0.902186,632
560912,657360,117,0.901343,632
558512,657360,117,0.904345,632
555512,657360,116,0.907890,632
552800,657360,116,0.910835,632
553664,657360,116,0.909883,632
550328,657360,116,0.913318,632
553576,657360,116,0.909976,632
555304,657360,116,0.908066,632
556424,657360,116,0.906765,632
553048,657360,115,0.910528,632
557056,657360,115,0.906101,632
559696,657360,115,0.902917,632
555704,657360,115,0.907624,632
556880,657360,115,0.906247,632
560024,657360,115,0.902454,632
557504,657360,115,0.905529,632
559784,657360,115,0.902750,632
556424,657360,115,0.906765,632
558080,657360,115,0.904800,632
554832,657360,115,0.908529,632
557344,657360,115,0.905659,632
553312,657360,116,0.910102,632
556752,657360,116,0.906283,632
552744,657360,116,0.910694,632
553752,657360,116,0.909586,632
552080,657360,117,0.911328,632
554800,657360,117,0.908407,632
553272,657360,117,0.910093,632
553880,657360,116,0.909408,672
551576,657360,116,0.911848,672
548024,657360,115,0.915384,672
546576,657360,114,0.916796,672
543864,657360,114,0.919207,672
547912,657360,114,0.915577,672
547576,657360,114,0.915931,672
544864,657360,115,0.918350,672
542008,657360,115,0.920790,672
543536,657360,115,0.919484,672
544760,657360,115,0.918399,672
547720,657360,115,0.915710,672
549928,657360,115,0.913575,672
548560,657360,115,0.914943,656
547240,657360,115,0.916209,656
548624,657360,115,0.914882,656
550120,657360,115,0.913404,656
552880,657360,115,0.910578,656
556104,657360,115,0.907044,656
553416,657360,115,0.910018,656
549624,657360,114,0.913930,656
552888,657360,114,0.910620,656
549032,657360,114,0.914496,656
553040,657360,114,0.910462,656
551544,657360,114,0.912042,656
552648,657360,113,0.910885,688
548824,657360,113,0.914709,688
550920,657360,113,0.912633,688
553736,657360,113,0.909697,688
552704,657360,113,0.910827,688
551072,657360,114,0.912482,688
554016,657360,114,0.909399,688
553240,657360,114,0.910270,688
552112,657360,115,0.911434,688
548472,657360,115,0.915040,688
550184,657360,115,0.913357,688
546800,657360,115,0.916580,688
547768,657360,115,0.915651,688
549432,657360,115,0.914038,688
550600,657360,115,0.912854,688
552288,657360,115,0.911107,688
548280,657360,115,0.915085,688
544272,657360,115,0.918723,688
548128,657360,115,0.915227,688
551784,657360,115,0.911621,688
551048,657360,114,0.912458,688
552520,657360,113,0.910926,728
548736,657360,113,0.914709,728
544968,657360,113,0.918169,728
545320,657360,113,0.917820,728
545224,657360,113,0.917946,728
546232,657360,113,0.917012,728
549824,657360,113,0.913621,728
548576,657360,113,0.914860,728
548856,657360,113,0.914550,728
548360,657360,113,0.915063,728
547296,657360,113,0.916092,728
545584,657360,114,0.917651,704
548920,657360,114,0.914557,704
552496,657360,114,0.910975,704
554584,657360,114,0.908720,704
551992,657360,115,0.911443,704
555440,657360,115,0.907731,704
553424,657360,115,0.909959,704
554976,657360,115,0.908241,704
553144,657360,115,0.910278,680
551432,657360,115,0.912082,680
553472,657360,115,0.909934,680
556032,657360,115,0.907098,680
555336,657360,115,0.907925,680
552520,657360,115,0.910975,680
550688,657360,114,0.912918,680
548696,657360,114,0.914882,680
549112,657360,114,0.914443,680
552096,657360,114,0.911459,680
552776,657360,114,0.910711,680
553000,657360,113,0.910462,696
550184,657360,113,0.913349,696
546640,657360,114,0.916674,696
545080,657360,115,0.918058,696
546312,657360,114,0.916962,704
548248,657360,114,0.915145,704
551856,657360,114,0.911581,704
549792,657360,114,0.913676,704
546856,657360,115,0.916428,704
550576,657360,115,0.912862,704
554048,657360,115,0.909245,704
553584,657360,116,0.909739,704
555144,657360,115,0.908057,704
553328,657360,116,0.910009,704
553408,657360,115,0.909908,720
552992,657360,116,0.910345,720
554168,657360,116,0.909048,720
552696,657360,117,0.910645,680
554480,657360,116,0.908720,712
552504,657360,116,0.910860,712
555776,657360,116,0.907295,712
554768,657360,116,0.908459,712
551000,657360,116,0.912434,712
553792,657360,116,0.909510,712
554952,657360,116,0.908206,712
551960,657360,116,0.911418,712
555176,657360,116,0.907960,712
554328,657360,116,0.908936,712
556000,657360,116,0.907044,712
554824,657360,116,0.908398,712
555712,657360,116,0.907366,712
552208,657360,117,0.911115,712
553072,657360,117,0.910169,712
550240,657360,117,0.913106,696
552288,657360,116,0.911049,696
548696,657360,117,0.914595,696
546608,657360,117,0.916573,696
543688,657360,117,0.919214,648
542344,657360,116,0.920417,648
545680,657360,116,0.917531,648
549184,657360,116,0.914268,648
552640,657360,115,0.910785,696
556208,657360,115,0.906882,696
555584,657360,116,0.907580,696
552624,657360,116,0.910835,664
555480,657360,116,0.907731,664
558752,657360,116,0.945360,664
558304,657360,116,0.945696,664
561168,657360,116,0.943661,664
559032,657360,117,0.945168,664
557824,657360,118,0.945986,664
557840,657360,117,0.945970,672
561136,657360,117,0.959819,672
557864,657360,117,0.956230,672
559712,657360,117,0.955180,672
556480,657360,117,0.942976,672
560144,657360,117,0.954934,672
559248,657360,117,0.955468,672
560112,657360,117,0.954952,672
557672,657360,116,0.955768,672
557608,657360,116,0.955829,672
560624,657360,116,0.954713,672
563816,657360,116,0.958409,672
560416,657360,116,0.950041,672
557080,657360,116,0.952106,672
557920,657360,116,0.951581,672
556120,657360,116,0.952662,672
554808,657360,116,0.953426,672
556856,657360,116,0.952237,672
554688,657360,116,0.953493,672
557024,657360,116,0.952139,672
557584,657360,116,0.951781,672
557144,657360,116,0.952069,672
557200,657360,115,0.952036,672
559096,657360,115,0.950867,672
557048,657360,115,0.952125,672
555208,657360,114,0.953231,672
558704,657360,114,0.951166,672
559320,657360,114,0.950759,672
559152,657360,114,0.950892,672
556928,657360,114,0.952251,672
558632,657360,114,0.951210,672
554968,657360,114,0.944132,672
552448,657360,114,0.945789,672
556400,657360,114,0.952556,672
559496,657360,114,0.960745,672
557360,657360,114,0.961795,672
558080,657360,114,0.961432,672
557112,657360,113,0.961933,672
554392,657360,113,0.931829,672
551672,657360,112,0.905785,672
554632,657360,111,0.902487,672
556496,657360,111,0.900232,672
557624,657360,111,0.898793,672
560864,657360,111,0.894538,672
557448,657360,111,0.899011,672
559792,657360,111,0.895964,672
556728,657360,112,0.899835,672
559504,657360,112,0.896278,672
557104,657360,112,0.899375,672
555200,657360,112,0.901744,648
551328,657360,112,0.906128,648
548144,657360,113,0.909410,648
550024,657360,113,0.907451,648
549136,657360,112,0.908461,648
548648,657360,112,0.909043,608
551576,657360,112,0.905956,608
549848,657360,113,0.907774,608
552680,657360,113,0.937979,608
548784,657360,113,0.940682,608
549272,657360,112,0.940334,648
546952,657360,112,0.941864,648
547792,657360,112,0.941300,648
551520,657360,112,0.938772,648
547624,657360,112,0.941408,648
551400,657360,112,0.944414,648
552344,657360,112,0.943779,648
552624,657360,112,0.943566,648
554904,657360,112,0.942004,648
551824,657360,112,0.944083,648
554352,657360,112,0.942382,648
551672,657360,112,0.944180,648
550832,657360,112,0.944741,648
554248,657360,112,0.942485,648
558320,657360,112,0.939550,648
556112,657360,112,0.941222,608
554232,657360,113,0.942540,584
557328,657360,113,0.940331,584
559648,657360,113,0.938551,584
559112,657360,113,0.939000,584
556704,657360,113,0.940817,584
559728,657360,113,0.938527,584
556656,657360,114,0.940817,584
557200,657360,114,0.940389,584
554256,657360,114,0.932309,584
555368,657360,114,0.931371,584
557872,657360,114,0.929212,584
556320,657360,114,0.930581,584
559216,657360,114,0.938847,584
558208,657360,114,0.939646,584
560008,657360,114,0.938234,584
559448,657360,115,0.938669,584
562392,657360,115,0.936690,584
559984,657360,116,0.938620,584
562488,657360,116,0.936571,584
560976,657360,116,0.937840,584
561488,657360,116,0.937390,584
559624,657360,116,0.938899,584
560024,657360,115,0.938577,600
559040,657360,116,0.939333,600
557048,657360,116,0.940843,600
557680,657360,116,0.940348,600
561000,657360,116,0.959951,600
557888,657360,115,0.949699,600
556056,657360,114,0.941811,600
555192,657360,114,0.942443,600
552432,657360,113,0.944337,600
553240,657360,113,0.943783,600
554624,657360,113,0.942830,600
556704,657360,113,0.941354,600
559520,657360,113,0.939242,600
558264,657360,114,0.940186,600
562288,657360,114,0.937011,600
561056,657360,114,0.938051,592
562592,657360,114,0.936767,592
561912,657360,115,0.937325,592
559048,657360,115,0.939606,592
556224,657360,115,0.941699,592
554424,657360,115,0.942970,592
558144,657360,115,0.956621,592
556976,657360,115,0.957262,592
560976,661408,115,0.957262,592
557784,661408,115,0.957104,592
559584,661408,115,0.956155,592
563344,665216,115,0.956155,592
561280,665216,114,0.937757,592
560664,665216,114,0.938235,592
558120,665216,115,0.940002,592
560320,665216,115,0.938446,592
563112,665216,115,0.956302,592
559616,665216,115,0.958074,592
559856,665216,115,0.957935,592
557352,665216,114,0.951217,592
557048,665216,115,0.951395,568
559128,665216,115,0.958318,568
558024,665216,116,0.958850,536
560256,665216,115,0.957784,552
558472,665216,116,0.958649,520
558768,665216,115,0.958496,552
561064,665216,115,0.957364,552
557872,665216,114,0.951045,552
561712,665216,114,0.957064,552
559208,665216,114,0.958311,552
559416,665216,114,0.958189,552
559312,665216,115,0.958250,528
559784,665216,115,0.958001,528
559104,665216,116,0.958326,528
562176,665216,116,0.956792,528
564280,665216,116,0.955667,528
564152,665216,116,0.955762,528
564984,665216,116,0.955287,528
564784,665216,116,0.955421,528
562264,665216,117,0.956748,528
563736,665216,117,0.955957,528
564368,665216,117,0.955594,528
567672,665216,117,0.953714,528
566864,665216,117,0.954209,528
569536,665216,117,0.952598,528
568816,665216,117,0.953064,528
564984,665216,118,0.953209,528
564584,665216,119,0.953445,512
568624,669304,119,0.953445,512
571032,669304,119,0.954117,512
574104,669304,119,0.952252,512
570808,669304,119,0.945355,512
568192,669304,120,0.947104,480
571632,669304,120,0.944775,480
570160,669304,120,0.945815,480
566136,669304,120,0.948416,480
563152,669304,121,0.950169,480
563880,669304,121,0.949724,480
567600,669304,121,0.947449,480
568384,669304,121,0.946919,480
569368,669304,121,0.946246,480
569216,669304,122,0.946346,480
567496,669304,122,0.947485,480
565944,669304,123,0.948445,480
563384,669304,122,0.950009,480
562400,669304,122,0.950592,480
558944,669304,122,0.942654,480
561256,669304,122,0.941145,480
564784,669304,122,0.949197,480
566304,669304,121,0.948264,512
570328,669304,121,0.959857,512
569840,669304,122,0.960118,472
572184,669304,122,0.958906,472
572160,669304,121,0.958989,432
573536,669304,121,0.958234,432
576320,669304,121,0.958150,432
578640,669304,121,0.956777,432
581768,672480,121,0.956777,432
578560,672480,121,0.950901,432
580808,672480,121,0.949360,432
578520,672480,121,0.950927,432
580576,672480,121,0.949520,432
578104,672480,122,0.951165,432
579496,672480,122,0.950220,432
576480,672480,122,0.952189,432
575088,672480,122,0.953062,432
577096,672480,121,0.951811,472
580896,676328,121,0.951811,472
580264,676328,121,0.952234,472
580976,676328,120,0.951761,520
578936,676328,120,0.953038,520
582112,676328,120,0.951036,520
578104,676328,120,0.940078,520
577528,676328,120,0.940544,520
577848,676328,120,0.940270,520
579288,676328,120,0.939138,520
576400,676328,119,0.941367,520
578072,676328,119,0.940102,520
575016,676328,118,0.942380,520
573632,676328,119,0.943326,520
576112,676328,119,0.941574,520
578672,676328,119,0.953195,520
575544,676328,120,0.954974,520
575808,676328,120,0.954803,520
574304,676328,120,0.955643,520
573440,676328,119,0.956147,520
577256,680192,119,0.956147,520
578520,680192,119,0.955455,520
574792,680192,118,0.948216,520
576448,680192,118,0.947181,520
576152,680192,118,0.947413,488
578656,680192,118,0.955425,488
574712,680192,118,0.938912,488
576624,680192,117,0.937512,528
575760,680192,117,0.938174,528
577200,680192,117,0.937086,528
573816,680192,117,0.939540,528
572432,680192,117,0.940508,528
568480,680192,117,0.943055,528
566696,680192,117,0.944160,512
567072,680192,117,0.943910,512
563992,680192,117,0.945701,512
563152,680192,117,0.946189,512
564232,680192,116,0.945585,528
565248,680192,115,0.945010,536
567040,680192,115,0.943943,536
568176,680192,115,0.943235,536
571064,680192,115,0.941399,536
569288,680192,115,0.942554,536
569976,680192,114,0.942108,560
568080,680192,115,0.943279,560
565880,680192,115,0.944606,560
568712,680192,115,0.942894,560
566816,680192,116,0.944033,560
569368,680192,116,0.942459,560
570680,680192,115,0.941626,568
568576,680192,115,0.942972,568
565248,680192,115,0.944964,568
566824,680192,115,0.944024,568
563992,680192,116,0.945643,568
564016,680192,116,0.945603,568
567128,680192,116,0.943787,568
564648,680192,116,0.945249,568
563456,680192,116,0.945939,568
564112,680192,115,0.945563,592
567192,680192,115,0.943763,592
566416,680192,115,0.944249,592
562392,680192,115,0.946531,592
558672,680192,115,0.948482,592
561360,680192,115,0.947079,592
559304,680192,115,0.948164,592
561720,680192,114,0.946898,624
560160,680192,114,0.947737,624
558600,680192,114,0.948549,624
559280,680192,114,0.948185,624
561936,680192,114,0.946783,624
565584,680192,114,0.944740,624
566728,680192,114,0.944047,624
563672,680192,114,0.945816,624
563160,680192,114,0.946123,624
564184,680192,114,0.945532,624
565368,680192,114,0.944836,624
564512,680192,114,0.945348,624
562096,680192,113,0.937670,624
559896,680192,112,0.939071,624
558320,680192,112,0.940025,624
561744,680192,112,0.937949,624
558024,680192,112,0.940195,624
555976,680192,112,0.941376,624
559048,680192,112,0.939601,624
561920,680192,112,0.937840,624
558160,680192,113,0.940089,624
557952,680192,113,0.940237,624
560584,680192,113,0.938658,624
562064,680192,112,0.937750,624
559328,680192,113,0.939408,624
555856,680192,112,0.941442,624
557512,680192,112,0.940488,624
554440,680192,112,0.942212,624
555440,680192,112,0.941644,624
552344,680192,112,0.943315,624
553176,680192,112,0.942857,624
550104,680192,112,0.944448,624
551880,680192,112,0.943529,624
555712,680192,112,0.941469,624
555728,680192,112,0.941433,624
557768,680192,112,0.940260,624
561520,680192,112,0.947004,624
557768,680192,112,0.940260,624
557928,680192,111,0.940154,648
556256,680192,111,0.941128,648
557720,680192,111,0.940273,648
555808,680192,112,0.941372,608
558200,680192,112,0.939992,608
554368,680192,112,0.942156,608
558464,680192,112,0.948577,608
556416,680192,113,0.949575,608
554152,680192,113,0.950657,608
550152,680192,113,0.930201,608
550312,680192,113,0.930071,608
547352,680192,113,0.931905,608
546520,680192,113,0.932424,608
544112,680192,112,0.933857,608
540872,680192,112,0.935650,608
542912,680192,112,0.934523,608
540056,680192,112,0.936080,608
542840,680192,112,0.934563,608
542824,680192,111,0.934628,600
546368,680192,111,0.932601,600
549072,680192,111,0.930961,600
552384,680192,111,0.928847,600
551952,680192,111,0.929157,600
555816,680192,111,0.926550,600
554144,680192,112,0.927688,600
550616,680192,113,0.929976,600
553080,680192,113,0.928362,600
555760,680192,113,0.926523,600
556240,680192,112,0.926172,624
552760,680192,112,0.928556,624
555800,680192,112,0.926478,624
556312,680192,112,0.926089,624
557048,680192,111,0.925564,632
555904,680192,111,0.926401,632
559464,680192,111,0.923810,632
556672,680192,110,0.925898,632
552968,680192,111,0.928414,632
550008,680192,110,0.930365,632
548488,680192,110,0.931345,600
545680,680192,110,0.933027,600
542464,680192,110,0.934851,600
546248,680192,110,0.932699,600
542928,680192,109,0.915868,600
542296,680192,110,0.916311,600
541136,680192,110,0.917145,600
537128,680192,111,0.919796,600
537112,680192,111,0.919837,600
538952,680192,111,0.918611,600
536720,680192,112,0.920066,584
537528,680192,112,0.919518,584
537600,680192,112,0.919441,584
535760,680192,112,0.920642,584
538320,680192,112,0.918973,584
537584,680192,113,0.919456,576
538560,680192,113,0.918790,576
538824,680192,113,0.918584,576
542760,680192,113,0.915868,576
539520,680192,114,0.918091,576
540888,680192,114,0.917134,576
542192,680192,114,0.916200,576
544344,680192,114,0.914633,576
540264,680192,113,0.865770,576
536928,680192,112,0.869446,576
540320,680192,111,0.865778,608
536896,680192,111,0.869496,608
538552,680192,110,0.867732,624
540880,680192,110,0.865141,624
539600,680192,110,0.866601,624
539632,680192,110,0.866514,624
536840,680192,110,0.869537,624
536368,680192,109,0.870126,624
539416,680192,109,0.866853,624
536736,680192,109,0.869745,624
536896,680192,109,0.869529,624
532976,680192,109,0.873531,624
529464,680192,109,0.876918,624
528824,680192,109,0.877552,624
532616,680192,109,0.873929,624
528832,680192,109,0.877545,624
529800,680192,109,0.876607,624
530328,680192,109,0.876068,624
529672,680192,110,0.876703,600
525616,680192,109,0.880444,600
527888,680192,109,0.878382,600
529144,680192,109,0.877192,600
526584,680192,110,0.879550,552
522928,680192,109,0.882788,552
523872,680192,108,0.881956,592
524288,680192,108,0.881559,592
528248,680192,108,0.878020,592
530000,680192,108,0.876360,592
534096,680192,108,0.872363,592
536400,680192,108,0.869977,592
537392,680192,108,0.868893,592
536920,680192,108,0.869438,592
540672,680192,108,0.865354,592
542368,680192,108,0.863393,592
539448,680192,108,0.866697,592
540560,680192,108,0.865425,592
539560,680192,108,0.866575,592
537520,680192,108,0.868809,592
537280,680192,109,0.869061,592
534184,680192,109,0.872275,592
535824,680192,109,0.870570,592
538568,680192,109,0.867646,592
541392,680192,109,0.864498,592
543032,680192,109,0.862576,592
542232,680192,109,0.863548,592
545960,680192,109,0.859111,592
542392,680192,109,0.863366,592
545360,680192,109,0.859836,592
542128,680192,108,0.863721,592
542776,680192,108,0.862926,592
539272,680192,107,0.866940,592
538056,680192,106,0.868345,592
535744,680192,107,0.870750,592
533528,680192,106,0.873068,592
534400,680192,106,0.872156,592
530304,680192,107,0.876121,592
528056,680192,108,0.878194,592
525648,680192,109,0.880339,592
524936,680192,109,0.881001,592
525496,680192,109,0.880472,592
525336,680192,109,0.880654,592
526400,680192,109,0.879678,592
527048,680192,109,0.879058,592
526312,680192,109,0.879777,568
526904,680192,109,0.879209,568
529416,680192,109,0.876881,568
527024,680192,109,0.879101,568
524456,680192,108,0.881436,568
521672,680192,109,0.883780,568
523632,680192,109,0.882099,568
521888,680192,109,0.883602,568
525616,680192,109,0.880388,568
523288,680192,110,0.882390,568
525384,680192,110,0.880549,568
525808,680192,110,0.880136,568
526088,680192,110,0.879847,568
523992,680192,110,0.881710,568
522736,680192,110,0.882815,568
520224,680192,110,0.884925,568
521616,680192,110,0.883747,568
525008,680192,109,0.880862,584
527464,680192,109,0.878649,584
528672,680192,109,0.877508,584
526536,680192,110,0.879465,552
527240,680192,110,0.878793,552
526632,680192,110,0.879415,512
523736,680192,111,0.881935,512
527016,680192,111,0.879030,512
530744,680192,111,0.875555,512
532744,680192,111,0.873586,512
533816,680192,111,0.872482,512
536000,680192,111,0.870225,512
533744,680192,111,0.872554,512
535672,680192,111,0.870561,512
533744,680192,111,0.872554,512
536200,680192,111,0.870018,512
535648,680192,112,0.870586,512
535808,680192,112,0.870373,512
535648,680192,113,0.870561,488
534672,680192,113,0.871602,488
533600,680192,113,0.872720,488
531040,680192,113,0.875252,488
531504,680192,113,0.874763,488
535144,680192,113,0.871124,488
538624,680192,113,0.867440,488
541536,680192,113,0.864183,488
539240,680192,114,0.866723,488
537552,680192,115,0.868531,488
541528,680192,115,0.864138,488
539184,680192,115,0.866784,488
535224,680192,114,0.871043,488
537872,680192,114,0.868243,488
535456,680192,115,0.870790,456
534768,680192,116,0.871513,432
535376,680192,116,0.870848,432
538216,680192,116,0.867834,432
541864,680192,116,0.863767,432
540208,680192,117,0.865620,432
541480,680192,117,0.864147,432
537752,680192,117,0.868277,432
536648,680192,117,0.869488,432
536576,680192,118,0.869562,432
533304,680192,118,0.847139,432
534976,680192,118,0.845069,432
532976,680192,118,0.847527,432
531536,680192,119,0.849209,432
534336,680192,119,0.845845,432
537144,680192,119,0.842318,432
541112,680192,119,0.837075,432
539432,680192,120,0.839321,424
542072,680192,120,0.835715,424
539560,680192,121,0.839089,424
540432,680192,121,0.837870,424
542808,680192,121,0.834566,424
542080,680192,122,0.835572,424
542832,680192,122,0.834466,424
540456,680192,122,0.837774,424
539456,680192,123,0.839100,424
538720,680192,123,0.840125,424
539048,680192,123,0.839635,424
542376,680192,123,0.835099,424
540936,680192,123,0.837129,424
539880,680192,124,0.838540,424
540280,680192,124,0.837945,424
536496,680192,125,0.842842,424
533200,680192,125,0.846929,424
533864,680192,125,0.846077,424
530112,680192,124,0.850574,424
528176,680192,123,0.852844,424
529760,680192,123,0.851026,424
532416,680192,123,0.847913,424
530088,680192,123,0.850656,424
533424,680192,123,0.846719,424
535512,680192,123,0.844126,424
536256,680192,122,0.843162,456
539128,680192,122,0.839426,456
540176,680192,122,0.837977,456
543608,680192,122,0.833198,456
542224,680192,123,0.835132,456
541352,680192,123,0.836393,456
541952,680192,122,0.835540,480
543672,680192,122,0.833073,480
543272,680192,123,0.833638,480
545728,680192,123,0.830040,480
544192,680192,124,0.832265,480
540984,680192,124,0.836794,480
541656,680192,124,0.835814,480
544448,680192,124,0.831829,480
544184,680192,123,0.832345,480
540848,680192,123,0.837043,480
536752,680192,122,0.842510,480
538432,680192,121,0.840353,488
541144,680192,121,0.836697,488
539768,680192,121,0.838604,488
537424,680192,120,0.841770,488
535152,680192,120,0.844668,488
538472,680192,120,0.840426,488
537912,680192,120,0.841208,488
538456,680192,120,0.840446,488
535192,680192,120,0.844618,488
539056,680192,120,0.839666,488
541168,680192,120,0.836794,488
542424,680192,120,0.835010,488
545592,680192,120,0.830438,488
542280,680192,120,0.835209,488
538848,680192,120,0.839875,488
536888,680192,120,0.842449,488
537920,680192,120,0.841075,488
540920,680192,120,0.837065,488
543232,680192,120,0.833817,488
542288,680192,121,0.835187,448
538896,680192,122,0.839760,432
536056,680192,123,0.843382,432
534016,680192,124,0.845884,432
529928,680192,123,0.810858,432
533456,680192,123,0.805587,432
529384,680192,123,0.811635,432
531632,680192,122,0.808312,480
532136,680192,122,0.807495,480
534984,680192,122,0.803094,480
537288,680192,122,0.799369,480
534112,680192,123,0.804367,480
534936,680192,123,0.803020,480
531792,680192,123,0.807863,480
534104,680192,123,0.804306,480
535392,680192,123,0.802233,480
531944,680192,123,0.807567,480
532376,680192,122,0.806923,480
529704,680192,121,0.810973,480
528896,680192,121,0.812191,480
530304,680192,121,0.810110,480
533904,680192,121,0.804686,480
530832,680192,121,0.809343,480
533064,680192,121,0.805962,480
531760,680192,122,0.807910,480
528832,680192,121,0.812282,480
531880,680192,121,0.807804,480
527792,680192,120,0.813806,480
528184,680192,119,0.813249,488
526792,680192,118,0.815306,488
527224,680192,118,0.814647,488
527864,680192,117,0.813706,528
527024,680192,117,0.814934,528
529120,680192,117,0.811942,528
526664,680192,117,0.815427,528
529368,680192,117,0.811590,528
527792,680192,117,0.813873,528
531480,680192,117,0.808535,528
528768,680192,117,0.812508,528
528544,680192,118,0.812845,512
529440,680192,118,0.811510,512
526984,680192,117,0.815076,512
527928,680192,117,0.813706,512
529104,680192,117,0.811987,512
526136,680192,117,0.816166,512
528072,680192,117,0.813439,512
527560,680192,117,0.814217,512
529656,680192,117,0.811202,512
526128,680192,117,0.816177,512
528016,680192,117,0.813517,512
525464,680192,117,0.817072,512
527016,680192,117,0.814901,512
526336,680192,116,0.815960,512
524544,680192,116,0.818425,512
527256,680192,115,0.814714,552
530272,680192,115,0.810398,552
527632,680192,116,0.814128,552
524120,680192,117,0.818868,552
521808,680192,117,0.821920,552
525640,680192,117,0.816847,552
523504,680192,117,0.819738,552
527000,680192,117,0.814999,552
524496,680192,117,0.818436,552
525560,680192,117,0.816954,552
526400,680192,117,0.815754,552
527112,680192,116,0.814758,568
525472,680192,117,0.816987,568
521784,680192,118,0.821808,568
523296,680192,118,0.819800,568
525664,680192,118,0.816599,568
523008,680192,118,0.820174,568
522240,680192,117,0.821287,568
523904,680192,117,0.819068,568
527000,680192,117,0.814846,568
523136,680192,117,0.820070,568
526464,680192,117,0.815579,568
523680,680192,116,0.819424,568
520040,680192,116,0.824120,568
522080,680192,116,0.821492,568
520304,680192,115,0.823852,568
519272,680192,116,0.825126,568
522728,680192,116,0.820722,568
524016,680192,116,0.818984,568
526128,680192,116,0.816101,568
524464,680192,116,0.818394,568
525920,680192,116,0.816383,568
522016,680192,117,0.821512,568
524648,680192,117,0.818023,568
522440,680192,118,0.820908,568
525816,680192,118,0.816394,568
524264,680192,118,0.818531,568
521952,680192,118,0.821594,568
525152,680192,118,0.817351,568
522688,680192,119,0.820588,568
522920,680192,118,0.820278,576
519344,680192,117,0.824910,576
515512,680192,116,0.829608,576
511648,680192,115,0.834096,576
510472,680192,115,0.835436,576
511832,680192,115,0.833893,576
511568,680192,115,0.834237,576
514792,680192,115,0.830553,576
513384,680192,115,0.832212,576
512872,680192,114,0.832896,576
515824,680192,114,0.829468,576
519416,680192,114,0.825116,576
522744,680192,114,0.820877,576
519288,680192,114,0.825273,576
515696,680192,114,0.829617,576
514568,680192,114,0.830975,576
510648,680192,114,0.835401,576
513848,680192,114,0.831796,576
517016,680192,114,0.828067,576
518920,680192,114,0.825722,576
518840,680192,115,0.825839,560
515192,680192,115,0.830221,560
517576,680192,115,0.827363,560
516904,680192,116,0.828162,560
514448,680192,116,0.831076,560
513704,680192,116,0.832013,528
512256,680192,115,0.833742,528
516224,680192,115,0.829169,528
517232,680192,115,0.827925,528
517072,680192,116,0.828115,528
513232,680192,116,0.832600,528
510232,680192,117,0.835903,528
513352,680192,117,0.832411,528
509584,680192,117,0.836600,528
512040,680192,117,0.833875,528
515360,680192,117,0.830063,528
511496,680192,118,0.834422,528
510360,680192,119,0.835661,528
508080,680192,118,0.838194,528
506816,680192,119,0.839510,528
502848,680192,120,0.843505,528
502952,680192,119,0.843380,552
503256,680192,119,0.843033,552
501104,680192,120,0.845130,552
502992,680192,120,0.843246,552
505504,680192,120,0.840683,552
506776,680192,120,0.839328,552
510768,680192,120,0.835035,552
512960,680192,120,0.832555,552
509864,680192,120,0.836016,552
510072,680192,120,0.835739,552
508408,680192,120,0.837570,552
510160,680192,120,0.835644,552
506168,680192,120,0.839906,552
508016,680192,120,0.837933,552
508576,680192,120,0.837291,552
505456,680192,120,0.840585,552
502016,680192,120,0.844061,552
499312,680192,120,0.846698,552
500008,680192,120,0.845994,552
503992,680192,120,0.842063,552
500400,680192,121,0.845575,552
500920,680192,121,0.845030,552
502448,680192,121,0.843497,552
506016,680192,121,0.839864,552
506736,680192,121,0.839071,552
510104,680192,121,0.835444,552
510608,680192,121,0.834843,552
507384,680192,122,0.838295,552
504184,680192,122,0.841629,552
507264,680192,122,0.838420,552
505464,680192,122,0.840332,552
506392,680192,122,0.839328,552
508608,680192,122,0.836950,552
509552,680192,122,0.835886,552
511072,680192,122,0.834175,552
509936,680192,122,0.835470,552
511256,680192,122,0.833972,552
509856,680192,122,0.835557,552
506416,680192,122,0.839253,552
506864,680192,122,0.838738,552
506040,680192,121,0.839692,552
508848,680192,121,0.836694,552
511456,680192,121,0.833804,552
507976,680192,122,0.837570,552
504408,680192,122,0.841307,552
501848,680192,122,0.843897,552
500096,680192,123,0.845590,552
502736,680192,123,0.842977,552
505256,680192,122,0.840446,552
506328,680192,122,0.839295,552
503664,680192,122,0.842055,552
504160,680192,121,0.841533,576
502704,680192,121,0.843033,576
502800,680192,120,0.842938,576
505304,680192,120,0.840373,576
505024,680192,121,0.840658,576
501464,680192,120,0.844295,576
498648,680192,119,0.847074,576
500600,680192,119,0.845176,576
502000,680192,119,0.843772,576
502784,680192,119,0.842954,576
498736,680192,119,0.846902,576
500768,680192,119,0.844922,576
499656,680192,119,0.846032,576
502544,680192,119,0.843191,576
500832,680192,120,0.844860,576
503112,680192,120,0.842581,576
501840,680192,120,0.843881,576
500184,680192,120,0.845544,560
500696,680192,120,0.845007,560
500440,680192,121,0.845253,560
501400,680192,121,0.844279,560
503736,680192,121,0.841926,560
501432,680192,121,0.844248,560
502688,680192,121,0.842969,560
501408,680192,121,0.844271,560
499192,680192,121,0.846442,560
499928,680192,121,0.845697,560
498408,680192,121,0.847179,560
499576,680192,121,0.846032,560
501952,680192,121,0.843694,560
498728,680192,121,0.846834,560
499984,680192,120,0.845636,568
497376,680192,120,0.848132,568
497912,680192,120,0.847590,568
494712,680192,119,0.850599,568
494384,680192,120,0.850892,568
496296,680192,120,0.849124,568
493520,680192,119,0.851700,568
492808,680192,120,0.852367,520
488712,680192,121,0.855862,520
486192,680192,122,0.857930,520
489296,680192,122,0.855333,520
487256,680192,123,0.857025,520
488560,680192,123,0.855908,520
490120,680192,123,0.854557,520
491936,680192,122,0.852973,552
489432,680192,122,0.855152,552
487112,680192,121,0.857156,552
485952,680192,122,0.858099,552
487648,680192,121,0.856696,576
487008,680192,121,0.857261,576
483040,680192,121,0.860467,576
481008,680192,121,0.862072,576
484488,680192,121,0.859328,576
487656,680192,121,0.856729,576
489920,680192,121,0.854801,576
492056,680192,121,0.852931,576
493552,680192,121,0.851580,576
492488,680192,121,0.852556,576
490392,680192,122,0.854360,576
489272,680192,122,0.855347,576
489672,680192,122,0.854970,576
486320,680192,121,0.857820,576
486992,680192,121,0.857234,576
489648,680192,121,0.854990,576
492176,680192,121,0.852786,576
494136,680192,121,0.851020,576
492952,680192,122,0.852066,576
495952,680192,121,0.849387,576
494776,680192,121,0.850491,576
498544,680192,121,0.846992,576
494800,680192,122,0.850427,576
492912,680192,123,0.852101,576
493576,680192,122,0.851488,608
491872,680192,122,0.853022,608
491168,680192,122,0.853670,608
492032,680192,122,0.852883,608
490984,680192,121,0.853869,608
491808,680192,121,0.853119,608
493528,680192,121,0.851573,608
497272,680192,120,0.848191,608
498944,680192,120,0.846585,608
498280,680192,121,0.847239,576
499760,680192,121,0.845796,576
496176,680192,121,0.849183,576
495424,680192,121,0.849909,576
499408,680192,121,0.846177,576
498976,680192,121,0.846631,576
500256,680192,121,0.845368,576
496800,680192,121,0.848700,528
494704,680192,122,0.850599,528
498144,680192,122,0.847411,528
497600,680192,122,0.847962,528
494560,680192,121,0.850813,528
497160,680192,121,0.848413,528
494336,680192,121,0.851013,528
496456,680192,121,0.849058,528
498712,680192,121,0.846924,528
500112,680192,121,0.845552,528
500608,680192,121,0.845030,528
498648,680192,121,0.846939,528
496768,680192,120,0.848773,528
493392,680192,120,0.851848,528
492368,680192,121,0.852744,528
494352,680192,121,0.850956,528
497960,680192,121,0.847627,528
500160,680192,121,0.845506,528
497856,680192,120,0.847769,528
494528,680192,121,0.850799,528
492888,680192,121,0.852290,528
489392,680192,120,0.855367,528
485408,680192,121,0.858633,528
484888,680192,121,0.859086,528
487080,680192,121,0.857280,528
486704,680192,121,0.857626,528
489592,680192,121,0.855199,528
490584,680192,120,0.854333,560
491752,680192,120,0.853291,560
494376,680192,120,0.850949,560
490632,680192,121,0.854211,560
494464,680192,121,0.850828,560
497528,680192,121,0.847999,560
500936,680192,121,0.844729,560
503160,680192,121,0.842501,560
500080,680192,120,0.845598,560
501784,680192,120,0.843905,560
498456,680192,120,0.847134,560
501272,680192,120,0.844403,560
497440,680192,121,0.848036,560
494728,680192,122,0.850542,520
493048,680192,123,0.852038,512
489232,680192,124,0.855313,512
490032,680192,123,0.854632,520
492160,680192,123,0.852765,520
492744,680192,123,0.852213,520
495480,680192,123,0.849735,520
494040,680192,123,0.851070,520
494304,680192,122,0.850792,568
490864,680192,122,0.853841,568
493408,680192,122,0.851587,568
490768,680192,122,0.853924,568
494856,680192,122,0.850298,568
491376,680192,122,0.853402,568
489848,680192,122,0.854747,568
493776,680192,122,0.851304,568
493216,680192,121,0.851884,568
494440,680192,121,0.850756,568
491624,680192,121,0.853271,568
494584,680192,121,0.850628,568
497240,680192,121,0.848169,568
496344,680192,121,0.849037,568
493376,680192,121,0.851743,568
496088,680192,121,0.849270,568
493768,680192,121,0.851396,568
496416,680192,121,0.848971,568
494832,680192,121,0.850448,568
491464,680192,120,0.853491,568
494040,680192,120,0.851198,568
497984,680192,120,0.847568,568
497488,680192,121,0.848051,544
494408,680192,121,0.850892,544
492560,680192,122,0.852521,544
491336,680192,122,0.853622,544
492392,680192,122,0.852667,544
494536,680192,122,0.850735,544
495648,680192,122,0.849691,544
493136,680192,123,0.851933,544
493936,680192,123,0.851184,544
495256,680192,123,0.849959,544
497296,680192,123,0.848051,544
495976,680192,123,0.849306,544
492648,680192,122,0.852360,544
489696,680192,122,0.854936,544
491696,680192,122,0.853188,544
487976,680192,121,0.838913,544
489472,680192,120,0.837476,584
490992,680192,120,0.835983,584
489688,680192,121,0.837227,584
490688,680192,121,0.836228,584
492040,680192,121,0.834875,584
489960,680192,121,0.836923,584
489696,680192,122,0.837219,536
488344,680192,122,0.838534,536
490752,680192,122,0.836213,536
489352,680192,121,0.837635,536
487992,680192,120,0.838995,536
489808,680192,120,0.837249,536
490712,680192,120,0.836343,536
486944,680192,121,0.839872,536
487528,680192,121,0.839291,536
484904,680192,121,0.841719,536
488752,680192,121,0.838153,536
492320,680192,121,0.834696,536
496240,680192,121,0.830728,536
494128,680192,120,0.832959,536
490152,680192,119,0.836923,536
488880,680192,120,0.838123,536
484896,680192,121,0.841770,536
482192,680192,122,0.844152,536
485096,680192,122,0.841547,536
486968,680192,122,0.839806,536
482888,680192,122,0.843504,536
485640,680192,122,0.841014,536
484416,680192,122,0.842155,536
484016,680192,122,0.842553,536
484984,680192,122,0.841648,536
488976,680192,122,0.837943,536
491656,680192,121,0.835365,560
489704,680192,122,0.837234,560
489016,680192,121,0.838018,512
492776,680192,121,0.834367,512
495768,680192,121,0.831332,512
499784,680192,121,0.827097,512
501736,680192,120,0.824986,512
499736,680192,120,0.827200,512
501608,680192,120,0.825126,512
500352,680192,120,0.826548,504
498776,680192,119,0.828327,504
500096,680192,119,0.826875,504
501752,680192,119,0.825030,504
501360,680192,120,0.825467,496
498296,680192,121,0.828739,496
498776,680192,121,0.828184,496
502608,680192,121,0.823991,496
502104,680192,121,0.824600,496
503616,680192,121,0.822868,496
500048,680192,121,0.826832,496
503232,680192,121,0.823298,496
502240,680192,121,0.824450,496
499432,680192,121,0.827540,496
497760,680192,122,0.829299,496
495384,680192,121,0.831835,496
495744,680192,121,0.831422,496
499240,680192,121,0.827744,496
503048,680192,121,0.823556,496
506456,680192,121,0.819626,496
504760,680192,122,0.821603,472
506504,680192,122,0.819542,472
505856,680192,122,0.820348,472
507408,680192,122,0.818484,472
506912,680192,122,0.819122,472
510280,680192,122,0.815038,472
506336,680192,122,0.819793,472
508624,680192,122,0.817041,472
505168,680192,121,0.821193,472
509032,680192,121,0.816609,472
506664,680192,121,0.819467,472
503400,680192,121,0.823244,472
501144,680192,122,0.825727,472
504616,680192,122,0.821822,472
507200,680192,121,0.818785,520
507896,680192,121,0.817907,520
507616,680192,121,0.818295,520
508552,680192,121,0.817127,520
506352,680192,122,0.819719,520
506856,680192,122,0.819075,520
504568,680192,122,0.821767,520
501936,680192,121,0.824811,520
502936,680192,121,0.823654,520
506296,680192,121,0.819784,520
505328,680192,121,0.820955,520
504728,680192,121,0.821722,496
505064,680192,120,0.821294,536
508432,680192,120,0.817308,536
505776,680192,119,0.820533,536
508312,680192,119,0.817508,536
507752,680192,119,0.818229,536
509040,680192,119,0.816638,536
507136,680192,119,0.818953,536
507488,680192,119,0.818484,536
505376,680192,120,0.820937,536
507352,680192,120,0.818587,536
505632,680192,121,0.820588,536
506352,680192,121,0.819700,536
502504,680192,121,0.824115,536
502024,680192,121,0.824697,536
498608,680192,122,0.828370,536
495200,680192,122,0.831932,536
492920,680192,122,0.834249,536
495552,680192,122,0.831576,536
494544,680192,121,0.832688,536
494008,680192,121,0.833270,536
496872,680192,120,0.830342,568
494344,680192,121,0.832903,568
498312,680192,121,0.828798,568
497240,680192,120,0.830013,568
500376,680192,120,0.826660,568
502344,680192,120,0.824468,568
502648,680192,120,0.824080,568
503552,680192,120,0.823020,568
504744,680192,120,0.821622,568
506920,680192,120,0.819056,568
503312,680192,120,0.823235,568
505760,680192,120,0.820404,568
502960,680192,120,0.823627,568
503488,680192,120,0.822985,568
501312,680192,120,0.825440,568
503824,680192,119,0.822644,584
502504,680192,118,0.824221,584
500944,680192,118,0.825979,584
499976,680192,119,0.827020,584
497104,680192,119,0.830087,584
496392,680192,120,0.830835,568
496504,680192,120,0.830671,568
500512,680192,120,0.826411,568
497040,680192,120,0.830120,568
500224,680192,120,0.826720,568
503512,680192,120,0.823065,568
501768,680192,120,0.825048,568
502896,680192,120,0.823752,568
504536,680192,120,0.821858,568
501168,680192,120,0.825649,568
497672,680192,120,0.829416,568
496176,680192,121,0.830998,528
500080,680192,121,0.826866,528
503984,680192,121,0.822527,528
507856,680192,121,0.818002,528
511360,680192,121,0.813698,528
510832,680192,121,0.814410,528
511192,680192,121,0.813906,528
507784,680192,122,0.818030,528
509280,680192,121,0.816195,568
505464,680192,121,0.820744,568
504672,680192,121,0.821703,568
503976,680192,121,0.822545,568
502664,680192,121,0.824071,560
506360,680192,121,0.819830,560
503224,680192,120,0.823503,560
504760,680192,120,0.821722,560
507424,680192,120,0.818587,560
505336,680192,121,0.821010,560
506152,680192,121,0.820015,560
502832,680192,120,0.823885,560
502248,680192,120,0.824583,560
498272,680192,120,0.828898,560
500720,680192,120,0.826247,560
504432,680192,120,0.822093,560
501112,680192,119,0.758724,560
497928,680192,119,0.763480,560
497208,680192,119,0.764583,560
494872,680192,119,0.767942,560
492464,680192,119,0.771303,560
490424,680192,119,0.774085,560
487576,680192,119,0.777834,560
487832,680192,119,0.777446,560
483840,680192,119,0.782490,560
487056,680192,119,0.778433,560
489248,680192,119,0.775560,560
491288,680192,118,0.772815,608
492416,680192,118,0.771238,608
495544,680192,118,0.766870,608
496432,680192,118,0.765551,608
499416,680192,118,0.761173,608
498584,680192,118,0.762460,608
499200,680192,117,0.761513,640
502768,680192,117,0.756089,640
503104,680192,117,0.755498,640
504128,680192,117,0.753834,640
501864,680192,117,0.757395,640
504728,680192,117,0.752893,640
502096,680192,118,0.756970,640
499208,680192,118,0.761361,640
499552,680192,118,0.760784,640
499800,680192,117,0.760417,640
497048,680192,118,0.764423,640
497080,680192,117,0.764320,680
494624,680192,117,0.767853,680
495656,680192,117,0.766342,680
494144,680192,117,0.768518,680
491872,680192,117,0.771680,680
493728,680192,117,0.769092,680
491280,680192,117,0.772473,680
490280,680192,117,0.773864,680
493520,680192,117,0.769443,680
497000,680192,117,0.764503,680
495712,680192,117,0.766398,680
492800,680192,118,0.770426,680
488944,680192,118,0.775612,680
490440,680192,118,0.773589,680
492512,680192,118,0.770752,680
488736,680192,118,0.775820,680
490832,680192,118,0.773006,680
492192,680192,117,0.771141,712
493120,680192,116,0.769826,752
492056,680192,117,0.771271,752
492184,680192,116,0.771076,768
488584,680192,116,0.775903,768
490624,680192,116,0.773165,768
489840,680192,117,0.774201,768
489632,680192,118,0.774474,768
488832,680192,119,0.775519,768
491328,680192,119,0.772163,768
488200,680192,119,0.776337,768
486224,680192,119,0.778918,768
483712,680192,120,0.782059,752
486936,680192,120,0.777976,752
488504,680192,120,0.775903,752
490784,680192,120,0.772847,752
487896,680192,119,0.776749,752
491376,680192,119,0.772120,752
487456,680192,119,0.777313,752
490512,680192,119,0.773272,752
491472,680192,119,0.771927,752
495336,680192,119,0.766556,752
493840,680192,120,0.768640,752
497240,680192,120,0.763780,752
496816,680192,120,0.764457,752
493992,680192,119,0.768562,752
492440,680192,119,0.770752,752
495352,680192,119,0.766668,752
494632,680192,120,0.767675,752
493960,680192,121,0.768606,752
494816,680192,120,0.767363,792
491816,680192,120,0.771540,792
494616,680192,120,0.767641,792
490856,680192,120,0.772825,792
494640,680192,120,0.767608,792
492984,680192,121,0.769892,792
494856,680192,121,0.767240,792
492384,680192,121,0.770708,792
493648,680192,121,0.768915,792
496480,680192,121,0.764880,792
498528,680192,121,0.761853,792
499464,680192,121,0.760405,792
499112,680192,122,0.760925,792
499760,680192,121,0.759931,816
497232,680192,122,0.763630,816
496536,680192,123,0.764629,816
500520,680192,123,0.758724,816
498448,680192,123,0.761865,816
500032,680192,123,0.759454,816
500752,680192,122,0.758315,856
499488,680192,122,0.760275,856
499464,680192,123,0.760311,856
500592,680192,123,0.758555,856
501848,680192,123,0.756579,856
501256,680192,123,0.757553,856
504448,680192,123,0.752540,856
501544,680192,122,0.757189,856
499448,680192,122,0.760405,856
495464,680192,122,0.766229,856
499104,680192,122,0.760914,856
501152,680192,122,0.757783,856
500296,680192,123,0.759131,816
498936,680192,123,0.761267,784
502752,680192,123,0.755449,784
500528,680192,122,0.758976,784
498488,680192,122,0.762064,784
501416,680192,122,0.757638,784
500936,680192,122,0.758471,760
498192,680192,122,0.762600,760
502072,680192,122,0.756750,760
504328,680192,122,0.753183,760
504568,680192,122,0.752729,760
505640,680192,122,0.750951,760
503784,680192,123,0.753884,760
502592,680192,123,0.755806,760
504984,680192,123,0.751995,760
506496,680192,123,0.749496,760
503952,680192,124,0.753547,760
506456,680192,123,0.749496,800
507072,680192,123,0.748417,800
503880,680192,123,0.753597,800
506280,680192,123,0.749703,800
503632,680192,123,0.753984,800
500720,680192,123,0.758519,800
498384,680192,124,0.761982,800
498736,680192,124,0.761396,800
494752,680192,123,0.593018,800
494032,680192,124,0.594866,760
497840,680192,124,0.585311,760
496840,680192,124,0.587952,760
494744,680192,125,0.593135,760
494712,680192,125,0.593428,720
495072,680192,125,0.592431,720
495520,680192,125,0.591212,720
496208,680192,124,0.589409,760
496552,680192,123,0.588532,768
499592,680192,123,0.580674,768
501792,680192,123,0.574762,768
500280,680192,122,0.579008,768
497240,680192,122,0.586928,768
498944,680192,122,0.582471,768
497128,680192,122,0.587210,768
493520,680192,122,0.596198,768
495208,680192,122,0.591979,768
492336,680192,121,0.599139,768
495456,680192,121,0.591488,768
497296,680192,121,0.586787,768
499144,680192,120,0.582080,768
498128,680192,120,0.584823,760
495016,680192,120,0.592705,760
495680,680192,120,0.590955,760
496920,680192,120,0.587752,760
495192,680192,119,0.592274,760
494832,680192,120,0.593154,760
491472,680192,121,0.601195,760
492200,680192,121,0.599367,760
491264,680192,122,0.601570,760
492288,680192,122,0.599044,760
492848,680192,122,0.597597,760
493016,680192,121,0.597100,800
490240,680192,121,0.603750,800
493144,680192,121,0.596793,800
491560,680192,121,0.600669,800
487472,680192,120,0.610273,800
489416,680192,120,0.605759,800
487296,680192,120,0.610667,800
485544,680192,121,0.614545,800
487824,680192,121,0.609375,800
484840,680192,121,0.616082,800
487296,680192,121,0.610560,800
491216,680192,121,0.601477,800
494200,680192,120,0.594323,816
491952,680192,121,0.599821,768
494808,680192,121,0.592842,768
493240,680192,121,0.596755,768
496472,680192,121,0.588732,768
493104,680192,120,0.597196,768
497112,680192,120,0.587250,768
494472,680192,120,0.593895,768
497856,680192,120,0.585372,768
496728,680192,119,0.588452,768
497920,680192,119,0.585331,768
496280,680192,120,0.589449,768
497160,680192,120,0.587129,768
495840,680192,120,0.590540,768
497480,680192,120,0.586323,768
496872,680192,120,0.587972,768
497024,680192,120,0.587471,768
493216,680192,119,0.597043,768
494944,680192,118,0.592803,792
493408,680192,118,0.596640,792
490128,680192,118,0.604471,792
493176,680192,118,0.597196,792
496456,680192,118,0.589071,792
494448,680192,118,0.594129,792
495472,680192,118,0.591507,792
491664,680192,119,0.600669,792
489384,680192,119,0.606070,792
489152,680192,120,0.606619,784
486464,680192,121,0.612660,784
485160,680192,121,0.615629,784
482296,680192,121,0.621871,784
482576,680192,121,0.621178,784
481960,680192,121,0.622578,784
478792,680192,121,0.629216,784
478512,680192,121,0.629880,784
474648,680192,122,0.637526,784
475488,680192,122,0.635797,784
476008,680192,122,0.634683,784
475672,680192,122,0.635437,784
478904,680192,121,0.628892,832
477248,680192,120,0.632417,832
474968,680192,121,0.636905,832
472392,680192,120,0.642027,832
470008,680192,119,0.646654,832
473712,680192,119,0.639607,832
475200,680192,119,0.636640,832
473328,680192,118,0.640433,832
474232,680192,118,0.638608,832
472848,680192,118,0.641346,832
469960,680192,119,0.646743,832
470600,680192,119,0.645472,832
468944,680192,120,0.648515,832
469376,680192,119,0.647653,872
472080,680192,119,0.642541,872
470952,680192,118,0.644833,872
473640,680192,118,0.639668,872
477360,680192,118,0.632305,872
475448,680192,117,0.636266,872
478160,680192,117,0.630799,872
482104,680192,117,0.622595,872
479888,680192,117,0.627292,872
481592,680192,117,0.623668,872
480928,680192,117,0.625149,872
479968,680192,117,0.627227,872
483448,680192,117,0.619853,872
482416,680192,118,0.622040,872
478632,680192,117,0.630042,872
475952,680192,117,0.635515,848
477728,680192,117,0.631906,848
478992,680192,117,0.629265,848
476392,680192,117,0.634557,848
475136,680192,118,0.637014,848
473152,680192,118,0.640920,848
472592,680192,118,0.642073,848
471928,680192,118,0.643413,848
475312,680192,118,0.636858,848
477848,680192,118,0.631762,848
477320,680192,118,0.632910,848
480064,680192,118,0.627276,848
479336,680192,118,0.628859,848
480728,680192,118,0.625910,848
476824,680192,118,0.633893,848
479064,680192,118,0.629314,848
478200,680192,118,0.631153,848
478824,680192,118,0.629800,848
480656,680192,118,0.625960,848
481072,680192,118,0.625000,848
480136,680192,119,0.626931,848
477328,680192,120,0.632608,848
478392,680192,120,0.630381,848
479224,680192,120,0.628599,848
480744,680192,120,0.625381,848
479840,680192,121,0.627243,848
481192,680192,121,0.624352,848
479256,680192,120,0.628534,848
481392,680192,120,0.624035,848
484184,680192,119,0.618088,864
488008,680192,119,0.609573,864
490040,680192,119,0.604840,864
493880,680192,119,0.595678,864
496080,680192,119,0.590184,864
500120,680192,119,0.579801,864
498752,680192,119,0.583456,864
501920,680192,119,0.575060,864
503080,680192,119,0.571818,864
503336,680192,119,0.570995,864
503544,680192,118,0.570342,896
502288,680192,118,0.573864,896
505736,680192,118,0.564290,896
503696,680192,119,0.569928,896
506376,680192,119,0.562355,896
503328,680192,118,0.571060,896
502160,680192,119,0.574206,896
503432,680192,119,0.570647,896
506176,680192,119,0.562919,896
504888,680192,120,0.566518,896
501960,680192,120,0.574612,896
501616,680192,120,0.575677,888
505248,680192,120,0.565674,888
506088,680192,120,0.563189,888
506144,680192,120,0.562896,888
504008,680192,120,0.568966,888
504912,680192,120,0.566341,888
504608,680192,121,0.567182,888
503216,680192,121,0.571125,888
502544,680192,122,0.572940,888
500304,680192,122,0.579008,888
498336,680192,121,0.584335,888
500904,680192,121,0.577560,888
503792,680192,121,0.569688,888
507744,680192,121,0.584527,888
505432,680192,121,0.590816,888
509144,680192,121,0.605415,888
510984,680192,121,0.600458,888
511224,680192,121,0.599691,888
507512,680192,121,0.585024,888
511200,680192,121,0.599595,888
510368,680192,120,0.602057,888
510760,680192,120,0.600893,888
510456,680192,121,0.601698,888
506440,680192,122,0.612030,888
504392,680192,121,0.617329,888
507200,680192,121,0.610237,888
504032,680192,121,0.618205,888
508016,680192,120,0.608203,920
510704,680192,120,0.601084,920
512608,680192,120,0.595844,920
512456,680192,121,0.596257,920
513016,680192,121,0.594600,920
512848,680192,121,0.595300,880
516576,680192,121,0.584735,880
514624,680192,122,0.590264,880
516600,680192,122,0.584528,880
514416,680192,122,0.590845,880
511432,680192,122,0.599167,864
508768,680192,123,0.606169,864
505552,680192,123,0.614421,864
508800,680192,123,0.606086,864
511328,680192,123,0.599317,864
515080,680192,123,0.614904,864
518720,680192,123,0.630828,864
517224,680192,122,0.634909,864
516344,680192,121,0.637367,864
516752,680192,121,0.636223,864
518768,680192,121,0.630952,864
517128,680192,120,0.635395,864
513400,680192,120,0.644699,864
517344,680192,120,0.662574,864
513480,680192,120,0.671499,864
514024,680192,120,0.670179,864
516776,680192,120,0.663788,864
515872,680192,119,0.666099,864
519952,680192,119,0.685548,864
516504,680192,119,0.693136,864
513472,680192,118,0.699622,864
515112,680192,118,0.696156,864
514496,680192,117,0.697693,832
516072,680192,117,0.694318,832
515720,680192,117,0.695156,832
515256,680192,118,0.696123,832
518960,680192,118,0.688124,832
521768,680192,118,0.681748,832
522992,680192,118,0.678823,832
520976,680192,118,0.683542,832
518176,680192,119,0.689726,832
517760,680192,118,0.690831,832
519880,680192,118,0.686098,832
517736,680192,119,0.690780,832
516568,680192,119,0.693373,832
514560,680192,119,0.697743,792
515656,680192,119,0.695373,792
515112,680192,119,0.696604,792
516176,680192,119,0.694284,792
517184,680192,119,0.692048,792
514472,680192,120,0.697726,792
513824,680192,120,0.699199,768
516424,680192,120,0.693711,768
515976,680192,119,0.694855,768
517672,680192,119,0.691158,768
514840,680192,119,0.697216,768
511440,680192,120,0.704069,768
514544,680192,120,0.697726,768
515576,680192,120,0.695490,768
515144,680192,120,0.696488,768
518944,680192,120,0.688299,768
522800,680192,120,0.679527,768
522448,680192,121,0.680338,768
519696,680192,121,0.686647,768
519640,680192,122,0.686771,768
522520,680192,122,0.680173,768
525144,680192,122,0.673904,768
526152,680192,122,0.671358,768
529688,680192,122,0.689630,768
531312,680192,122,0.685639,768
531912,680192,121,0.684181,768
529120,680192,120,0.691075,768
530808,680192,120,0.686968,768
528960,680192,120,0.691448,768
530064,680192,120,0.688741,768
527872,680192,120,0.693962,768
524328,680192,120,0.701977,768
523248,680192,121,0.704340,752
521760,680192,121,0.707589,752
523464,680192,121,0.703878,752
523784,680192,120,0.703120,784
521080,680192,120,0.708939,784
521664,680192,120,0.707623,784
523208,680192,120,0.704255,784
524888,680192,120,0.700510,784
523200,680192,119,0.704374,784
519632,680192,119,0.711909,784
520768,680192,119,0.709485,784
517888,680192,119,0.715408,784
514384,680192,119,0.722277,784
516232,680192,119,0.718652,784
518888,680192,119,0.713316,784
521872,680192,119,0.707086,784
518080,680192,119,0.714931,784
521328,680192,119,0.708224,784
520816,680192,119,0.709386,784
521864,680192,118,0.707103,832
518848,680192,118,0.713396,832
517152,680192,118,0.716859,832
518480,680192,118,0.714134,832
520120,680192,118,0.710719,832
519072,680192,119,0.712945,784
522224,680192,119,0.706346,784
521280,680192,119,0.708424,784
522360,680192,118,0.706126,800
521520,680192,118,0.707990,800
522024,680192,118,0.706834,800
519424,680192,118,0.712299,800
522528,680192,118,0.705771,800
521968,680192,118,0.707053,800
518032,680192,118,0.715186,800
515176,680192,118,0.720835,800
516576,680192,118,0.718046,800
515520,680192,119,0.720085,800
513816,680192,120,0.723314,800
516512,680192,120,0.718077,800
516456,680192,120,0.718280,800
518512,680192,120,0.714134,800
515704,680192,120,0.719732,800
516832,680192,120,0.717454,800
518568,680192,120,0.713926,800
521520,680192,120,0.707790,800
524472,680192,120,0.701385,800
522952,680192,120,0.704767,800
520672,680192,120,0.709650,800
522536,680192,120,0.705652,800
525848,680192,120,0.698353,800
523040,680192,120,0.704580,800
519792,680192,119,0.711551,800
522488,680192,119,0.705855,800
524296,680192,119,0.701873,800
522040,680192,120,0.706700,800
521536,680192,120,0.707857,800
523040,680192,120,0.704580,800
523136,680192,119,0.704272,848
520248,680192,119,0.710423,848
522808,680192,119,0.704972,848
520752,680192,119,0.709386,848
521088,680192,119,0.708590,848
518952,680192,119,0.713058,848
515720,680192,118,0.719609,848
517808,680192,118,0.715439,848
517448,680192,118,0.716245,848
514912,680192,117,0.721337,848
514808,680192,117,0.721671,824
518352,680192,117,0.714693,824
521656,680192,117,0.707857,824
523272,680192,117,0.704340,824
519792,680192,117,0.711698,824
523376,680192,117,0.704118,824
525768,680192,117,0.698797,824
523904,680192,117,0.702982,824
521448,680192,118,0.708191,824
522040,680192,117,0.706851,872
521016,680192,117,0.709088,872
524304,680192,117,0.702012,872
522744,680192,116,0.705567,872
526184,680192,116,0.697978,872
528808,680192,116,0.691895,872
527992,680192,115,0.693999,872
525360,680192,115,0.700018,872
528808,680192,115,0.692118,872
527712,680192,116,0.694639,872
531680,680192,116,0.716125,872
532024,680192,116,0.715266,872
528096,680192,115,0.723851,872
528808,680192,114,0.722353,880
528552,680192,115,0.722887,880
530168,680192,115,0.719376,880
528432,680192,115,0.723137,880
524392,680192,114,0.678557,880
526128,680192,114,0.674324,880
522248,680192,113,0.683610,880
520344,680192,114,0.687871,880
524080,680192,114,0.679286,880
527376,680192,114,0.671296,880
527648,680192,114,0.670510,880
526384,680192,114,0.673707,880
530064,680192,114,0.692808,880
529784,680192,115,0.693461,880
530264,680192,115,0.692228,880
528784,680192,114,0.695880,880
530064,680192,114,0.692808,880
527408,680192,113,0.699106,880
525720,680192,113,0.702948,880
529112,680192,113,0.695238,880
530336,680192,113,0.692284,880
528856,680192,113,0.695825,880
531512,680192,112,0.689617,880
527432,680192,113,0.699052,880
531424,680192,113,0.689712,880
527720,680192,113,0.698405,880
531072,680192,113,0.690549,880
527968,680192,112,0.697954,880
525224,680192,113,0.704027,880
523824,680192,112,0.707236,880
525312,680192,112,0.703940,880
526848,680192,112,0.700463,880
530424,680192,112,0.692190,880
528528,680192,112,0.696684,880
525088,680192,112,0.704426,880
526928,680192,112,0.700285,880
528480,680192,112,0.696684,880
527592,680192,111,0.698909,880
530576,680192,111,0.691946,880
526888,680192,112,0.700374,880
529552,680192,112,0.694222,880
526928,680192,112,0.700285,880
528480,680192,112,0.696684,880
528368,680192,112,0.697048,880
531016,680192,112,0.690796,880
529792,680192,112,0.693777,880
530192,680192,112,0.692734,880
529936,680192,111,0.693554,880
526584,680192,111,0.701260,880
530200,680192,111,0.692939,880
529752,680192,111,0.694093,880
525920,680192,112,0.702720,880
521912,680192,111,0.711436,880
519520,680192,112,0.716285,880
521344,680192,112,0.712504,880
521184,680192,112,0.712929,880
517544,680192,111,0.720354,880
513720,680192,111,0.727655,880
517360,680192,111,0.720710,880
521080,680192,111,0.713239,880
524280,680192,111,0.706471,880
527288,680192,111,0.699804,880
530096,680192,110,0.693405,880
530328,680192,109,0.692865,880
528136,680192,109,0.698008,880
528576,680192,109,0.696902,880
526736,680192,110,0.701030,880
527168,680192,110,0.699964,880
529248,680192,110,0.695146,880
528928,680192,110,0.695990,880
525728,680192,111,0.703140,880
528200,680192,111,0.697538,880
528400,680192,111,0.696975,880
524784,680192,111,0.705082,880
523648,680192,111,0.707609,880
526064,680192,111,0.702300,880
529080,680192,111,0.695421,880
526272,680192,112,0.701737,880
522352,680192,112,0.710227,880
519952,680192,112,0.715228,880
517456,680192,113,0.720153,880
518296,680192,113,0.718421,880
518696,680192,112,0.717633,880
518152,680192,112,0.718797,880
521848,680192,112,0.711271,880
517880,680192,111,0.719422,880
520528,680192,111,0.714067,880
516992,680192,111,0.721142,880
515920,680192,112,0.723191,880
514248,680192,111,0.726505,880
511008,680192,111,0.732461,880
513608,680192,111,0.727685,880
513192,680192,112,0.728446,880
509472,680192,112,0.735155,880
506864,680192,112,0.739689,880
506224,680192,112,0.740904,840
509360,680192,112,0.735502,840
511312,680192,112,0.731992,840
509688,680192,112,0.734933,840
508744,680192,111,0.736730,840
511064,680192,110,0.732673,848
513416,680192,110,0.728359,848
511712,680192,110,0.731522,848
513624,680192,110,0.727978,848
513104,680192,110,0.729015,848
509792,680192,111,0.734905,848
507952,680192,111,0.738150,848
511336,680192,111,0.732191,848
510344,680192,112,0.733997,816
513672,680192,112,0.727949,816
511224,680192,113,0.732362,816
508904,680192,114,0.736427,808
505264,680192,115,0.742542,808
506048,680192,115,0.741170,808
509824,680192,115,0.734668,808
510088,680192,115,0.734123,808
510448,680192,115,0.733407,808
512624,680192,115,0.729436,808
513376,680192,114,0.728037,824
516408,680192,114,0.722277,824
518280,680192,114,0.718562,824
516088,680192,114,0.722887,824
518096,680192,114,0.718922,824
515384,680192,113,0.724309,824
513664,680192,113,0.727596,824
513344,680192,114,0.728242,792
515968,680192,114,0.723267,792
513400,680192,114,0.728139,792
515912,680192,114,0.723373,792
517984,680192,114,0.719297,792
521048,680192,114,0.713092,792
523600,680192,114,0.707694,792
520368,680192,114,0.714568,744
521608,680192,114,0.711947,744
523640,680192,114,0.707609,744
524088,680192,114,0.706556,744
527704,680192,114,0.698531,744
524312,680192,114,0.706146,712
524552,680192,114,0.705529,712
522680,680192,115,0.709494,712
523568,680192,115,0.707525,712
519600,680192,115,0.715789,712
518672,680192,115,0.717728,712
518928,680192,114,0.717222,712
519144,680192,113,0.716698,760
515104,680192,114,0.724505,760
513752,680192,115,0.727022,760
516608,680192,115,0.721557,760
515328,680192,115,0.724083,760
514488,680192,114,0.725836,760
518320,680192,114,0.718421,760
514520,680192,113,0.673526,760
513408,680192,113,0.676076,760
513880,680192,113,0.674938,760
511488,680192,112,0.680313,760
514128,680192,112,0.674498,760
513184,680192,113,0.676564,760
511848,680192,112,0.679751,712
515600,680192,112,0.671439,712
517000,680192,112,0.668157,712
516200,680192,112,0.670105,704
517168,680192,112,0.667790,704
515112,680192,112,0.672548,704
512512,680192,113,0.678243,704
509776,680192,113,0.684125,704
507304,680192,113,0.689267,704
505352,680192,113,0.693230,704
506296,680192,113,0.691277,704
507216,680192,113,0.689347,704
506312,680192,114,0.691150,704
508656,680192,114,0.686333,704
505488,680192,113,0.692870,704
504248,680192,113,0.695375,704
506696,680192,113,0.690482,704
510408,680192,113,0.682808,704
509976,680192,113,0.683809,704
506240,680192,114,0.691388,704
510208,680192,114,0.683226,704
513376,680192,114,0.676372,704
513136,680192,114,0.676998,704
515912,680192,114,0.670755,704
519632,680192,114,0.662039,704
523648,680192,114,0.652106,704
520696,680192,115,0.659378,704
522632,680192,115,0.654525,704
525832,680192,114,0.646398,704
526256,680192,114,0.645167,704
522968,680192,114,0.653689,704
522560,680192,115,0.654703,704
519616,680192,115,0.661963,704
517264,680192,114,0.667680,704
517352,680192,114,0.667367,704
521368,680192,114,0.657749,704
522776,680192,114,0.654167,704
520032,680192,114,0.660972,704
517336,680192,113,0.667515,704
515464,680192,112,0.671976,704
517152,680192,112,0.668047,704
517168,680192,111,0.667955,728
514152,680192,111,0.674832,728
517416,680192,111,0.667386,728
519400,680192,111,0.662646,728
523064,680192,111,0.653629,728
521512,680192,111,0.657574,728
523320,680192,111,0.652989,728
521680,680192,111,0.657164,728
519128,680192,110,0.663514,728
520280,680192,109,0.660742,744
518664,680192,109,0.664678,744
518320,680192,109,0.665591,744
521072,680192,109,0.658953,744
521920,680192,108,0.656792,784
522896,680192,108,0.654266,784
526808,680192,108,0.644138,784
530384,680192,108,0.634335,784
528312,680192,108,0.640134,784
525688,680192,108,0.647187,784
529736,680192,108,0.636259,784
530136,680192,108,0.635023,784
526176,680192,107,0.645919,784
525232,680192,108,0.648363,784
524840,680192,109,0.649367,784
523816,680192,109,0.652086,784
525440,680192,109,0.647827,784
526376,680192,108,0.645376,792
530320,680192,108,0.634624,792
531968,680192,108,0.629855,792
528288,680192,107,0.585332,792
529720,680192,107,0.580692,792
527872,680192,107,0.586618,792
530120,680192,107,0.579420,792
528408,680192,107,0.584960,792
530192,680192,107,0.579190,792
526616,680192,108,0.590307,792
528376,680192,108,0.584761,792
525152,680192,109,0.594549,792
525136,680192,110,0.594667,768
525832,680192,110,0.592451,768
522880,680192,111,0.601105,768
524784,680192,111,0.595424,768
523384,680192,110,0.599792,768
525640,680192,110,0.593025,768
526784,680192,109,0.589555,776
526584,680192,109,0.590307,776
529872,680192,109,0.579955,776
526584,680192,109,0.590307,776
525032,680192,109,0.595093,776
525104,680192,109,0.594738,776
523480,680192,108,0.599769,776
526336,680192,108,0.591201,776
527712,680192,108,0.586865,776
524592,680192,107,0.596531,776
528120,680192,107,0.585754,776
526136,680192,107,0.591947,776
529552,680192,107,0.581275,776
526304,680192,108,0.591298,776
525328,680192,108,0.594359,776
528384,680192,108,0.584935,776
526208,680192,108,0.591731,776
530200,680192,108,0.579216,776
532616,680192,108,0.571199,776
531344,680192,109,0.575375,776
532384,680192,109,0.571808,776
529376,680192,109,0.581679,776
526208,680192,110,0.591442,776
529560,680192,110,0.580945,776
530872,680192,110,0.576594,776
529176,680192,110,0.582158,776
528272,680192,110,0.585134,776
528144,680192,111,0.585580,760
527040,680192,112,0.588971,760
526456,680192,112,0.590888,760
529752,680192,111,0.580616,784
531464,680192,111,0.574959,784
534808,680192,111,0.563613,784
530904,680192,111,0.576775,784
528856,680192,111,0.583438,784
525568,680192,111,0.593622,784
526672,680192,111,0.590162,784
528168,680192,111,0.585431,784
530408,680192,111,0.578217,784
528208,680192,111,0.585307,784
528400,680192,111,0.584562,784
526456,680192,112,0.590525,784
523408,680192,112,0.599677,784
526272,680192,112,0.591081,784
529448,680192,112,0.581123,784
526752,680192,113,0.589482,784
530232,680192,113,0.578474,784
526936,680192,112,0.589069,784
530480,680192,112,0.577832,784
528632,680192,112,0.583839,784
524800,680192,112,0.595613,784
524368,680192,112,0.597141,744
523720,680192,112,0.599167,744
522032,680192,112,0.604135,744
524184,680192,112,0.597819,744
524360,680192,112,0.597164,744
525264,680192,111,0.594478,752
525072,680192,112,0.595046,752
523672,680192,111,0.599422,752
523720,680192,111,0.599144,752
527528,680192,111,0.587651,752
527192,680192,110,0.588971,752
528304,680192,110,0.585407,752
526760,680192,110,0.590283,752
527560,680192,110,0.587700,752
530936,680192,110,0.576930,752
531568,680192,110,0.574724,752
531808,680192,110,0.573783,752
534096,680192,110,0.565990,752
530296,680192,111,0.578525,752
534048,680192,110,0.565990,800
533208,680192,111,0.568825,800
530432,680192,112,0.577935,800
529152,680192,112,0.582158,800
525280,680192,112,0.594145,800
525352,680192,111,0.593860,824
527352,680192,111,0.587675,824
527256,680192,112,0.588116,776
529464,680192,112,0.581097,776
526296,680192,112,0.591032,776
526840,680192,112,0.589239,776
530032,680192,111,0.579190,808
529688,680192,112,0.580286,808
529920,680192,112,0.579394,808
532560,680192,112,0.570641,808
529232,680192,112,0.581578,808
531984,680192,112,0.572547,808
527968,680192,112,0.585531,808
527368,680192,113,0.587381,808
527384,680192,113,0.587184,808
528840,680192,113,0.582510,808
526200,680192,113,0.590791,808
524888,680192,112,0.594999,808
524384,680192,111,0.596766,808
522824,680192,111,0.601426,808
522424,680192,111,0.602705,808
521344,680192,112,0.605800,792
518552,680192,113,0.613515,776
520160,680192,113,0.609002,776
521448,680192,113,0.605284,776
522560,680192,113,0.601998,776
523960,680192,113,0.597819,776
521448,680192,113,0.605149,776
521000,680192,114,0.606405,776
523320,680192,114,0.599677,776
522536,680192,114,0.602067,776
518584,680192,114,0.613170,776
515208,680192,114,0.622193,776
518312,680192,114,0.613902,776
519208,680192,114,0.611348,776
518944,680192,115,0.612066,776
522264,680192,115,0.602705,776
521200,680192,114,0.605980,776
522504,680192,113,0.602272,784
523416,680192,113,0.599515,784
524688,680192,113,0.595660,784
526656,680192,112,0.589725,800
523392,680192,113,0.599399,800
519864,680192,113,0.609487,800
522496,680192,113,0.601975,800
523016,680192,113,0.600346,800
525680,680192,113,0.592379,800
528408,680192,113,0.583889,800
526576,680192,114,0.589531,800
523096,680192,114,0.599977,800
523904,680192,114,0.597492,800
523648,680192,115,0.598238,800
522536,680192,115,0.601586,800
520288,680192,115,0.608052,800
516320,680192,115,0.618870,800
515312,680192,115,0.621616,800
514576,680192,115,0.623629,800
515112,680192,115,0.622131,800
518808,680192,115,0.612239,800
522168,680192,115,0.602773,800
522288,680192,115,0.602295,800
518576,680192,116,0.612608,800
520704,680192,116,0.606628,800
522032,680192,116,0.602751,800
523664,680192,116,0.597912,800
524824,680192,116,0.594359,800
524488,680192,117,0.595472,760
527264,680192,117,0.586963,760
526256,680192,118,0.590041,760
530264,680192,118,0.577369,760
526256,680192,118,0.590041,760
526280,680192,118,0.589822,760
522896,680192,118,0.599977,760
524808,680192,118,0.594240,760
522488,680192,118,0.601151,760
522400,680192,118,0.601540,760
520944,680192,117,0.605935,760
521896,680192,117,0.603115,760
518264,680192,116,0.613429,760
519496,680192,116,0.609948,760
519664,680192,115,0.609465,768
518152,680192,115,0.613709,768
521104,680192,115,0.605464,768
524216,680192,115,0.596390,768
523744,680192,114,0.598052,768
523200,680192,113,0.599908,768
523768,680192,113,0.598122,768
525576,680192,113,0.592643,768
522096,680192,114,0.602796,768
525856,680192,114,0.591659,768
523920,680192,113,0.597678,768
526288,680192,113,0.590501,768
524200,680192,112,0.597000,768
525888,680192,111,0.591851,816
524128,680192,111,0.597211,816
520512,680192,111,0.607652,816
524560,680192,111,0.595943,816
528440,680192,111,0.584038,816
526920,680192,111,0.588874,816
530952,680192,111,0.576050,816
528944,680192,111,0.582611,816
531920,680192,111,0.572890,816
530288,680192,111,0.578345,816
529000,680192,112,0.582435,816
529112,680192,112,0.581931,816
529672,680192,112,0.580006,816
527472,680192,112,0.587037,816
531248,680192,112,0.604243,816
530728,680192,112,0.605959,816
529568,680192,112,0.609558,816
526608,680192,113,0.618107,816
528056,680192,113,0.613834,816
526944,680192,114,0.617019,816
527240,680192,114,0.616039,816
527608,680192,114,0.614848,816
530144,680192,114,0.607278,816
526760,680192,114,0.617269,816
530504,680192,113,0.606343,816
527640,680192,113,0.614985,784
529152,680192,113,0.610454,784
528976,680192,113,0.611111,784
530776,680192,113,0.605622,784
527832,680192,113,0.614433,784
529144,680192,113,0.610477,784
526936,680192,113,0.616996,784
523576,680192,114,0.626310,784
525352,680192,114,0.621311,784
522160,680192,115,0.630058,752
521000,680192,116,0.633108,752
523472,680192,116,0.626418,752
522776,680192,116,0.628418,752
519712,680192,116,0.636558,752
520024,680192,115,0.635676,784
518624,680192,114,0.639482,784
518768,680192,114,0.638998,784
522456,680192,114,0.629315,784
521416,680192,115,0.632062,784
517664,680192,114,0.641882,784
520048,680192,114,0.635738,784
523312,680192,114,0.627023,784
521312,680192,113,0.632586,784
521472,680192,113,0.632041,784
522920,680192,113,0.628076,784
526888,680192,113,0.616996,784
526528,680192,112,0.618287,784
526288,680192,112,0.619098,784
529864,680192,112,0.608635,784
532160,680192,112,0.601556,784
529056,680192,111,0.611158,784
528184,680192,111,0.613834,784
527912,680192,110,0.614893,784
531664,680192,110,0.603660,784
531032,680192,109,0.605863,784
533168,680192,109,0.599180,784
531592,680192,108,0.604316,784
528536,680192,107,0.613649,784
530616,680192,106,0.607516,792
527072,680192,106,0.617948,792
527944,680192,106,0.615330,792
530232,680192,106,0.608516,792
533848,680192,106,0.597330,792
534464,680192,106,0.595234,792
533152,680192,106,0.599504,792
532464,680192,107,0.601752,752
531504,680192,107,0.604825,752
535584,680192,107,0.591932,752
536600,680192,107,0.588472,752
537624,680192,107,0.584925,752
537608,680192,108,0.584978,752
538520,680192,108,0.581751,752
536016,680192,108,0.590352,712
534888,680192,109,0.593986,712
535552,680192,108,0.591855,712
535688,680192,108,0.591260,712
533648,680192,109,0.597907,664
537272,680192,109,0.586070,664
535808,680192,108,0.591183,664
532976,680192,108,0.600297,664
534600,680192,108,0.595056,664
530904,680192,108,0.606607,664
529264,680192,107,0.611743,664
525560,680192,108,0.622264,664
526584,680192,108,0.619278,664
523040,680192,109,0.628974,664
520960,680192,110,0.634459,656
523992,680192,110,0.626310,656
524160,680192,110,0.625725,656
525400,680192,110,0.622198,656
521384,680192,111,0.632983,656
522448,680192,111,0.630058,656
524784,680192,111,0.623630,656
521736,680192,112,0.631810,656
520712,680192,112,0.634603,656
521624,680192,112,0.632104,656
523536,680192,112,0.626893,656
523568,680192,111,0.626764,672
521832,680192,111,0.631516,672
518536,680192,111,0.640165,648
519904,680192,111,0.636579,648
520232,680192,110,0.635676,672
517704,680192,110,0.642180,672
518120,680192,109,0.641046,712
514544,680192,109,0.649867,712
514712,680192,109,0.649353,712
513776,680192,109,0.651700,704
513336,680192,110,0.652731,704
515616,680192,110,0.647207,704
516144,680192,110,0.645813,704
514608,680192,110,0.649620,704
516416,680192,110,0.645151,704
514968,680192,110,0.648762,704
516504,680192,110,0.644936,704
513320,680192,109,0.652768,704
509600,680192,108,0.661456,704
512200,680192,108,0.655474,704
513256,680192,108,0.652917,704
510840,680192,107,0.658681,704
513024,680192,107,0.653570,704
511832,680192,108,0.656318,704
511536,680192,109,0.656994,704
510504,680192,108,0.659545,704
508720,680192,108,0.663609,704
507416,680192,109,0.666460,696
508616,680192,109,0.663749,696
505512,680192,108,0.670613,696
504872,680192,108,0.672053,696
508592,680192,108,0.664012,696
512680,680192,108,0.654719,696
515880,680192,108,0.647052,696
517608,680192,108,0.642715,696
520760,680192,108,0.634624,696
519504,680192,108,0.637965,696
518360,680192,109,0.640866,688
520256,680192,109,0.635943,688
520936,680192,109,0.634065,688
522744,680192,109,0.629187,688
521312,680192,109,0.633087,688
524880,680192,109,0.623410,688
523552,680192,110,0.627023,688
522640,680192,109,0.629719,688
523792,680192,109,0.626505,688
524864,680192,109,0.623454,688
523416,680192,110,0.627389,688
526528,680192,110,0.618693,688
526368,680192,110,0.619278,688
529744,680192,110,0.609417,688
528208,680192,110,0.614041,688
529648,680192,110,0.609700,688
529400,680192,111,0.610430,688
525680,680192,111,0.621200,688
521968,680192,111,0.631369,688
524488,680192,111,0.624484,688
525464,680192,111,0.621666,688
524176,680192,111,0.625334,688
520400,680192,112,0.635326,688
520544,680192,112,0.634831,688
523416,680192,112,0.627130,688
521808,680192,111,0.631663,688
522576,680192,111,0.629506,688
525912,680192,111,0.620286,688
522272,680192,112,0.630186,688
520152,680192,113,0.635717,688
516848,680192,113,0.644133,688
517928,680192,113,0.641345,688
514592,680192,113,0.649582,688
517056,680192,113,0.643504,688
517728,680192,113,0.641723,688
520680,680192,113,0.634106,688
518952,680192,112,0.638775,688
521040,680192,112,0.633295,688
518760,680192,112,0.639260,688
519032,680192,111,0.638512,712
515080,680192,112,0.648245,712
517152,680192,111,0.643090,760
513832,680192,110,0.651324,760
511080,680192,111,0.657685,760
513224,680192,111,0.652637,760
516488,680192,111,0.644721,760
514648,680192,111,0.649277,760
515432,680192,110,0.647322,792
514024,680192,109,0.650909,792
516736,680192,109,0.644271,792
513008,680192,109,0.653290,792
514784,680192,109,0.648991,792
512752,680192,109,0.653885,792
510120,680192,110,0.659886,792
512496,680192,110,0.654367,792
509512,680192,110,0.661243,792
507736,680192,110,0.665249,792
510504,680192,110,0.659024,792
511984,680192,110,0.655548,792
511624,680192,110,0.656483,792
508472,680192,111,0.663539,792
508400,680192,112,0.663749,768
506032,680192,112,0.668958,768
502728,680192,112,0.675923,768
503696,680192,112,0.673843,768
506120,680192,112,0.668669,768
508224,680192,112,0.664029,768
510856,680192,112,0.658066,768
507576,680192,111,0.665544,768
511224,680192,111,0.657340,768
508496,680192,111,0.663539,768
510712,680192,111,0.658500,768
513456,680192,111,0.652075,768
510808,680192,111,0.658283,768
514352,680192,111,0.649962,768
517096,680192,110,0.643327,768
516256,680192,110,0.645501,768
519560,680192,110,0.637151,768
516216,680192,110,0.645599,768
517032,680192,110,0.643485,768
516864,680192,111,0.643917,760
516960,680192,111,0.643563,760
515152,680192,111,0.648072,760
518968,680192,111,0.638553,760
517080,680192,111,0.643386,760
516232,680192,111,0.645677,720
517072,680192,111,0.643504,720
516120,680192,112,0.645832,720
519616,680192,112,0.637008,720
518600,680192,112,0.639703,720
521216,680192,111,0.632983,728
525016,680192,111,0.622661,728
524616,680192,112,0.623761,728
520896,680192,112,0.633816,728
521768,680192,112,0.631411,728
518816,680192,112,0.639139,728
519232,680192,111,0.638005,760
521256,680192,111,0.632669,760
518880,680192,111,0.638897,760
520696,680192,111,0.634127,760
518920,680192,111,0.638796,760
514976,680192,111,0.648609,760
511864,680192,111,0.656007,760
512392,680192,111,0.654682,760
512368,680192,110,0.654959,760
509680,680192,109,0.661261,760
506064,680192,108,0.669314,760
509336,680192,108,0.662130,760
509864,680192,108,0.660851,760
513544,680192,108,0.652338,760
516320,680192,108,0.645599,760
518912,680192,108,0.639058,760
515648,680192,108,0.647226,760
517744,680192,107,0.642001,800
515088,680192,107,0.648590,800
511008,680192,106,0.658302,800
510296,680192,107,0.659922,792
507672,680192,106,0.665907,792
509712,680192,106,0.661332,792
513352,680192,106,0.652936,792
514528,680192,106,0.650057,792
512656,680192,106,0.654552,792
510576,680192,106,0.659402,792
514304,680192,106,0.650701,792
515880,680192,106,0.646821,792
516824,680192,106,0.644408,792
512856,680192,106,0.653978,792
514120,680192,106,0.650909,792
512312,680192,106,0.655235,792
509720,680192,106,0.661207,792
509304,680192,106,0.662324,752
507936,680192,107,0.665318,752
510144,680192,107,0.660352,752
513952,680192,107,0.651512,752
514184,680192,107,0.650852,752
515120,680192,107,0.648513,752
513024,680192,108,0.653551,712
509760,680192,107,0.661190,712
507728,680192,107,0.665752,712
504064,680192,107,0.673595,712
504656,680192,107,0.672269,712
505504,680192,107,0.670395,712
506256,680192,107,0.668703,712
505232,680192,107,0.670966,712
504360,680192,107,0.672884,712
505488,680192,107,0.670428,712
507992,680192,107,0.664971,712
511008,680192,107,0.658175,712
508360,680192,107,0.664169,712
505248,680192,108,0.670832,712
502952,680192,108,0.675678,712
506896,680192,108,0.667337,712
504376,680192,108,0.672751,712
507920,680192,108,0.665127,712
510448,680192,108,0.659437,712
514528,680192,108,0.649905,712
513040,680192,108,0.653514,712
515992,680192,108,0.646395,712
512048,680192,108,0.655805,712
510248,680192,109,0.659886,712
513440,680192,109,0.652469,712
514136,680192,109,0.650720,712
510960,680192,108,0.658283,712
513072,680192,107,0.653383,736
511920,680192,108,0.656043,736
514848,680192,108,0.649087,736
514224,680192,108,0.650682,736
513472,680192,108,0.652562,736
514664,680192,108,0.649639,736
516464,680192,108,0.645190,736
515200,680192,108,0.648360,736
517752,680192,108,0.642021,736
516064,680192,109,0.646279,688
515088,680192,109,0.648743,688
518816,680192,109,0.639482,688
519288,680192,109,0.638168,688
515488,680192,109,0.647669,688
519472,680192,109,0.637701,688
515656,680192,110,0.647149,688
512800,680192,110,0.654015,688
513120,680192,110,0.653160,688
514768,680192,110,0.649163,688
512480,680192,109,0.654756,688
515688,680192,109,0.647072,688
515160,680192,109,0.648456,688
517528,680192,109,0.642576,688
517392,680192,110,0.642912,688
520160,680192,110,0.635820,688
517512,680192,110,0.642616,688
519576,680192,110,0.637314,688
515936,680192,110,0.646472,688
517160,680192,110,0.643366,688
513416,680192,111,0.652357,688
517088,680192,111,0.643425,688
515384,680192,111,0.647688,688
519416,680192,111,0.666236,688
518216,680192,112,0.669024,688
521320,680192,112,0.661600,688
520784,680192,113,0.662886,688
522136,680192,113,0.659506,688
519920,680192,114,0.664825,688
515976,680192,115,0.673890,688
519984,680192,114,0.664654,696
523992,680192,114,0.684226,696
523920,680192,115,0.684391,696
522016,680192,115,0.688799,696
523208,680192,114,0.686104,704
524608,680192,114,0.682789,704
523664,680192,114,0.685067,704
526312,680192,114,0.678797,704
525720,680192,114,0.680308,704
526208,680192,114,0.679044,704
525136,680192,113,0.681786,704
528880,680192,113,0.672706,704
527104,680192,113,0.677138,704
524688,680192,114,0.682826,704
524272,680192,115,0.683859,672
524880,680192,115,0.682344,672
525136,680192,115,0.681637,672
526304,680192,115,0.678778,672
522528,680192,116,0.687493,672
523656,680192,115,0.684885,696
520944,680192,115,0.691062,696
518280,680192,114,0.697002,696
515072,680192,114,0.703722,696
511720,680192,114,0.710428,696
509656,680192,115,0.714353,696
505576,680192,115,0.721893,696
506952,680192,114,0.719366,728
509616,680192,114,0.714368,728
513712,680192,114,0.706378,728
511064,680192,114,0.711626,728
506968,680192,114,0.719337,728
509496,680192,114,0.714593,728
510728,680192,114,0.712176,728
507000,680192,114,0.719192,728
506088,680192,114,0.720922,728
503528,680192,114,0.725515,728
507248,680192,114,0.718829,728
506072,680192,114,0.721036,728
505976,680192,114,0.721294,728
507328,680192,114,0.718771,728
505416,680192,115,0.722205,728
505176,680192,115,0.722715,728
508128,680192,115,0.717309,728
509368,680192,115,0.714922,728
509912,680192,115,0.713812,728
510280,680192,115,0.713026,728
509272,680192,116,0.714922,728
512120,680192,116,0.709407,728
512800,680192,116,0.707986,728
510696,680192,117,0.712054,728
510280,680192,117,0.712936,728
507896,680192,117,0.717470,728
506320,680192,117,0.720420,728
507952,680192,117,0.717368,728
512016,680192,117,0.709609,728
509224,680192,117,0.715012,728
506688,680192,117,0.719757,728
507072,680192,117,0.718975,728
510904,680192,117,0.711748,728
512976,680192,117,0.707641,728
515352,680192,117,0.702799,728
512488,680192,118,0.708503,728
515288,680192,118,0.702831,728
511912,680192,118,0.709624,728
514136,680192,118,0.705152,728
514840,680192,118,0.703641,728
518728,680192,118,0.695474,728
520448,680192,118,0.691658,728
518472,680192,118,0.696019,728
515336,680192,118,0.702636,728
517984,680192,118,0.697052,728
519544,680192,118,0.693621,728
516048,680192,118,0.701083,728
517168,680192,118,0.698664,728
514400,680192,117,0.704527,728
517584,680192,117,0.697894,728
513896,680192,117,0.705535,728
512664,680192,117,0.708065,728
509480,680192,117,0.714263,728
506944,680192,117,0.719033,728
506016,680192,117,0.720865,688
508208,680192,117,0.716793,688
511352,680192,117,0.710782,688
515224,680192,117,0.703042,688
518568,680192,117,0.696002,688
521552,680192,117,0.689421,688
518560,680192,116,0.696121,688
519840,680192,116,0.693275,688
516968,680192,115,0.699563,688
516080,680192,115,0.701493,688
517528,680192,114,0.698497,688
519872,680192,114,0.693414,688
519304,680192,115,0.694636,688
522160,680192,115,0.688281,688
520432,680192,115,0.692251,664
521448,680192,115,0.689917,664
518648,680192,115,0.696087,664
522656,680192,115,0.687223,664
522528,680192,116,0.687511,664
525472,680192,116,0.680646,664
521664,680192,117,0.689332,664
520760,680192,117,0.691448,656
522704,680192,117,0.687025,656
523984,680192,117,0.684006,656
520928,680192,117,0.690974,656
518312,680192,117,0.696731,648
522320,680192,117,0.687905,648
522992,680192,117,0.686285,648
522024,680192,117,0.688567,648
519936,680192,118,0.693154,648
520432,680192,118,0.691972,648
519200,680192,119,0.694636,648
517824,680192,119,0.697659,648
515352,680192,119,0.702864,648
518992,680192,118,0.695201,688
516040,680192,118,0.701477,688
513272,680192,119,0.707042,688
510808,680192,120,0.711825,688
514112,680192,119,0.705328,712
511464,680192,119,0.710613,712
514664,680192,119,0.704222,712
516080,680192,119,0.701247,712
518296,680192,119,0.696528,712
516880,680192,119,0.699597,712
520648,680192,118,0.691483,752
520552,680192,118,0.691798,752
518472,680192,117,0.696477,752
521528,680192,117,0.689757,752
522448,680192,117,0.687601,752
524536,680192,116,0.682844,752
525456,680192,116,0.680590,752
529416,680192,116,0.670904,752
527288,680192,116,0.676234,752
527528,680192,115,0.675539,800
523720,680192,115,0.684610,800
526816,680192,115,0.677253,800
524480,680192,115,0.682863,800
521280,680192,115,0.690199,800
521112,680192,116,0.690570,800
519488,680192,116,0.694207,800
520064,680192,116,0.692860,800
519240,680192,116,0.694739,800
523032,680192,116,0.686285,800
522008,680192,116,0.688692,800
524280,680192,116,0.683435,800
526528,680192,116,0.678055,800
522696,680192,116,0.687043,800
525184,680192,116,0.681227,800
525264,680192,115,0.680927,848
524112,680192,115,0.683748,832
526016,680192,115,0.679195,832
527352,680192,115,0.675887,832
526736,680192,114,0.677597,832
523432,680192,115,0.685304,832
527184,680192,115,0.676408,832
529752,680192,115,0.669985,832
528136,680192,115,0.674099,832
528056,680192,116,0.674412,784
527848,680192,115,0.675228,752
527816,680192,116,0.675306,752
528504,680192,116,0.673512,752
524472,680192,116,0.683214,752
524232,680192,115,0.683987,752
525008,680192,115,0.682084,752
521096,680192,116,0.690921,752
522936,680192,115,0.686827,752
521712,680192,115,0.689669,752
525200,680192,115,0.681637,752
528336,680192,115,0.674041,752
529656,680192,114,0.670664,800
531304,680192,114,0.666380,800
530496,680192,114,0.668556,800
529920,680192,114,0.670125,800
533464,680192,114,0.660887,800
530936,680192,115,0.667441,800
531408,680192,115,0.666114,800
533944,680192,115,0.659357,800
532104,680192,116,0.664196,800
535672,680192,116,0.654552,800
533072,680192,116,0.661668,800
531176,680192,116,0.666708,800
531400,680192,116,0.666011,800
527416,680192,115,0.676157,800
526352,680192,116,0.678702,800
523256,680192,116,0.685995,800
526120,680192,116,0.679252,800
526768,680192,116,0.677597,800
529960,680192,116,0.669664,800
529728,680192,116,0.670365,800
530304,680192,116,0.668799,800
533368,680192,116,0.660760,800
532896,680192,115,0.662256,800
535512,680192,115,0.655122,800
531968,680192,115,0.664673,800
530840,680192,115,0.667685,800
533704,680192,115,0.660124,800
534512,680192,115,0.657835,800
537288,680192,115,0.650061,800
535656,680192,116,0.654596,800
533288,680192,117,0.660972,800
533064,680192,117,0.661689,800
536128,680192,117,0.653297,800
539584,680192,117,0.643335,800
543648,680192,117,0.630889,800
539640,680192,118,0.643054,792
541400,680192,118,0.637678,792
540272,680192,118,0.641193,792
543856,680192,118,0.630111,792
543208,680192,119,0.632138,792
540984,680192,119,0.639073,792
544384,680192,118,0.628443,840
547272,680192,117,0.618991,856
544608,680192,117,0.627832,856
544888,680192,116,0.626836,888
543824,680192,116,0.630362,888
543040,680192,117,0.632908,856
545824,680192,117,0.623919,856
546472,680192,116,0.621800,856
543904,680192,116,0.630212,856
545464,680192,116,0.625086,856
541712,680192,116,0.636977,856
538688,680192,116,0.646052,856
535304,680192,117,0.655537,856
535792,680192,117,0.654069,856
535464,680192,118,0.655035,832
534936,680192,119,0.656473,832
537520,680192,119,0.649181,832
535408,680192,120,0.655122,808
531464,680192,120,0.665703,808
534064,680192,120,0.658759,808
534848,680192,119,0.656560,840
538544,680192,119,0.646098,840
538400,680192,118,0.646788,840
542440,680192,118,0.668996,840
542552,680192,118,0.668551,840
543648,680192,118,0.665331,840
542408,680192,118,0.668952,840
540584,680192,119,0.673948,840
542544,680192,119,0.668439,840
544240,680192,119,0.663502,840
540488,680192,119,0.674077,840
544400,680192,119,0.663041,840
543600,680192,120,0.665331,840
541352,680192,120,0.671731,840
544600,680192,120,0.662464,840
545744,680192,120,0.658982,840
542960,680192,120,0.667140,840
540888,680192,121,0.672865,840
537584,680192,122,0.681660,816
533840,680192,122,0.691121,816
534920,680192,122,0.688366,816
530928,680192,122,0.698014,816
532736,680192,122,0.693657,816
533376,680192,121,0.692067,840
536648,680192,121,0.683866,840
538440,680192,120,0.679130,888
534712,680192,121,0.688583,888
532896,680192,121,0.693180,856
533912,680192,121,0.690617,856
536696,680192,121,0.683582,856
533952,680192,121,0.690520,856
533112,680192,121,0.692663,856
531552,680192,121,0.696469,856
531960,680192,121,0.695399,856
534872,680192,121,0.688267,856
538680,680192,121,0.678460,856
538512,680192,121,0.679025,856
538768,680192,121,0.678228,856
535992,680192,122,0.685360,856
533864,680192,122,0.690733,856
537816,680192,122,0.680710,856
540720,680192,122,0.672887,856
538648,680192,122,0.678669,808
536432,680192,121,0.684615,808
536880,680192,121,0.683358,808
540760,680192,121,0.673039,808
539840,680192,121,0.675644,808
539856,680192,121,0.675473,808
539368,680192,121,0.676899,808
542032,680192,121,0.669551,808
540656,680192,122,0.673407,776
538696,680192,121,0.678879,776
534816,680192,122,0.688720,776
535808,680192,122,0.686142,776
536352,680192,122,0.684655,776
539672,680192,122,0.675921,776
536472,680192,121,0.684473,776
535392,680192,122,0.687179,776
532248,680192,122,0.694909,776
535760,680192,122,0.686262,776
532512,680192,122,0.694284,776
536200,680192,122,0.685159,776
535184,680192,122,0.687813,776
536416,680192,122,0.684615,776
537696,680192,122,0.681227,776
540408,680192,122,0.673948,776
538728,680192,122,0.678543,776
535240,680192,123,0.687437,776
531592,680192,124,0.696226,776
533720,680192,123,0.691141,784
529864,680192,124,0.700201,784
530736,680192,124,0.698088,784
533104,680192,123,0.692394,832
536824,680192,122,0.683175,840
535472,680192,123,0.686581,840
534656,680192,123,0.688720,840
535208,680192,122,0.687278,872
538872,680192,122,0.677786,872
538824,680192,123,0.677913,872
542536,680192,123,0.667701,872
539632,680192,123,0.675772,872
540720,680192,123,0.672713,872
537936,680192,123,0.680234,872
538824,680192,123,0.677786,872
538568,680192,124,0.678460,872
541904,680192,123,0.669329,920
540256,680192,123,0.673969,920
537592,680192,123,0.681124,920
538552,680192,122,0.678543,952
540616,680192,122,0.672908,952
537752,680192,122,0.680628,952
536656,680192,122,0.683561,952
540224,680192,122,0.674099,952
541912,680192,121,0.669352,1000
541024,680192,121,0.671928,1000
544288,680192,121,0.662626,1000
540408,680192,121,0.673602,1000
536416,680192,120,0.684291,1000
539688,680192,120,0.675665,1000
541752,680192,119,0.669950,1040
540480,680192,119,0.673559,1040
542440,680192,119,0.668037,1040
540912,680192,119,0.672386,1040
537232,680192,119,0.682235,1040
539880,680192,119,0.675173,1040
541664,680192,119,0.670193,1040
540344,680192,120,0.673926,992
539576,680192,121,0.675985,992
535824,680192,121,0.685922,944
539360,680192,121,0.676687,944
542640,680192,121,0.667611,944
543120,680192,121,0.666124,944
542568,680192,122,0.667768,912
540776,680192,123,0.672843,864
540272,680192,123,0.674336,864
537632,680192,122,0.681536,864
536488,680192,121,0.684696,864
539192,680192,121,0.677597,864
535352,680192,121,0.687536,864
531592,680192,122,0.696581,864
533208,680192,122,0.692644,864
534216,680192,122,0.690091,864
534576,680192,122,0.689094,864
534048,680192,123,0.690383,864
529960,680192,123,0.700128,864
531216,680192,123,0.697122,864
528512,680192,123,0.703396,864
531040,680192,123,0.697532,864
535072,680192,123,0.687754,864
531344,680192,124,0.696712,864
532944,680192,124,0.692816,864
534288,680192,124,0.689446,864
531624,680192,124,0.695945,864
532152,680192,124,0.694587,864
533376,680192,124,0.691547,864
530624,680192,125,0.698051,864
528432,680192,124,0.703253,864
525744,680192,124,0.709243,864
527752,680192,124,0.704765,864
525120,680192,124,0.710576,864
527184,680192,124,0.706016,864
531224,680192,124,0.696768,864
531776,680192,123,0.695399,896
531232,680192,124,0.696675,896
533304,680192,124,0.691643,896
533400,680192,124,0.691295,896
529776,680192,124,0.699927,896
527224,680192,125,0.705647,896
529816,680192,125,0.699726,896
530736,680192,124,0.697550,920
528024,680192,124,0.703824,920
527752,680192,125,0.704481,896
527888,680192,125,0.704073,896
524696,680192,124,0.711204,896
526232,680192,124,0.707812,896
530216,680192,124,0.698808,896
528208,680192,124,0.703467,896
529248,680192,124,0.701020,896
528576,680192,124,0.702644,896
529296,680192,123,0.701002,904
528376,680192,124,0.703074,904
531904,680192,124,0.694852,904
531416,680192,125,0.696001,904
535256,680192,125,0.686601,904
534568,680192,126,0.688307,904
532760,680192,126,0.692816,904
534320,680192,126,0.688917,904
537880,680192,126,0.679797,904
533872,680192,126,0.690013,904
535880,680192,126,0.684917,904
533840,680192,127,0.689974,904
534480,680192,126,0.688287,952
534008,680192,127,0.689446,952
530480,680192,127,0.697958,952
532296,680192,127,0.693580,952
533096,680192,127,0.691547,952
532984,680192,128,0.691817,952
529528,680192,127,0.700146,952
526784,680192,126,0.706489,952
526000,680192,126,0.708296,952
527648,680192,126,0.704588,952
530320,680192,126,0.698439,952
528376,680192,126,0.702967,952
530104,680192,126,0.698937,952
531520,680192,126,0.695531,952
529280,680192,126,0.700820,952
528760,680192,127,0.701996,952
526416,680192,126,0.707395,952
526400,680192,125,0.707638,952
529976,680192,125,0.699561,952
531720,680192,125,0.695399,952
534184,680192,125,0.689368,952
533944,680192,126,0.690072,904
536152,680192,126,0.684473,904
536536,680192,126,0.683378,904
538176,680192,126,0.679025,904
535904,680192,126,0.684978,904
537600,680192,126,0.680524,904
535016,680192,125,0.687318,904
532552,680192,125,0.693428,904
530864,680192,126,0.697513,856
527920,680192,126,0.704304,856
531376,680192,126,0.696320,856
527328,680192,126,0.705612,856
529536,680192,126,0.700565,856
531480,680192,126,0.695963,856
535344,680192,126,0.686502,856
539032,680192,126,0.676899,856
535688,680192,126,0.685641,856
534720,680192,125,0.688287,856
532120,680192,126,0.694568,856
533056,680192,126,0.692221,856
533704,680192,125,0.690558,896
530064,680192,125,0.699359,856
534016,680192,125,0.689896,856
534656,680192,125,0.688208,856
533040,680192,125,0.692260,856
530552,680192,126,0.698125,856
532376,680192,125,0.693809,872
530120,680192,125,0.699194,872
533720,680192,125,0.690578,872
535456,680192,125,0.686182,872
534056,680192,125,0.689759,872
536232,680192,125,0.684231,872
534584,680192,124,0.688583,872
534176,680192,124,0.689701,872
538016,680192,124,0.679901,872
539760,680192,124,0.675173,872
536200,680192,124,0.684554,872
537552,680192,124,0.680979,872
536056,680192,125,0.684897,832
538984,680192,125,0.677216,832
537104,680192,125,0.682235,832
536872,680192,124,0.683073,832
539320,680192,124,0.676581,832
542712,680192,124,0.667185,832
540928,680192,124,0.672255,832
538336,680192,124,0.679297,832
541072,680192,123,0.671906,864
543816,680192,123,0.664098,864
540912,680192,123,0.672343,864
537984,680192,124,0.680130,864
541488,680192,124,0.670634,864
542968,680192,124,0.666373,864
539984,680192,124,0.674723,864
542672,680192,124,0.667207,864
539168,680192,124,0.676899,864
538232,680192,124,0.679485,864
534224,680192,124,0.689720,864
535768,680192,124,0.685782,864
532080,680192,125,0.694758,864
528384,680192,125,0.703360,864
530600,680192,125,0.698217,864
530568,680192,126,0.698328,848
529512,680192,126,0.700856,848
529952,680192,126,0.699744,848
528672,680192,126,0.702752,848
526600,680192,125,0.707534,848
529664,680192,125,0.700620,848
528384,680192,125,0.703610,848
532112,680192,125,0.694947,848
531552,680192,125,0.696376,848
527712,680192,125,0.705206,848
531184,680192,125,0.697234,848
532696,680192,124,0.693619,872
529112,680192,124,0.702032,872
526376,680192,124,0.708244,840
528520,680192,124,0.703432,840
529736,680192,124,0.700584,840
531696,680192,124,0.695945,840
531832,680192,124,0.695512,840
527792,680192,123,0.615574,840
527016,680192,122,0.618067,840
523952,680192,122,0.626709,840
521096,680192,123,0.634302,840
523488,680192,123,0.627834,840
523776,680192,123,0.626926,840
526448,680192,123,0.619403,840
522720,680192,123,0.629766,840
521504,680192,123,0.633110,840
521272,680192,122,0.633968,840
519856,680192,122,0.637749,840
523376,680192,122,0.628394,840
527208,680192,122,0.617658,840
524432,680192,121,0.625663,840
523824,680192,122,0.627315,840
524376,680192,122,0.625685,840
522224,680192,123,0.631467,840
523568,680192,123,0.627748,840
521192,680192,123,0.634177,840
518000,680192,123,0.642431,840
517520,680192,123,0.643741,840
515616,680192,122,0.648618,840
517648,680192,122,0.643543,840
513816,680192,122,0.652893,840
517296,680192,122,0.644412,840
515792,680192,121,0.648309,840
515152,680192,121,0.649959,840
517504,680192,121,0.644136,840
513936,680192,121,0.652837,840
515016,680192,121,0.650169,840
518992,680192,121,0.640307,840
517032,680192,121,0.645297,840
515792,680192,121,0.648425,840
519264,680192,121,0.639742,840
522720,680192,120,0.630767,848
520904,680192,119,0.635775,848
520264,680192,119,0.637667,800
521816,680192,118,0.633655,800
524872,680192,118,0.625358,800
526616,680192,118,0.620394,800
528704,680192,118,0.614303,800
530744,680192,118,0.608157,800
532464,680192,117,0.602896,816
530248,680192,118,0.609587,816
533728,680192,118,0.598825,816
536656,680192,118,0.589274,816
537864,680192,118,0.585106,816
541112,680192,118,0.573753,816
538056,680192,117,0.584622,816
541672,680192,117,0.571934,816
542816,680192,116,0.567637,864
539864,680192,116,0.578290,864
536936,680192,116,0.588352,864
533120,680192,116,0.600722,864
531152,680192,116,0.606933,848
532120,680192,115,0.603852,896
528408,680192,114,0.615159,896
525720,680192,114,0.622892,896
528456,680192,114,0.615020,896
532128,680192,114,0.603974,896
529280,680192,113,0.612767,896
531264,680192,113,0.606740,896
527592,680192,112,0.617771,896
528280,680192,112,0.615666,896
529112,680192,112,0.613117,896
525576,680192,113,0.623158,896
526448,680192,113,0.620596,896
522832,680192,113,0.630597,896
524216,680192,113,0.626752,896
520264,680192,113,0.637299,896
521024,680192,112,0.635320,904
519832,680192,111,0.638626,904
516440,680192,111,0.647169,904
516296,680192,110,0.647750,904
518016,680192,110,0.643425,904
514744,680192,109,0.651574,904
511768,680192,109,0.658581,904
509584,680192,109,0.663574,904
508232,680192,109,0.666632,904
511288,680192,109,0.659775,904
510968,680192,110,0.660495,904
514936,680192,110,0.651234,904
511672,680192,110,0.658907,904
511920,680192,110,0.658235,904
509856,680192,111,0.662867,904
506456,680192,111,0.670432,856
506200,680192,111,0.671074,856
502528,680192,111,0.678731,856
499600,680192,111,0.684604,856
500128,680192,111,0.683484,856
501936,680192,111,0.679820,856
498952,680192,112,0.685670,856
501240,680192,112,0.681109,856
502848,680192,111,0.677795,904
500192,680192,111,0.683171,904
503928,680192,111,0.675596,904
506960,680192,111,0.669158,904
509944,680192,110,0.662672,904
513664,680192,110,0.654109,904
517352,680192,110,0.645179,904
519992,680192,110,0.638463,904
518264,680192,110,0.642929,904
519464,680192,110,0.639802,904
518632,680192,110,0.642012,904
522416,680192,110,0.632185,904
525912,680192,110,0.622604,904
528960,680192,110,0.613816,904
531616,680192,110,0.605798,904
528048,680192,111,0.616309,904
530856,680192,111,0.607941,904
529664,680192,110,0.611783,896
529768,680192,109,0.611478,896
532120,680192,109,0.604291,896
528160,680192,109,0.616148,896
526592,680192,109,0.620730,896
527328,680192,109,0.618521,896
530336,680192,109,0.609658,896
531752,680192,109,0.605265,896
527744,680192,109,0.617201,896
524096,680192,109,0.627467,896
520376,680192,109,0.637381,896
521184,680192,109,0.635175,896
523800,680192,109,0.628136,896
527152,680192,109,0.618748,896
529128,680192,109,0.612930,896
528120,680192,109,0.615988,896
531744,680192,109,0.605143,896
528056,680192,109,0.616171,896
531360,680192,109,0.606306,896
529600,680192,109,0.611689,896
529680,680192,109,0.611313,896
526200,680192,109,0.621424,896
523584,680192,109,0.628717,896
519888,680192,108,0.638626,896
516976,680192,109,0.645884,896
513584,680192,110,0.653979,896
516672,680192,110,0.646508,896
516008,680192,110,0.648232,896
516928,680192,110,0.645884,896
517208,680192,109,0.645081,944
515984,680192,110,0.648059,944
518520,680192,110,0.641713,944
518992,680192,109,0.640488,960
519920,680192,109,0.638015,960
518952,680192,110,0.640589,912
522248,680192,110,0.631974,912
518336,680192,110,0.642132,912
521432,680192,110,0.634114,912
521968,680192,110,0.632585,912
521392,680192,109,0.634344,912
519104,680192,109,0.640327,912
522752,680192,108,0.630874,920
520104,680192,109,0.637769,920
518392,680192,110,0.642092,920
517856,680192,110,0.643543,920
519128,680192,110,0.640247,920
521424,680192,110,0.634239,920
524512,680192,110,0.625882,920
521464,680192,110,0.634135,920
525184,680192,110,0.624041,920
522832,680192,110,0.630534,920
525864,680192,110,0.622159,920
529832,680192,110,0.610653,920
529472,680192,110,0.611854,920
532904,680192,110,0.601366,920
530864,680192,110,0.607726,920
533432,680192,110,0.599726,920
530400,680192,110,0.609111,920
530832,680192,110,0.607678,920
527384,680192,110,0.617885,920
523688,680192,109,0.628373,920
520600,680192,109,0.636621,920
519728,680192,109,0.638972,920
518032,680192,110,0.643226,920
518232,680192,110,0.642611,920
519672,680192,110,0.638870,920
519928,680192,109,0.638198,928
522728,680192,109,0.630789,928
523816,680192,109,0.627748,928
523064,680192,109,0.629937,912
521648,680192,110,0.633676,912
517808,680192,110,0.643563,912
514240,680192,109,0.652405,912
515088,680192,109,0.650283,912
512136,680192,109,0.657286,912
513160,680192,109,0.654816,912
513552,680192,109,0.653792,912
512960,680192,110,0.655280,864
515232,680192,110,0.649825,864
511960,680192,110,0.657579,864
514480,680192,110,0.651612,864
513368,680192,110,0.654333,864
511624,680192,111,0.658344,864
509328,680192,111,0.663592,864
510144,680192,111,0.661676,864
509000,680192,112,0.664313,816
509816,680192,112,0.662406,816
511800,680192,112,0.657834,816
514656,680192,112,0.651082,816
517176,680192,112,0.644885,816
518864,680192,112,0.640569,816
518728,680192,113,0.640911,816
517248,680192,113,0.644708,816
518592,680192,113,0.641252,816
519976,680192,113,0.637626,816
517392,680192,113,0.644353,768
515568,680192,114,0.648829,752
515200,680192,114,0.649825,752
518960,680192,114,0.640488,752
521304,680192,114,0.634364,752
520136,680192,114,0.637504,752
522160,680192,114,0.632122,752
521240,680192,115,0.634531,752
523704,680192,115,0.627877,752
524576,680192,114,0.625379,800
521560,680192,114,0.633571,800
522216,680192,114,0.631721,800
519600,680192,115,0.638504,800
520640,680192,115,0.635713,800
519840,680192,115,0.637892,800
521056,680192,115,0.634635,800
517624,680192,115,0.643464,800
518456,680192,115,0.641272,800
514480,680192,114,0.651196,800
515352,680192,114,0.649002,800
514808,680192,114,0.650417,800
512520,680192,114,0.655890,800
512952,680192,114,0.654779,800
514080,680192,114,0.652028,800
513800,680192,115,0.652800,752
514680,680192,115,0.650607,752
514000,680192,115,0.652329,752
510456,680192,115,0.660585,752
511232,680192,115,0.658726,752
514928,680192,115,0.650016,752
510896,680192,115,0.659486,752
512872,680192,114,0.654965,752
510336,680192,115,0.660746,752
514152,680192,115,0.651858,752
513112,680192,115,0.654407,752
516488,680192,115,0.646255,752
512536,680192,116,0.655631,752
511840,680192,115,0.657451,752
513960,680192,115,0.652424,752
514864,680192,115,0.650169,752
514616,680192,116,0.650759,752
513720,680192,117,0.652875,752
515160,680192,117,0.649347,752
517096,680192,116,0.644649,752
516264,680192,116,0.646800,752
512216,680192,116,0.656479,752
512688,680192,116,0.655280,752
513648,680192,116,0.652931,752
511472,680192,117,0.657962,752
511960,680192,117,0.656736,752
510024,680192,118,0.661123,752
510520,680192,118,0.659901,752
509080,680192,118,0.663221,752
505624,680192,118,0.670804,744
502488,680192,118,0.677390,744
506416,680192,118,0.669124,744
503912,680192,118,0.674478,744
505896,680192,118,0.670229,744
507216,680192,118,0.667306,744
506112,680192,117,0.669873,744
505896,680192,117,0.670534,696
506984,680192,117,0.668115,696
505248,680192,117,0.671898,696
501752,680192,116,0.679260,696
503424,680192,116,0.675777,696
501624,680192,115,0.679613,696
500864,680192,116,0.681141,688
503680,680192,116,0.675367,688
504352,680192,116,0.673882,688
501152,680192,116,0.680474,688
497488,680192,116,0.687689,688
498328,680192,116,0.685992,688
501432,680192,116,0.679820,688
498864,680192,117,0.684867,688
499752,680192,117,0.683046,688
500968,680192,117,0.680553,688
504160,680192,117,0.673982,688
506000,680192,117,0.670026,688
505192,680192,118,0.671730,688
504064,680192,118,0.674230,664
506736,680192,118,0.668509,664
504672,680192,118,0.673051,624
505152,680192,118,0.671948,624
506704,680192,118,0.668560,624
505032,680192,118,0.672200,624
506776,680192,118,0.668406,624
505216,680192,118,0.671814,624
505928,680192,118,0.670212,624
505432,680192,118,0.671361,624
503712,680192,118,0.675038,624
503240,680192,119,0.676039,608
500376,680192,120,0.681789,608
496392,680192,120,0.689547,608
494480,680192,120,0.693183,608
492112,680192,120,0.697635,560
490568,680192,120,0.700443,560
489480,680192,121,0.702333,560
489840,680192,121,0.701627,560
489120,680192,121,0.702967,552
492728,680192,120,0.696592,576
492816,680192,119,0.696347,624
493000,680192,119,0.695930,624
494656,680192,119,0.692830,624
491984,680192,119,0.697749,624
492480,680192,119,0.696778,624
491240,680192,120,0.698982,624
490120,680192,119,0.701113,624
492344,680192,119,0.697107,624
495384,680192,119,0.691487,624
494168,680192,119,0.693812,624
497816,680192,119,0.686912,624
495296,680192,120,0.691650,624
493856,680192,120,0.694381,624
497200,680192,120,0.688083,624
499304,680192,119,0.683951,672
500320,680192,119,0.681868,672
503920,680192,119,0.674511,672
503248,680192,118,0.676088,672
505024,680192,118,0.672317,672
507312,680192,118,0.667358,672
510640,680192,117,0.659955,704
511136,680192,117,0.658726,704
507416,680192,117,0.667064,704
507160,680192,117,0.667737,696
503744,680192,117,0.675022,696
504376,680192,117,0.673617,696
502656,680192,117,0.677277,680
502896,680192,117,0.676691,680
501344,680192,118,0.679820,680
503832,680192,118,0.674676,680
507056,680192,118,0.667788,680
507728,680192,118,0.666233,680
506384,680192,118,0.669226,680
502320,680192,117,0.529238,680
505448,680192,117,0.519666,680
505664,680192,117,0.518853,680
502920,680192,117,0.527316,680
505184,680192,117,0.520329,680
502328,680192,117,0.529072,680
504880,680192,117,0.521260,680
502840,680192,117,0.527554,680
499800,680192,117,0.536565,680
500968,680192,117,0.533058,680
500008,680192,117,0.536061,648
499136,680192,117,0.538685,648
497584,680192,117,0.543179,648
494528,680192,117,0.551652,648
495248,680192,117,0.549585,648
498272,680192,117,0.541122,648
494520,680192,117,0.551544,648
493296,680192,117,0.554928,648
493448,680192,116,0.554505,656
493856,680192,116,0.553296,656
497712,680192,116,0.542666,656
497960,680192,116,0.541840,656
498712,680192,116,0.539591,656
498272,680192,117,0.540830,656
498960,680192,117,0.538753,656
498464,680192,117,0.540290,656
499544,680192,117,0.537091,656
496448,680192,117,0.545899,656
498080,680192,117,0.541235,656
494568,680192,117,0.551008,656
492544,680192,116,0.556632,656
491992,680192,115,0.558324,656
489960,680192,116,0.563544,656
488632,680192,115,0.567130,656
488680,680192,114,0.566990,664
490240,680192,114,0.562934,664
490448,680192,114,0.562281,664
493464,680192,114,0.554315,664
494840,680192,114,0.550513,664
493032,680192,115,0.555329,664
495976,680192,114,0.547411,672
494896,680192,114,0.550470,672
497632,680192,114,0.542845,672
495104,680192,114,0.549909,672
496600,680192,114,0.545701,672
494512,680192,113,0.551630,672
492288,680192,113,0.557636,672
494848,680192,113,0.550728,672
497048,680192,113,0.544598,672
493720,680192,114,0.553700,640
496248,680192,114,0.546755,640
492904,680192,114,0.555855,640
491688,680192,114,0.559154,640
488384,680192,115,0.567549,640
489056,680192,115,0.565747,640
485072,680192,114,0.575841,608
481104,680192,113,0.585367,608
481616,680192,113,0.584080,608
485152,680192,113,0.575649,608
482136,680192,113,0.582877,608
478856,680192,112,0.590562,608
480800,680192,112,0.586062,608
481224,680192,112,0.584982,608
477368,680192,112,0.593754,608
478392,680192,112,0.591382,608
478704,680192,111,0.590615,640
480360,680192,111,0.586774,640
477504,680192,112,0.593173,640
480816,680192,112,0.585623,640
480144,680192,113,0.587156,640
482200,680192,112,0.582320,688
482000,680192,113,0.582785,688
479328,680192,113,0.589001,688
477352,680192,113,0.593508,688
476008,680192,114,0.596446,688
474800,680192,113,0.599257,688
475792,680192,113,0.597018,688
476624,680192,112,0.595192,696
476544,680192,112,0.595471,696
479720,680192,112,0.588315,696
478880,680192,112,0.590311,696
482760,680192,111,0.581369,728
479000,680192,110,0.590186,728
482760,680192,110,0.581481,728
485200,680192,110,0.575592,728
488520,680192,110,0.567349,728
492528,680192,110,0.556988,728
491600,680192,110,0.559527,728
488944,680192,110,0.566409,728
488472,680192,109,0.567828,728
489792,680192,108,0.564456,752
490176,680192,108,0.563361,752
491648,680192,108,0.559465,752
487784,680192,107,0.569474,752
486088,680192,107,0.573740,752
489264,680192,107,0.565787,752
486320,680192,107,0.573197,744
483336,680192,107,0.580433,744
480784,680192,108,0.586336,744
476968,680192,108,0.594965,744
479408,680192,108,0.589451,744
482960,680192,108,0.581201,744
481872,680192,109,0.583729,744
483312,680192,109,0.580264,744
481816,680192,109,0.583858,744
480096,680192,109,0.587899,744
484064,680192,109,0.578604,744
485584,680192,109,0.574861,744
488048,680192,109,0.568722,744
490272,680192,109,0.563015,744
487384,680192,109,0.570401,728
487280,680192,110,0.570657,728
487640,680192,109,0.569652,776
486120,680192,109,0.573488,776
482584,680192,109,0.582004,776
479944,680192,109,0.588171,776
480160,680192,108,0.587609,808
477808,680192,107,0.593084,808
478496,680192,107,0.591454,808
480864,680192,107,0.586008,808
484368,680192,107,0.577732,808
485816,680192,107,0.574146,808
489184,680192,107,0.565727,808
486920,680192,106,0.571579,808
489992,680192,106,0.563808,808
486520,680192,106,0.572555,808
485288,680192,106,0.575649,808
484640,680192,106,0.577313,808
484456,680192,106,0.577865,808
486632,680192,106,0.572516,808
488496,680192,106,0.567808,808
486520,680192,107,0.572672,808
487280,680192,107,0.570696,808
488536,680192,107,0.567469,808
490256,680192,107,0.563015,808
489760,680192,106,0.564517,808
491120,680192,106,0.560929,808
487472,680192,107,0.570106,808
486480,680192,107,0.572652,808
487824,680192,107,0.569237,808
489248,680192,107,0.565566,808
488848,680192,107,0.566690,808
492568,680192,107,0.557051,808
490360,680192,108,0.562751,808
492392,680192,108,0.557386,808
488584,680192,108,0.567230,808
491800,680192,108,0.558926,808
490152,680192,108,0.563280,808
489280,680192,109,0.565485,808
493216,680192,108,0.555245,848
496680,680192,108,0.545789,848
495184,680192,108,0.549995,848
495744,680192,107,0.548479,848
492160,680192,107,0.536747,848
493088,680192,107,0.534069,848
492064,680192,107,0.537009,848
493680,680192,107,0.532430,848
492240,680192,107,0.536529,848
495272,680192,107,0.527963,848
493568,680192,107,0.532874,848
496888,680192,107,0.523341,848
496176,680192,108,0.525389,848
497992,680192,107,0.520107,856
494512,680192,108,0.530084,856
495184,680192,108,0.528054,856
494368,680192,109,0.530353,856
496504,680192,109,0.524148,856
493168,680192,110,0.533694,808
496896,680192,110,0.523017,808
493864,680192,110,0.531762,808
495744,680192,110,0.526326,808
492432,680192,110,0.535719,808
491624,680192,110,0.538053,808
492120,680192,110,0.536573,808
494056,680192,110,0.531092,808
492400,680192,109,0.535938,808
492776,680192,108,0.534907,808
491760,680192,107,0.537945,808
493912,680192,107,0.531896,808
490808,680192,106,0.540643,808
492632,680192,106,0.535566,808
488944,680192,107,0.545463,808
490944,680192,107,0.540020,808
488736,680192,106,0.546134,808
490664,680192,106,0.540900,808
490304,680192,107,0.541991,760
490848,680192,107,0.540407,760
489232,680192,107,0.544832,760
488480,680192,106,0.547054,760
492488,680192,106,0.536223,760
490144,680192,106,0.542672,760
491208,680192,106,0.539697,760
492512,680192,106,0.536026,760
492128,680192,105,0.537336,760
496008,680192,105,0.526394,760
494672,680192,106,0.530173,760
496584,680192,106,0.524608,760
495864,680192,107,0.526668,760
497776,680192,107,0.521019,760
496264,680192,106,0.525732,736
498520,680192,106,0.519051,736
498096,680192,106,0.520435,736
494904,680192,105,0.529859,736
495624,680192,104,0.527827,736
497696,680192,104,0.521741,736
495952,680192,104,0.526896,736
496200,680192,104,0.526052,736
492480,680192,104,0.536573,736
495312,680192,104,0.528574,736
494824,680192,103,0.530218,736
493800,680192,103,0.533207,736
495448,680192,103,0.528461,736
497144,680192,103,0.523480,736
493928,680192,104,0.532585,736
496128,680192,104,0.526257,736
493904,680192,104,0.532652,736
492552,680192,105,0.536376,736
496568,680192,105,0.524999,736
500504,680192,105,0.513290,736
497280,680192,106,0.522809,736
493824,680192,107,0.532608,736
494856,680192,106,0.529724,736
496760,680192,106,0.524171,736
494936,680192,107,0.529364,736
498064,680192,107,0.520248,736
497216,680192,107,0.522855,736
494384,680192,108,0.530913,736
496944,680192,108,0.523503,736
495288,680192,108,0.528371,736
496968,680192,108,0.523433,736
496280,680192,107,0.525686,736
499224,680192,107,0.516972,736
501112,680192,106,0.511234,760
498880,680192,106,0.518061,760
496968,680192,105,0.523918,760
496096,680192,105,0.526554,760
499728,680192,105,0.515830,760
499968,680192,105,0.514971,760
502632,680192,105,0.506722,760
501816,680192,105,0.509380,760
499832,680192,105,0.515520,760
502624,680192,105,0.506895,760
500256,680192,105,0.514252,760
501072,680192,105,0.511646,760
498008,680192,105,0.520902,760
500520,680192,105,0.513314,760
503728,680192,105,0.503309,760
503480,680192,105,0.504235,760
505528,680192,105,0.497599,760
504880,680192,105,0.499949,720
501704,680192,106,0.509845,720
498696,680192,105,0.519145,720
502776,680192,105,0.506697,720
503752,680192,105,0.503509,720
503640,680192,105,0.504010,720
506680,680192,105,0.494161,720
505424,680192,105,0.498368,720
503320,680192,105,0.505308,672
502936,680192,105,0.506648,672
502160,680192,105,0.509184,672
498680,680192,105,0.519756,672
501200,680192,105,0.512107,672
503296,680192,104,0.505581,704
502416,680192,104,0.508448,704
502280,680192,104,0.509013,704
498680,680192,104,0.519943,704
502392,680192,104,0.508669,704
506088,680192,104,0.496905,704
503944,680192,104,0.503860,704
500624,680192,103,0.514324,704
503640,680192,103,0.504959,704
499632,680192,103,0.517280,704
502656,680192,103,0.508006,704
506312,680192,103,0.496338,704
509024,680192,103,0.487277,704
511152,680192,103,0.479901,704
509472,680192,104,0.485614,704
510656,680192,104,0.481437,704
512880,680192,104,0.473552,704
509184,680192,104,0.486420,704
511400,680192,104,0.478715,704
511760,680192,104,0.477302,704
508464,680192,105,0.488504,704
504704,680192,106,0.500711,704
502960,680192,106,0.506326,704
504168,680192,106,0.502404,704
502472,680192,106,0.507833,704
503784,680192,106,0.503609,704
500680,680192,106,0.513290,704
498464,680192,106,0.520014,704
497080,680192,106,0.524171,704
496424,680192,107,0.526052,704
500320,680192,107,0.514516,704
500824,680192,107,0.512856,704
502816,680192,107,0.506623,704
503432,680192,107,0.504560,704
506160,680192,107,0.495744,704
509648,680192,107,0.484049,704
509680,680192,107,0.483778,704
505600,680192,108,0.497239,704
507904,680192,108,0.489566,704
504360,680192,109,0.501040,704
507816,680192,109,0.489698,704
505136,680192,110,0.498419,704
504464,680192,111,0.500559,704
502432,680192,111,0.507068,704
501088,680192,112,0.511185,704
499488,680192,112,0.516140,704
500808,680192,112,0.512034,704
504832,680192,112,0.499389,704
502176,680192,113,0.507710,704
499000,680192,114,0.517304,704
496536,680192,114,0.524631,704
498048,680192,114,0.520107,704
498736,680192,114,0.517943,704
502040,680192,114,0.507833,704
502440,680192,114,0.506450,704
501352,680192,114,0.509943,704
504800,680192,114,0.499032,704
506504,680192,113,0.493432,736
509016,680192,113,0.484941,736
505144,680192,113,0.497830,736
505024,680192,113,0.498368,736
507232,680192,112,0.491204,736
507288,680192,112,0.490861,736
505288,680192,112,0.497522,736
505992,680192,112,0.495096,736
503048,680192,112,0.504610,736
499776,680192,112,0.514755,736
499400,680192,113,0.515878,736
502520,680192,113,0.506252,736
504648,680192,113,0.499415,736
505728,680192,113,0.495795,736
502360,680192,112,0.506747,736
502632,680192,112,0.505755,736
502600,680192,112,0.506004,736
504816,680192,112,0.498879,736
501184,680192,112,0.510358,736
500704,680192,112,0.511961,736
500464,680192,112,0.512832,736
498040,680192,112,0.520178,736
495520,680192,113,0.527441,736
492808,680192,113,0.535149,736
490368,680192,113,0.541884,736
488384,680192,114,0.547117,736
485232,680192,114,0.555309,736
486624,680192,114,0.551660,736
490144,680192,114,0.542353,736
493288,680192,114,0.533694,736
492080,680192,114,0.537140,736
490632,680192,114,0.541179,736
491904,680192,114,0.537619,736
493296,680192,114,0.533672,736
496328,680192,114,0.524999,736
499368,680192,114,0.515973,736
497560,680192,114,0.521439,736
500008,680192,114,0.514060,736
501888,680192,114,0.508202,736
501480,680192,114,0.509601,736
505408,680192,114,0.497136,736
501888,680192,115,0.508202,736
500416,680192,114,0.512977,736
499656,680192,115,0.515258,736
501240,680192,114,0.510455,744
499360,680192,115,0.516116,744
497752,680192,116,0.520996,696
494032,680192,116,0.531762,688
490512,680192,116,0.541500,688
489128,680192,115,0.545421,688
491088,680192,115,0.540084,688
491040,680192,115,0.540364,680
491944,680192,115,0.537793,680
495360,680192,115,0.528190,680
495536,680192,115,0.527555,680
496952,680192,115,0.523364,680
497072,680192,114,0.522902,720
499480,680192,114,0.515687,720
502104,680192,114,0.507587,720
503624,680192,114,0.502706,720
501600,680192,114,0.509135,720
498928,680192,114,0.517328,720
498240,680192,114,0.519498,720
495776,680192,115,0.526622,720
496832,680192,114,0.523526,744
495792,680192,114,0.526645,744
493352,680192,115,0.533495,744
491792,680192,116,0.537771,744
488584,680192,116,0.546448,744
490872,680192,116,0.540256,744
486832,680192,116,0.550984,744
488248,680192,116,0.547200,744
490872,680192,116,0.540127,744
490912,680192,116,0.539891,744
491656,680192,115,0.537836,760
487632,680192,115,0.548634,760
485432,680192,114,0.554503,760
489008,680192,114,0.545169,760
491328,680192,114,0.538855,760
493104,680192,114,0.533871,760
493792,680192,114,0.531829,760
492160,680192,114,0.536463,760
494616,680192,114,0.529522,760
494496,680192,115,0.529971,720
496064,680192,115,0.525389,720
496600,680192,115,0.523710,720
500616,680192,115,0.511695,720
501184,680192,115,0.509821,720
500784,680192,115,0.511185,720
502992,680192,114,0.504360,728
499024,680192,114,0.516592,728
501048,680192,114,0.510358,728
497440,680192,115,0.521182,704
500008,680192,115,0.513435,704
498688,680192,115,0.517517,704
497248,680192,115,0.521881,704
500664,680192,115,0.511598,704
498704,680192,114,0.517754,704
501384,680192,114,0.509552,704
502712,680192,114,0.505308,704
501064,680192,115,0.510382,704
500704,680192,115,0.511622,704
502712,680192,115,0.505308,704
504800,680192,115,0.498572,704
503408,680192,116,0.502982,704
503816,680192,116,0.501546,704
500760,680192,115,0.511307,704
501384,680192,115,0.509258,704
499864,680192,115,0.514012,704
496560,680192,115,0.523872,704
493144,680192,115,0.533650,704
495264,680192,115,0.527578,704
496984,680192,115,0.522508,704
500568,680192,115,0.511743,704
498056,680192,115,0.519380,704
499456,680192,115,0.515090,704
497200,680192,115,0.521881,704
500264,680192,115,0.512663,704
498680,680192,116,0.517422,696
498760,680192,115,0.517138,712
497856,680192,115,0.519943,712
500184,680192,115,0.512880,712
498376,680192,116,0.518274,712
499760,680192,115,0.514132,720
497456,680192,114,0.521229,720
496400,680192,115,0.524355,696
492848,680192,116,0.534356,696
494664,680192,116,0.529161,696
496648,680192,116,0.523364,696
496992,680192,116,0.522229,696
494864,680192,115,0.528597,696
490832,680192,115,0.539847,696
494880,680192,115,0.528552,696
498648,680192,115,0.517517,696
494584,680192,114,0.495646,696
496656,680192,114,0.489169,696
492872,680192,113,0.500900,696
490648,680192,113,0.507522,696
488112,680192,113,0.514843,696
485824,680192,113,0.521277,696
489384,680192,113,0.511267,696
488976,680192,114,0.512420,696
492888,680192,114,0.500994,696
491072,680192,114,0.506461,688
489264,680192,114,0.511765,688
486136,680192,114,0.520580,688
486040,680192,115,0.520842,688
486872,680192,115,0.518434,688
488048,680192,115,0.515044,688
489568,680192,115,0.510631,688
492352,680192,115,0.502454,688
494224,680192,114,0.496826,712
490528,680192,113,0.507959,712
488968,680192,113,0.512532,712
488136,680192,113,0.515000,712
489704,680192,113,0.510450,712
486896,680192,112,0.518566,712
483128,680192,112,0.528831,712
486144,680192,112,0.520624,712
485832,680192,111,0.521820,680
482808,680192,111,0.530007,680
485536,680192,111,0.522621,680
484192,680192,111,0.526354,680
484272,680192,111,0.526013,680
487136,680192,110,0.518236,688
486416,680192,111,0.520209,688
484528,680192,111,0.525501,664
482616,680192,112,0.530551,664
478968,680192,111,0.540156,656
478688,680192,111,0.541057,624
476368,680192,112,0.546780,624
480088,680192,112,0.537412,624
479504,680192,113,0.538889,624
483496,680192,113,0.528472,624
481776,680192,113,0.533088,624
480032,680192,113,0.537675,624
476960,680192,114,0.545333,624
473488,680192,114,0.553801,624
476616,680192,114,0.546175,624
479896,680192,114,0.537898,624
478208,680192,114,0.542253,624
481056,680192,114,0.534942,624
480024,680192,115,0.537574,624
480352,680192,114,0.536619,672
481280,680192,114,0.534120,672
478656,680192,114,0.540897,672
476592,680192,115,0.545999,672
479048,680192,115,0.539795,672
481808,680192,115,0.532633,672
484816,680192,115,0.524581,672
482856,680192,115,0.529902,672
483544,680192,114,0.528008,704
483152,680192,115,0.529041,704
480088,680192,114,0.537209,704
484088,680192,114,0.526694,704
483640,680192,114,0.528008,704
482456,680192,113,0.531365,704
479720,680192,113,0.538505,704
479392,680192,114,0.539453,656
476272,680192,113,0.547402,656
472552,680192,114,0.556262,656
476040,680192,114,0.547849,656
476104,680192,114,0.547577,656
474592,680192,114,0.551332,656
477304,680192,114,0.544646,656
478656,680192,114,0.541177,656
475080,680192,114,0.550049,656
474000,680192,115,0.552627,656
470264,680192,115,0.561431,656
474216,680192,115,0.552114,656
474000,680192,116,0.552627,656
476856,680192,116,0.545627,656
480320,680192,116,0.536863,656
484168,680192,116,0.526736,656
484552,680192,115,0.525650,680
484928,680192,115,0.524516,680
483728,680192,115,0.527839,680
479712,680192,115,0.538344,680
478896,680192,116,0.540397,680
482024,680192,116,0.532301,680
483112,680192,116,0.529336,680
481248,680192,115,0.534429,680
485048,680192,115,0.524323,680
485456,680192,115,0.523096,680
484176,680192,115,0.526651,680
486736,680192,114,0.519750,680
483272,680192,114,0.529167,680
486544,680192,114,0.520275,680
490368,680192,114,0.509470,680
490664,680192,113,0.508532,712
490288,680192,113,0.509744,712
492040,680192,113,0.504559,712
490336,680192,113,0.509698,680
493792,680192,113,0.499501,680
497544,680192,113,0.487953,680
501336,680192,113,0.475729,680
502952,680192,113,0.470248,680
504112,680192,112,0.466251,712
503768,680192,112,0.467572,712
502776,680192,112,0.471046,712
505248,680192,112,0.462550,712
508248,680192,112,0.451903,712
505232,680192,113,0.462441,712
502960,680192,113,0.470275,712
502784,680192,112,0.471178,712
505384,680192,112,0.462249,712
506680,680192,112,0.457600,712
509024,680192,111,0.449125,760
511856,680192,111,0.457736,760
514632,680192,111,0.466507,760
515736,680192,110,0.462481,760
516312,680192,109,0.460326,768
517256,680192,109,0.456626,768
519904,680192,109,0.465296,768
516176,680192,109,0.479146,768
519264,680192,109,0.467695,768
518200,680192,110,0.471636,768
520048,680192,110,0.464572,768
519552,680192,109,0.466798,768
519616,680192,109,0.466378,768
519184,680192,109,0.468172,768
522464,680192,109,0.479346,768
521560,680192,109,0.482877,768
523400,680192,108,0.475948,784
520608,680192,107,0.486650,784
519696,680192,107,0.490111,784
522848,680192,107,0.478388,784
524160,680192,107,0.473241,784
521512,680192,108,0.483171,784
519584,680192,107,0.490512,784
522992,680192,107,0.477848,784
526720,680192,107,0.491188,784
522704,680192,107,0.506029,784
526000,680192,107,0.493882,784
524824,680192,107,0.498397,784
527728,680192,107,0.509355,784
527088,680192,108,0.511770,760
530064,680192,108,0.523503,760
528160,680192,108,0.530452,760
530496,680192,108,0.521938,760
529536,680192,108,0.525575,760
532720,680192,108,0.538719,760
531888,680192,107,0.542035,752
534536,680192,107,0.532350,752
534328,680192,108,0.533112,752
531648,680192,108,0.542878,752
529832,680192,108,0.549320,752
532608,680192,107,0.539631,760
532392,680192,107,0.540680,728
532544,680192,106,0.540142,728
533040,680192,106,0.538204,728
529104,680192,107,0.552002,688
529248,680192,107,0.551355,688
529312,680192,107,0.550976,688
526976,680192,107,0.558897,688
530896,680192,107,0.545554,688
528984,680192,108,0.552083,688
527664,680192,109,0.556561,664
523736,680192,110,0.569149,664
522792,680192,110,0.572216,664
522896,680192,110,0.571749,664
523560,680192,109,0.569696,664
522456,680192,110,0.573098,664
519624,680192,111,0.581583,664
520848,680192,111,0.577814,664
522296,680192,111,0.573294,664
521672,680192,111,0.575336,664
524080,680192,111,0.567774,664
520256,680192,111,0.579577,664
517928,680192,111,0.586505,664
519488,680192,111,0.581842,664
521232,680192,111,0.576519,664
518784,680192,110,0.584036,664
521088,680192,110,0.577096,664
522520,680192,110,0.572608,664
524304,680192,110,0.566920,664
521656,680192,111,0.575094,664
520576,680192,112,0.578340,664
524568,680192,112,0.565937,664
523480,680192,112,0.569497,664
524584,680192,112,0.565886,664
525208,680192,112,0.563751,664
524592,680192,112,0.565861,664
523912,680192,112,0.568150,664
522496,680192,112,0.572682,664
522744,680192,112,0.571773,664
525160,680192,112,0.564058,664
526800,680192,112,0.558609,664
523344,680192,112,0.569771,664
524264,680192,112,0.566744,664
521960,680192,112,0.574025,664
521480,680192,112,0.575626,664
519864,680192,112,0.580594,664
520440,680192,112,0.578745,664
519704,680192,112,0.581066,664
516640,680192,112,0.590031,664
517720,680192,112,0.586826,664
519520,680192,112,0.581466,664
517072,680192,113,0.588537,664
519208,680192,113,0.582240,664
517120,680192,114,0.588265,664
519512,680192,114,0.581207,664
517528,680192,115,0.586964,664
520328,680192,115,0.578650,664
523088,680192,115,0.570118,664
523264,680192,114,0.569473,696
519912,680192,114,0.579790,696
516120,680192,114,0.590864,696
516632,680192,114,0.589286,696
516360,680192,114,0.590189,696
516464,680192,114,0.589761,696
518512,680192,114,0.583757,696
516568,680192,114,0.589467,696
519008,680192,114,0.582310,696
515728,680192,114,0.591828,696
518944,680192,114,0.582498,696
518256,680192,115,0.584500,696
520072,680192,115,0.579031,696
517544,680192,115,0.586551,696
517120,680192,114,0.588037,696
521032,680192,113,0.576543,712
518512,680192,114,0.583989,712
521016,680192,114,0.576447,712
524408,680192,114,0.565835,712
521408,680192,115,0.575118,712
518376,680192,115,0.584245,712
521664,680192,115,0.574342,712
523112,680192,115,0.569746,712
523008,680192,115,0.570217,712
526864,680192,115,0.586731,712
526176,680192,115,0.588975,712
529144,680192,114,0.579672,744
528272,680192,115,0.582569,696
531056,680192,114,0.573520,744
529216,680192,114,0.579646,728
525224,680192,115,0.591937,728
528936,680192,115,0.580381,728
529384,680192,115,0.578807,728
527608,680192,114,0.584685,728
531616,680192,114,0.602915,728
529864,680192,115,0.608192,728
528432,680192,115,0.612541,728
529656,680192,115,0.608809,728
530048,680192,115,0.607501,728
526048,680192,115,0.619213,728
525512,680192,115,0.620846,728
524848,680192,116,0.622685,728
525544,680192,116,0.620623,728
528936,680192,116,0.610790,728
530480,680192,116,0.606064,728
527752,680192,116,0.614231,728
531432,680192,116,0.603183,728
528984,680192,116,0.610649,728
532192,680192,115,0.600878,768
528280,680192,115,0.612727,768
529856,680192,115,0.607954,768
526448,680192,114,0.618110,768
529664,680192,114,0.608667,768
529512,680192,115,0.609140,760
530168,680192,114,0.607167,768
530128,680192,115,0.607286,768
531216,680192,114,0.603889,808
527304,680192,115,0.615472,792
527560,680192,115,0.614599,792
523552,680192,115,0.596547,792
526640,680192,115,0.587172,792
524504,680192,116,0.593604,792
523760,680192,116,0.595985,776
524360,680192,116,0.594078,776
526552,680192,116,0.587343,776
523136,680192,116,0.597666,776
524752,680192,116,0.592772,776
524240,680192,116,0.594432,776
523568,680192,117,0.596407,776
521128,680192,117,0.603552,776
524304,680192,117,0.594243,776
526616,680192,117,0.587147,776
528032,680192,116,0.582694,800
526736,680192,115,0.587000,800
525568,680192,115,0.590690,800
523008,680192,115,0.598385,800
524416,680192,115,0.594125,800
526024,680192,115,0.589169,800
522072,680192,114,0.601077,800
520760,680192,114,0.604924,800
522472,680192,114,0.599931,800
524640,680192,114,0.593462,800
522584,680192,115,0.599609,752
524352,680192,115,0.594314,752
526864,680192,115,0.586608,752
525512,680192,115,0.590858,752
525760,680192,115,0.589967,752
522040,680192,115,0.601031,752
523696,680192,115,0.596103,752
522992,680192,116,0.598153,752
521456,680192,116,0.602693,752
520096,680192,116,0.606643,752
521992,680192,116,0.601168,752
523184,680192,116,0.597596,752
525640,680192,116,0.590184,752
524216,680192,116,0.594574,752
524704,680192,116,0.592987,752
521520,680192,117,0.602239,752
517664,680192,116,0.563604,752
519624,680192,116,0.557433,752
523248,680192,116,0.545686,752
520144,680192,117,0.555656,752
520056,680192,117,0.556233,704
516208,680192,117,0.568114,704
519936,680192,117,0.556609,704
523160,680192,117,0.569761,704
523232,680192,117,0.569388,704
520384,680192,117,0.578217,704
521624,680192,117,0.574336,704
517896,680192,117,0.585518,704
518504,680192,117,0.583618,704
516688,680192,118,0.588836,704
519720,680192,117,0.579930,744
517600,680192,118,0.586117,744
515816,680192,117,0.591453,744
515216,680192,117,0.593260,744
513256,680192,117,0.598761,744
517144,680192,117,0.587835,744
520040,680192,117,0.579266,744
520240,680192,117,0.578527,744
524016,680192,117,0.594613,744
520928,680192,116,0.603786,744
520400,680192,116,0.605402,744
523064,680192,116,0.597679,744
525496,680192,116,0.590348,744
521728,680192,117,0.601498,704
523984,680192,117,0.594826,704
521480,680192,117,0.602203,704
524424,680192,117,0.593526,704
521864,680192,116,0.601247,704
524712,680192,116,0.592813,704
521624,680192,115,0.602067,704
518000,680192,115,0.612230,704
521792,680192,115,0.601589,704
520224,680192,115,0.606138,704
518136,680192,115,0.611993,704
517248,680192,115,0.614504,704
516328,680192,115,0.617067,704
513728,680192,115,0.623907,704
509784,680192,116,0.633654,704
510512,680192,116,0.631776,704
510336,680192,116,0.632398,672
506416,680192,117,0.641660,672
508480,680192,117,0.636729,672
512448,680192,117,0.626967,672
513024,680192,117,0.625403,672
516368,680192,117,0.616667,672
515984,680192,118,0.617676,672
515472,680192,119,0.619014,672
517840,680192,119,0.612618,672
517344,680192,118,0.614205,672
520112,680192,118,0.606538,672
517992,680192,118,0.612467,672
521576,680192,118,0.602430,672
522672,680192,118,0.599160,672
519016,680192,118,0.609558,672
520456,680192,118,0.605446,672
522824,680192,118,0.598583,672
519792,680192,118,0.607292,672
517320,680192,118,0.614141,672
518424,680192,118,0.611040,672
515936,680192,118,0.617802,672
519056,680192,118,0.609317,672
521416,680192,118,0.602612,672
521056,680192,118,0.603764,672
522232,680192,118,0.600287,672
520816,680192,119,0.604371,648
523480,680192,119,0.596608,648
521736,680192,120,0.601635,648
524992,680192,120,0.592003,648
527432,680192,119,0.584511,672
530144,680192,119,0.575785,672
530072,680192,119,0.576172,672
531072,680192,119,0.572769,672
531224,680192,119,0.572113,672
530648,680192,119,0.574178,664
527144,680192,119,0.585425,664
525304,680192,119,0.591165,664
522528,680192,120,0.599322,664
523960,680192,119,0.595132,672
522016,680192,118,0.601042,672
518840,680192,117,0.610169,672
515984,680192,117,0.617928,672
518808,680192,117,0.610257,672
520056,680192,117,0.606693,672
521944,680192,117,0.601247,672
525296,680192,117,0.591309,672
522632,680192,117,0.599275,672
520752,680192,117,0.604753,672
521216,680192,116,0.603313,720
524448,680192,116,0.593834,720
523720,680192,116,0.596117,720
526528,680192,116,0.587584,720
524272,680192,117,0.594354,720
523584,680192,117,0.596515,720
519576,680192,117,0.608021,720
521832,680192,116,0.601703,720
520224,680192,115,0.606494,720
517712,680192,116,0.613349,720
519952,680192,116,0.607115,720
520944,680192,116,0.604214,720
522040,680192,116,0.600973,720
519032,680192,116,0.609514,720
517488,680192,116,0.613820,720
513888,680192,116,0.623338,720
512512,680192,117,0.626807,720
513232,680192,117,0.624879,720
515560,680192,117,0.618785,720
519592,680192,117,0.607844,720
520960,680192,116,0.604012,728
524696,680192,116,0.593075,728
525744,680192,116,0.589793,728
524088,680192,117,0.594731,728
520408,680192,117,0.605424,728
518768,680192,117,0.610082,728
520960,680192,116,0.603899,768
523032,680192,115,0.597888,800
521664,680192,116,0.601840,792
523960,680192,116,0.595061,792
525952,680192,116,0.588971,792
529336,680192,116,0.578301,792
527080,680192,117,0.585376,792
528712,680192,116,0.580206,816
524976,680192,116,0.591836,816
527176,680192,116,0.585006,816
525032,680192,116,0.591668,816
528656,680192,116,0.580383,816
524624,680192,116,0.592885,816
525568,680192,116,0.589914,816
521560,680192,116,0.601794,816
520120,680192,116,0.605982,816
524192,680192,116,0.594165,816
527568,680192,116,0.583791,816
525224,680192,116,0.591093,816
526680,680192,116,0.586532,816
524544,680192,116,0.593122,816
525944,680192,116,0.588777,816
521976,680192,116,0.600607,816
522056,680192,116,0.600241,816
520576,680192,116,0.604573,816
524208,680192,116,0.593976,816
521408,680192,116,0.602226,816
519200,680192,116,0.608527,816
521456,680192,116,0.602090,816
525160,680192,116,0.591141,816
522944,680192,116,0.597819,816
519688,680192,116,0.607181,816
519224,680192,117,0.608593,768
522520,680192,117,0.599183,768
526432,680192,117,0.587438,768
523904,680192,117,0.595155,768
522016,680192,117,0.600768,768
520920,680192,117,0.604012,768
520776,680192,118,0.604416,768
518928,680192,118,0.609667,768
521192,680192,118,0.603245,768
519624,680192,117,0.607888,768
518400,680192,117,0.611365,768
516144,680192,117,0.617508,768
517024,680192,116,0.615079,808
518904,680192,116,0.609886,808
516240,680192,116,0.617151,808
519720,680192,116,0.607646,808
520096,680192,115,0.606494,848
521408,680192,115,0.602680,848
520152,680192,116,0.606204,848
523920,680192,116,0.595296,848
525040,680192,116,0.591836,848
525776,680192,116,0.589479,848
528384,680192,116,0.581291,848
528320,680192,116,0.581642,848
531312,680192,116,0.571876,848
528080,680192,116,0.582395,848
530584,680192,116,0.574256,848
533600,680192,116,0.564056,848
531208,680192,116,0.572218,848
528816,680192,116,0.580080,848
524920,680192,116,0.592194,848
527856,680192,116,0.583094,848
528656,680192,116,0.580433,848
526312,680192,117,0.587853,800
529184,680192,117,0.578760,800
532176,680192,117,0.568857,800
528552,680192,116,0.580913,800
524800,680192,116,0.592551,800
526936,680192,116,0.585943,800
530872,680192,116,0.573318,800
529224,680192,116,0.578785,800
532008,680192,115,0.569602,840
528280,680192,115,0.581793,840
532000,680192,115,0.569629,840
529216,680192,116,0.578811,800
531888,680192,116,0.569974,800
528984,680192,116,0.579548,800
530416,680192,116,0.574802,800
526928,680192,115,0.586115,800
526080,680192,115,0.588850,800
528072,680192,115,0.582570,800
529968,680192,115,0.576404,800
526168,680192,115,0.588437,800
529512,680192,115,0.577867,800
525936,680192,115,0.589140,800
524488,680192,115,0.593621,800
526520,680192,115,0.587365,800
530016,680192,115,0.576250,800
528200,680192,115,0.582169,800
525168,680192,115,0.591716,760
522024,680192,114,0.601179,760
519728,680192,114,0.607756,760
521792,680192,114,0.601840,760
522576,680192,114,0.599460,760
524368,680192,114,0.594094,760
522040,680192,115,0.600859,760
521664,680192,116,0.602044,720
525352,680192,116,0.591141,720
523216,680192,116,0.597586,720
525408,680192,116,0.590973,720
521520,680192,116,0.602453,720
523528,680192,116,0.596538,720
521816,680192,116,0.601612,720
524904,680192,116,0.592480,720
522896,680192,116,0.598514,720
524936,680192,116,0.592385,720
527672,680192,116,0.583915,720
527264,680192,115,0.585475,720
523552,680192,116,0.596608,720
527088,680192,116,0.585869,720
528464,680192,116,0.581441,720
527344,680192,116,0.585080,720
528440,680192,116,0.581517,720
527312,680192,116,0.585179,720
523592,680192,117,0.596351,720
526272,680192,117,0.588218,720
528256,680192,117,0.581944,720
529544,680192,117,0.577713,720
526648,680192,117,0.586924,720
527488,680192,116,0.584213,760
524728,680192,116,0.592742,760
521784,680192,116,0.601453,760
518200,680192,117,0.611408,760
521752,680192,116,0.601453,792
525600,680192,116,0.590035,792
528072,680192,116,0.582294,792
527824,680192,117,0.583069,792
531056,680192,117,0.572585,792
530976,680192,117,0.573004,792
527352,680192,117,0.584684,792
525944,680192,116,0.589286,792
529256,680192,116,0.578861,792
533048,680192,116,0.566281,792
530840,680192,116,0.573788,784
534016,680192,115,0.563182,784
535704,680192,115,0.557158,784
534624,680192,115,0.561091,784
534096,680192,115,0.563072,784
536296,680192,115,0.555236,784
536600,680192,115,0.553984,784
533400,680192,115,0.565280,784
535520,680192,115,0.557805,784
532224,680192,114,0.569390,784
535528,680192,114,0.557945,784
534480,680192,114,0.561753,784
537104,680192,114,0.552351,784
535304,680192,114,0.558896,784
534728,680192,114,0.561063,784
536000,680192,114,0.556454,784
540096,680192,114,0.541332,784
537920,680192,113,0.549748,784
534152,680192,113,0.563209,784
535008,680192,113,0.560093,784
537184,680192,113,0.552236,784
536512,680192,113,0.554810,784
534520,680192,113,0.561946,784
532368,680192,113,0.569390,784
533568,680192,112,0.565361,784
532056,680192,113,0.570425,784
534416,680192,112,0.562331,824
537040,680192,112,0.552954,824
533792,680192,112,0.564465,824
530256,680192,112,0.576327,824
533440,680192,112,0.565659,824
534016,680192,112,0.563537,824
535536,680192,112,0.558113,824
532160,680192,112,0.569788,824
535152,680192,112,0.559454,824
533576,680192,113,0.564873,824
533184,680192,114,0.566200,824
529960,680192,115,0.576816,824
532568,680192,115,0.568109,824
530208,680192,115,0.576018,824
527600,680192,115,0.584412,824
528760,680192,115,0.580635,824
529840,680192,115,0.577047,824
529000,680192,115,0.580004,784
531760,680192,115,0.570927,784
529352,680192,116,0.578734,784
526920,680192,115,0.586630,784
525648,680192,116,0.590492,784
527712,680192,116,0.584040,784
527136,680192,116,0.585967,784
523256,680192,116,0.597702,784
521192,680192,116,0.603741,784
522048,680192,116,0.601179,784
525872,680192,116,0.589818,784
527112,680192,115,0.585943,816
531008,680192,115,0.573448,816
534968,680192,115,0.591589,816
538424,680192,114,0.580109,824
540504,680192,114,0.572731,824
538328,680192,115,0.580273,824
534752,680192,115,0.592259,824
538512,680192,115,0.579645,824
540072,680192,114,0.574194,840
536280,680192,115,0.587079,840
539528,680192,115,0.575924,840
536320,680192,116,0.586920,800
537584,680192,116,0.582548,800
536424,680192,116,0.586683,768
540120,680192,116,0.604769,768
537088,680192,116,0.614545,768
535192,680192,115,0.620613,768
532408,680192,114,0.629195,720
534944,680192,114,0.621642,720
531096,680192,115,0.632780,720
528832,680192,115,0.639163,720
529784,680192,115,0.636430,720
531872,680192,115,0.630451,720
533208,680192,115,0.626471,720
534152,680192,115,0.623565,720
533072,680192,115,0.626866,720
529856,680192,115,0.636099,720
526392,680192,115,0.645537,720
526912,680192,115,0.644044,720
524136,680192,115,0.651345,720
525696,680192,115,0.647225,720
529320,680192,115,0.637440,720
531624,680192,115,0.630883,720
528960,680192,114,0.638554,720
532384,680192,114,0.628851,720
531888,680192,115,0.630269,720
534944,680192,115,0.621212,720
534088,680192,115,0.623895,720
531264,680192,116,0.632037,720
531712,680192,115,0.630633,768
527888,680192,115,0.641320,768
526568,680192,115,0.644949,768
526016,680192,115,0.646601,736
528728,680192,115,0.639271,736
526744,680192,114,0.644823,736
524032,680192,114,0.651932,736
526768,680192,114,0.644760,736
527664,680192,114,0.642261,736
530208,680192,114,0.635214,736
528272,680192,113,0.640762,736
532152,680192,113,0.629881,736
533184,680192,113,0.626773,736
531088,680192,114,0.632848,704
534576,680192,114,0.622642,704
535592,680192,114,0.619458,704
533048,680192,114,0.627121,704
535928,680192,114,0.618442,704
532536,680192,115,0.628460,704
532936,680192,114,0.627260,720
530856,680192,114,0.633319,720
532448,680192,114,0.628667,720
530248,680192,113,0.635147,720
526320,680192,113,0.645851,720
525800,680192,113,0.647329,720
527776,680192,113,0.642005,720
531784,680192,112,0.630974,720
530624,680192,112,0.634369,720
531624,680192,112,0.631427,720
530336,680192,112,0.635170,720
532088,680192,112,0.630109,720
534120,680192,112,0.624084,720
532912,680192,112,0.627745,720
530880,680192,112,0.633655,720
533360,680192,112,0.626448,720
530184,680192,112,0.635591,720
533872,680192,111,0.625000,752
536648,680192,111,0.616540,752
534136,680192,111,0.624225,752
534992,680192,111,0.621547,752
532944,680192,111,0.627699,752
535752,680192,111,0.619265,752
532760,680192,111,0.628230,752
529136,680192,111,0.638511,752
526944,680192,111,0.644508,752
527976,680192,111,0.641641,752
529616,680192,111,0.637068,752
530488,680192,111,0.634525,752
530176,680192,111,0.635613,720
527464,680192,110,0.643218,720
531168,680192,110,0.632983,720
528368,680192,110,0.640805,720
529672,680192,110,0.637133,720
531328,680192,110,0.632398,720
528592,680192,110,0.640072,720
527592,680192,110,0.642878,720
525552,680192,110,0.648341,720
529448,680192,110,0.637878,720
531712,680192,110,0.631450,720
531968,680192,110,0.630587,720
531264,680192,110,0.632713,720
533776,680192,110,0.625375,720
530472,680192,110,0.634925,720
531080,680192,110,0.633095,720
530632,680192,109,0.634614,720
532416,680192,109,0.629447,720
529144,680192,109,0.638707,720
528200,680192,110,0.641256,720
525896,680192,111,0.647329,720
522960,680192,112,0.654776,720
524168,680192,112,0.651629,720
521800,680192,112,0.657632,720
522464,680192,112,0.655884,720
518552,680192,112,0.665384,720
519512,680192,112,0.663016,720
515576,680192,112,0.672185,720
512608,680192,112,0.678870,688
515064,680192,112,0.673398,688
514032,680192,112,0.675781,688
511256,680192,112,0.681850,688
509840,680192,112,0.684907,688
508568,680192,113,0.687516,688
512560,680192,113,0.679076,688
516312,680192,113,0.670710,688
517872,680192,113,0.667037,688
520120,680192,113,0.661648,688
520704,680192,113,0.660134,688
522016,680192,113,0.656829,688
518696,680192,113,0.664898,688
516072,680192,112,0.671143,688
517424,680192,111,0.668068,688
520200,680192,111,0.661457,688
520784,680192,111,0.659941,688
520968,680192,111,0.659381,688
519336,680192,112,0.663337,664
520000,680192,112,0.661648,664
517128,680192,112,0.668472,664
519832,680192,112,0.662048,664
518896,680192,112,0.664373,664
522776,680192,112,0.654895,664
521672,680192,112,0.657730,664
522240,680192,112,0.656220,664
520232,680192,112,0.661208,664
518712,680192,112,0.664917,664
522192,680192,112,0.656456,664
519584,680192,112,0.662865,664
518896,680192,112,0.664673,632
522032,680192,112,0.657045,632
524608,680192,112,0.650492,632
524048,680192,111,0.652154,632
525096,680192,111,0.649369,632
523648,680192,111,0.653159,632
525600,680192,111,0.648073,632
526720,680192,111,0.645033,632
525368,680192,112,0.648547,632
522280,680192,112,0.656436,632
519920,680192,113,0.662238,592
523056,680192,113,0.654497,592
522184,680192,113,0.656770,592
525144,680192,113,0.649225,592
521912,680192,113,0.657436,592
522064,680192,113,0.656947,592
523976,680192,113,0.652073,592
521520,680192,114,0.658159,592
522320,680192,114,0.656082,592
523080,680192,114,0.654079,592
521008,680192,113,0.659478,560
519288,680192,112,0.663809,560
523344,680192,112,0.653859,560
523496,680192,112,0.653360,560
521936,680192,113,0.657221,560
525400,680192,113,0.648403,560
522592,680192,112,0.655726,560
520400,680192,112,0.661266,520
522440,680192,112,0.656200,520
519256,680192,111,0.664091,520
519952,680192,111,0.662333,520
521264,680192,111,0.659072,520
518488,680192,112,0.665664,520
521872,680192,112,0.657476,520
518384,680192,111,0.666017,520
522160,680192,110,0.656908,560
520760,680192,110,0.660422,560
519456,680192,110,0.663639,560
516784,680192,110,0.669931,560
513360,680192,111,0.677523,560
516728,680192,111,0.669949,560
518968,680192,111,0.664673,560
516552,680192,110,0.670456,560
518976,680192,110,0.664767,560
514920,680192,110,0.674108,560
515728,680192,109,0.672292,568
519600,680192,109,0.663281,568
521960,680192,109,0.657495,568
520688,680192,110,0.660576,568
518640,680192,110,0.665533,568
516272,680192,109,0.671179,568
512712,680192,109,0.679110,568
513672,680192,109,0.676933,568
516992,680192,109,0.669440,568
520760,680192,109,0.660518,568
522008,680192,109,0.657378,568
519328,680192,108,0.664035,568
520376,680192,108,0.661438,568
517000,680192,108,0.669421,568
515608,680192,108,0.672668,568
518992,680192,108,0.664823,568
519536,680192,107,0.663432,616
517096,680192,108,0.669148,592
519592,680192,107,0.663262,632
518000,680192,108,0.666981,632
517848,680192,108,0.667443,632
520576,680192,107,0.660921,680
523024,680192,106,0.654934,688
522440,680192,107,0.656377,688
524152,680192,107,0.651992,688
520696,680192,107,0.660633,680
517376,680192,107,0.668527,680
519952,680192,107,0.662409,680
519768,680192,107,0.662959,680
521256,680192,107,0.659284,680
522080,680192,107,0.657162,680
518192,680192,108,0.666426,680
521432,680192,108,0.658625,680
520440,680192,108,0.661132,680
522992,680192,108,0.654795,680
522256,680192,108,0.656731,680
523896,680192,108,0.652536,680
520656,680192,108,0.660614,680
523288,680192,108,0.654059,680
521976,680192,108,0.657417,680
522624,680192,108,0.655707,680
521288,680192,108,0.659091,680
524744,680192,108,0.650390,680
521704,680192,107,0.658198,680
521464,680192,108,0.658781,680
519200,680192,108,0.664298,680
522184,680192,108,0.657025,680
523992,680192,108,0.652416,680
523624,680192,108,0.653460,680
523048,680192,107,0.655133,680
522384,680192,107,0.656888,680
523224,680192,107,0.654696,680
523448,680192,107,0.654019,680
524032,680192,107,0.652436,680
521400,680192,107,0.659052,680
519088,680192,107,0.664673,680
520144,680192,107,0.662067,680
520840,680192,106,0.660365,696
523704,680192,106,0.653219,696
519608,680192,106,0.663300,696
518560,680192,106,0.665868,696
518360,680192,106,0.666444,696
519400,680192,106,0.663903,696
523104,680192,106,0.654835,696
523296,680192,106,0.654238,696
521656,680192,106,0.658392,696
522952,680192,106,0.655093,696
518960,680192,107,0.664711,696
514912,680192,108,0.673931,696
518416,680192,108,0.665868,696
518768,680192,108,0.664936,696
516776,680192,108,0.669640,696
513144,680192,108,0.677800,696
517232,680192,108,0.668600,696
519456,680192,108,0.663319,696
517000,680192,109,0.669020,696
515104,680192,109,0.673398,696
518480,680192,109,0.665608,696
521824,680192,109,0.657515,696
520896,680192,109,0.659883,696
523040,680192,109,0.654517,696
519952,680192,109,0.662143,696
520024,680192,109,0.661858,696
519672,680192,109,0.662808,696
520304,680192,109,0.661189,696
518232,680192,109,0.666184,696
515456,680192,109,0.672632,688
514528,680192,109,0.674797,688
510656,680192,109,0.683210,688
513880,680192,109,0.676218,688
516768,680192,109,0.669676,688
518560,680192,109,0.665440,688
520696,680192,108,0.660326,712
517200,680192,109,0.668527,712
520944,680192,109,0.659613,712
517816,680192,109,0.667111,712
517568,680192,109,0.667792,712
519904,680192,109,0.662219,712
521256,680192,108,0.658975,712
519768,680192,108,0.662656,712
523768,680192,108,0.652778,712
522672,680192,109,0.655509,712
524336,680192,109,0.651224,712
520632,680192,109,0.660480,712
522520,680192,109,0.655766,712
522368,680192,110,0.656141,712
526016,680192,110,0.646789,712
525568,680192,111,0.648073,664
528864,680192,111,0.639228,664
525512,680192,112,0.648094,664
527592,680192,112,0.642517,664
527440,680192,113,0.642921,664
531304,680192,113,0.632218,664
529528,680192,113,0.637287,664
529456,680192,113,0.637616,664
531568,680192,113,0.631608,664
528584,680192,113,0.639986,664
530096,680192,113,0.635723,664
529696,680192,113,0.637002,648
532864,680192,113,0.627953,648
529848,680192,113,0.636584,648
532168,680192,113,0.629949,648
529016,680192,113,0.638859,648
532032,680192,113,0.630337,648
534360,680192,113,0.623447,648
533792,680192,112,0.625398,648
531552,680192,112,0.631970,648
535184,680192,112,0.621284,648
532736,680192,112,0.628621,640
529272,680192,113,0.638315,640
530896,680192,113,0.633700,640
532480,680192,113,0.629080,640
530472,680192,113,0.634881,640
528400,680192,114,0.640546,640
525088,680192,113,0.649492,640
524440,680192,113,0.651264,640
527872,680192,112,0.642261,672
525144,680192,111,0.649635,672
525400,680192,111,0.648856,672
526592,680192,111,0.645641,672
524968,680192,111,0.649962,672
523408,680192,110,0.654139,672
524928,680192,110,0.650187,672
526096,680192,110,0.647059,672
526152,680192,109,0.646893,680
522184,680192,108,0.657143,680
521264,680192,108,0.659497,680
522776,680192,107,0.655766,696
524072,680192,107,0.652416,696
524232,680192,106,0.651932,728
524528,680192,106,0.651061,728
522816,680192,106,0.655469,728
524464,680192,106,0.651224,728
521184,680192,106,0.659459,728
521840,680192,105,0.657749,776
518064,680192,106,0.666815,736
520608,680192,106,0.660710,736
517744,680192,106,0.667553,736
516784,680192,105,0.669967,736
517776,680192,105,0.667590,736
518304,680192,105,0.666259,736
515808,680192,106,0.672042,696
513448,680192,106,0.677350,696
517208,680192,106,0.668874,696
515224,680192,106,0.673452,696
519072,680192,106,0.664561,696
517456,680192,106,0.668417,696
521144,680192,106,0.659632,696
520344,680192,106,0.661667,696
522424,680192,105,0.656554,728
519656,680192,105,0.663337,728
523328,680192,105,0.654318,728
521136,680192,105,0.659806,728
522024,680192,104,0.657554,768
524688,680192,104,0.650797,768
521392,680192,104,0.659091,768
521480,680192,104,0.658761,768
519392,680192,104,0.663866,768
517880,680192,105,0.667424,752
521352,680192,105,0.659110,752
522976,680192,105,0.655014,752
519856,680192,104,0.662808,752
520808,680192,104,0.660422,752
517672,680192,105,0.667792,752
520456,680192,104,0.661151,800
520024,680192,105,0.662181,800
518968,680192,105,0.664786,800
519432,680192,104,0.663621,832
521552,680192,104,0.658431,832
519328,680192,104,0.663866,832
522344,680192,104,0.656495,832
519120,680192,104,0.664354,832
515408,680192,104,0.672953,832
518328,680192,104,0.666203,832
518472,680192,103,0.665850,840
515480,680192,102,0.672882,840
512696,680192,102,0.679076,840
513624,680192,102,0.676968,840
517424,680192,102,0.668380,840
514560,680192,102,0.674938,832
511392,680192,103,0.681765,832
511136,680192,103,0.682405,832
514488,680192,103,0.675096,832
511464,680192,103,0.681714,832
514856,680192,103,0.674285,832
513968,680192,104,0.676323,792
512768,680192,105,0.678921,792
513800,680192,105,0.676585,792
515840,680192,105,0.671970,792
518624,680192,105,0.665496,792
520960,680192,105,0.659845,792
518896,680192,105,0.664861,792
515448,680192,106,0.672739,792
514496,680192,106,0.674955,792
515912,680192,105,0.671790,800
515656,680192,106,0.672364,800
515432,680192,107,0.672864,800
516096,680192,107,0.671269,800
512624,680192,108,0.678904,800
511384,680192,108,0.681647,800
511464,680192,108,0.681376,800
511408,680192,108,0.681596,800
507472,680192,108,0.689794,800
508368,680192,108,0.687890,800
508280,680192,108,0.688166,800
512312,680192,108,0.679675,800
515736,680192,107,0.672077,848
517408,680192,107,0.668178,848
518880,680192,107,0.664655,848
520520,680192,107,0.660653,848
519136,680192,107,0.664073,840
518192,680192,107,0.666389,840
516608,680192,108,0.670021,840
517016,680192,107,0.669039,864
519824,680192,107,0.662390,864
521904,680192,107,0.657260,864
523584,680192,107,0.652979,864
522776,680192,108,0.655014,856
526704,680192,108,0.644865,856
524504,680192,108,0.650675,856
525728,680192,108,0.647411,856
523608,680192,109,0.652818,856
525048,680192,109,0.649041,856
523696,680192,110,0.652476,856
527208,680192,110,0.643282,856
525088,680192,110,0.648938,856
521320,680192,110,0.658470,856
520624,680192,111,0.660191,840
520696,680192,110,0.659960,864
524560,680192,110,0.650268,864
525728,680192,110,0.647142,864
523248,680192,109,0.653700,864
520112,680192,108,0.661591,864
518472,680192,108,0.665570,864
521600,680192,108,0.658003,864
522952,680192,108,0.654557,864
526736,680192,108,0.644760,864
526440,680192,108,0.645746,832
527256,680192,107,0.643557,848
526952,680192,106,0.644613,848
527048,680192,106,0.644234,848
525488,680192,106,0.648424,848
522704,680192,106,0.655568,848
519320,680192,107,0.663734,848
516744,680192,108,0.669694,848
518808,680192,108,0.664823,848
516728,680192,109,0.669694,816
518656,680192,109,0.665141,816
515776,680192,110,0.671737,816
518664,680192,110,0.665010,816
516104,680192,110,0.670999,816
519152,680192,110,0.663866,816
520432,680192,110,0.660710,816
524328,680192,110,0.679658,816
525592,680192,110,0.676573,816
522808,680192,110,0.683269,768
524168,680192,110,0.680030,768
520472,680192,111,0.688395,768
521912,680192,111,0.685080,768
520104,680192,112,0.689098,768
517768,680192,112,0.694242,768
519440,680192,112,0.690548,768
520560,680192,112,0.687989,768
520264,680192,111,0.688852,768
520824,680192,111,0.687511,768
520160,680192,111,0.689081,768
516872,680192,111,0.696233,768
520552,680192,111,0.688218,768
523096,680192,111,0.682392,768
521664,680192,111,0.685763,760
523408,680192,111,0.681695,760
520744,680192,111,0.687812,760
520200,680192,112,0.689011,760
522272,680192,112,0.684286,760
521864,680192,112,0.685368,736
520776,680192,112,0.687989,696
523424,680192,112,0.681915,696
526024,680192,112,0.675715,696
528016,680192,112,0.670772,696
525984,680192,111,0.675925,696
526008,680192,111,0.675754,696
523808,680192,111,0.681031,696
525272,680192,111,0.677501,696
523504,680192,112,0.681621,696
522704,680192,113,0.683451,696
525320,680192,113,0.677274,696
521840,680192,114,0.685296,696
525608,680192,114,0.676477,696
523096,680192,114,0.682447,696
526616,680192,114,0.674065,696
530064,680192,113,0.665452,728
526168,680192,112,0.675295,728
528224,680192,112,0.670180,728
524880,680192,113,0.678235,728
528504,680192,113,0.669368,728
524800,680192,113,0.678423,728
522256,680192,113,0.684395,728
524568,680192,113,0.678967,728
520888,680192,113,0.687457,728
521768,680192,113,0.685386,728
524376,680192,113,0.679304,728
521840,680192,113,0.685224,728
524976,680192,113,0.677897,728
521096,680192,114,0.686782,728
520200,680192,114,0.688870,728
520296,680192,114,0.688553,728
521544,680192,114,0.685674,728
520448,680192,113,0.688324,728
523456,680192,113,0.681437,728
522888,680192,113,0.682850,728
524656,680192,113,0.678649,728
521264,680192,113,0.686514,728
520480,680192,113,0.688359,728
521552,680192,113,0.685871,728
525328,680192,113,0.677066,728
524632,680192,113,0.678817,728
521288,680192,113,0.686568,728
519400,680192,112,0.690931,728
522640,680192,112,0.683633,728
518608,680192,111,0.692741,728
517680,680192,110,0.694920,728
518720,680192,110,0.692604,728
519400,680192,110,0.691035,728
522144,680192,109,0.684918,752
524560,680192,109,0.679266,752
522432,680192,109,0.684268,752
520792,680192,109,0.688042,752
520992,680192,109,0.687493,752
523432,680192,109,0.681879,752
523240,680192,109,0.682429,752
520688,680192,108,0.688377,752
519808,680192,108,0.690409,752
518968,680192,108,0.692329,752
516320,680192,108,0.698015,752
515368,680192,108,0.700071,752
513928,680192,109,0.702983,752
512616,680192,109,0.705681,752
511832,680192,109,0.707370,720
511944,680192,109,0.707059,720
511312,680192,109,0.708377,720
511424,680192,109,0.708068,720
507544,680192,109,0.715474,720
507432,680192,109,0.715768,720
504728,680192,109,0.720726,720
501808,680192,109,0.725884,720
500560,680192,109,0.728076,720
501616,680192,109,0.726211,720
502984,680192,109,0.723780,720
504632,680192,109,0.720811,720
507680,680192,109,0.715224,720
506032,680192,109,0.718312,720
506928,680192,109,0.716601,720
507472,680192,109,0.715518,720
506816,680192,109,0.716893,672
503032,680192,109,0.723697,672
500416,680192,109,0.728237,672
504016,680192,109,0.721981,672
504672,680192,109,0.720740,672
501152,680192,109,0.726917,672
505088,680192,109,0.720002,672
505976,680192,109,0.718326,672
506360,680192,108,0.717546,720
506280,680192,108,0.717778,720
502848,680192,109,0.723905,688
499800,680192,110,0.729080,688
503208,680192,110,0.723197,688
506072,680192,110,0.718038,688
505824,680192,110,0.718571,688
509632,680192,110,0.711464,688
513728,680192,110,0.703414,688
517408,680192,110,0.695779,688
518264,680192,110,0.693868,688
521768,680192,110,0.686121,688
524248,680192,110,0.680365,688
520624,680192,110,0.688659,688
519552,680192,110,0.691104,688
523376,680192,110,0.682484,688
524848,680192,110,0.678967,688
527288,680192,110,0.673039,688
529424,680192,110,0.667652,688
528392,680192,109,0.670457,688
529552,680192,109,0.667452,688
533648,680192,109,0.656714,688
529752,680192,108,0.608972,688
531272,680192,108,0.604283,688
530256,680192,108,0.607477,688
526576,680192,108,0.618272,688
525456,680192,108,0.621533,688
528248,680192,108,0.613505,688
528920,680192,108,0.611415,688
529192,680192,107,0.610549,712
527792,680192,107,0.614748,712
528064,680192,107,0.613828,712
525216,680192,108,0.621865,712
525680,680192,107,0.620445,760
524160,680192,108,0.624630,760
528152,680192,108,0.613297,760
526792,680192,108,0.617323,760
528832,680192,108,0.611321,760
524824,680192,108,0.622813,760
526920,680192,108,0.616825,760
525128,680192,108,0.621975,760
521200,680192,108,0.632646,760
522608,680192,107,0.628937,760
522080,680192,108,0.630337,760
525904,680192,108,0.619820,760
524872,680192,109,0.622681,760
527264,680192,109,0.615846,760
526208,680192,109,0.618969,760
527536,680192,109,0.615069,760
529768,680192,108,0.608569,760
525944,680192,109,0.619574,760
526776,680192,109,0.617097,760
524784,680192,110,0.622659,760
527688,680192,110,0.614357,760
523808,680192,109,0.625543,728
520792,680192,109,0.633666,728
517104,680192,109,0.643105,728
513168,680192,109,0.652650,728
515856,680192,109,0.646151,728
512256,680192,109,0.654764,728
514448,680192,109,0.649526,728
511560,680192,109,0.656360,728
509104,680192,109,0.661981,728
511912,680192,109,0.655554,728
514960,680192,109,0.648306,728
516016,680192,109,0.645647,728
512264,680192,110,0.654524,728
513808,680192,110,0.650813,728
512952,680192,110,0.652930,728
512296,680192,110,0.654561,728
514624,680192,110,0.648993,728
517832,680192,110,0.641065,728
515752,680192,110,0.646287,728
515856,680192,110,0.645919,728
516016,680192,110,0.645414,728
516472,680192,109,0.644303,728
515968,680192,110,0.645531,728
513680,680192,110,0.651114,728
516272,680192,110,0.644791,728
514200,680192,111,0.649773,728
512936,680192,112,0.652743,728
512952,680192,112,0.652594,728
513672,680192,112,0.650794,728
511344,680192,111,0.656414,728
512672,680192,111,0.653246,728
508680,680192,111,0.662386,728
512200,680192,111,0.654339,728
513000,680192,110,0.652445,744
510112,680192,110,0.659166,744
512592,680192,110,0.653395,744
511896,680192,111,0.655003,744
509768,680192,111,0.659955,736
511184,680192,111,0.656651,736
514176,680192,110,0.649583,784
511552,680192,109,0.655921,784
509496,680192,109,0.660668,784
513320,680192,109,0.651828,784
509544,680192,109,0.660562,784
508464,680192,109,0.663055,784
504776,680192,110,0.671024,752
505112,680192,110,0.670219,752
502688,680192,109,0.675432,752
504128,680192,109,0.672374,752
502064,680192,109,0.676697,752
502920,680192,109,0.674861,752
501944,680192,109,0.676939,752
503960,680192,109,0.672722,752
504296,680192,108,0.671958,784
508152,680192,108,0.663633,784
510072,680192,108,0.659274,784
506584,680192,108,0.667027,784
509192,680192,108,0.661237,784
509096,680192,109,0.661450,784
506288,680192,109,0.667660,784
509776,680192,109,0.659937,784
508552,680192,109,0.662756,784
511376,680192,108,0.656378,808
515040,680192,108,0.647693,808
514224,680192,109,0.649678,792
517512,680192,109,0.641583,792
514144,680192,110,0.649754,792
511128,680192,110,0.656870,792
509608,680192,109,0.660508,792
505608,680192,109,0.669291,792
509032,680192,108,0.661822,824
509872,680192,108,0.659847,824
511632,680192,108,0.655756,824
513152,680192,108,0.652127,824
509504,680192,109,0.660455,824
506288,680192,109,0.667575,824
504624,680192,109,0.671191,824
503576,680192,110,0.673366,824
505360,680192,110,0.669545,824
507960,680192,110,0.663860,824
508824,680192,109,0.661945,832
510256,680192,109,0.658645,832
509920,680192,110,0.659471,800
509024,680192,110,0.661574,800
510664,680192,110,0.657796,800
508872,680192,110,0.661910,800
509576,680192,110,0.660241,800
506784,680192,109,0.666564,800
510224,680192,108,0.658969,816
511584,680192,107,0.655829,840
508376,680192,108,0.663020,840
507512,680192,109,0.664923,832
504384,680192,110,0.671575,832
501968,680192,109,0.676729,832
504000,680192,109,0.672473,832
504344,680192,108,0.671708,856
503288,680192,109,0.673893,856
504144,680192,109,0.672025,856
507384,680192,109,0.665044,856
507696,680192,109,0.664262,856
504248,680192,109,0.671775,824
506752,680192,109,0.666374,824
506648,680192,110,0.666598,824
505024,680192,110,0.670151,824
508136,680192,110,0.663370,824
510104,680192,110,0.658897,824
509248,680192,110,0.660917,824
510776,680192,110,0.657379,824
509536,680192,110,0.660348,792
509936,680192,109,0.659453,792
509736,680192,110,0.659901,792
512880,680192,110,0.652613,792
511840,680192,110,0.655132,792
513512,680192,110,0.651133,792
510704,680192,111,0.657615,792
508560,680192,112,0.662404,792
506680,680192,111,0.666701,792
510616,680192,111,0.657923,792
508520,680192,111,0.662703,792
506408,680192,111,0.667387,792
504880,680192,111,0.670722,792
507688,680192,111,0.664627,792
509192,680192,111,0.661219,792
510664,680192,111,0.657814,792
513288,680192,111,0.651659,792
510960,680192,111,0.657143,792
509664,680192,111,0.660169,792
511112,680192,111,0.656797,792
512016,680192,111,0.654616,792
515776,680192,111,0.645608,792
512088,680192,112,0.654339,792
515312,680192,112,0.646615,792
511856,680192,113,0.654764,792
507768,680192,113,0.664035,792
506464,680192,113,0.666958,792
503840,680192,113,0.672589,792
506880,680192,113,0.666064,792
503832,680192,114,0.672506,792
505576,680192,113,0.668851,792
503824,680192,113,0.672622,792
505520,680192,113,0.668970,792
509264,680192,113,0.660740,792
511824,680192,113,0.654838,792
509280,680192,112,0.660811,792
512688,680192,112,0.652948,792
508824,680192,112,0.661822,792
512048,680192,112,0.654432,792
514576,680192,112,0.648383,792
513064,680192,113,0.651959,792
511888,680192,114,0.654690,792
513952,680192,114,0.649754,792
512304,680192,113,0.653840,792
510136,680192,113,0.658897,792
510856,680192,113,0.657161,792
512296,680192,113,0.653747,792
515192,680192,113,0.646789,792
515136,680192,114,0.646943,784
511896,680192,115,0.654579,784
511952,680192,114,0.654432,792
513072,680192,114,0.651715,792
509848,680192,114,0.659220,792
506344,680192,114,0.667010,792
504704,680192,114,0.670588,792
504976,680192,114,0.669916,792
503984,680192,115,0.671991,792
505640,680192,115,0.668410,792
506232,680192,115,0.667044,792
504688,680192,116,0.670320,792
505488,680192,116,0.668529,792
508880,680192,116,0.661060,792
507416,680192,117,0.664279,792
507304,680192,118,0.664523,792
506632,680192,118,0.666082,792
508088,680192,117,0.662897,800
507544,680192,117,0.664192,800
508792,680192,117,0.661344,800
509120,680192,117,0.660508,800
511968,680192,117,0.653933,800
511904,680192,117,0.654192,800
513088,680192,117,0.651321,800
511968,680192,118,0.653933,800
511248,680192,118,0.655701,800
514984,680192,118,0.646808,800
512272,680192,118,0.653339,800
508984,680192,118,0.660917,800
505176,680192,119,0.669173,800
507560,680192,119,0.663948,800
506520,680192,119,0.666306,800
507048,680192,119,0.665061,800
504448,680192,119,0.670706,800
505752,680192,119,0.667848,800
504736,680192,119,0.670101,800
504336,680192,120,0.670940,800
507936,680192,119,0.663125,848
507832,680192,120,0.663353,848
511496,680192,120,0.655022,848
514336,680192,120,0.648249,848
512976,680192,120,0.651640,824
510784,680192,120,0.656815,824
511672,680192,120,0.654672,824
508168,680192,120,0.662668,824
504776,680192,120,0.670067,824
506600,680192,120,0.666082,824
506016,680192,121,0.667335,824
505488,680192,121,0.668563,824
505392,680192,121,0.668868,824
508648,680192,121,0.661715,824
508376,680192,121,0.662475,800
507000,680192,120,0.665685,800
510056,680192,120,0.658843,800
508888,680192,120,0.661556,800
510088,680192,120,0.658771,800
510152,680192,120,0.658519,800
513128,680192,120,0.651565,800
514080,680192,120,0.649203,800
514320,680192,120,0.648516,800
515736,680192,120,0.644986,800
515280,680192,121,0.646093,800
516464,680192,121,0.643086,800
518384,680192,121,0.638174,800
514536,680192,121,0.647770,800
517512,680192,121,0.640367,800
515640,680192,121,0.645161,776
518440,680192,121,0.638093,776
521560,680192,121,0.629892,776
524312,680192,121,0.622329,776
522176,680192,120,0.628383,776
522304,680192,120,0.627912,776
521600,680192,120,0.629914,776
519608,680192,119,0.635359,776
515944,680192,119,0.644654,776
519648,680192,119,0.635256,776
520224,680192,118,0.633749,784
521200,680192,118,0.631075,784
520592,680192,119,0.632667,784
520016,680192,120,0.634184,776
523112,680192,120,0.625868,776
526136,680192,120,0.617369,776
523608,680192,120,0.624521,776
526624,680192,120,0.615983,776
525736,680192,120,0.618632,776
523000,680192,120,0.626300,776
523824,680192,120,0.623932,776
524064,680192,119,0.623165,816
521008,680192,118,0.631621,816
519080,680192,118,0.636731,816
521416,680192,118,0.630548,816
520616,680192,118,0.632771,816
518976,680192,118,0.637118,816
521024,680192,118,0.631705,816
519568,680192,118,0.635606,816
516112,680192,118,0.644381,816
519600,680192,118,0.635523,816
516456,680192,119,0.643420,816
513432,680192,119,0.650813,816
515712,680192,119,0.645239,816
513952,680192,120,0.649469,816
514048,680192,119,0.649241,816
517200,680192,119,0.641463,816
521232,680192,119,0.631033,816
520040,680192,118,0.634390,816
516248,680192,118,0.644048,816
514016,680192,119,0.649431,816
510768,680192,120,0.656979,816
510936,680192,120,0.656487,816
508248,680192,120,0.662615,816
506560,680192,120,0.666392,816
504888,680192,120,0.670051,816
506024,680192,120,0.667540,816
503888,680192,120,0.672191,792
505776,680192,120,0.668120,792
505440,680192,120,0.668936,792
504760,680192,120,0.670471,792
501504,680192,120,0.677262,792
502128,680192,120,0.675903,792
502904,680192,120,0.674222,792
499928,680192,119,0.680403,792
498456,680192,118,0.683469,792
501920,680192,118,0.676519,792
499192,680192,118,0.682131,744
495640,680192,118,0.689068,712
494288,680192,118,0.691662,712
496928,680192,118,0.686643,712
499344,680192,118,0.681896,712
497672,680192,119,0.685133,712
494656,680192,119,0.690896,712
496872,680192,119,0.686658,712
494072,680192,118,0.692059,712
498112,680192,118,0.684380,712
501648,680192,118,0.677326,712
502200,680192,117,0.676179,728
503176,680192,117,0.674090,728
501392,680192,117,0.677808,728
501080,680192,117,0.678529,728
499640,680192,117,0.681473,728
499784,680192,117,0.681097,728
495752,680192,117,0.688919,728
494560,680192,117,0.691221,728
497480,680192,117,0.685653,728
495448,680192,117,0.689576,728
495992,680192,117,0.688469,728
498024,680192,117,0.684519,728
494128,680192,117,0.691927,728
492928,680192,117,0.694199,728
494552,680192,117,0.691147,728
493224,680192,118,0.693576,728
494584,680192,118,0.690999,728
493400,680192,118,0.693256,728
494760,680192,118,0.690674,728
495664,680192,118,0.688904,728
498928,680192,118,0.682583,728
497184,680192,119,0.685943,728
496024,680192,120,0.688139,728
495896,680192,121,0.688379,728
497480,680192,121,0.685286,728
494976,680192,122,0.690007,728
492928,680192,123,0.693764,728
496816,680192,123,0.686461,728
496272,680192,123,0.687582,728
496112,680192,124,0.687943,696
496496,680192,124,0.687128,696
499272,680192,123,0.681724,728
502432,680192,123,0.675318,728
503168,680192,123,0.673712,728
503256,680192,123,0.673432,728
501192,680192,123,0.677728,728
500808,680192,123,0.678689,680
498568,680192,123,0.683190,680
500176,680192,123,0.679945,680
503080,680192,123,0.673992,680
501832,680192,123,0.676632,680
501936,680192,122,0.676373,704
500520,680192,122,0.679326,696
497912,680192,121,0.684611,696
498288,680192,121,0.683794,696
496784,680192,121,0.686764,696
496440,680192,122,0.687461,672
495848,680192,122,0.688664,672
492440,680192,122,0.695006,672
492288,680192,123,0.695279,672
492000,680192,123,0.695881,672
495304,680192,123,0.689769,672
492440,680192,123,0.695093,672
495272,680192,123,0.689829,672
493616,680192,124,0.692877,672
495416,680192,124,0.689471,672
496248,680192,124,0.687823,672
498408,680192,124,0.683608,672
502144,680192,124,0.676114,672
502784,680192,123,0.674795,680
499024,680192,123,0.682396,680
499536,680192,123,0.681301,680
501384,680192,123,0.677535,680
502312,680192,123,0.675562,680
506232,680192,123,0.667284,680
509136,680192,123,0.660846,680
507824,680192,123,0.663843,680
510448,680192,123,0.657904,680
509472,680192,123,0.660205,680
512056,680192,123,0.654229,680
508136,680192,123,0.663160,680
512000,680192,123,0.654358,680
513216,680192,123,0.651415,680
511448,680192,123,0.655628,680
512248,680192,123,0.653673,680
515000,680192,123,0.647059,680
513552,680192,124,0.650511,680
515864,680192,124,0.644850,680
516584,680192,124,0.642968,680
516896,680192,124,0.642078,680
513592,680192,124,0.650189,680
512328,680192,124,0.653265,680
512184,680192,124,0.653729,672
508424,680192,123,0.662439,672
510776,680192,123,0.657070,672
509608,680192,123,0.659812,672
510448,680192,123,0.657814,672
513360,680192,123,0.650982,672
517280,680192,123,0.641384,672
518816,680192,123,0.637403,672
522272,680192,123,0.628276,672
523040,680192,123,0.626084,672
525552,680192,123,0.619036,672
526904,680192,122,0.615069,720
525624,680192,122,0.618834,720
525544,680192,122,0.619238,704
522704,680192,122,0.627162,704
523952,680192,122,0.623647,704
525496,680192,121,0.619373,704
523456,680192,121,0.625130,704
519976,680192,120,0.634597,704
520856,680192,120,0.632187,704
519448,680192,120,0.635954,704
523528,680192,120,0.625065,704
524192,680192,120,0.623121,704
526888,680192,120,0.615435,704
526056,680192,121,0.617798,704
529080,680192,121,0.608924,704
524984,680192,120,0.620934,704
527784,680192,120,0.612857,704
525744,680192,119,0.618947,704
526232,680192,119,0.617437,704
525992,680192,119,0.618249,704
525904,680192,119,0.618632,704
529192,680192,119,0.609019,704
525232,680192,118,0.532082,704
526944,680192,118,0.525966,704
525504,680192,119,0.530982,704
527864,680192,118,0.522647,720
527400,680192,119,0.524468,672
528368,680192,119,0.520841,672
528776,680192,119,0.519195,672
528000,680192,119,0.522161,672
527672,680192,120,0.523332,672
529648,680192,119,0.516133,688
527632,680192,119,0.523588,688
527560,680192,120,0.523929,664
524864,680192,120,0.533478,664
526704,680192,120,0.526949,664
523728,680192,120,0.537319,664
526936,680192,120,0.526134,664
527816,680192,120,0.522847,664
530440,680192,120,0.513121,664
533160,680192,120,0.502618,664
530144,680192,119,0.514395,664
528080,680192,119,0.522075,664
530280,680192,118,0.513952,696
533544,680192,118,0.501375,696
531224,680192,118,0.510432,696
530504,680192,118,0.513299,696
529552,680192,118,0.516983,696
528672,680192,118,0.520351,696
530752,680192,118,0.512556,696
527400,680192,118,0.524893,696
531056,680192,118,0.511421,696
529696,680192,117,0.516807,696
531240,680192,117,0.510912,696
532648,680192,116,0.505424,736
531024,680192,116,0.511750,736
533072,680192,116,0.503794,736
535200,680192,116,0.495255,736
539104,680192,116,0.478971,736
538104,680192,115,0.483591,736
541048,680192,114,0.470920,752
540560,680192,113,0.473469,752
536792,680192,114,0.489343,752
535688,680192,113,0.494199,752
537872,680192,113,0.485091,752
539040,680192,113,0.479990,752
540664,680192,113,0.472808,752
540648,680192,112,0.473295,752
539088,680192,112,0.480261,736
541952,680192,112,0.467636,736
543120,680192,111,0.462254,768
542632,680192,111,0.464672,768
543448,680192,111,0.460764,768
540040,680192,110,0.476269,768
542760,680192,110,0.464096,768
541944,680192,110,0.467956,768
542088,680192,110,0.467103,768
539840,680192,110,0.477127,768
541496,680192,110,0.469724,768
541088,680192,110,0.471726,768
540816,680192,111,0.472912,768
537664,680192,111,0.486483,768
533584,680192,111,0.502990,768
533856,680192,111,0.501749,768
532608,680192,111,0.506739,768
530152,680192,112,0.515927,768
533648,680192,112,0.502556,768
532296,680192,113,0.507926,720
533224,680192,113,0.504195,720
536368,680192,113,0.491588,720
539552,680192,113,0.504579,720
541712,680192,113,0.495470,720
540576,680192,113,0.500396,720
543144,680192,113,0.511427,720
542320,680192,113,0.514991,720
538736,680192,114,0.529110,720
534936,680192,115,0.543208,720
537712,680192,115,0.532813,720
533968,680192,115,0.546666,720
535840,680192,115,0.539756,720
536816,680192,115,0.535984,720
534176,680192,115,0.545757,720
533272,680192,114,0.549288,720
536208,680192,114,0.538584,720
533376,680192,114,0.548923,720
536448,680192,114,0.537701,720
532688,680192,114,0.551325,720
531720,680192,114,0.554825,720
534152,680192,114,0.546183,720
531736,680192,114,0.554771,720
531872,680192,114,0.554141,720
528408,680192,114,0.565866,720
532232,680192,114,0.552903,720
529272,680192,115,0.562881,720
527616,680192,115,0.568425,720
528328,680192,115,0.565970,720
526304,680192,115,0.572600,720
526576,680192,115,0.571589,720
527480,680192,115,0.568554,720
528440,680192,115,0.565293,720
525872,680192,115,0.573656,720
522488,680192,116,0.584008,720
524272,680192,116,0.578467,720
525888,680192,116,0.573304,720
524456,680192,115,0.578049,720
524832,680192,115,0.576743,720
525968,680192,115,0.573053,720
526008,680192,115,0.572776,720
524576,680192,115,0.577385,720
528392,680192,115,0.594119,720
529640,680192,115,0.590135,720
529032,680192,114,0.592309,720
530216,680192,114,0.588489,720
528328,680192,113,0.594606,720
530256,680192,113,0.588514,720
527032,680192,112,0.598647,720
524408,680192,113,0.606309,720
526040,680192,113,0.601438,720
522264,680192,113,0.612356,720
522432,680192,113,0.611755,720
524704,680192,113,0.605183,720
521320,680192,114,0.614697,720
520808,680192,113,0.616358,720
522880,680192,113,0.610503,720
523544,680192,113,0.608497,720
521464,680192,113,0.614433,720
519840,680192,113,0.618973,720
523656,680192,113,0.608315,720
527056,680192,113,0.598290,720
525448,680192,114,0.603028,720
524864,680192,114,0.604860,720
528848,680192,114,0.592873,720
525360,680192,114,0.603424,720
526944,680192,114,0.598623,720
530280,680192,114,0.588289,720
527232,680192,113,0.597908,720
524752,680192,114,0.605183,720
521624,680192,114,0.614125,720
524944,680192,114,0.604629,720
524224,680192,115,0.606698,720
520480,680192,115,0.617248,720
520952,680192,114,0.615965,720
520152,680192,115,0.618134,720
523280,680192,115,0.609379,720
524280,680192,115,0.606401,720
521544,680192,114,0.614345,720
524336,680192,114,0.606378,720
526816,680192,113,0.599147,720
529488,680192,112,0.591052,720
528768,680192,113,0.593265,720
531704,680192,113,0.583933,720
528792,680192,114,0.593045,720
530608,680192,114,0.587259,720
528688,680192,113,0.593510,720
531568,680192,112,0.584419,752
530240,680192,113,0.588615,752
531088,680192,112,0.585869,776
529248,680192,112,0.591768,776
527064,680192,112,0.598528,776
531088,680192,112,0.586021,776
527264,680192,111,0.598075,776
526096,680192,111,0.601672,776
523760,680192,111,0.608542,776
527104,680192,111,0.598695,776
524720,680192,111,0.605805,776
527784,680192,111,0.596661,776
530808,680192,111,0.587209,776
534000,680192,111,0.576747,776
534384,680192,111,0.575312,776
534360,680192,112,0.575392,776
530728,680192,112,0.587309,776
527784,680192,113,0.596420,760
531616,680192,113,0.584393,760
528192,680192,113,0.595285,728
531360,680192,113,0.585311,728
531752,680192,113,0.583907,728
533632,680192,113,0.577646,728
532304,680192,113,0.582134,728
535832,680192,113,0.570267,728
533320,680192,113,0.578829,728
531704,680192,114,0.584061,728
533896,680192,114,0.576774,728
534752,680192,114,0.573760,728
531680,680192,114,0.583984,728
532960,680192,114,0.579693,728
532336,680192,115,0.581720,728
534168,680192,115,0.575552,728
530376,680192,116,0.587812,728
529520,680192,116,0.590631,728
531880,680192,116,0.583035,728
534416,680192,116,0.574564,728
530712,680192,115,0.586906,728
531096,680192,115,0.585539,728
528936,680192,115,0.592432,728
530184,680192,115,0.588414,728
529912,680192,115,0.589414,728
530840,680192,115,0.586350,728
529320,680192,114,0.591398,728
530184,680192,114,0.588564,728
527912,680192,114,0.595696,728
530840,680192,114,0.586502,728
529024,680192,114,0.592309,728
530136,680192,114,0.588715,728
527200,680192,114,0.597836,728
524224,680192,115,0.606538,728
522016,680192,115,0.612888,728
521352,680192,115,0.614850,728
519816,680192,114,0.619273,728
523056,680192,114,0.610256,728
525464,680192,114,0.603238,728
526264,680192,114,0.600756,728
530272,680192,114,0.588439,728
532304,680192,114,0.581824,728
531920,680192,113,0.583369,728
529488,680192,114,0.591027,728
529112,680192,115,0.592186,728
531656,680192,115,0.584061,728
530888,680192,115,0.586654,728
532040,680192,115,0.582830,728
528744,680192,115,0.593314,728
528432,680192,115,0.594411,728
532256,680192,115,0.582289,728
535784,680192,115,0.570431,728
538960,680192,115,0.585414,728
542552,680192,115,0.603305,728
541080,680192,116,0.608148,728
538056,680192,116,0.617883,728
536808,680192,116,0.621847,728
539232,680192,116,0.614214,728
536824,680192,116,0.621798,728
532816,680192,116,0.633691,728
534512,680192,116,0.628670,728
533584,680192,116,0.631497,728
534640,680192,116,0.628296,728
537520,680192,116,0.619532,728
539456,680192,116,0.613355,728
540696,680192,116,0.609236,728
537408,680192,116,0.619728,728
540784,680192,116,0.608952,728
536920,680192,115,0.621362,728
534016,680192,114,0.630251,728
535696,680192,114,0.625182,728
535888,680192,114,0.624467,728
535512,680192,113,0.625871,728
532176,680192,113,0.635635,728
535736,680192,113,0.625206,728
537160,680192,112,0.620778,776
534224,680192,112,0.629648,776
531888,680192,113,0.636308,776
533384,680192,113,0.631933,776
529360,680192,113,0.643250,776
533032,680192,113,0.632940,776
534504,680192,112,0.628577,816
531944,680192,112,0.636039,816
533224,680192,112,0.632277,816
531400,680192,112,0.637558,816
530544,680192,112,0.640054,816
530160,680192,112,0.641300,792
532000,680192,112,0.636084,792
529152,680192,112,0.644024,792
531776,680192,112,0.636710,792
533288,680192,112,0.632300,792
533592,680192,112,0.631290,792
529728,680192,111,0.642342,792
532688,680192,111,0.634009,792
530064,680192,111,0.641430,792
527984,680192,111,0.647129,792
527600,680192,111,0.648264,792
528440,680192,111,0.645923,792
530896,680192,111,0.639152,792
529200,680192,111,0.643895,792
528560,680192,110,0.645881,784
527344,680192,111,0.649079,784
529656,680192,111,0.642818,784
529792,680192,111,0.642321,784
533032,680192,111,0.633190,784
536152,680192,111,0.623941,784
533112,680192,112,0.632826,784
533176,680192,111,0.632529,824
530416,680192,111,0.640382,824
533520,680192,111,0.631543,824
531064,680192,111,0.638600,824
528248,680192,111,0.646347,824
524392,680192,111,0.656388,824
522320,680192,111,0.661605,824
521200,680192,110,0.664527,824
523752,680192,110,0.658218,824
523880,680192,110,0.657782,824
525328,680192,110,0.654033,824
526888,680192,110,0.649911,824
528744,680192,110,0.644901,824
525840,680192,110,0.652609,824
528680,680192,110,0.645072,824
525920,680192,110,0.652404,824
521936,680192,109,0.662534,824
519656,680192,108,0.668165,824
517976,680192,108,0.672144,824
517000,680192,109,0.674349,824
515064,680192,109,0.678742,824
516272,680192,108,0.676011,856
520264,680192,108,0.666780,856
518968,680192,107,0.670019,856
521856,680192,106,0.663207,864
524216,680192,106,0.657325,864
526752,680192,106,0.650781,864
528648,680192,106,0.645690,864
524976,680192,105,0.655426,864
528232,680192,105,0.646918,864
526824,680192,105,0.650822,824
530440,680192,105,0.641104,824
527000,680192,105,0.650408,808
530776,680192,105,0.640229,808
532816,680192,104,0.634530,816
530008,680192,104,0.642429,816
530304,680192,104,0.641496,816
528992,680192,104,0.645157,816
526568,680192,105,0.651502,816
525744,680192,105,0.653729,816
527208,680192,105,0.649849,816
525696,680192,104,0.653972,816
528352,680192,104,0.646981,816
528832,680192,104,0.645583,816
531128,680192,104,0.639240,816
528136,680192,105,0.647424,768
528544,680192,104,0.646326,776
525288,680192,104,0.654862,776
528400,680192,104,0.646707,776
525864,680192,104,0.653404,776
529304,680192,104,0.644303,776
525472,680192,105,0.654276,776
525600,680192,104,0.653871,808
524744,680192,104,0.656148,808
528232,680192,104,0.647066,808
525344,680192,105,0.654539,800
524064,680192,105,0.657861,800
525096,680192,105,0.655164,800
521656,680192,105,0.663725,800
522280,680192,104,0.662225,800
523808,680192,104,0.658376,800
523152,680192,104,0.660125,792
521712,680192,104,0.663725,792
524504,680192,104,0.656788,792
527440,680192,104,0.649183,792
526880,680192,104,0.650760,792
530624,680192,104,0.640689,792
528232,680192,104,0.647235,792
531160,680192,104,0.639218,792
529128,680192,104,0.644859,792
528288,680192,103,0.647340,792
528152,680192,103,0.647823,792
530952,680192,103,0.640185,792
529704,680192,102,0.643831,792
530232,680192,102,0.642277,792
532240,680192,102,0.636621,792
534696,680192,102,0.629486,792
533768,680192,103,0.632162,792
537816,680192,103,0.620046,792
534256,680192,102,0.630898,792
534936,680192,102,0.628787,792
533408,680192,102,0.633327,792
534960,680192,102,0.628717,792
532240,680192,103,0.636487,792
532176,680192,103,0.636800,792
528472,680192,103,0.646981,792
529600,680192,103,0.643852,792
530904,680192,103,0.640185,792
534216,680192,103,0.630737,792
531592,680192,103,0.638290,792
534424,680192,103,0.630135,792
531368,680192,104,0.638777,792
528184,680192,105,0.647361,792
524088,680192,104,0.658059,792
526024,680192,104,0.653078,792
529072,680192,103,0.645115,800
529176,680192,103,0.644709,800
527248,680192,103,0.649911,800
529576,680192,103,0.643637,800
527568,680192,103,0.649079,800
530416,680192,103,0.641365,800
528440,680192,102,0.646918,800
532368,680192,102,0.636106,800
529160,680192,103,0.644880,800
529344,680192,102,0.644367,808
526720,680192,102,0.651378,808
525304,680192,102,0.655104,808
522368,680192,102,0.662456,808
526032,680192,102,0.653261,808
526504,680192,102,0.651933,808
523384,680192,103,0.659753,808
520840,680192,103,0.665988,808
523048,680192,103,0.660575,808
522312,680192,103,0.662476,808
525568,680192,103,0.654317,808
521976,680192,103,0.637343,808
522520,680192,103,0.635807,808
525152,680192,103,0.628685,808
522560,680192,102,0.635828,808
519520,680192,102,0.643701,808
518072,680192,102,0.647395,808
515272,680192,102,0.654218,808
517560,680192,102,0.648641,808
520544,680192,102,0.641128,808
523168,680192,102,0.634236,808
521696,680192,102,0.638189,808
523592,680192,102,0.633118,808
523864,680192,102,0.632270,808
527376,680192,102,0.622560,808
524344,680192,102,0.630990,808
526672,680192,102,0.624520,808
523680,680192,102,0.632758,808
523384,680192,103,0.633541,808
519960,680192,103,0.642600,760
523800,680192,103,0.632567,760
527064,680192,103,0.623565,760
527144,680192,103,0.623208,760
525096,680192,104,0.628837,760
521360,680192,105,0.638682,760
525344,680192,105,0.628033,760
527432,680192,105,0.622134,760
524896,680192,105,0.629248,760
524952,680192,104,0.629075,768
522200,680192,105,0.636369,768
524592,680192,105,0.629916,768
520848,680192,104,0.639971,768
517024,680192,105,0.649454,768
514216,680192,105,0.656218,768
517584,680192,105,0.648097,768
521184,680192,105,0.638990,768
524032,680192,105,0.631417,768
521288,680192,106,0.638662,744
523536,680192,106,0.632673,744
522632,680192,106,0.635180,744
523496,680192,106,0.632779,744
521360,680192,106,0.638477,744
519816,680192,107,0.642399,744
523816,680192,107,0.631929,744
521456,680192,107,0.638230,744
522200,680192,107,0.636182,744
518360,680192,108,0.645903,744
519200,680192,107,0.643701,792
520176,680192,106,0.641250,792
516680,680192,106,0.649994,792
519520,680192,106,0.642901,792
517272,680192,106,0.648564,792
514248,680192,106,0.655865,792
515592,680192,106,0.652594,792
517272,680192,106,0.648447,792
515992,680192,107,0.651528,792
516176,680192,107,0.650974,792
513816,680192,107,0.656645,792
514832,680192,107,0.654162,792
513280,680192,108,0.657772,792
515344,680192,108,0.652841,792
513984,680192,108,0.656144,792
511312,680192,108,0.662349,792
512048,680192,108,0.660584,792
512528,680192,108,0.659384,792
510088,680192,108,0.664964,792
510696,680192,108,0.663510,792
508760,680192,109,0.667764,792
505920,680192,109,0.673912,792
505736,680192,110,0.674313,784
508960,680192,110,0.667347,784
508280,680192,110,0.668922,784
508432,680192,109,0.668577,792
508784,680192,109,0.667711,792
512176,680192,108,0.660167,800
508984,680192,107,0.667468,800
505312,680192,107,0.675360,800
508720,680192,107,0.668041,800
506888,680192,107,0.672063,800
508096,680192,107,0.669387,800
512192,680192,107,0.660239,800
512128,680192,108,0.660475,760
511520,680192,108,0.661955,760
509480,680192,109,0.666492,752
511808,680192,109,0.661216,752
514936,680192,109,0.653898,752
518592,680192,109,0.644954,752
517968,680192,110,0.646493,752
516288,680192,109,0.650801,752
518936,680192,109,0.644219,752
520544,680192,109,0.640052,752
516472,680192,109,0.650245,752
515632,680192,109,0.652366,752
517624,680192,109,0.647453,752
515296,680192,109,0.653162,752
511696,680192,109,0.661685,704
512136,680192,109,0.660584,704
512512,680192,109,0.659621,704
513872,680192,109,0.656385,704
510552,680192,109,0.664026,704
507144,680192,109,0.671521,704
510408,680192,109,0.664345,704
507280,680192,109,0.671232,704
505480,680192,110,0.675011,704
502368,680192,110,0.681440,704
500168,680192,110,0.685923,672
502128,680192,110,0.681982,672
504840,680192,110,0.676400,672
508088,680192,110,0.669473,672
510632,680192,110,0.663813,672
512776,680192,110,0.658873,672
510920,680192,110,0.663172,672
510080,680192,110,0.665140,672
509536,680192,111,0.666439,624
508112,680192,111,0.669730,576
504296,680192,112,0.677712,576
502712,680192,112,0.681009,576
500424,680192,112,0.685613,576
504144,680192,112,0.678120,576
507288,680192,112,0.671487,576
510752,680192,112,0.663866,576
508440,680192,111,0.669129,576
510824,680192,110,0.663830,616
510024,680192,110,0.665703,616
506208,680192,109,0.674079,616
507800,680192,109,0.670619,616
510416,680192,109,0.664840,616
513088,680192,109,0.658726,616
515984,680192,109,0.651853,616
518032,680192,109,0.646788,616
521040,680192,109,0.639133,616
517512,680192,108,0.648175,616
513472,680192,109,0.657735,616
516224,680192,109,0.651165,616
516080,680192,110,0.651509,616
517080,680192,110,0.648990,616
519272,680192,110,0.643482,616
517712,680192,111,0.647336,616
518056,680192,110,0.646415,648
514280,680192,110,0.655566,648
517800,680192,110,0.647043,648
515472,680192,110,0.652765,648
514416,680192,110,0.655361,648
518256,680192,110,0.646041,648
520840,680192,110,0.639440,648
518208,680192,111,0.646041,648
518760,680192,111,0.644557,648
517896,680192,112,0.646690,648
521432,680192,112,0.637674,648
518888,680192,112,0.644239,648
519288,680192,111,0.643202,664
516904,680192,112,0.649164,624
513448,680192,112,0.657440,624
510728,680192,112,0.663706,624
508760,680192,112,0.668128,624
508592,680192,113,0.668491,624
511280,680192,113,0.662475,624
513320,680192,113,0.657735,624
510968,680192,114,0.663065,624
513952,680192,114,0.656162,624
518032,680192,114,0.646297,624
517680,680192,114,0.647277,624
515096,680192,114,0.653597,624
513136,680192,115,0.658158,624
510272,680192,115,0.664716,624
509088,680192,115,0.667416,624
512384,680192,115,0.659985,624
514656,680192,115,0.654631,624
515608,680192,115,0.652271,624
512288,680192,114,0.660203,624
513688,680192,114,0.656885,624
511360,680192,114,0.662296,624
513784,680192,114,0.656663,624
516232,680192,114,0.650782,624
515304,680192,113,0.653219,624
514920,680192,113,0.654237,624
512944,680192,114,0.658854,608
513008,680192,113,0.658616,648
515432,680192,113,0.652860,648
518200,680192,113,0.646061,648
517944,680192,114,0.646690,648
518800,680192,114,0.644458,648
518400,680192,115,0.645488,632
518744,680192,115,0.644518,632
515008,680192,115,0.653672,632
515448,680192,115,0.652518,632
516272,680192,115,0.650437,632
518064,680192,115,0.645962,632
520360,680192,115,0.640093,632
517880,680192,116,0.646297,632
516672,680192,117,0.649242,632
513424,680192,117,0.657033,632
510872,680192,117,0.662940,632
514224,680192,117,0.655174,632
515352,680192,117,0.652404,632
518616,680192,117,0.644359,632
520032,680192,117,0.640682,632
515936,680192,118,0.650782,632
515176,680192,118,0.652708,632
516880,680192,118,0.648505,632
518688,680192,118,0.643941,632
516064,680192,117,0.650590,632
514472,680192,116,0.654594,632
517072,680192,116,0.648272,632
518248,680192,116,0.645271,632
515120,680192,115,0.653068,632
514848,680192,116,0.653710,632
517952,680192,116,0.646120,632
521336,680192,116,0.637467,632
521240,680192,116,0.637839,632
518280,680192,116,0.645429,632
521688,680192,116,0.636680,632
519696,680192,116,0.641896,632
521696,680192,115,0.636660,680
523568,680192,115,0.631609,680
521088,680192,114,0.638354,680
517824,680192,113,0.646788,680
517784,680192,113,0.647003,680
513784,680192,113,0.656645,680
510952,680192,114,0.663083,680
514776,680192,114,0.654218,680
515128,680192,114,0.653276,680
514992,680192,115,0.653597,680
514040,680192,116,0.655827,680
517176,680192,116,0.648253,680
518008,680192,116,0.646100,680
520840,680192,115,0.638990,680
519032,680192,116,0.643562,680
521376,680192,116,0.637488,680
525072,680192,116,0.627554,680
521456,680192,117,0.637157,680
525392,680192,117,0.626548,680
523032,680192,118,0.632949,664
525008,680192,118,0.627511,664
525528,680192,118,0.625956,664
524568,680192,117,0.628837,664
522872,680192,118,0.633372,664
524128,680192,118,0.629895,664
523752,680192,117,0.631161,664
525208,680192,117,0.627096,664
527696,680192,117,0.620035,664
525192,680192,117,0.627140,664
525256,680192,116,0.626877,696
523048,680192,117,0.632822,696
521504,680192,117,0.636991,696
524840,680192,117,0.628012,696
524776,680192,116,0.628555,656
522000,680192,116,0.636140,624
523144,680192,116,0.633012,624
520432,680192,115,0.640296,624
522688,680192,115,0.634341,624
524720,680192,115,0.628793,624
528320,680192,115,0.618645,624
524384,680192,115,0.629701,624
521224,680192,115,0.638148,624
520600,680192,115,0.639869,624
523648,680192,115,0.631801,624
526568,680192,115,0.623721,624
525456,680192,115,0.626921,624
526296,680192,115,0.624476,624
525440,680192,115,0.626965,624
527296,680192,115,0.621684,624
524232,680192,115,0.630239,624
526384,680192,115,0.624232,624
528512,680192,115,0.618096,624
527632,680192,115,0.620850,584
526784,680192,115,0.623431,560
527440,680192,115,0.621459,560
525696,680192,115,0.626439,560
527368,680192,114,0.621729,584
528904,680192,113,0.617337,592
528000,680192,114,0.619921,592
530704,680192,114,0.611945,592
529968,680192,114,0.614251,592
528728,680192,113,0.618119,592
532080,680192,113,0.608120,592
530128,680192,113,0.614064,592
527528,680192,113,0.621662,592
523624,680192,113,0.632461,592
524520,680192,112,0.630045,600
520696,680192,113,0.640052,600
521800,680192,113,0.637095,600
519328,680192,112,0.643621,600
522504,680192,111,0.635389,648
524344,680192,111,0.630389,648
527240,680192,111,0.622313,648
524064,680192,110,0.579908,648
526304,680192,109,0.572927,664
528736,680192,109,0.564980,664
527288,680192,109,0.569809,664
526456,680192,109,0.572600,664
527392,680192,108,0.569579,680
528864,680192,107,0.564771,696
526832,680192,107,0.571462,696
526672,680192,107,0.572120,696
530096,680192,106,0.560974,712
533120,680192,106,0.550518,712
530432,680192,106,0.559854,712
530560,680192,105,0.559292,752
526568,680192,104,0.572574,752
525112,680192,104,0.577287,744
524480,680192,104,0.579372,744
523376,680192,104,0.582858,744
521400,680192,104,0.588846,744
523696,680192,104,0.581896,744
526256,680192,104,0.573881,744
528024,680192,103,0.568245,752
527552,680192,103,0.569911,752
527896,680192,103,0.568657,752
530616,680192,103,0.559587,752
530552,680192,104,0.559908,720
527016,680192,104,0.571564,720
528640,680192,103,0.566230,760
531336,680192,103,0.557138,760
535424,680192,103,0.542689,760
534120,680192,103,0.547515,760
530720,680192,102,0.559533,760
529472,680192,102,0.563828,760
533320,680192,102,0.550657,760
535384,680192,102,0.543180,760
538832,680192,102,0.530239,760
535656,680192,103,0.542198,712
538688,680192,103,0.530787,712
538024,680192,104,0.533295,712
534912,680192,103,0.545044,712
538200,680192,103,0.532813,712
540912,680192,103,0.522186,712
540640,680192,103,0.523443,712
539640,680192,104,0.527328,712
543544,680192,104,0.544885,712
540280,680192,104,0.557238,712
538808,680192,105,0.562573,696
542680,680192,105,0.548234,696
546568,680192,105,0.566893,696
542488,680192,104,0.581987,696
544640,680192,103,0.574197,736
548376,680192,103,0.560045,736
545032,680192,103,0.572774,736
542200,680192,104,0.582850,736
543872,680192,104,0.576788,736
547792,680192,104,0.596797,736
544896,680192,104,0.606914,736
541024,680192,104,0.619623,736
543016,680192,104,0.613113,736
547024,680192,104,0.599486,736
546472,680192,104,0.601562,736
550488,680192,104,0.587064,736
549320,680192,104,0.591627,704
550800,680192,104,0.586026,704
547392,680192,104,0.598482,704
548256,680192,104,0.595268,704
544264,680192,103,0.609285,704
541472,680192,103,0.618465,704
538544,680192,103,0.627632,704
540744,680192,103,0.620749,704
544640,680192,103,0.608036,704
540816,680192,103,0.620524,704
539184,680192,103,0.625698,704
541584,680192,102,0.618262,704
539008,680192,103,0.626232,704
539272,680192,102,0.625284,752
536560,680192,102,0.633503,752
533976,680192,102,0.641011,752
537600,680192,102,0.630449,752
537880,680192,102,0.629475,752
538064,680192,101,0.628926,752
542160,680192,101,0.616127,752
540032,680192,102,0.622808,752
542728,680192,102,0.614149,752
538744,680192,102,0.626740,752
540640,680192,102,0.620774,752
537152,680192,102,0.631488,752
538824,680192,102,0.626353,752
535304,680192,102,0.636850,752
538704,680192,102,0.626716,752
537000,680192,102,0.631935,752
533896,680192,102,0.640967,752
537280,680192,102,0.631111,752
537152,680192,101,0.631865,720
540416,680192,101,0.621868,720
542112,680192,101,0.616383,720
538592,680192,101,0.627440,720
535056,680192,101,0.637922,720
534344,680192,102,0.639935,720
535480,680192,102,0.636576,720
537224,680192,102,0.631370,720
537576,680192,102,0.630188,720
534696,680192,101,0.638807,720
536424,680192,101,0.633712,720
536240,680192,101,0.634386,720
537376,680192,100,0.631064,720
536240,680192,100,0.634525,720
532848,680192,101,0.644114,712
529456,680192,101,0.653316,712
527616,680192,101,0.658168,712
528352,680192,101,0.656170,712
527320,680192,101,0.658916,712
524024,680192,100,0.667263,712
527208,680192,100,0.659319,712
526744,680192,100,0.660683,680
526944,680192,100,0.660063,680
530016,680192,100,0.652061,680
531408,680192,100,0.648240,680
533248,680192,100,0.643100,680
537216,680192,100,0.631653,680
534824,680192,101,0.638558,680
538824,680192,101,0.626716,680
537240,680192,101,0.631582,680
536032,680192,101,0.635334,648
532792,680192,102,0.644443,648
534408,680192,101,0.639845,688
536136,680192,101,0.634780,688
537320,680192,101,0.631182,688
534424,680192,101,0.639665,688
534808,680192,101,0.638445,688
533192,680192,102,0.643078,648
531128,680192,102,0.648818,648
534568,680192,102,0.639237,648
535616,680192,102,0.636117,648
533160,680192,102,0.643167,648
531696,680192,102,0.647293,648
530024,680192,102,0.651872,648
527728,680192,102,0.657924,648
523760,680192,102,0.667819,648
527048,680192,102,0.659641,648
529536,680192,102,0.653150,648
530696,680192,102,0.649970,648
532336,680192,102,0.645427,648
531808,680192,103,0.646861,648
529896,680192,103,0.652082,648
529624,680192,103,0.652920,648
530968,680192,103,0.649246,648
531192,680192,103,0.648518,648
534168,680192,103,0.640227,648
537336,680192,103,0.630969,648
536928,680192,103,0.632334,640
539776,680192,103,0.623645,640
535688,680192,104,0.635795,640
535384,680192,104,0.636805,640
536320,680192,104,0.633968,640
539024,680192,104,0.625795,640
535088,680192,104,0.637513,640
531744,680192,104,0.646926,640
529048,680192,105,0.654065,640
531864,680192,105,0.646471,640
528736,680192,106,0.654749,640
528512,680192,106,0.655451,640
527616,680192,107,0.657742,640
529472,680192,107,0.652836,640
532656,680192,107,0.644180,640
530984,680192,107,0.648840,640
528560,680192,107,0.655327,640
528176,680192,107,0.656436,640
527016,680192,107,0.659500,640
527040,680192,107,0.659319,640
525912,680192,106,0.662372,640
529008,680192,105,0.654459,672
529328,680192,105,0.653504,672
527240,680192,106,0.658856,672
527504,680192,106,0.658066,672
529200,680192,106,0.653587,672
532656,680192,106,0.644224,672
535376,680192,106,0.636461,672
537584,680192,106,0.629879,672
536688,680192,106,0.632686,664
538360,680192,106,0.627584,664
541776,680192,106,0.616867,664
541232,680192,106,0.618742,664
537632,680192,106,0.629903,664
539936,680192,106,0.622783,664
536560,680192,105,0.633200,664
540328,680192,105,0.621719,664
542944,680192,105,0.613269,664
540064,680192,105,0.622635,632
541368,680192,105,0.618414,632
538104,680192,106,0.628448,632
541960,680192,105,0.616408,672
539040,680192,105,0.625649,672
541344,680192,105,0.618364,672
539448,680192,105,0.624405,672
541976,680192,105,0.616357,672
541792,680192,106,0.616944,672
544552,680192,106,0.607796,672
544488,680192,107,0.608010,672
546904,680192,107,0.599625,672
545048,680192,108,0.605974,672
541352,680192,109,0.618035,672
543720,680192,109,0.610236,672
542360,680192,110,0.614665,672
544464,680192,110,0.607610,672
546296,680192,109,0.601314,696
543288,680192,109,0.611575,696
546632,680192,109,0.600153,696
543448,680192,109,0.611051,696
545864,680192,109,0.602797,696
545520,680192,110,0.603971,696
545640,680192,109,0.603562,696
544488,680192,109,0.607610,696
543968,680192,108,0.609655,696
545632,680192,108,0.603916,696
544456,680192,108,0.608036,696
544656,680192,107,0.607316,712
543816,680192,107,0.610262,712
544448,680192,107,0.608010,712
541224,680192,106,0.618767,712
544304,680192,106,0.608648,712
547296,680192,106,0.598286,712
544680,680192,106,0.607396,712
546288,680192,106,0.601782,712
543800,680192,106,0.610315,712
541376,680192,106,0.618288,712
543480,680192,106,0.611366,712
539560,680192,106,0.623940,712
535552,680192,107,0.635841,712
534080,680192,107,0.640272,672
537664,680192,107,0.629784,672
537536,680192,107,0.630425,632
535384,680192,108,0.636805,592
536472,680192,108,0.633526,592
540088,680192,108,0.622537,592
538192,680192,108,0.628448,592
535592,680192,109,0.636071,592
536200,680192,109,0.634177,592
534856,680192,108,0.638309,592
532080,680192,107,0.646276,592
530048,680192,107,0.651830,592
531408,680192,107,0.648089,592
530104,680192,107,0.651683,592
529184,680192,107,0.654273,568
529080,680192,107,0.654728,544
530416,680192,107,0.651114,544
534400,680192,107,0.640137,544
533096,680192,106,0.644026,544
531240,680192,106,0.649182,544
532192,680192,106,0.646493,544
528768,680192,107,0.655574,528
532512,680192,107,0.645536,528
534280,680192,107,0.640519,528
537872,680192,107,0.630022,528
541936,680192,107,0.651513,528
539120,680192,107,0.659601,528
538648,680192,107,0.661029,528
538720,680192,107,0.660700,528
538976,680192,107,0.659865,528
539592,680192,107,0.658027,528
541080,680192,107,0.653696,528
544440,680192,107,0.643686,528
542144,680192,107,0.650632,528
539072,680192,108,0.659336,528
537864,680192,108,0.662771,528
539096,680192,107,0.659336,552
540408,680192,107,0.655537,552
543136,680192,107,0.647513,552
540432,680192,107,0.655469,552
541024,680192,107,0.653651,552
540760,680192,108,0.654403,552
544352,680192,108,0.643734,552
546568,680192,108,0.636760,552
547808,680192,108,0.632669,552
544456,680192,109,0.643129,552
544600,680192,108,0.642643,568
543256,680192,109,0.646683,568
545736,680192,109,0.639007,568
543608,680192,108,0.645777,568
546736,680192,108,0.636030,568
546472,680192,108,0.637161,520
548320,680192,108,0.631120,520
547344,680192,109,0.634255,520
549064,680192,109,0.628537,520
545216,680192,109,0.640908,520
547624,680192,109,0.633208,520
543968,680192,110,0.644554,520
546312,680192,110,0.637212,520
544592,680192,110,0.642668,520
545432,680192,110,0.639948,520
543552,680192,109,0.645944,520
546344,680192,109,0.637262,520
545904,680192,109,0.638784,520
547248,680192,109,0.634408,520
547192,680192,109,0.634764,512
547384,680192,108,0.634128,520
544120,680192,108,0.644386,520
542336,680192,109,0.649676,520
540488,680192,109,0.655129,520
542864,680192,109,0.648127,520
544288,680192,109,0.643734,520
545920,680192,109,0.638585,520
542776,680192,109,0.648245,520
543616,680192,109,0.645610,520
540216,680192,109,0.655627,520
543776,680192,109,0.645131,520
541776,680192,109,0.651305,472
538392,680192,110,0.660832,472
541984,680192,110,0.650562,472
544888,680192,110,0.641766,472
541720,680192,109,0.651467,472
538264,680192,108,0.661444,472
537920,680192,109,0.662380,472
538944,680192,109,0.659446,472
540696,680192,108,0.654403,520
543984,680192,108,0.644650,520
543832,680192,108,0.645275,512
539912,680192,109,0.656640,512
536880,680192,109,0.665072,512
540400,680192,109,0.655265,512
542632,680192,109,0.648692,512
542672,680192,109,0.648433,512
539080,680192,109,0.658827,512
541232,680192,109,0.652620,512
537768,680192,109,0.662424,512
539400,680192,109,0.657804,512
537776,680192,110,0.662380,472
536384,680192,110,0.666243,472
532760,680192,111,0.675584,472
534904,680192,111,0.669997,472
531808,680192,112,0.677912,440
533256,680192,111,0.674195,480
537008,680192,110,0.664366,504
534600,680192,110,0.670825,504
534920,680192,110,0.669873,504
531736,680192,110,0.678050,504
530848,680192,110,0.680343,504
533728,680192,110,0.673059,504
534560,680192,110,0.670804,504
536728,680192,110,0.664987,504
536248,680192,110,0.666391,504
535592,680192,110,0.668246,504
532864,680192,110,0.675363,504
532544,680192,110,0.676284,504
535808,680192,110,0.667805,504
536592,680192,110,0.665605,504
535112,680192,110,0.669624,504
534248,680192,110,0.671977,504
538176,680192,110,0.661466,504
534272,680192,111,0.671792,504
531288,680192,110,0.679504,504
534576,680192,110,0.671134,504
538456,680192,110,0.660700,504
539912,680192,110,0.656528,504
542808,680192,110,0.648056,504
545392,680192,110,0.640121,504
544032,680192,110,0.644410,504
544424,680192,110,0.643080,504
543176,680192,110,0.646968,504
542344,680192,110,0.649560,504
545952,680192,110,0.638535,504
549496,680192,110,0.627007,504
546840,680192,111,0.635600,504
548904,680192,111,0.628800,504
546800,680192,111,0.635727,504
545104,680192,111,0.641154,504
545624,680192,111,0.639404,504
546704,680192,111,0.635878,504
543256,680192,110,0.646730,504
546248,680192,110,0.637462,504
544456,680192,110,0.643129,504
546096,680192,109,0.638012,528
545144,680192,108,0.641252,528
541904,680192,109,0.650911,528
539256,680192,109,0.658560,528
542688,680192,109,0.648622,528
545848,680192,109,0.638933,528
545008,680192,109,0.641814,480
543336,680192,110,0.646920,456
546144,680192,110,0.638236,456
546920,680192,110,0.635651,456
545520,680192,109,0.640318,456
548240,680192,109,0.631586,456
549912,680192,109,0.625944,456
546176,680192,109,0.638137,456
547344,680192,109,0.634306,456
544360,680192,108,0.643855,456
541560,680192,109,0.652113,456
539928,680192,108,0.657022,456
538760,680192,108,0.660393,456
539864,680192,108,0.657201,456
537648,680192,109,0.663290,456
537456,680192,110,0.663807,456
540800,680192,110,0.654426,456
543760,680192,110,0.645658,456
540272,680192,110,0.655920,456
540856,680192,110,0.654130,456
538096,680192,111,0.661815,456
542144,680192,111,0.650283,456
542184,680192,110,0.650143,464
544592,680192,110,0.642838,464
544616,680192,110,0.642619,464
542936,680192,110,0.647797,464
542832,680192,110,0.648245,464
544800,680192,110,0.642205,464
543840,680192,110,0.645251,464
547680,680192,110,0.633208,464
547864,680192,110,0.632463,464
547664,680192,110,0.633310,448
546432,680192,111,0.637287,424
547496,680192,111,0.633770,424
543888,680192,111,0.645083,424
546768,680192,111,0.636080,424
545632,680192,112,0.639627,424
548232,680192,112,0.631250,424
547568,680192,113,0.633387,424
549456,680192,113,0.627086,424
550624,680192,113,0.623017,424
548856,680192,114,0.628931,416
545424,680192,115,0.639849,416
548920,680192,115,0.628563,416
545480,680192,116,0.639528,416
548768,680192,116,0.628905,416
548328,680192,116,0.630498,416
549688,680192,116,0.625864,416
553312,680192,116,0.647024,416
551544,680192,117,0.652678,416
550088,680192,118,0.657200,416
548040,680192,118,0.663507,416
546704,680192,119,0.667407,416
550440,680192,119,0.690061,416
547768,680192,120,0.697316,416
548992,680192,120,0.693905,416
551024,680192,119,0.688226,440
555120,680192,119,0.714961,440
559048,680192,119,0.742639,440
558728,680192,119,0.743558,440
562760,680192,119,0.774204,440
560456,680192,120,0.779340,440
563504,680192,120,0.772383,440
562768,680192,120,0.774186,440
558768,680192,120,0.783058,440
555256,680192,120,0.790303,440
551208,680192,121,0.797975,440
548832,680192,121,0.802307,440
545544,680192,120,0.808052,440
542552,680192,120,0.812935,440
543576,680192,120,0.811242,440
540216,680192,120,0.816522,440
539360,680192,119,0.817945,440
541624,680192,119,0.814451,440
541272,680192,119,0.815065,440
540432,680192,119,0.816414,440
538912,680192,119,0.818748,440
541816,680192,119,0.814303,440
540392,680192,119,0.816546,440
540944,680192,118,0.815699,448
543440,680192,118,0.811750,448
542576,680192,117,0.813260,448
543560,680192,117,0.811636,448
544624,680192,117,0.809854,448
547224,680192,117,0.805472,448
551064,680192,117,0.798660,448
549168,680192,118,0.802041,448
546120,680192,118,0.807324,448
548448,680192,118,0.803295,448
552216,680192,118,0.796460,448
552400,680192,118,0.796029,448
550728,680192,119,0.799094,448
550208,680192,119,0.800114,448
551528,680192,119,0.797639,448
553904,680192,119,0.793098,448
551648,680192,119,0.797419,448
554968,680192,119,0.791040,448
551368,680192,118,0.798019,448
553152,680192,118,0.794619,448
551008,680192,118,0.798674,448
554944,680192,118,0.791181,448
552632,680192,117,0.795775,448
554112,680192,117,0.792884,448
553520,680192,117,0.794105,448
554696,680192,117,0.791757,448
557504,680192,116,0.786163,448
558104,680192,116,0.784829,448
560944,680192,115,0.778763,456
564672,680192,115,0.770174,456
561920,680192,116,0.776498,456
558336,680192,116,0.784330,456
562360,680192,116,0.816407,456
562824,680192,116,0.815458,456
560072,680192,117,0.820446,456
556784,680192,118,0.826064,456
555144,680192,119,0.828775,432
551648,680192,119,0.834276,432
549440,680192,119,0.837598,432
551984,680192,119,0.833770,432
553640,680192,118,0.831216,440
551752,680192,118,0.834180,440
551896,680192,118,0.833891,440
549056,680192,118,0.838150,432
550192,680192,117,0.836505,432
549912,680192,118,0.836914,432
548240,680192,118,0.839379,432
549568,680192,118,0.837413,432
547648,680192,117,0.840277,432
547168,680192,116,0.841077,432
548648,680192,116,0.838937,432
546384,680192,116,0.842153,432
548288,680192,116,0.839446,432
548048,680192,117,0.839840,392
549576,680192,116,0.837644,408
549408,680192,116,0.837955,408
546808,680192,116,0.841671,408
545744,680192,117,0.843117,408
548808,680192,117,0.838812,408
544712,680192,118,0.844431,408
541632,680192,118,0.848465,408
543872,680192,118,0.845535,408
544544,680192,118,0.844590,408
544760,680192,118,0.844240,408
543280,680192,118,0.846242,408
546464,680192,118,0.841945,408
545584,680192,119,0.843139,408
545192,680192,120,0.843664,408
548336,680192,120,0.839277,408
546728,680192,120,0.841583,408
547584,680192,120,0.840333,408
545088,680192,120,0.843803,408
543912,680192,120,0.845420,408
544216,680192,120,0.844959,408
541112,680192,120,0.848996,408
543440,680192,120,0.845972,408
546904,680192,120,0.841275,408
550496,680192,120,0.836095,408
551480,680192,120,0.834564,408
552304,680192,120,0.833248,408
555624,680192,119,0.827989,440
557176,680192,119,0.825359,440
559920,680192,118,0.820644,448
561744,680192,118,0.817288,448
559592,680192,119,0.821135,448
557760,680192,119,0.824406,424
559568,680192,119,0.821219,424
557424,680192,120,0.824891,424
556440,680192,120,0.826605,424
560432,680192,120,0.819695,424
561152,680192,120,0.818319,424
558568,680192,120,0.822951,424
562496,680192,120,0.855911,424
559616,680192,121,0.859973,424
558256,680192,121,0.861877,424
556352,680192,121,0.864432,424
552792,680192,121,0.868915,424
551568,680192,122,0.870369,424
555096,680192,122,0.866027,424
558208,680192,122,0.861941,424
556400,680192,122,0.864371,424
554768,680192,122,0.866497,424
557880,680192,122,0.862440,424
556240,680192,122,0.864638,424
559120,680192,121,0.860845,424
555240,680192,122,0.865907,424
555968,680192,121,0.864924,472
556864,680192,121,0.863709,472
560160,680192,121,0.859224,472
560504,680192,121,0.858678,472
560928,680192,121,0.858016,472
557760,680192,121,0.862409,472
560688,680192,121,0.858354,472
562912,680192,121,0.855094,472
559616,680192,121,0.859842,472
563376,680192,121,0.854409,472
561648,680192,120,0.857063,472
562488,680192,120,0.855783,472
560744,680192,120,0.858343,472
563384,680192,120,0.854469,472
562832,680192,120,0.855363,464
563040,680192,120,0.854988,464
559624,680192,120,0.859908,464
558168,680192,120,0.861941,464
560328,680192,120,0.858935,464
560464,680192,119,0.858745,464
557120,680192,118,0.863386,464
557480,680192,117,0.862904,472
554672,680192,117,0.866557,472
552800,680192,118,0.868848,472
550560,680192,119,0.871506,456
552312,680192,118,0.869432,472
554896,680192,118,0.866218,472
554040,680192,118,0.867339,472
555352,680192,118,0.865645,472
557464,680192,117,0.862883,504
557160,680192,117,0.863345,504
558696,680192,117,0.861245,504
558488,680192,118,0.861524,504
556192,680192,117,0.864658,504
559824,680192,117,0.859776,504
557784,680192,117,0.862588,504
561400,680192,117,0.857575,504
562080,680192,117,0.856535,504
558152,680192,117,0.823688,504
560296,680192,117,0.819880,504
557968,680192,116,0.824082,504
560816,680192,116,0.819039,504
558096,680192,116,0.823865,504
554504,680192,115,0.829909,504
556680,680192,115,0.826315,504
554488,680192,114,0.830010,504
551608,680192,115,0.834444,504
552520,680192,115,0.832992,504
549776,680192,116,0.837088,496
551080,680192,116,0.835101,496
553608,680192,116,0.831178,496
551168,680192,116,0.834970,496
550496,680192,116,0.836036,496
550920,680192,116,0.835339,496
550840,680192,117,0.835458,496
547944,680192,118,0.839638,496
549176,680192,118,0.837817,496
546744,680192,118,0.841308,496
549536,680192,118,0.837297,496
546200,680192,118,0.842054,496
548680,680192,118,0.838527,496
551488,680192,118,0.834348,496
554464,680192,118,0.829681,496
550744,680192,117,0.835529,496
552656,680192,117,0.832576,496
550440,680192,116,0.836048,496
551272,680192,116,0.834744,496
550496,680192,116,0.835966,496
552224,680192,116,0.833309,496
555360,680192,116,0.828325,496
551376,680192,115,0.834660,496
553664,680192,115,0.831091,496
552008,680192,116,0.833637,496
553768,680192,116,0.830854,496
550656,680192,116,0.835659,496
546928,680192,115,0.841121,496
546088,680192,116,0.842272,496
543896,680192,117,0.845200,496
541104,680192,117,0.848836,496
544760,680192,117,0.844059,496
548312,680192,117,0.839118,496
550904,680192,117,0.835292,496
549664,680192,117,0.837181,496
547320,680192,117,0.840578,496
545080,680192,117,0.843697,496
548296,680192,117,0.839209,496
551168,680192,116,0.835006,520
551112,680192,116,0.835173,512
548880,680192,116,0.838493,512
548272,680192,117,0.839356,512
546112,680192,117,0.842414,512
549424,680192,117,0.837713,512
547272,680192,116,0.840889,512
549592,680192,116,0.837540,512
551088,680192,116,0.835280,512
555056,680192,116,0.829095,512
557720,680192,116,0.824649,512
559504,680192,116,0.821512,512
561752,680192,116,0.817419,512
562536,680192,116,0.815889,512
561712,680192,116,0.817492,512
562168,680192,116,0.816569,512
560512,680192,117,0.819582,504
556992,680192,117,0.825719,504
555856,680192,117,0.827664,504
557448,680192,117,0.824958,504
558504,680192,117,0.823088,504
557504,680192,117,0.824864,504
553912,680192,116,0.830841,504
557984,680192,116,0.824136,504
556200,680192,116,0.827182,504
554528,680192,116,0.829947,504
557728,680192,116,0.824649,504
559160,680192,116,0.822124,504
559264,680192,116,0.821860,504
561344,680192,116,0.818088,504
560200,680192,116,0.820220,504
560664,680192,116,0.819310,504
557792,680192,117,0.824339,480
560152,680192,117,0.820178,480
556840,680192,117,0.825931,480
558504,680192,116,0.823047,528
556976,680192,117,0.825652,512
558712,680192,117,0.822634,512
555568,680192,117,0.827963,512
557424,680192,117,0.824824,512
555728,680192,117,0.827703,512
558000,680192,117,0.823851,512
554072,680192,117,0.830351,512
555232,680192,117,0.828428,512
552032,680192,117,0.833503,512
553480,680192,117,0.831203,512
551152,680192,117,0.834827,512
548304,680192,117,0.839039,512
548936,680192,117,0.838070,512
551032,680192,117,0.834935,512
549304,680192,118,0.837471,512
550000,680192,118,0.836388,512
549168,680192,117,0.837736,512
549960,680192,117,0.836517,512
549832,680192,118,0.836704,512
553488,680192,118,0.831116,512
551736,680192,118,0.833951,464
548360,680192,119,0.838892,464
550840,680192,119,0.835220,464
554320,680192,119,0.829808,464
553136,680192,118,0.831812,464
554232,680192,118,0.830023,464
550616,680192,118,0.835623,464
547360,680192,118,0.840366,464
545696,680192,119,0.842718,416
548752,680192,119,0.838402,416
549504,680192,119,0.837251,416
552488,680192,119,0.832736,416
552448,680192,120,0.832797,416
554416,680192,119,0.829656,464
552984,680192,118,0.832047,464
552384,680192,117,0.833114,464
556232,680192,117,0.826959,464
558360,680192,117,0.823320,464
556328,680192,118,0.826763,440
553504,680192,118,0.831390,416
556352,680192,118,0.826763,416
559904,680192,118,0.820644,416
559072,680192,118,0.822179,416
555416,680192,118,0.828363,416
552392,680192,119,0.833102,416
552696,680192,119,0.832564,416
551536,680192,119,0.834396,416
555408,680192,119,0.828299,416
554184,680192,119,0.830326,416
552688,680192,119,0.832723,416
552760,680192,118,0.832601,424
554272,680192,118,0.830175,424
556688,680192,118,0.826196,424
558184,680192,117,0.823607,472
555392,680192,117,0.828312,472
551368,680192,117,0.797800,472
553440,680192,117,0.793846,472
551360,680192,117,0.797815,472
552648,680192,116,0.795341,520
552456,680192,117,0.795715,512
554416,680192,117,0.791896,512
551800,680192,117,0.796933,512
553728,680192,117,0.793221,512
554336,680192,117,0.791958,512
551920,680192,117,0.796623,512
553584,680192,117,0.793404,512
553368,680192,116,0.793998,512
556208,680192,116,0.788365,512
554616,680192,117,0.791508,512
553312,680192,117,0.794105,512
556032,680192,117,0.788717,512
556816,680192,117,0.787043,512
555104,680192,117,0.790555,512
551280,680192,117,0.797888,512
552856,680192,116,0.794936,528
556056,680192,116,0.788638,528
552856,680192,116,0.794936,528
554504,680192,116,0.791695,528
551240,680192,116,0.797932,528
549384,680192,117,0.801266,528
546904,680192,116,0.805716,528
547072,680192,116,0.805350,528
545728,680192,116,0.807682,528
546800,680192,116,0.805810,528
542904,680192,115,0.812319,528
541240,680192,115,0.814979,528
537400,680192,115,0.820748,528
539352,680192,115,0.817826,528
541192,680192,115,0.814979,528
538824,680192,114,0.818677,528
540144,680192,114,0.816643,528
539720,680192,114,0.817350,528
540872,680192,114,0.815541,528
538024,680192,114,0.819847,528
541328,680192,114,0.814844,528
543104,680192,114,0.812004,528
546800,680192,114,0.805891,528
548440,680192,114,0.803004,528
545632,680192,113,0.807920,528
546840,680192,113,0.805824,528
545768,680192,113,0.807695,528
546240,680192,113,0.806831,528
543104,680192,113,0.812004,528
539736,680192,113,0.817254,528
542904,680192,112,0.812345,560
544992,680192,112,0.808918,560
541104,680192,112,0.815138,560
542976,680192,112,0.812155,560
539928,680192,112,0.816919,560
540248,680192,112,0.816365,560
540112,680192,113,0.816570,560
536376,680192,114,0.822027,560
534208,680192,113,0.825178,560
537816,680192,113,0.820032,560
534048,680192,112,0.825462,560
536480,680192,112,0.822016,560
536672,680192,111,0.821732,568
537864,680192,111,0.819951,568
534480,680192,110,0.824861,568
536992,680192,110,0.821276,568
535024,680192,111,0.824111,520
538928,680192,111,0.818465,520
538784,680192,112,0.818701,504
542032,680192,112,0.813721,504
540480,680192,111,0.816245,504
541288,680192,111,0.814942,504
539920,680192,111,0.817087,504
543768,680192,111,0.811063,504
541896,680192,111,0.814080,504
537848,680192,110,0.820275,504
540688,680192,110,0.816003,504
541360,680192,110,0.814906,504
540424,680192,110,0.816426,488
541936,680192,110,0.814043,488
540624,680192,110,0.816124,488
543152,680192,109,0.812181,512
540432,680192,109,0.816450,512
544088,680192,109,0.810692,512
541944,680192,109,0.814142,512
539744,680192,110,0.817481,512
538616,680192,110,0.819217,512
542480,680192,110,0.813310,512
546264,680192,110,0.807137,512
544480,680192,110,0.810139,512
545096,680192,110,0.809062,512
547568,680192,110,0.804861,512
544904,680192,109,0.809452,512
545040,680192,108,0.809192,536
541104,680192,108,0.815468,536
542992,680192,108,0.812471,536
542640,680192,107,0.813173,536
546224,680192,107,0.807324,536
542232,680192,106,0.813882,536
541512,680192,107,0.814991,536
538248,680192,107,0.819928,536
539360,680192,107,0.818229,536
543248,680192,107,0.812219,536
545512,680192,107,0.808499,536
541880,680192,108,0.814278,536
543200,680192,108,0.812143,536
539544,680192,108,0.817814,536
536280,680192,108,0.822603,536
534792,680192,108,0.824740,536
532728,680192,108,0.827595,536
534728,680192,108,0.824828,536
531200,680192,108,0.829603,536
530568,680192,108,0.830482,536
531528,680192,108,0.829176,536
527744,680192,108,0.834036,536
531384,680192,108,0.829364,536
532712,680192,108,0.827552,536
535448,680192,108,0.823767,536
534192,680192,109,0.825495,536
534288,680192,108,0.825309,576
533272,680192,108,0.826750,576
529368,680192,108,0.831899,576
533016,680192,108,0.827093,576
536904,680192,108,0.821663,576
535168,680192,109,0.824100,576
535272,680192,108,0.823922,600
538560,680192,108,0.819170,600
535720,680192,108,0.823299,600
532504,680192,109,0.827680,600
535544,680192,109,0.823477,600
532552,680192,110,0.827552,600
529264,680192,110,0.831879,600
532632,680192,110,0.827446,600
531136,680192,110,0.829541,552
534472,680192,110,0.825025,552
536968,680192,110,0.821470,552
533648,680192,109,0.826255,520
534776,680192,109,0.824652,520
535368,680192,109,0.823767,520
536496,680192,109,0.822118,520
536072,680192,109,0.822783,520
532232,680192,110,0.828019,520
530456,680192,110,0.830399,520
531424,680192,110,0.829082,520
529576,680192,109,0.831585,520
530624,680192,109,0.830183,520
533408,680192,109,0.826449,520
535920,680192,109,0.822929,520
535024,680192,109,0.824244,520
531776,680192,110,0.828620,520
530488,680192,111,0.830358,472
529072,680192,111,0.832222,472
531704,680192,110,0.828830,480
529632,680192,111,0.831504,480
533320,680192,111,0.826621,480
534744,680192,111,0.824619,480
535640,680192,111,0.823310,480
533800,680192,111,0.825908,480
537328,680192,111,0.820920,480
535376,680192,111,0.823745,480
532088,680192,111,0.828262,480
536128,680192,111,0.822693,480
539736,680192,110,0.817445,496
538896,680192,111,0.818689,496
538640,680192,111,0.819135,496
540184,680192,111,0.816775,496
542264,680192,111,0.813522,496
538600,680192,111,0.819123,496
538280,680192,111,0.819660,496
541776,680192,111,0.814352,496
540328,680192,112,0.816558,496
536816,680192,113,0.821698,496
534504,680192,113,0.824992,496
535904,680192,112,0.822985,544
533272,680192,113,0.826610,536
536728,680192,113,0.821766,536
532864,680192,113,0.827157,536
528848,680192,114,0.832363,536
525352,680192,114,0.836704,536
522856,680192,114,0.839683,536
524664,680192,113,0.837520,584
521816,680192,114,0.840816,584
523792,680192,114,0.838488,584
527224,680192,114,0.834322,584
530656,680192,114,0.829935,584
529160,680192,114,0.831910,584
528024,680192,114,0.833393,584
529160,680192,114,0.831910,584
528360,680192,114,0.832995,568
531240,680192,114,0.829259,568
530432,680192,115,0.830307,568
531976,680192,114,0.828283,576
533392,680192,114,0.826330,576
536616,680192,114,0.821800,576
538896,680192,114,0.818430,576
535008,680192,114,0.824055,576
536192,680192,113,0.822344,616
538576,680192,113,0.818842,616
539816,680192,113,0.816931,616
536976,680192,113,0.821161,616
540960,680192,113,0.815199,616
544416,680192,113,0.809686,616
541296,680192,113,0.814685,616
538920,680192,112,0.818406,616
540016,680192,112,0.816703,616
539288,680192,112,0.817933,568
541384,680192,112,0.814697,568
543800,680192,112,0.810833,568
540920,680192,112,0.815407,568
541896,680192,112,0.813833,568
538888,680192,112,0.818454,568
539496,680192,112,0.817481,568
539360,680192,113,0.817719,544
538120,680192,113,0.819614,544
538168,680192,113,0.819474,544
538504,680192,113,0.818912,544
536392,680192,113,0.822072,512
538664,680192,113,0.818724,512
536184,680192,113,0.822366,512
532568,680192,112,0.827456,512
528584,680192,112,0.832665,512
530944,680192,112,0.829593,512
527096,680192,112,0.834508,512
530704,680192,112,0.829904,512
533592,680192,112,0.826017,512
537040,680192,112,0.821150,512
536016,680192,113,0.822603,512
533408,680192,113,0.826265,512
535472,680192,113,0.823366,512
539312,680192,113,0.817767,512
536800,680192,114,0.821424,512
538264,680192,114,0.819240,512
535984,680192,114,0.822581,512
538408,680192,114,0.819030,512
535480,680192,114,0.823288,512
539544,680192,114,0.817350,512
539496,680192,114,0.817493,512
536968,680192,115,0.821184,512
541024,680192,115,0.815114,512
538048,680192,115,0.819626,512
534728,680192,115,0.824398,512
533944,680192,115,0.825539,512
531456,680192,115,0.828925,512
534240,680192,115,0.825135,512
535720,680192,115,0.823019,512
538104,680192,115,0.819544,512
541144,680192,115,0.814930,512
542640,680192,115,0.812534,512
538752,680192,114,0.818595,512
541160,680192,114,0.814906,512
538840,680192,113,0.818536,512
541656,680192,113,0.814216,512
537616,680192,113,0.820322,512
539840,680192,113,0.816979,512
536096,680192,114,0.822423,512
537688,680192,114,0.820079,512
535648,680192,115,0.822985,512
534824,680192,115,0.824199,512
538272,680192,115,0.819229,512
538912,680192,115,0.818217,512
537368,680192,116,0.820472,512
534440,680192,116,0.824663,512
532136,680192,116,0.827839,512
531024,680192,116,0.829364,512
528800,680192,116,0.832273,512
532864,680192,116,0.826933,512
534888,680192,116,0.824111,512
536808,680192,116,0.821344,512
533888,680192,116,0.825484,512
536648,680192,116,0.821572,512
537704,680192,116,0.819986,512
534856,680192,116,0.824089,512
533456,680192,117,0.826071,464
536040,680192,117,0.822434,464
538064,680192,117,0.819462,464
539200,680192,117,0.817719,464
537472,680192,118,0.820252,464
539432,680192,118,0.817302,464
538960,680192,119,0.818004,464
539184,680192,119,0.817600,464
537376,680192,119,0.820391,416
535416,680192,120,0.823176,416
532304,680192,121,0.827424,416
535776,680192,121,0.822603,416
537536,680192,121,0.820021,416
538056,680192,121,0.819194,416
535528,680192,122,0.822817,416
537152,680192,122,0.820437,416
533816,680192,122,0.825189,416
533208,680192,122,0.826082,416
534312,680192,122,0.824509,416
535840,680192,122,0.822310,416
532288,680192,121,0.827318,416
529840,680192,122,0.830523,416
531104,680192,122,0.828820,416
533104,680192,122,0.826092,416
529656,680192,122,0.830697,416
533632,680192,122,0.825375,416
530728,680192,123,0.829249,416
528504,680192,122,0.832222,416
527312,680192,122,0.833770,416
526160,680192,123,0.835182,416
526528,680192,123,0.834675,416
522464,680192,123,0.839554,416
524600,680192,123,0.836999,416
527280,680192,123,0.833690,416
531144,680192,123,0.828705,416
533800,680192,123,0.825080,416
532664,680192,123,0.826686,416
535824,680192,123,0.822265,416
535744,680192,124,0.822378,416
538240,680192,124,0.818713,416
534936,680192,124,0.823511,416
536000,680192,124,0.821947,416
532024,680192,124,0.827478,416
530528,680192,124,0.829509,416
530616,680192,124,0.829332,416
528056,680192,124,0.832665,416
528808,680192,124,0.831656,416
529776,680192,124,0.830358,416
525848,680192,124,0.835327,416
529128,680192,124,0.831188,416
527344,680192,124,0.833492,416
529256,680192,124,0.831025,416
528200,680192,124,0.832424,416
530744,680192,124,0.829103,416
530384,680192,125,0.829582,408
528472,680192,125,0.832091,408
524632,680192,125,0.836856,408
522216,680192,125,0.839738,408
519408,680192,125,0.842954,408
520200,680192,125,0.842022,408
520080,680192,125,0.842209,408
519168,680192,125,0.843271,408
522472,680192,124,0.839508,448
524960,680192,123,0.836560,472
522864,680192,123,0.839083,472
524776,680192,123,0.836780,472
525000,680192,123,0.836455,472
521312,680192,123,0.840807,472
521944,680192,123,0.840032,472
523400,680192,123,0.838291,472
521304,680192,122,0.840816,472
523528,680192,122,0.838198,472
525800,680192,122,0.835434,472
526552,680192,122,0.834459,472
525288,680192,122,0.836052,472
526792,680192,122,0.834164,472
523728,680192,122,0.837907,472
523384,680192,122,0.838366,472
525400,680192,122,0.835917,472
523128,680192,123,0.838609,472
525704,680192,123,0.835492,472
528192,680192,123,0.832363,472
526864,680192,124,0.834017,472
524952,680192,124,0.836398,472
526880,680192,124,0.833997,472
529104,680192,123,0.831148,520
528920,680192,124,0.831382,520
530944,680192,124,0.828705,520
530872,680192,125,0.828799,520
532008,680192,125,0.827232,520
529240,680192,125,0.830913,520
530880,680192,125,0.828726,520
528160,680192,124,0.832343,520
530272,680192,124,0.829582,520
526960,680192,123,0.833898,520
527568,680192,122,0.833114,544
526504,680192,122,0.834488,544
526304,680192,121,0.834850,544
527512,680192,120,0.833313,584
528368,680192,120,0.832182,584
525784,680192,121,0.835376,584
523256,680192,121,0.838469,560
525256,680192,121,0.836042,560
522216,680192,121,0.839674,560
524248,680192,121,0.837246,560
528088,680192,121,0.832504,560
527112,680192,121,0.833780,560
529456,680192,121,0.830769,560
527480,680192,120,0.833383,560
530552,680192,120,0.829416,560
530184,680192,120,0.829956,560
531128,680192,120,0.828663,560
530824,680192,119,0.829186,560
532552,680192,119,0.826836,560
528968,680192,119,0.831575,560
529152,680192,118,0.831341,560
528960,680192,118,0.831656,552
532200,680192,118,0.827382,552
528544,680192,118,0.832182,552
525944,680192,118,0.835453,552
529992,680192,118,0.830338,552
533848,680192,118,0.825156,552
532384,680192,119,0.827136,552
535832,680192,119,0.822332,552
535496,680192,119,0.822873,552
537600,680192,119,0.819800,552
537144,680192,118,0.820598,552
538072,680192,118,0.819182,552
535168,680192,118,0.823399,552
531888,680192,118,0.827924,552
533792,680192,118,0.825299,552
533160,680192,118,0.826222,552
534976,680192,118,0.823667,552
536688,680192,118,0.821184,552
532624,680192,118,0.826879,552
529640,680192,119,0.830790,552
529712,680192,118,0.830697,552
532656,680192,117,0.826782,592
531424,680192,117,0.828484,592
535128,680192,117,0.823399,592
531360,680192,116,0.828631,592
528624,680192,116,0.832212,592
531240,680192,116,0.828789,592
532240,680192,116,0.827403,592
529016,680192,115,0.831717,592
527376,680192,115,0.833829,592
527472,680192,115,0.833651,592
528600,680192,115,0.832182,592
525624,680192,115,0.835908,592
528384,680192,115,0.832454,592
525440,680192,116,0.836119,552
527616,680192,116,0.833403,552
524152,680192,117,0.837596,552
527384,680192,117,0.833631,552
524336,680192,117,0.837388,544
528136,680192,117,0.832705,544
527040,680192,116,0.834184,544
526968,680192,117,0.834282,536
526872,680192,117,0.834459,536
526960,680192,117,0.834292,536
529728,680192,117,0.830759,536
532016,680192,117,0.827712,536
529840,680192,117,0.830615,536
531192,680192,117,0.828799,536
528792,680192,117,0.831950,536
531760,680192,116,0.828093,552
531144,680192,117,0.828904,552
531912,680192,117,0.827828,552
529480,680192,116,0.831117,552
528384,680192,115,0.832624,552
529480,680192,115,0.831178,552
526640,680192,114,0.834841,552
526752,680192,114,0.834645,552
530240,680192,114,0.830204,552
526616,680192,113,0.793853,552
522688,680192,112,0.799805,552
524488,680192,112,0.797115,552
525336,680192,112,0.795785,552
523064,680192,112,0.799194,552
524760,680192,112,0.796642,552
521688,680192,113,0.801095,552
524072,680192,113,0.797586,552
523136,680192,113,0.799020,552
526888,680192,113,0.793365,552
524784,680192,113,0.796606,552
520984,680192,113,0.802155,552
519440,680192,114,0.804309,544
520000,680192,114,0.803471,544
517280,680192,114,0.807229,544
520064,680192,114,0.803382,544
522464,680192,114,0.799931,544
525104,680192,114,0.796000,544
523600,680192,114,0.798288,544
524680,680192,114,0.796630,544
521624,680192,113,0.801197,544
519560,680192,113,0.804144,544
518048,680192,113,0.806265,544
518136,680192,113,0.806082,544
519600,680192,113,0.804023,544
516072,680192,113,0.808824,544
513672,680192,113,0.811978,544
511856,680192,113,0.814310,544
514560,680192,113,0.810846,544
516576,680192,113,0.808162,544
514648,680192,113,0.810733,544
511968,680192,113,0.814172,544
514832,680192,113,0.810497,544
512808,680192,113,0.813126,544
511728,680192,113,0.814527,544
509320,680192,112,0.817564,544
508184,680192,113,0.818909,544
508888,680192,113,0.818021,544
509128,680192,112,0.817707,568
505272,680192,112,0.822286,528
502112,680192,112,0.825844,528
505808,680192,112,0.821677,528
504488,680192,112,0.823222,528
506248,680192,111,0.821220,536
509168,680192,111,0.817754,536
512880,680192,111,0.813166,536
514696,680192,111,0.810805,536
513048,680192,111,0.812956,536
513680,680192,110,0.812140,552
514976,680192,110,0.810424,552
517824,680192,110,0.806620,552
517208,680192,110,0.807506,552
514320,680192,110,0.811327,552
517816,680192,110,0.806695,552
521464,680192,110,0.801615,552
523432,680192,110,0.798731,552
522328,680192,110,0.800389,552
524784,680192,110,0.796748,552
523024,680192,109,0.799460,552
519184,680192,109,0.804911,552
522680,680192,109,0.799954,552
524088,680192,109,0.797844,552
522608,680192,108,0.800126,552
519376,680192,108,0.804714,552
522136,680192,108,0.800800,552
523744,680192,108,0.798416,552
522664,680192,108,0.800046,552
526712,680192,108,0.794000,552
523424,680192,107,0.799020,552
524392,680192,107,0.797539,552
522728,680192,107,0.800023,552
525576,680192,106,0.795785,600
524368,680192,107,0.797633,560
523736,680192,107,0.798626,560
521600,680192,107,0.801751,560
521576,680192,107,0.801852,560
518128,680192,107,0.806652,560
520512,680192,107,0.803338,560
521112,680192,107,0.802436,560
524928,680192,107,0.796879,560
521968,680192,108,0.801163,560
522560,680192,108,0.800252,560
524976,680192,108,0.796666,560
522336,680192,108,0.800572,560
518792,680192,108,0.780534,560
517664,680192,109,0.782246,560
516560,680192,108,0.784037,560
516736,680192,108,0.783705,560
520344,680192,108,0.778135,560
520664,680192,108,0.777558,560
522656,680192,108,0.774306,560
524760,680192,108,0.770771,560
521096,680192,108,0.776801,560
522328,680192,107,0.774823,568
519944,680192,107,0.778671,568
520784,680192,107,0.777281,568
518312,680192,106,0.781253,568
520136,680192,106,0.778372,568
518376,680192,107,0.781095,560
520432,680192,107,0.777847,560
516776,680192,107,0.783503,560
513016,680192,106,0.789093,560
515920,680192,106,0.784840,560
516512,680192,106,0.783895,560
514976,680192,106,0.786230,552
512520,680192,106,0.789802,552
514056,680192,106,0.787557,552
516088,680192,106,0.784534,552
515088,680192,106,0.786067,552
517256,680192,106,0.782798,552
516072,680192,106,0.784628,552
520072,680192,106,0.778497,552
518008,680192,106,0.781739,552
514912,680192,106,0.786392,552
516080,680192,106,0.784616,552
514872,680192,105,0.786520,552
515168,680192,104,0.786067,568
511528,680192,105,0.791229,568
515120,680192,104,0.786067,616
516840,680192,103,0.783491,648
513088,680192,104,0.788935,648
512232,680192,105,0.790139,648
510880,680192,105,0.792078,648
511672,680192,105,0.790919,648
512736,680192,105,0.789364,648
508984,680192,105,0.794616,624
509112,680192,105,0.794380,624
512336,680192,105,0.789892,624
510304,680192,105,0.792768,624
512336,680192,105,0.789892,624
511368,680192,105,0.791307,624
511736,680192,105,0.790730,624
508952,680192,105,0.794595,624
508360,680192,105,0.795449,624
506096,680192,105,0.798475,624
508768,680192,105,0.794905,624
511152,680192,105,0.791605,624
513384,680192,105,0.788413,624
511280,680192,105,0.791428,624
515040,680192,105,0.786033,624
513312,680192,106,0.788515,624
511344,680192,106,0.791340,624
512592,680192,106,0.789533,624
515560,680192,106,0.785204,624
513528,680192,106,0.788208,624
517184,680192,106,0.782798,624
516960,680192,106,0.783205,624
520480,680192,106,0.777746,624
518904,680192,107,0.780215,608
520080,680192,107,0.778322,608
517296,680192,108,0.782582,608
521280,680192,108,0.804988,608
518312,680192,108,0.809076,608
515432,680192,108,0.812885,608
518880,680192,108,0.808319,608
519216,680192,108,0.807804,608
518080,680192,108,0.809384,608
521648,680192,107,0.804477,656
517576,680192,107,0.810048,656
514056,680192,108,0.814563,656
515832,680192,108,0.812250,656
518720,680192,108,0.808405,656
514720,680192,107,0.813728,656
517672,680192,107,0.809859,656
515872,680192,106,0.812322,656
515728,680192,107,0.812507,656
512080,680192,108,0.817063,656
513544,680192,108,0.815202,656
515624,680192,108,0.812517,656
519528,680192,108,0.807319,656
516744,680192,108,0.811073,656
518072,680192,107,0.809331,656
517288,680192,107,0.810426,656
520776,680192,106,0.805705,688
518280,680192,105,0.809204,688
521176,680192,105,0.805220,688
517568,680192,105,0.810164,672
514432,680192,105,0.814252,672
516544,680192,105,0.811498,672
520280,680192,105,0.806472,672
518584,680192,105,0.808821,672
516560,680192,104,0.811601,672
519560,680192,104,0.807578,672
519392,680192,104,0.807869,672
520584,680192,104,0.806188,672
523704,680192,104,0.801756,672
519856,680192,104,0.807178,672
521528,680192,104,0.804821,672
520216,680192,104,0.806690,672
520528,680192,103,0.806264,672
516792,680192,103,0.811301,672
513032,680192,103,0.816112,672
516984,680192,103,0.811052,672
521032,680192,103,0.805573,672
519120,680192,104,0.808169,672
517800,680192,103,0.810048,672
515872,680192,103,0.812609,672
514032,680192,104,0.814933,672
518120,680192,104,0.809627,672
516128,680192,104,0.812281,672
512080,680192,104,0.817394,672
513656,680192,104,0.815400,672
515408,680192,104,0.813140,672
516560,680192,104,0.811601,672
517632,680192,104,0.810143,672
520416,680192,104,0.806352,672
518664,680192,104,0.808800,656
522072,680192,103,0.804153,656
518376,680192,103,0.809246,656
520104,680192,103,0.806864,656
516456,680192,104,0.811694,656
513488,680192,104,0.815529,640
509880,680192,104,0.819951,640
506432,680192,104,0.823985,640
506744,680192,104,0.823578,640
505768,680192,104,0.824731,640
505696,680192,105,0.824811,640
508560,680192,105,0.821495,640
505864,680192,105,0.824623,640
508864,680192,105,0.821142,640
509792,680192,105,0.819998,640
508608,680192,105,0.821486,600
506024,680192,104,0.824543,600
508920,680192,104,0.821179,600
507976,680192,104,0.822327,600
511424,680192,104,0.818216,600
511336,680192,105,0.818321,600
513048,680192,105,0.816181,600
514536,680192,105,0.814272,600
518144,680192,104,0.809574,640
521552,680192,104,0.804899,640
522024,680192,104,0.804175,640
519408,680192,105,0.807761,640
516224,680192,105,0.812014,640
512160,680192,106,0.817102,640
514496,680192,106,0.814151,640
511128,680192,106,0.818350,640
509104,680192,107,0.820750,640
510784,680192,107,0.818705,640
512168,680192,107,0.816975,640
513144,680192,107,0.815717,640
509736,680192,107,0.819894,640
512112,680192,107,0.816985,640
510192,680192,108,0.819297,640
513368,680192,108,0.815380,640
517232,680192,108,0.810394,640
513368,680192,107,0.815440,640
511192,680192,107,0.818158,640
508648,680192,107,0.821226,640
508304,680192,107,0.821718,608
512344,680192,107,0.816858,608
515800,680192,107,0.812476,608
516840,680192,107,0.811073,608
515216,680192,108,0.813160,608
513888,680192,109,0.814833,608
515608,680192,109,0.812599,608
514824,680192,108,0.813718,608
515704,680192,108,0.812538,608
516344,680192,108,0.811653,608
514920,680192,107,0.813596,608
515368,680192,106,0.812987,640
516256,680192,106,0.811787,640
512808,680192,106,0.816191,640
515808,680192,106,0.812363,640
513432,680192,106,0.815420,640
512688,680192,106,0.816397,640
509216,680192,105,0.820675,640
511048,680192,105,0.818446,640
512848,680192,105,0.816201,640
509496,680192,105,0.820290,640
507504,680192,106,0.822602,640
506896,680192,107,0.823324,616
504808,680192,107,0.825718,616
502984,680192,107,0.827764,616
505952,680192,107,0.824444,616
509344,680192,107,0.820497,616
510424,680192,107,0.819164,616
509952,680192,108,0.819724,616
513648,680192,108,0.815182,616
515232,680192,107,0.813140,656
515560,680192,107,0.812660,656
517992,680192,107,0.809437,656
514992,680192,107,0.813383,656
518584,680192,107,0.808651,656
515768,680192,108,0.812333,656
512376,680192,108,0.816643,656
508680,680192,108,0.821114,656
512072,680192,108,0.817014,656
511280,680192,109,0.817975,656
511992,680192,109,0.817053,656
510120,680192,109,0.819363,656
508512,680192,108,0.821365,656
510304,680192,108,0.819202,656
509552,680192,108,0.820149,656
510048,680192,107,0.819515,696
507536,680192,107,0.822501,696
511008,680192,107,0.818369,696
508592,680192,107,0.821282,696
509088,680192,107,0.820647,696
505592,680192,107,0.824704,696
508368,680192,106,0.821495,736
512376,680192,106,0.816662,736
511696,680192,107,0.817491,736
514776,680192,106,0.813637,768
511328,680192,107,0.817897,768
509600,680192,108,0.819960,768
512208,680192,108,0.816770,768
509288,680192,108,0.820328,768
509312,680192,108,0.820243,768
510864,680192,108,0.818341,768
510768,680192,108,0.818561,728
514016,680192,108,0.814523,728
514704,680192,108,0.813596,728
516288,680192,108,0.811508,728
514680,680192,108,0.813626,728
511288,680192,108,0.817878,728
510304,680192,109,0.819059,728
513408,680192,109,0.815221,728
512176,680192,110,0.816750,720
513616,680192,110,0.814913,720
515024,680192,110,0.813079,720
514528,680192,109,0.813829,720
513464,680192,110,0.815162,720
515248,680192,110,0.812854,720
518208,680192,110,0.808938,720
519176,680192,110,0.807578,720
517144,680192,111,0.810279,720
519160,680192,110,0.807578,736
517104,680192,111,0.810311,736
515280,680192,112,0.812671,736
517424,680192,112,0.809827,736
518928,680192,112,0.807761,736
517216,680192,112,0.810101,736
520744,680192,112,0.805286,736
518360,680192,112,0.808587,736
521984,680192,112,0.803559,736
519496,680192,112,0.807059,736
521952,680192,112,0.803604,736
519104,680192,112,0.807589,736
521480,680192,112,0.804265,736
520016,680192,112,0.806352,736
521536,680192,112,0.804187,736
518048,680192,113,0.808938,736
522088,680192,113,0.803345,736
519600,680192,113,0.806885,712
522624,680192,113,0.802622,712
522440,680192,113,0.802950,712
523256,680192,113,0.801721,712
519648,680192,113,0.806874,672
520512,680192,113,0.805628,672
517744,680192,113,0.809426,672
514840,680192,113,0.813251,672
514504,680192,114,0.813677,672
513664,680192,114,0.814793,672
512912,680192,114,0.815787,672
515416,680192,114,0.812578,672
511464,680192,114,0.817559,672
510496,680192,114,0.818782,672
513888,680192,114,0.814573,672
510584,680192,115,0.818667,632
507736,680192,115,0.822124,584
511584,680192,115,0.817520,584
507992,680192,115,0.821884,536
509840,680192,115,0.819667,536
512112,680192,115,0.816877,536
512824,680192,115,0.815945,536
511288,680192,114,0.817936,536
509800,680192,114,0.819771,536
508832,680192,115,0.820909,536
508160,680192,115,0.821746,536
511880,680192,115,0.817277,536
509272,680192,115,0.820450,536
511504,680192,115,0.817733,536
511328,680192,116,0.817946,536
509536,680192,116,0.820139,536
506896,680192,116,0.823251,536
508712,680192,116,0.821105,536
505608,680192,116,0.824704,536
506416,680192,116,0.823741,536
507912,680192,116,0.821977,536
505912,680192,117,0.824255,536
502024,680192,116,0.828624,536
505616,680192,116,0.824641,536
507456,680192,116,0.822501,536
508616,680192,116,0.821105,536
510504,680192,116,0.818820,536
508744,680192,116,0.820955,536
508856,680192,116,0.820769,536
512888,680192,116,0.815866,536
515280,680192,115,0.812803,584
515808,680192,115,0.812065,584
516208,680192,115,0.811488,584
513448,680192,114,0.815112,584
515576,680192,114,0.812363,584
519472,680192,114,0.807167,584
520128,680192,114,0.806209,584
518112,680192,115,0.808949,568
518480,680192,114,0.808416,600
517768,680192,115,0.809363,600
520856,680192,115,0.805120,600
520216,680192,116,0.806001,600
517544,680192,115,0.809722,600
518664,680192,115,0.808169,600
518112,680192,115,0.808991,584
521576,680192,115,0.804209,584
522888,680192,114,0.802303,624
521736,680192,114,0.803997,624
525808,680192,114,0.798059,624
524304,680192,114,0.800337,624
524280,680192,114,0.800442,624
526248,680192,114,0.797475,624
529560,680192,113,0.792342,664
528392,680192,113,0.794234,664
531704,680192,113,0.814744,664
530896,680192,113,0.815955,664
531008,680192,113,0.815730,664
529488,680192,113,0.817913,664
532920,680192,113,0.826589,664
530440,680192,113,0.829925,664
533096,680192,113,0.826352,664
529024,680192,113,0.831737,664
530968,680192,113,0.829176,664
528808,680192,113,0.832011,664
531704,680192,113,0.828210,664
528856,680192,113,0.831950,664
529832,680192,113,0.830646,664
528392,680192,113,0.832534,664
530208,680192,113,0.830162,664
529160,680192,112,0.831626,664
532536,680192,112,0.827168,664
529880,680192,112,0.830708,664
532744,680192,112,0.826890,664
530744,680192,112,0.829593,664
532952,680192,112,0.826610,664
530056,680192,113,0.830420,664
526000,680192,113,0.835541,664
525760,680192,113,0.835917,640
526176,680192,113,0.835357,640
522320,680192,114,0.839904,640
521688,680192,114,0.840698,624
525176,680192,114,0.836580,624
526672,680192,114,0.834714,624
530368,680192,114,0.830007,624
530608,680192,114,0.829634,624
526896,680192,114,0.834381,624
525600,680192,114,0.836014,624
525496,680192,114,0.836225,600
528832,680192,114,0.832061,600
532144,680192,114,0.827712,600
531560,680192,115,0.828484,600
533336,680192,115,0.826049,600
532272,680192,115,0.827542,600
535392,680192,115,0.823220,600
535280,680192,115,0.823444,600
533008,680192,115,0.826621,600
536232,680192,114,0.822174,600
538600,680192,114,0.818689,600
534568,680192,113,0.630290,600
537160,680192,113,0.622467,600
540768,680192,113,0.641258,600
539728,680192,113,0.644452,600
543608,680192,113,0.665855,600
540128,680192,112,0.675661,600
536088,680192,112,0.686190,600
532680,680192,113,0.694458,600
528832,680192,113,0.703392,600
531808,680192,113,0.696504,600
532024,680192,113,0.695888,600
530184,680192,113,0.700243,600
533832,680192,113,0.691597,600
535848,680192,113,0.686548,600
539816,680192,113,0.676235,600
536288,680192,114,0.685330,600
536512,680192,114,0.684647,600
534552,680192,115,0.689503,600
532136,680192,115,0.695400,600
534296,680192,115,0.690127,600
534336,680192,114,0.689932,640
532888,680192,114,0.693624,600
534064,680192,114,0.690689,600
532248,680192,114,0.695137,600
530168,680192,114,0.700061,600
526992,680192,113,0.707329,600
528184,680192,113,0.704616,600
530736,680192,113,0.698762,600
534240,680192,113,0.690379,600
531784,680192,113,0.696336,600
528448,680192,113,0.704032,600
530632,680192,113,0.699001,600
534456,680192,113,0.689854,600
532344,680192,113,0.695024,600
535656,680192,113,0.686906,600
534248,680192,114,0.690360,600
532752,680192,114,0.694061,600
532144,680192,114,0.695607,600
533088,680192,114,0.693263,600
535616,680192,114,0.687005,600
538968,680192,114,0.678344,600
537792,680192,113,0.681639,600
540896,680192,113,0.673345,600
539176,680192,113,0.678050,600
542688,680192,113,0.698302,600
542448,680192,112,0.699150,600
542960,680192,112,0.697734,600
541992,680192,111,0.700413,600
542904,680192,111,0.697998,600
542016,680192,112,0.700233,600
541832,680192,111,0.700931,600
539704,680192,112,0.706132,600
539304,680192,111,0.707319,600
540344,680192,111,0.704704,600
540520,680192,111,0.704160,600
544248,680192,111,0.726735,600
545896,680192,111,0.722743,600
543536,680192,111,0.728378,600
543888,680192,111,0.727457,600
543096,680192,111,0.729382,600
543128,680192,110,0.729291,608
541240,680192,110,0.733629,608
544488,680192,110,0.726159,608
540672,680192,111,0.734771,608
538896,680192,110,0.738800,608
540992,680192,109,0.734210,640
538288,680192,109,0.740116,640
537536,680192,109,0.741784,640
536408,680192,109,0.744198,640
532816,680192,110,0.751298,640
533744,680192,110,0.749408,640
535112,680192,110,0.746615,640
535544,680192,109,0.745686,672
534776,680192,108,0.747410,672
536256,680192,108,0.744344,672
534840,680192,108,0.747283,672
534800,680192,108,0.747473,664
534928,680192,107,0.747140,704
536848,680192,107,0.743169,704
535432,680192,106,0.746231,704
535832,680192,106,0.745331,704
539280,680192,106,0.738086,704
536160,680192,106,0.744669,704
539112,680192,106,0.738444,704
539584,680192,106,0.737334,704
538504,680192,105,0.739831,704
535216,680192,105,0.746662,704
536616,680192,105,0.743742,704
537776,680192,105,0.741253,704
534320,680192,105,0.748342,704
534008,680192,106,0.748955,704
534952,680192,106,0.746997,704
536688,680192,106,0.743398,704
534672,680192,107,0.747458,704
530800,680192,108,0.754904,704
529208,680192,109,0.757840,704
529464,680192,109,0.757285,704
528672,680192,109,0.758813,704
528016,680192,108,0.760165,704
524976,680192,108,0.765559,704
526280,680192,108,0.763228,704
527448,680192,108,0.761090,704
526744,680192,109,0.762332,704
529392,680192,109,0.757505,704
532136,680192,109,0.752294,704
532736,680192,109,0.751052,704
534480,680192,109,0.747553,704
533096,680192,108,0.750450,704
535896,680192,108,0.744814,704
534344,680192,109,0.747917,704
530376,680192,109,0.755604,704
531448,680192,109,0.753508,704
527936,680192,110,0.759964,704
529472,680192,110,0.757095,704
527088,680192,110,0.761473,704
530600,680192,110,0.755009,704
529024,680192,110,0.758000,704
526616,680192,109,0.762473,704
527072,680192,109,0.761586,704
527680,680192,109,0.760422,704
529224,680192,109,0.757548,704
528136,680192,109,0.759606,704
527208,680192,110,0.761260,704
529328,680192,110,0.757358,704
533048,680192,110,0.750264,704
533008,680192,111,0.750419,664
534848,680192,111,0.746710,664
533952,680192,110,0.748672,664
536008,680192,110,0.744474,664
534208,680192,110,0.748169,664
537056,680192,110,0.742330,664
534104,680192,110,0.748374,664
537536,680192,110,0.741336,664
535888,680192,110,0.744814,664
535928,680192,109,0.744652,704
532320,680192,110,0.751759,704
534856,680192,109,0.746774,720
534040,680192,109,0.748484,720
536256,680192,109,0.743954,720
535312,680192,109,0.745959,720
534720,680192,109,0.747235,720
536536,680192,109,0.743480,720
540512,680192,109,0.734980,720
538280,680192,110,0.739763,720
534928,680192,110,0.746726,720
536432,680192,109,0.743627,752
537312,680192,108,0.741718,800
533608,680192,108,0.749268,800
530472,680192,108,0.755337,800
533648,680192,108,0.749190,800
537464,680192,108,0.741403,800
533424,680192,108,0.749627,800
532264,680192,108,0.751958,800
533912,680192,108,0.748672,800
535472,680192,108,0.745476,800
535448,680192,109,0.745525,800
536776,680192,109,0.742726,800
533696,680192,108,0.749158,768
535432,680192,108,0.745621,768
535400,680192,108,0.745798,760
536880,680192,108,0.742693,760
534120,680192,108,0.748342,760
533672,680192,108,0.749377,728
537040,680192,108,0.742528,728
539680,680192,108,0.736870,728
537776,680192,108,0.741003,728
541040,680192,108,0.733911,728
538040,680192,108,0.740452,728
538760,680192,108,0.738834,728
538432,680192,108,0.739629,728
541632,680192,108,0.732602,728
541160,680192,108,0.733752,728
541456,680192,108,0.732993,728
539376,680192,108,0.737625,728
536152,680192,109,0.744344,728
533936,680192,109,0.748861,728
536752,680192,109,0.743120,728
540664,680192,109,0.734736,728
540856,680192,109,0.734210,728
537856,680192,109,0.740736,728
536816,680192,109,0.742989,728
538664,680192,109,0.739037,728
536440,680192,109,0.743856,680
540520,680192,109,0.735155,680
538688,680192,108,0.739291,680
542520,680192,108,0.730831,680
540296,680192,108,0.735850,680
538800,680192,107,0.739257,680
537624,680192,107,0.741817,680
538480,680192,107,0.739931,680
539208,680192,107,0.738290,680
536312,680192,107,0.744409,680
538480,680192,107,0.739831,680
538776,680192,107,0.739105,680
541192,680192,106,0.733823,712
540072,680192,107,0.736266,712
541560,680192,107,0.732904,712
537904,680192,108,0.740769,712
539768,680192,108,0.736715,712
536808,680192,109,0.742939,712
539256,680192,109,0.737710,712
535824,680192,110,0.744847,712
533232,680192,110,0.750078,712
535640,680192,110,0.745218,712
536536,680192,110,0.743300,712
533640,680192,109,0.749283,712
537448,680192,108,0.741602,720
533840,680192,108,0.748970,720
535264,680192,108,0.746055,720
531952,680192,108,0.752613,720
535904,680192,108,0.744766,720
533984,680192,107,0.748782,720
535544,680192,107,0.745589,720
531712,680192,107,0.753160,720
532984,680192,106,0.750635,768
528936,680192,107,0.758219,768
530080,680192,107,0.756034,768
525984,680192,107,0.763464,768
524560,680192,107,0.765996,768
527184,680192,107,0.761360,768
524440,680192,107,0.766200,768
526952,680192,107,0.761769,768
524720,680192,108,0.765641,768
527912,680192,108,0.759979,768
528032,680192,107,0.759706,800
525584,680192,107,0.764102,800
527976,680192,107,0.759807,800
526224,680192,107,0.762990,800
529808,680192,107,0.756477,800
529208,680192,107,0.757665,800
532464,680192,107,0.751483,800
532272,680192,108,0.751850,800
532632,680192,108,0.751067,800
529320,680192,108,0.757373,800
531184,680192,108,0.753825,800
529992,680192,109,0.756049,800
531536,680192,109,0.753069,800
528584,680192,108,0.758712,800
531536,680192,108,0.753160,800
527560,680192,108,0.760550,800
528640,680192,108,0.758523,800
526456,680192,109,0.762417,800
528920,680192,108,0.757986,816
526904,680192,109,0.761600,816
528312,680192,108,0.759044,840
527792,680192,108,0.760064,840
527336,680192,109,0.760877,840
523728,680192,109,0.767201,840
523600,680192,110,0.767416,840
524144,680192,110,0.766417,840
524400,680192,110,0.765900,840
523760,680192,109,0.767147,840
525464,680192,109,0.764158,840
527856,680192,109,0.759864,840
530360,680192,109,0.755203,840
528832,680192,108,0.758190,840
531192,680192,108,0.753734,840
528104,680192,108,0.759505,840
527224,680192,108,0.761161,840
528784,680192,108,0.758277,840
525664,680192,109,0.763811,840
527240,680192,109,0.760963,840
529016,680192,109,0.757680,840
525488,680192,109,0.764033,840
524320,680192,110,0.766037,840
524064,680192,110,0.766553,840
523696,680192,109,0.767336,840
521336,680192,109,0.771317,840
525096,680192,109,0.764957,840
526952,680192,109,0.761642,840
530128,680192,108,0.755901,840
530728,680192,108,0.754695,840
531584,680192,108,0.752993,840
529440,680192,108,0.757080,840
531288,680192,108,0.753553,840
528824,680192,109,0.758146,824
530096,680192,109,0.755723,824
527560,680192,110,0.760365,808
531592,680192,110,0.752857,808
530736,680192,110,0.754560,808
526920,680192,109,0.761671,808
529544,680192,109,0.756860,808
531088,680192,109,0.753900,808
529440,680192,110,0.756962,808
531160,680192,110,0.753674,808
530664,680192,110,0.754770,768
531864,680192,110,0.752416,768
531752,680192,110,0.752720,768
532760,680192,109,0.750713,808
530976,680192,110,0.754110,808
531176,680192,110,0.753644,808
529872,680192,109,0.756256,808
528544,680192,108,0.758856,808
524720,680192,108,0.765655,808
525280,680192,108,0.764613,808
521248,680192,108,0.771433,808
519528,680192,108,0.774268,808
521808,680192,108,0.770521,808
518496,680192,109,0.775877,768
521168,680192,109,0.771550,768
522952,680192,109,0.768540,768
524784,680192,109,0.765368,768
528688,680192,109,0.758407,768
524704,680192,109,0.765505,768
521440,680192,110,0.770952,768
517984,680192,110,0.776525,768
515640,680192,110,0.780176,768
519240,680192,110,0.774559,768
519928,680192,110,0.773390,768
520784,680192,110,0.771939,768
517296,680192,110,0.777514,768
519720,680192,110,0.773645,768
516936,680192,110,0.778066,768
514072,680192,109,0.782505,768
516984,680192,109,0.778066,768
519520,680192,109,0.774040,768
517976,680192,109,0.776537,768
518976,680192,109,0.774899,768
518872,680192,110,0.775063,768
521032,680192,110,0.771537,768
517600,680192,110,0.777045,768
515216,680192,110,0.780739,768
515352,680192,110,0.780464,768
517640,680192,110,0.776909,768
516568,680192,110,0.778628,768
515568,680192,110,0.780212,768
518176,680192,110,0.776152,768
519968,680192,109,0.773250,816
519424,680192,109,0.774192,816
523176,680192,109,0.768006,816
524080,680192,109,0.766403,816
522368,680192,108,0.769429,816
521288,680192,108,0.771278,816
519960,680192,108,0.773492,816
517712,680192,108,0.777094,816
516832,680192,109,0.778518,768
515152,680192,108,0.781192,768
518952,680192,108,0.775314,768
519128,680192,107,0.775013,784
517336,680192,108,0.777870,736
518584,680192,108,0.775865,736
522632,680192,108,0.769284,736
526632,680192,108,0.762389,736
527792,680192,107,0.760279,768
530992,680192,106,0.754381,792
528568,680192,106,0.758929,792
526232,680192,107,0.763074,792
525880,680192,108,0.763687,792
527880,680192,108,0.760079,792
525880,680192,109,0.763603,792
528160,680192,108,0.759534,816
530992,680192,108,0.754246,816
533640,680192,108,0.749080,816
533328,680192,108,0.749782,816
531208,680192,108,0.753930,816
528800,680192,109,0.758378,816
526744,680192,110,0.762051,816
528424,680192,110,0.758972,816
524472,680192,110,0.765982,816
524960,680192,110,0.765067,816
523496,680192,110,0.767631,816
524032,680192,110,0.766647,816
522488,680192,110,0.769310,816
522968,680192,109,0.768447,856
523872,680192,109,0.766850,856
524912,680192,109,0.764998,856
525080,680192,109,0.764627,856
522232,680192,110,0.769429,856
524968,680192,110,0.764737,856
522168,680192,110,0.769535,856
522728,680192,109,0.768527,904
520568,680192,110,0.772068,904
520344,680192,111,0.772429,904
519072,680192,111,0.774533,904
519672,680192,110,0.773518,944
521736,680192,110,0.770101,944
518960,680192,110,0.774710,904
522192,680192,109,0.769482,912
519328,680192,110,0.774116,912
516424,680192,110,0.778701,912
513320,680192,110,0.783395,912
516904,680192,110,0.777968,912
517168,680192,110,0.777489,912
517728,680192,110,0.776550,912
520528,680192,110,0.772042,912
518024,680192,110,0.776089,912
518672,680192,110,0.775000,912
517952,680192,110,0.776202,912
518120,680192,110,0.775865,912
515096,680192,111,0.780488,912
512296,680192,111,0.784671,912
509048,680192,111,0.789317,912
511208,680192,111,0.786227,912
511952,680192,111,0.785096,912
514856,680192,111,0.780775,912
514728,680192,111,0.781097,872
515760,680192,111,0.779477,872
513896,680192,112,0.782258,872
515360,680192,112,0.780008,872
512656,680192,112,0.784070,872
514752,680192,112,0.780918,872
511864,680192,113,0.785142,872
514392,680192,113,0.781382,872
513792,680192,113,0.782341,872
516128,680192,113,0.778774,872
513552,680192,114,0.782623,872
515160,680192,114,0.780164,872
511256,680192,113,0.786011,872
513424,680192,113,0.782811,872
512368,680192,114,0.784347,872
514264,680192,114,0.781501,872
511360,680192,114,0.785794,872
509880,680192,115,0.787884,872
507256,680192,115,0.791554,872
508176,680192,115,0.790239,872
507320,680192,115,0.791468,872
509720,680192,115,0.788107,872
513584,680192,115,0.782505,872
515432,680192,115,0.779682,872
514504,680192,114,0.781216,872
512864,680192,115,0.783628,872
514784,680192,115,0.780727,872
516640,680192,115,0.777845,872
514824,680192,115,0.780667,872
513336,680192,115,0.782939,872
515968,680192,115,0.778944,872
519048,680192,114,0.774103,912
515616,680192,114,0.779489,912
511528,680192,113,0.785634,912
514368,680192,113,0.781430,912
518416,680192,113,0.775176,912
516528,680192,113,0.778176,912
514168,680192,114,0.781726,912
510824,680192,114,0.786635,912
514768,680192,114,0.780835,912
515136,680192,114,0.780212,912
517760,680192,114,0.776127,912
515328,680192,115,0.779851,912
513792,680192,114,0.782282,912
515256,680192,114,0.780032,912
513888,680192,115,0.782069,912
517088,680192,115,0.777168,912
516728,680192,116,0.777723,912
519160,680192,116,0.773849,912
521288,680192,116,0.770337,912
520640,680192,116,0.771472,912
522816,680192,116,0.767806,912
522128,680192,116,0.769032,912
525544,680192,116,0.763144,912
523016,680192,116,0.767551,912
523176,680192,116,0.767201,912
520896,680192,117,0.771017,888
522176,680192,117,0.768833,888
520328,680192,117,0.771939,888
518200,680192,116,0.775477,888
521152,680192,116,0.770678,888
520248,680192,116,0.772223,888
521464,680192,116,0.770167,888
519192,680192,117,0.773836,888
522320,680192,117,0.768673,888
523256,680192,116,0.767026,936
519312,680192,116,0.773569,936
517456,680192,117,0.776488,936
521240,680192,117,0.770377,936
518632,680192,117,0.774647,936
522312,680192,117,0.768607,936
525984,680192,117,0.762248,936
522360,680192,116,0.768607,936
519232,680192,116,0.773773,936
520136,680192,115,0.772313,944
520752,680192,115,0.771238,944
519624,680192,114,0.773212,944
521576,680192,114,0.769970,944
520096,680192,114,0.772455,944
517752,680192,114,0.776239,944
519584,680192,113,0.773314,968
518120,680192,113,0.775702,968
522112,680192,113,0.769204,968
519904,680192,114,0.772802,968
520000,680192,113,0.772609,992
520136,680192,113,0.772313,992
517464,680192,113,0.776612,992
520832,680192,113,0.771186,992
518816,680192,113,0.774496,992
521504,680192,113,0.770088,992
520040,680192,113,0.772545,992
519192,680192,113,0.773976,992
522472,680192,113,0.768567,992
525424,680192,113,0.763464,992
522784,680192,112,0.768127,992
524240,680192,112,0.765587,992
523336,680192,112,0.767201,992
524264,680192,112,0.765546,992
523552,680192,113,0.766756,992
520584,680192,113,0.771745,992
524032,680192,113,0.765941,992
523736,680192,114,0.766471,976
527800,680192,114,0.759289,976
527912,680192,114,0.759001,976
525992,680192,114,0.762501,976
529160,680192,114,0.756727,976
526880,680192,114,0.760934,976
524064,680192,114,0.765914,976
526360,680192,114,0.761854,976
524232,680192,114,0.765628,976
523304,680192,115,0.767201,976
526432,680192,115,0.761727,976
528528,680192,115,0.757884,976
527360,680192,115,0.760079,976
530224,680192,115,0.754755,976
532408,680192,115,0.750512,976
530240,680192,115,0.754725,976
530864,680192,115,0.753462,976
530176,680192,115,0.754845,976
531968,680192,115,0.751360,976
529576,680192,114,0.756049,976
531472,680192,114,0.752400,976
529288,680192,114,0.756580,976
528728,680192,115,0.757694,928
532088,680192,115,0.751314,928
529672,680192,116,0.755930,896
531560,680192,116,0.752294,896
534224,680192,116,0.747013,896
532256,680192,116,0.750960,896
532904,680192,116,0.749611,896
532000,680192,117,0.751375,888
529464,680192,118,0.756152,888
533128,680192,118,0.749096,888
534008,680192,118,0.747267,888
530768,680192,118,0.753629,888
532568,680192,118,0.750093,888
530672,680192,118,0.753809,888
530072,680192,119,0.755009,848
531104,680192,119,0.752978,848
532728,680192,118,0.749798,880
529864,680192,118,0.755337,880
531528,680192,118,0.752110,880
528272,680192,118,0.758262,880
525624,680192,118,0.763060,880
527792,680192,118,0.759131,880
527496,680192,119,0.759663,880
530152,680192,119,0.754710,880
526792,680192,119,0.760920,880
530888,680192,119,0.753326,880
531552,680192,118,0.751973,928
531136,680192,119,0.752765,928
534064,680192,119,0.746981,928
530864,680192,119,0.753281,928
531632,680192,118,0.751820,928
528456,680192,119,0.757753,928
528344,680192,119,0.758044,928
532232,680192,119,0.750666,928
535960,680192,119,0.743153,928
533568,680192,120,0.748059,880
531136,680192,120,0.752857,880
530880,680192,119,0.753523,880
531024,680192,119,0.753160,880
531264,680192,119,0.752613,880
528848,680192,119,0.757212,880
528608,680192,119,0.757738,880
530312,680192,119,0.754501,880
526648,680192,119,0.761260,880
529896,680192,119,0.755277,880
532344,680192,118,0.750589,904
528312,680192,117,0.758320,904
530664,680192,117,0.753885,904
532088,680192,117,0.751083,904
530888,680192,117,0.753462,904
533080,680192,117,0.749158,904
529768,680192,116,0.755649,904
531672,680192,116,0.751973,904
528832,680192,115,0.757461,904
531336,680192,115,0.752705,904
528832,680192,114,0.757548,904
532080,680192,114,0.751375,904
528800,680192,114,0.757607,904
531128,680192,114,0.753190,904
527328,680192,114,0.760265,904
528168,680192,114,0.758668,904
526768,680192,115,0.761175,904
523176,680192,115,0.767457,904
525536,680192,115,0.763339,904
523752,680192,115,0.766485,904
526680,680192,115,0.761331,904
527744,680192,115,0.759347,904
525896,680192,115,0.762711,904
528040,680192,115,0.758813,904
525616,680192,116,0.763116,904
522392,680192,116,0.768687,904
520672,680192,116,0.771641,872
522416,680192,116,0.768700,872
526440,680192,116,0.761727,872
528872,680192,116,0.757270,872
526440,680192,116,0.761727,872
528704,680192,116,0.757578,872
526864,680192,116,0.760977,872
524864,680192,117,0.764475,872
524696,680192,116,0.764929,872
525352,680192,115,0.763770,888
528592,680192,115,0.757928,888
528824,680192,115,0.757417,888
526168,680192,115,0.762262,888
523304,680192,115,0.767268,888
524728,680192,115,0.764764,888
526368,680192,115,0.761826,888
523128,680192,115,0.767484,888
525296,680192,115,0.763700,888
521600,680192,115,0.770022,888
524144,680192,115,0.765682,888
521976,680192,114,0.769482,888
520416,680192,115,0.772029,888
520464,680192,115,0.771874,888
522440,680192,115,0.768554,888
520704,680192,114,0.771563,888
519080,680192,115,0.774217,856
520584,680192,115,0.771732,856
520768,680192,114,0.771381,888
516744,680192,114,0.777808,888
516864,680192,114,0.777550,888
516376,680192,115,0.778298,888
516672,680192,115,0.777772,888
516272,680192,116,0.778384,888
519736,680192,116,0.772891,888
517936,680192,116,0.775815,888
519976,680192,116,0.772506,888
518312,680192,116,0.775226,888
516360,680192,116,0.778323,888
512992,680192,116,0.783419,888
513200,680192,116,0.783045,888
515368,680192,116,0.779755,888
511360,680192,116,0.785703,888
507456,680192,117,0.791132,888
508152,680192,117,0.790119,888
511904,680192,117,0.784786,888
508040,680192,117,0.790272,888
509592,680192,116,0.788118,896
512376,680192,116,0.784093,896
510544,680192,117,0.786748,872
510080,680192,117,0.787469,872
513200,680192,117,0.782928,872
514008,680192,117,0.781667,872
510280,680192,117,0.787120,872
512872,680192,117,0.783337,872
509792,680192,118,0.787794,832
511656,680192,118,0.785085,832
508224,680192,118,0.789966,832
511072,680192,118,0.785920,832
509256,680192,119,0.788475,832
510168,680192,119,0.787132,832
509104,680192,119,0.788686,832
509976,680192,119,0.787402,832
506328,680192,118,0.792533,832
506672,680192,118,0.792007,832
503424,680192,119,0.796283,832
502864,680192,119,0.797064,832
503112,680192,119,0.796685,832
507032,680192,119,0.791457,832
505448,680192,119,0.793692,792
504680,680192,120,0.794703,792
502784,680192,120,0.797218,792
503664,680192,119,0.796025,840
499936,680192,118,0.755458,840
499800,680192,118,0.755736,840
501064,680192,118,0.753739,840
497184,680192,117,0.647468,840
495040,680192,116,0.652205,840
494000,680192,115,0.654559,840
492224,680192,116,0.658177,840
489536,680192,116,0.663603,840
490136,680192,116,0.662333,840
491984,680192,116,0.658563,840
489624,680192,117,0.663243,840
491416,680192,117,0.659605,840
493592,680192,117,0.655102,840
497072,680192,117,0.647708,840
498512,680192,117,0.644494,840
502096,680192,117,0.636396,840
500000,680192,117,0.641220,840
499840,680192,118,0.641575,840
499280,680192,118,0.642917,840
500408,680192,118,0.640312,840
502816,680192,118,0.634746,840
504376,680192,118,0.631008,840
502560,680192,118,0.635334,840
503024,680192,118,0.634156,840
507000,680192,118,0.624624,840
503416,680192,119,0.633138,840
507496,680192,119,0.623298,840
510520,680192,119,0.615625,840
508968,680192,120,0.619560,832
508792,680192,121,0.620039,816
506160,680192,121,0.626597,816
507200,680192,121,0.623962,816
509912,680192,121,0.617108,816
510920,680192,121,0.614419,816
510320,680192,121,0.616073,816
514216,680192,120,0.605884,824
512176,680192,120,0.611400,824
513552,680192,120,0.607655,824
511040,680192,119,0.614460,824
512904,680192,119,0.609495,824
510360,680192,118,0.616317,824
511472,680192,118,0.613349,824
510816,680192,119,0.615074,808
512632,680192,119,0.610251,808
509120,680192,118,0.619480,808
510648,680192,118,0.615503,808
509576,680192,118,0.618338,808
511144,680192,118,0.614234,808
508312,680192,118,0.621488,808
510872,680192,118,0.614931,808
507400,680192,118,0.623728,808
508752,680192,118,0.620278,808
508608,680192,119,0.620636,808
509720,680192,119,0.617734,808
507552,680192,120,0.623121,808
507736,680192,119,0.622572,848
503848,680192,120,0.631889,848
502016,680192,119,0.636341,848
503856,680192,119,0.631983,848
500728,680192,120,0.639148,848
504672,680192,120,0.629953,848
505184,680192,120,0.628626,848
503904,680192,120,0.631758,848
503992,680192,120,0.631440,848
503744,680192,120,0.632132,848
500496,680192,121,0.639560,848
501960,680192,121,0.636140,848
498392,680192,120,0.644424,800
494944,680192,120,0.651888,800
495120,680192,119,0.651486,816
494984,680192,120,0.651771,816
498336,680192,120,0.644511,816
502240,680192,120,0.635683,816
503240,680192,120,0.633268,816
501832,680192,120,0.636669,792
498904,680192,120,0.643321,792
501008,680192,120,0.638536,792
504016,680192,120,0.631515,792
503136,680192,121,0.633675,744
504232,680192,121,0.631008,744
503072,680192,121,0.633823,744
504624,680192,121,0.630085,744
503728,680192,122,0.632188,744
507168,680192,122,0.623865,744
503616,680192,121,0.632561,744
505024,680192,121,0.629139,744
504840,680192,122,0.629669,704
507160,680192,121,0.624001,744
504888,680192,121,0.629575,744
508936,680192,121,0.619620,744
505240,680192,121,0.628740,744
501864,680192,120,0.636815,744
498968,680192,120,0.643391,744
501424,680192,119,0.637922,744
503392,680192,119,0.633305,744
501296,680192,119,0.638211,744
497904,680192,119,0.645814,744
495520,680192,120,0.650898,744
492016,680192,121,0.658112,744
492216,680192,120,0.657660,768
490112,680192,119,0.662050,768
486872,680192,118,0.668496,768
486312,680192,118,0.669645,768
489672,680192,118,0.663103,768
489736,680192,117,0.662962,776
492240,680192,117,0.657886,776
493368,680192,117,0.655495,776
494216,680192,117,0.653651,776
491880,680192,117,0.658515,776
493760,680192,117,0.654592,776
495368,680192,117,0.651150,776
493528,680192,117,0.655069,776
496096,680192,117,0.649616,776
496376,680192,116,0.648954,808
496080,680192,116,0.649683,808
499960,680192,116,0.641167,808
496040,680192,116,0.649768,808
497544,680192,116,0.646453,808
494080,680192,115,0.653966,808
496680,680192,115,0.648409,808
492784,680192,115,0.656622,808
491040,680192,115,0.660228,808
491856,680192,115,0.658499,808
492912,680192,115,0.656263,808
488832,680192,115,0.664475,808
491568,680192,115,0.658981,808
491272,680192,115,0.659669,808
488608,680192,116,0.664910,808
487912,680192,115,0.666437,808
491752,680192,115,0.658804,808
490816,680192,116,0.660769,760
491488,680192,116,0.659333,760
488288,680192,116,0.665713,760
484824,680192,115,0.672437,760
486064,680192,115,0.670036,760
488376,680192,115,0.665544,760
486768,680192,114,0.668799,760
484920,680192,113,0.672437,760
488864,680192,113,0.664879,760
492824,680192,113,0.656931,760
494904,680192,113,0.652555,760
494256,680192,114,0.653899,760
496528,680192,114,0.649039,760
495600,680192,114,0.651100,760
495912,680192,114,0.650343,760
496608,680192,114,0.648767,760
494768,680192,115,0.652639,760
493912,680192,116,0.654411,760
495016,680192,116,0.652022,760
490968,680192,117,0.660276,760
495016,680192,117,0.651921,760
494400,680192,117,0.653303,760
495616,680192,117,0.650663,760
495432,680192,118,0.651117,728
499136,680192,118,0.643058,728
499840,680192,118,0.641397,728
496912,680192,118,0.647879,728
494320,680192,118,0.653436,728
491928,680192,117,0.658515,728
491256,680192,117,0.659957,728
493136,680192,117,0.656068,728
497032,680192,117,0.647828,728
496056,680192,117,0.650005,728
493600,680192,118,0.655118,728
492024,680192,118,0.658418,728
491400,680192,118,0.659765,728
488896,680192,118,0.664786,728
489680,680192,118,0.663165,728
491456,680192,118,0.659557,728
494416,680192,118,0.653436,728
495872,680192,117,0.650393,728
495408,680192,117,0.651469,728
491992,680192,117,0.658579,728
489432,680192,118,0.663650,728
488008,680192,118,0.666498,728
488520,680192,118,0.665420,728
491120,680192,118,0.660228,728
493864,680192,118,0.654576,728
490912,680192,119,0.660546,728
492536,680192,119,0.657190,728
494496,680192,119,0.653071,728
495208,680192,119,0.651486,728
496592,680192,118,0.648511,752
496392,680192,119,0.648988,728
495696,680192,119,0.650562,728
498568,680192,119,0.644302,728
500536,680192,119,0.639847,728
503280,680192,119,0.633490,728
501112,680192,119,0.638554,728
501208,680192,119,0.638229,728
499504,680192,119,0.642141,728
500104,680192,119,0.640704,728
496624,680192,120,0.648289,728
499216,680192,120,0.642565,728
497704,680192,120,0.645970,728
499360,680192,120,0.642247,728
495872,680192,120,0.649954,696
498400,680192,120,0.644424,696
496024,680192,120,0.649633,696
493264,680192,121,0.655381,696
490064,680192,122,0.661861,672
487800,680192,122,0.666360,672
491256,680192,122,0.659493,672
493120,680192,122,0.655626,672
491680,680192,121,0.658740,672
492376,680192,121,0.657239,672
495656,680192,121,0.650359,672
495544,680192,121,0.650696,672
496872,680192,120,0.647862,680
497960,680192,119,0.645467,704
495800,680192,119,0.650191,704
499280,680192,119,0.642582,704
497656,680192,119,0.646229,704
496656,680192,118,0.648579,704
494864,680192,119,0.652355,704
495432,680192,118,0.651066,752
498248,680192,118,0.644946,752
495720,680192,118,0.650461,752
495024,680192,118,0.652022,752
495168,680192,118,0.651620,752
493704,680192,118,0.654757,752
493096,680192,118,0.656100,752
496928,680192,118,0.647999,752
496416,680192,119,0.649090,752
496816,680192,119,0.648136,752
499168,680192,119,0.642935,752
495448,680192,119,0.651033,752
495736,680192,119,0.650326,752
498112,680192,119,0.645138,752
497072,680192,119,0.647485,752
496896,680192,119,0.647999,736
495520,680192,119,0.651016,736
493232,680192,119,0.655855,736
497192,680192,119,0.647468,736
494448,680192,119,0.653353,736
493208,680192,119,0.656002,736
495264,680192,119,0.651654,736
499040,680192,119,0.643462,736
501256,680192,119,0.638427,736
504784,680192,119,0.630180,736
503128,680192,119,0.634156,736
504024,680192,119,0.631964,736
502464,680192,119,0.635683,736
506248,680192,119,0.626693,736
508512,680192,119,0.621052,736
504552,680192,119,0.630726,736
506608,680192,119,0.625710,736
505048,680192,119,0.629556,736
502136,680192,118,0.636541,736
503528,680192,118,0.633230,736
506872,680192,118,0.625187,736
508944,680192,118,0.619979,736
507488,680192,118,0.623689,736
507688,680192,117,0.623161,752
505912,680192,117,0.627576,752
508160,680192,117,0.622001,752
507312,680192,117,0.624196,752
506800,680192,116,0.625671,752
505488,680192,116,0.629025,712
508264,680192,116,0.622198,712
511192,680192,116,0.614726,712
511864,680192,116,0.612874,712
509984,680192,117,0.617673,712
512968,680192,117,0.609873,712
509824,680192,117,0.618076,712
510824,680192,117,0.615421,712
507656,680192,117,0.623532,680
504536,680192,117,0.631121,680
506368,680192,117,0.626655,680
509576,680192,117,0.618659,680
509208,680192,118,0.619660,648
510912,680192,118,0.615238,648
510648,680192,118,0.616033,648
508816,680192,118,0.620755,648
511152,680192,118,0.614747,648
515040,680192,118,0.604400,648
513152,680192,118,0.609558,648
510376,680192,119,0.616723,648
510528,680192,119,0.616216,648
509928,680192,119,0.617855,648
509328,680192,119,0.619480,648
513184,680192,119,0.609474,648
516016,680192,119,0.601748,648
517568,680192,119,0.597322,648
514120,680192,119,0.606868,648
516624,680192,119,0.599945,648
512840,680192,120,0.610125,648
510872,680192,120,0.615340,648
513944,680192,120,0.607209,648
517096,680192,120,0.598504,648
516584,680192,121,0.599923,648
518144,680192,121,0.595433,648
515432,680192,121,0.603078,648
513792,680192,121,0.607613,648
514424,680192,121,0.605799,648
517448,680192,121,0.597389,648
513672,680192,122,0.607676,648
517704,680192,122,0.596537,648
515960,680192,121,0.601638,648
512120,680192,120,0.612128,648
515464,680192,120,0.603122,648
514272,680192,120,0.606462,648
513176,680192,120,0.609495,648
514272,680192,120,0.606462,648
516600,680192,120,0.600011,648
518832,680192,120,0.593619,648
514864,680192,121,0.604616,648
517136,680192,120,0.598393,648
513792,680192,120,0.607613,648
512760,680192,121,0.610334,648
512832,680192,120,0.610125,656
516648,680192,120,0.599724,656
514240,680192,119,0.606526,656
517392,680192,119,0.597791,656
514800,680192,119,0.605025,656
518080,680192,119,0.595862,656
514192,680192,119,0.606654,656
516128,680192,119,0.601287,656
512128,680192,120,0.611962,656
510776,680192,120,0.615564,656
510600,680192,121,0.616012,656
507648,680192,120,0.623611,656
510240,680192,120,0.617047,656
511632,680192,120,0.613370,656
511864,680192,119,0.612750,664
514264,680192,119,0.606312,664
513784,680192,120,0.607698,624
516648,680192,120,0.599812,624
515256,680192,120,0.603751,624
518656,680192,120,0.594187,624
517104,680192,119,0.598815,624
517160,680192,118,0.598660,624
513480,680192,119,0.608630,624
514264,680192,119,0.606419,624
510232,680192,119,0.617027,624
511288,680192,119,0.614213,624
507472,680192,119,0.623884,624
507072,680192,119,0.624974,624
505648,680192,120,0.628397,624
503456,680192,119,0.633768,624
503712,680192,119,0.633063,624
503456,680192,119,0.633768,624
503968,680192,118,0.632561,632
501632,680192,118,0.638030,632
501672,680192,118,0.637831,632
499992,680192,117,0.641805,632
499944,680192,117,0.642017,632
497200,680192,117,0.648084,632
494576,680192,117,0.653701,632
491624,680192,117,0.659797,632
494464,680192,117,0.653932,632
492400,680192,116,0.658338,632
492864,680192,115,0.657352,656
496072,680192,115,0.650629,656
493824,680192,115,0.655397,656
490296,680192,114,0.662664,656
493552,680192,114,0.656051,656
494944,680192,114,0.653088,656
495936,680192,113,0.650932,696
497824,680192,113,0.646815,696
498968,680192,113,0.644232,696
500264,680192,113,0.641273,696
501912,680192,113,0.637469,696
502456,680192,113,0.636122,696
500904,680192,113,0.639740,696
504496,680192,113,0.631402,696
503384,680192,113,0.634101,696
507144,680192,113,0.625091,696
504872,680192,114,0.630519,696
505200,680192,113,0.629688,720
502600,680192,114,0.635738,720
505560,680192,114,0.628721,720
504448,680192,114,0.631459,720
502272,680192,114,0.636596,720
503608,680192,114,0.633416,720
502280,680192,115,0.636487,712
498232,680192,115,0.645589,712
501440,680192,115,0.638391,712
499368,680192,115,0.643110,712
502528,680192,115,0.635921,712
499960,680192,114,0.540567,712
499432,680192,114,0.542196,712
497728,680192,114,0.547080,712
494992,680192,114,0.554629,712
496680,680192,114,0.549952,712
494992,680192,114,0.554629,712
495184,680192,114,0.553989,712
497984,680192,114,0.546240,712
494128,680192,114,0.556795,712
490960,680192,114,0.565128,712
489864,680192,114,0.568017,712
492816,680192,114,0.560357,712
493168,680192,114,0.559316,712
490576,680192,114,0.566102,712
486496,680192,114,0.576304,712
483488,680192,114,0.583554,712
485440,680192,114,0.578838,712
488712,680192,114,0.570769,712
492336,680192,114,0.561477,712
488392,680192,113,0.571679,712
485144,680192,114,0.579542,712
488336,680192,114,0.571698,712
488464,680192,113,0.571264,760
486232,680192,113,0.576825,760
487280,680192,113,0.574170,760
489296,680192,113,0.569078,760
490392,680192,113,0.566203,760
492400,680192,113,0.560939,760
493544,680192,113,0.557828,760
496728,680192,113,0.549166,760
495272,680192,113,0.553239,760
495568,680192,113,0.552314,760
493720,680192,113,0.557365,760
496184,680192,113,0.550648,760
495128,680192,113,0.553625,760
494584,680192,114,0.555077,760
498392,680192,114,0.544573,760
500032,680192,114,0.539817,760
497664,680192,113,0.546726,760
498192,680192,112,0.545219,776
494232,680192,112,0.556097,776
496784,680192,112,0.549100,776
494832,680192,112,0.554501,776
492048,680192,112,0.561932,776
494648,680192,112,0.554992,776
496376,680192,112,0.550213,776
496152,680192,113,0.550821,776
498576,680192,113,0.544015,776
495784,680192,113,0.551817,776
498240,680192,113,0.544952,776
496992,680192,113,0.548531,776
500648,680192,113,0.538148,776
497440,680192,113,0.547300,776
493848,680192,114,0.556985,776
497272,680192,114,0.547631,776
499816,680192,114,0.540386,776
498760,680192,115,0.543365,776
502168,680192,115,0.533467,776
501536,680192,115,0.535448,776
498560,680192,115,0.544059,776
498592,680192,115,0.543836,776
494600,680192,115,0.554864,776
494208,680192,115,0.556033,776
497464,680192,115,0.547102,776
496072,680192,115,0.551038,776
499504,680192,115,0.541406,776
499160,680192,114,0.542646,776
496632,680192,114,0.549777,776
497520,680192,114,0.547212,776
498488,680192,114,0.544394,776
502208,680192,114,0.533631,776
499992,680192,114,0.540158,776
496016,680192,113,0.551450,776
498088,680192,113,0.545641,776
500104,680192,113,0.539840,776
497080,680192,113,0.548422,776
498336,680192,113,0.544818,776
496520,680192,113,0.549952,776
495640,680192,112,0.552594,776
494664,680192,112,0.555332,776
497920,680192,112,0.546373,776
496184,680192,111,0.551385,776
494104,680192,111,0.557069,776
490952,680192,110,0.519815,776
491456,680192,110,0.518262,776
494000,680192,109,0.510877,808
496888,680192,109,0.502180,808
494600,680192,109,0.509125,808
491368,680192,109,0.518578,800
495400,680192,109,0.506792,800
493424,680192,108,0.512848,800
490232,680192,109,0.521893,800
491920,680192,109,0.517016,800
493208,680192,108,0.513264,824
491704,680192,109,0.517651,792
491424,680192,110,0.518532,760
490136,680192,111,0.522204,736
492968,680192,111,0.514070,736
492616,680192,111,0.515216,736
493936,680192,111,0.511273,736
494608,680192,110,0.509172,784
493392,680192,110,0.512848,784
496272,680192,110,0.504246,784
497264,680192,110,0.501117,784
496672,680192,110,0.503047,784
498416,680192,110,0.497604,784
497424,680192,110,0.500777,784
498800,680192,110,0.496422,784
494888,680192,110,0.508350,784
498480,680192,110,0.497408,784
501552,680192,110,0.487633,784
502048,680192,110,0.485890,784
505088,680192,110,0.475765,784
504968,680192,111,0.476166,784
504824,680192,111,0.476806,784
504920,680192,111,0.476326,784
503176,680192,111,0.482237,784
501080,680192,111,0.489238,752
503984,680192,111,0.479694,752
503024,680192,111,0.482993,752
501648,680192,111,0.487582,752
502096,680192,110,0.486096,768
503400,680192,109,0.481846,776
500856,680192,109,0.490176,776
503096,680192,109,0.482837,776
503872,680192,109,0.480142,776
507848,680192,109,0.466566,776
509064,680192,109,0.462155,776
506192,680192,109,0.472238,776
507728,680192,109,0.466815,776
505128,680192,110,0.475658,776
507528,680192,110,0.467341,776
506744,680192,110,0.470197,776
504192,680192,109,0.479087,776
504480,680192,108,0.478055,800
507336,680192,108,0.468250,800
506824,680192,109,0.470033,792
510456,680192,109,0.457153,792
509296,680192,109,0.461563,760
507432,680192,109,0.468223,760
509616,680192,109,0.460432,760
510504,680192,109,0.457096,760
509832,680192,110,0.459666,712
512488,680192,110,0.449888,712
509608,680192,110,0.460460,712
508392,680192,111,0.464732,712
511816,680192,111,0.452350,712
509488,680192,111,0.460885,712
507920,680192,110,0.466705,712
509512,680192,110,0.460969,712
510872,680192,109,0.456119,712
511856,680192,109,0.452380,712
509840,680192,109,0.459808,712
511176,680192,109,0.454849,712
509536,680192,109,0.460885,712
508000,680192,110,0.466261,712
510904,680192,110,0.455831,712
512496,680192,110,0.449858,712
512304,680192,110,0.450740,712
510848,680192,110,0.456205,712
512904,680192,110,0.448529,712
513376,680192,109,0.446599,760
511688,680192,109,0.452992,760
512272,680192,109,0.450682,760
511456,680192,108,0.454009,760
514008,680192,108,0.444414,760
513016,680192,109,0.448263,720
516392,680192,109,0.458807,720
515144,680192,108,0.463759,720
513088,680192,108,0.471330,720
516744,680192,108,0.483345,720
518952,680192,108,0.475197,720
515248,680192,108,0.488610,720
517424,680192,108,0.480744,720
514048,680192,109,0.492592,720
511696,680192,109,0.500692,720
509272,680192,110,0.508614,720
508248,680192,111,0.511886,720
504656,680192,112,0.523025,720
500680,680192,112,0.534916,720
499464,680192,112,0.538530,720
500096,680192,112,0.536593,720
497544,680192,113,0.543779,720
501488,680192,113,0.532436,720
504360,680192,113,0.523776,720
507304,680192,113,0.514562,720
509792,680192,113,0.506469,720
506040,680192,113,0.518498,720
506664,680192,113,0.516413,720
506704,680192,113,0.516139,720
502808,680192,114,0.528015,712
503704,680192,114,0.525197,712
506544,680192,114,0.516363,712
510640,680192,114,0.503098,712
510328,680192,115,0.504122,712
511584,680192,115,0.499813,712
507744,680192,115,0.512443,712
504304,680192,115,0.523243,712
506888,680192,115,0.515139,712
510464,680192,115,0.503518,712
507624,680192,115,0.512823,712
510288,680192,115,0.504096,712
508744,680192,115,0.509256,712
512488,680192,115,0.496782,712
511952,680192,115,0.498745,712
509552,680192,116,0.506651,712
508192,680192,117,0.511021,712
510248,680192,117,0.504227,712
510528,680192,116,0.503203,744
514328,680192,116,0.516352,744
511368,680192,116,0.526033,744
514184,680192,116,0.516824,744
511368,680192,116,0.526033,744
513352,680192,115,0.519665,752
512256,680192,115,0.523343,752
514408,680192,115,0.516220,752
512136,680192,115,0.523725,752
508328,680192,115,0.535722,744
506144,680192,115,0.542380,744
507752,680192,115,0.537458,744
506968,680192,114,0.540087,744
508080,680192,114,0.536616,744
505840,680192,115,0.543272,744
508048,680192,114,0.536616,776
506464,680192,113,0.541626,776
508400,680192,113,0.535698,776
506248,680192,113,0.542262,776
510016,680192,113,0.530754,776
509800,680192,114,0.531421,776
512504,680192,114,0.522781,776
513768,680192,114,0.518549,776
511112,680192,113,0.527341,776
511368,680192,113,0.526386,776
515456,680192,113,0.541272,776
514488,680192,113,0.544437,776
515600,680192,113,0.540820,776
512000,680192,113,0.552006,776
510872,680192,114,0.555355,776
511584,680192,114,0.553104,776
508680,680192,114,0.561723,776
511864,680192,113,0.552269,824
513800,680192,113,0.546261,824
510528,680192,113,0.556226,824
510496,680192,113,0.556461,824
514224,680192,113,0.545104,824
515888,680192,113,0.539762,824
515848,680192,113,0.540039,824
513640,680192,114,0.546997,792
513816,680192,113,0.546335,832
512496,680192,114,0.550349,832
513168,680192,114,0.548168,832
510312,680192,113,0.556976,832
511992,680192,113,0.551862,832
515424,680192,113,0.541197,832
511928,680192,113,0.552054,832
514360,680192,113,0.544511,832
510704,680192,113,0.555685,832
507448,680192,114,0.565064,832
510536,680192,114,0.556038,832
506864,680192,114,0.566705,832
507304,680192,114,0.565335,832
511104,680192,114,0.554221,832
508840,680192,114,0.560965,832
512592,680192,113,0.549890,840
510736,680192,113,0.555567,840
513400,680192,113,0.547437,840
510512,680192,113,0.556226,840
508952,680192,113,0.560896,840
509832,680192,113,0.558213,840
510016,680192,113,0.557537,840
508112,680192,113,0.563161,840
509432,680192,113,0.559235,840
509144,680192,113,0.560206,840
512048,680192,113,0.551527,840
509720,680192,112,0.558678,840
513528,680192,112,0.547192,840
509648,680192,113,0.558748,840
512232,680192,113,0.550975,840
508336,680192,113,0.562523,840
511160,680192,113,0.554173,840
509384,680192,113,0.559513,840
512592,680192,113,0.549890,840
508544,680192,114,0.561791,840
509648,680192,114,0.558469,840
508808,680192,114,0.561034,840
512328,680192,114,0.550541,840
511800,680192,115,0.552173,824
509488,680192,115,0.559119,824
512384,680192,115,0.550421,824
514768,680192,115,0.542972,824
512592,680192,114,0.549938,824
514744,680192,114,0.543196,824
514456,680192,114,0.544313,800
514160,680192,115,0.545228,800
516168,680192,115,0.538800,800
516488,680192,115,0.537630,800
513328,680192,114,0.547778,800
513368,680192,114,0.547510,800
513048,680192,114,0.548630,800
512896,680192,114,0.549237,800
511192,680192,114,0.554481,800
509120,680192,115,0.560528,800
511408,680192,115,0.553699,800
510296,680192,115,0.557116,800
