used_memory,heap_memory,free_blocks,external_fragmentation,internal_fragmentation
1936,1984,0,0.000000,0
5632,5728,0,0.000000,0
7168,7312,0,0.000000,0
8664,8856,0,0.000000,0
7168,8856,1,0.000000,0
5232,8856,2,0.435897,0
3696,8856,2,0.385965,0
0,8856,1,0.000000,0
4048,8856,1,0.000000,0
7648,8856,1,0.000000,0
7864,8856,1,0.000000,0
9544,10584,1,0.000000,0
9328,10584,1,0.000000,0
12736,14040,1,0.000000,0
9136,14040,1,0.000000,0
7456,14040,1,0.000000,0
10112,14040,1,0.000000,0
13320,14040,1,0.000000,0
10112,14040,1,0.000000,0
6704,14040,1,0.000000,0
7424,14040,1,0.000000,0
9864,14040,1,0.000000,0
10168,14040,1,0.000000,0
6120,14040,2,0.469602,0
8336,14040,2,0.332340,0
11184,14040,2,0.278317,0
8336,14040,2,0.332340,0
7616,14040,3,0.411301,0
9536,14040,3,0.566990,0
7320,14040,3,0.365915,0
4880,14040,3,0.543733,0
5256,14040,3,0.571023,0
4952,14040,3,0.588182,0
8472,14040,2,0.308397,40
12536,18152,2,0.308397,40
12936,18152,2,0.243740,40
14912,18152,2,0.421965,40
12256,18152,2,0.213450,40
8736,18152,2,0.128634,0
12088,18152,2,0.205634,0
13832,18152,2,0.300412,0
15088,18152,2,0.452012,0
17480,20592,2,0.452012,0
19776,22936,2,0.452012,0
21312,24520,2,0.452012,0
23880,27136,2,0.452012,0
19816,27136,2,0.211470,0
19920,27136,2,0.216381,0
22968,27136,2,0.410673,0
26720,30936,2,0.410673,0
29304,33568,2,0.410673,0
29336,33568,2,0.396675,0
33240,37520,2,0.396675,0
33208,37520,2,0.410673,0
34440,37520,2,0.346863,0
37624,40752,2,0.346863,0
36392,40752,2,0.410673,0
34000,40752,2,0.240489,0
32464,40752,3,0.397629,0
33360,40752,3,0.455556,0
32960,40752,4,0.487209,0
37032,44872,4,0.487209,0
37424,44872,4,0.452174,0
40808,44872,4,0.529255,0
40968,44872,4,0.494286,0
40864,44872,4,0.520325,0
37680,44872,5,0.481095,0
35112,44872,5,0.599634,0
31360,44872,5,0.418101,0
31640,44872,5,0.429319,0
34200,44872,5,0.274542,0
37752,44872,5,0.438830,0
41664,48832,5,0.438830,0
45256,52472,5,0.438830,0
44880,52472,6,0.471840,0
42320,52472,6,0.624889,0
43504,52472,6,0.565396,0
41584,52472,5,0.592805,0
42080,52472,5,0.627706,0
45184,52472,5,0.434954,0
49200,56536,5,0.434954,0
45848,56536,6,0.635593,0
48016,56536,6,0.523810,0
44912,56536,6,0.668466,0
44952,56536,6,0.671851,0
44968,56536,6,0.669797,0
44072,56536,7,0.696403,0
42888,56536,7,0.726684,0
38984,56536,7,0.562316,0
42616,56536,7,0.726236,0
42456,56536,8,0.729662,0
46096,60224,8,0.729662,0
46528,60224,8,0.719116,0
42936,60224,9,0.774031,0
42544,60224,9,0.780118,0
43416,60224,9,0.766995,0
47408,64264,9,0.766995,0
43392,64264,9,0.606982,0
44032,64264,9,0.592593,0
44744,64264,9,0.575421,0
41696,64264,9,0.637637,0
39952,64264,9,0.665969,0
41496,64264,9,0.641035,0
43760,64264,9,0.709297,0
39688,64264,9,0.741355,0
39048,64264,8,0.728887,0
42448,64264,8,0.707011,0
43448,64264,8,0.691164,0
42952,64264,9,0.698873,0
46832,64264,9,0.664827,0
49192,64264,9,0.776596,0
49176,64264,9,0.777647,0
45624,64264,10,0.792910,0
45800,64264,10,0.790170,0
45624,64264,10,0.792910,0
46488,64264,10,0.781281,0
47440,64264,10,0.766929,0
46440,64264,10,0.781925,0
48296,64264,10,0.795884,0
44912,64264,9,0.686520,0
46448,64264,9,0.656020,0
42816,64264,10,0.718763,0
40960,64264,10,0.743308,0
44472,64264,10,0.693252,0
46592,64264,10,0.651914,0
42712,64264,10,0.701039,0
44488,64264,10,0.671064,0
46824,64264,10,0.621457,0
44656,64264,11,0.667112,0
46768,64264,11,0.758220,0
48040,64264,11,0.736203,0
51264,64264,11,0.659301,0
51336,64264,11,0.655620,0
50464,64264,12,0.680695,0
46824,64264,12,0.715526,0
42832,64264,12,0.568819,0
40472,64264,13,0.614938,0
41904,64264,13,0.587252,0
44704,64264,13,0.681552,0
48056,64264,13,0.835379,0
51976,68232,13,0.835379,0
54944,71248,13,0.835379,0
52360,71248,13,0.784064,0
53448,71248,13,0.768570,0
52192,71248,12,0.786778,0
48792,71248,12,0.790617,0
50128,71248,12,0.775561,0
48696,71248,12,0.791586,0
47360,71248,12,0.804631,0
50264,71248,12,0.800418,0
51688,71248,12,0.783808,0
51408,71248,12,0.787744,0
54832,71248,12,0.837734,0
55488,71248,12,0.837572,0
58752,74560,12,0.837572,0
58816,74560,12,0.836247,0
57728,74560,12,0.772336,0
60800,74560,12,0.813351,0
59256,74560,12,0.835633,0
59360,74560,12,0.833738,0
62288,77536,12,0.833738,0
62440,77536,12,0.831177,0
65072,80216,12,0.831177,0
67040,80216,12,0.805252,0
64928,80216,12,0.708714,0
68824,84160,12,0.708714,0
71136,84160,12,0.801634,0
70424,84160,12,0.814712,0
68304,84160,12,0.720794,0
66336,84160,12,0.756619,0
69104,84160,12,0.830025,0
72192,87296,12,0.830025,0
69856,87296,11,0.662839,0
66432,87296,10,0.716893,0
66584,87296,10,0.713857,0
63952,87296,11,0.749248,0
66536,87296,10,0.713857,48
63448,87296,11,0.754509,48
62584,87296,12,0.763894,48
63056,87296,12,0.758333,48
64456,87296,12,0.741373,48
65728,87296,12,0.723695,48
62824,87296,13,0.759813,48
60056,87296,13,0.786833,48
59984,87296,14,0.787444,48
63216,87296,14,0.824780,48
65232,87296,14,0.811741,48
67968,87296,14,0.780867,48
66544,87296,15,0.797826,48
69448,87296,15,0.833765,48
72224,90120,15,0.833765,48
73544,90120,15,0.817614,48
74848,90120,15,0.798240,48
75944,90120,15,0.778315,48
76920,90120,15,0.756818,48
75968,90120,15,0.777855,48
73000,90120,16,0.795705,48
77008,94176,16,0.795705,48
79648,94176,16,0.783108,48
81456,94176,16,0.778045,48
85528,98296,16,0.778045,48
85640,98296,16,0.774430,48
84240,98296,16,0.803407,48
84832,98296,16,0.791573,48
87912,101424,16,0.791573,48
87800,101424,16,0.794663,48
88272,101424,16,0.784268,48
90296,101424,16,0.814634,48
91904,103080,16,0.814634,48
93472,104696,16,0.814634,48
91664,104696,16,0.744630,48
88400,104696,16,0.731299,48
91304,104696,16,0.753456,48
92960,104696,16,0.825528,48
95424,107208,16,0.825528,48
96584,107208,16,0.878465,48
93808,107208,16,0.642912,48
94856,107208,16,0.719237,48
97784,110184,16,0.719237,48
94856,110184,17,0.759211,48
92880,110184,17,0.793570,48
91224,110184,18,0.815152,48
94352,113360,18,0.815152,48
93920,113360,18,0.820588,48
94800,113360,18,0.831601,48
98384,116992,18,0.831601,48
101576,120232,18,0.831601,48
105032,123736,18,0.831601,48
101840,123736,19,0.828239,48
100232,123736,20,0.841918,48
97496,123736,20,0.861072,48
96616,123736,20,0.866466,48
96552,123736,21,0.866822,48
93200,123736,21,0.873429,48
95424,123736,21,0.861970,48
92960,123736,21,0.802956,48
93848,123736,21,0.796041,48
95952,123736,21,0.778140,48
91880,123736,22,0.809737,48
94568,123736,22,0.789604,48
97368,123736,22,0.763561,48
94288,123736,21,0.770547,48
96840,123736,21,0.769335,48
95568,123736,21,0.781561,48
99048,123736,21,0.840569,48
102952,127688,21,0.840569,48
104688,127688,21,0.826051,48
103368,127688,21,0.837405,48
105240,127688,21,0.821008,48
106120,127688,21,0.863074,48
108592,127688,20,0.877687,56
109840,127688,20,0.884487,56
113008,130904,20,0.884487,56
112120,130904,21,0.891224,56
109432,130904,21,0.807127,56
112816,130904,21,0.886013,56
115024,133160,21,0.886013,56
114432,133160,20,0.843849,56
112864,133160,21,0.858437,56
109632,133160,22,0.838529,56
111480,133160,22,0.821634,56
115560,137288,22,0.821634,56
117760,137288,22,0.895665,56
118264,137288,22,0.891906,56
120232,139304,22,0.891906,56
117432,139304,22,0.809335,56
118536,139304,22,0.864128,56
117488,139304,22,0.848057,56
114688,139304,23,0.866106,56
118776,143440,23,0.866106,56
117528,143440,23,0.873919,56
115264,143440,24,0.885584,56
112624,143440,25,0.896725,56
111968,143440,25,0.893299,56
111088,143440,26,0.896571,56
113768,143440,26,0.885705,56
117560,147280,26,0.885705,56
117664,147280,26,0.885033,56
120232,147280,26,0.872069,56
123928,151024,26,0.872069,56
125528,151024,26,0.862287,56
123424,151024,26,0.874789,56
123864,151024,26,0.872157,56
126168,151024,26,0.857745,56
122472,151024,27,0.849511,56
122368,151024,27,0.850437,56
124352,151024,27,0.837037,56
124200,151024,27,0.838462,56
126848,151024,27,0.869203,56
128328,151024,27,0.858491,56
129648,151024,27,0.909301,56
133256,154680,27,0.909301,56
134944,156416,27,0.909301,56
135104,156416,27,0.908197,56
138936,160296,27,0.908197,56
142584,163992,27,0.908197,56
142480,163992,27,0.909006,56
143952,163992,27,0.909369,56
141728,163992,28,0.876004,56
143328,163992,28,0.912574,56
141728,163992,28,0.893399,56
145416,167728,28,0.893399,56
143392,167728,27,0.852014,56
144968,167728,27,0.896267,56
148592,171400,27,0.896267,56
145688,171400,26,0.809630,56
142000,171400,27,0.837580,56
143472,171400,27,0.843729,56
144080,171400,27,0.839261,56
145808,171400,27,0.825775,56
142880,171400,27,0.847250,56
141400,171400,27,0.856342,56
142944,171400,27,0.858472,56
139816,171400,27,0.874963,56
135896,171400,27,0.843710,56
138424,171400,26,0.829752,88
141568,171400,26,0.866206,88
141792,171400,26,0.864762,88
143032,171400,26,0.861492,88
143280,171400,26,0.859756,88
143872,171400,26,0.855850,88
144984,171400,26,0.894023,88
141376,171400,26,0.817211,88
141152,171400,26,0.819142,88
142600,171400,26,0.869680,88
143504,171400,26,0.864354,88
144976,171400,26,0.854886,88
143432,171400,27,0.864494,88
140264,171400,28,0.880399,88
137040,171400,28,0.873118,88
139480,171400,28,0.861543,88
138504,171400,29,0.866327,88
138936,171400,29,0.864016,88
140808,171400,29,0.896317,88
139904,171400,28,0.862634,88
140384,171400,28,0.859878,88
136376,171400,28,0.854095,88
132472,171400,29,0.870712,88
130488,171400,29,0.877947,88
131288,171400,29,0.875028,88
131992,171400,29,0.872321,88
132832,171400,29,0.868969,88
131736,171400,30,0.873081,88
135760,171400,30,0.873444,88
139640,171400,29,0.863124,112
141096,171400,29,0.855031,112
142216,171400,29,0.896177,112
143888,171400,29,0.888258,112
145464,171400,29,0.879587,112
144352,171400,29,0.850054,112
144416,171400,29,0.849290,112
146184,171400,29,0.835714,112
148888,171400,29,0.855239,112
152216,174776,29,0.855239,112
155208,177816,29,0.855239,112
158416,181072,29,0.855239,112
161880,184584,29,0.855239,112
161632,184584,30,0.857272,112
165648,188648,30,0.857272,112
168736,191784,30,0.857272,112
167200,191784,31,0.868695,112
164112,191784,32,0.861400,112
166096,191784,32,0.847491,112
165504,191784,32,0.852164,112
169504,195832,32,0.852164,112
168344,195832,33,0.859942,112
171376,195832,33,0.911008,112
167464,195832,33,0.820656,112
166144,195832,32,0.820243,112
163112,195832,32,0.840432,112
160408,195832,32,0.854984,112
159928,195832,32,0.857478,112
159456,195832,33,0.859636,112
160128,195832,33,0.856317,112
163680,195832,33,0.837057,112
160096,195832,33,0.772238,112
156008,195832,34,0.799167,112
152360,195832,35,0.818334,112
149152,195832,36,0.832400,112
149296,195832,36,0.831620,112
146984,195832,37,0.840558,112
142968,195832,37,0.849798,112
144280,195832,37,0.845382,112
144608,195832,37,0.844115,112
147040,195832,37,0.835207,112
149408,195832,37,0.825493,112
149344,195832,37,0.825968,112
151768,195832,37,0.814830,112
151968,195832,37,0.813634,112
150232,195832,37,0.821912,112
151888,195832,37,0.814021,112
154488,195832,37,0.874218,112
157640,195832,37,0.861874,112
159024,195832,37,0.855530,112
159872,195832,37,0.851255,112
162368,195832,37,0.891260,112
162592,195832,37,0.890184,112
162792,195832,37,0.889183,112
164352,195832,37,0.882224,112
165616,195832,37,0.919328,112
169448,199712,37,0.919328,112
169744,199712,36,0.918306,120
171488,199712,36,0.923243,120
168920,199712,35,0.870978,120
170504,199712,35,0.861915,120
172288,199712,35,0.920374,120
171680,199712,34,0.863916,120
171736,199712,34,0.863273,120
173720,199712,34,0.914663,120
171280,199712,34,0.858924,120
174392,199712,34,0.911692,120
178232,203600,34,0.911692,120
174768,203600,34,0.780077,120
178328,203600,34,0.911250,120
180512,205832,34,0.911250,120
178640,205832,35,0.911162,120
178792,205832,34,0.910448,136
177688,205832,34,0.898078,136
174128,205832,34,0.804551,136
170288,205832,35,0.829989,136
173528,205832,35,0.808666,136
176888,205832,35,0.901438,136
175200,205832,35,0.908409,136
175376,205832,35,0.907566,136
176808,205832,35,0.901576,136
177656,205832,35,0.897557,136
174200,205832,35,0.845332,136
173352,205832,35,0.850592,136
171768,205832,35,0.859308,136
172688,205832,35,0.854265,136
171840,205832,35,0.858945,136
167960,205832,35,0.752386,112
170552,205832,35,0.820372,112
172552,205832,35,0.806832,112
174184,205832,34,0.794099,160
175296,205832,34,0.784281,160
176808,205832,34,0.769501,160
179992,205832,34,0.896806,160
181496,205832,34,0.887900,160
185368,209752,34,0.887900,160
187432,211864,34,0.887900,160
191328,215808,34,0.887900,160
187816,215808,34,0.833643,160
191096,215808,34,0.889328,160
194344,219104,34,0.889328,160
194168,219104,34,0.890672,160
190088,219104,35,0.818828,160
191776,219104,34,0.803997,176
191984,219104,33,0.801634,216
191760,219104,34,0.803771,216
191560,219104,34,0.806084,216
192728,219104,34,0.794189,216
194480,219104,34,0.773635,216
195712,219104,34,0.832776,216
192640,219104,33,0.810366,216
188744,219104,34,0.836358,216
187272,219104,34,0.846178,216
188432,219104,33,0.838688,232
191472,219104,33,0.815040,232
188568,219104,34,0.837450,232
185424,219104,34,0.846539,232
188096,219104,33,0.829739,240
186248,219104,33,0.841978,240
187216,219104,33,0.846372,240
183736,219104,33,0.865134,240
183032,219104,33,0.868556,240
183752,219104,33,0.865060,240
183832,219104,33,0.868912,240
184920,219104,33,0.863518,240
182720,219104,32,0.866774,240
184440,219104,32,0.858402,240
184984,219104,32,0.855359,240
185576,219104,32,0.851918,240
187760,219104,32,0.847276,240
186088,219104,31,0.857489,240
184824,219104,32,0.863991,240
184352,219104,32,0.866497,240
186664,219104,32,0.854315,240
188736,219104,32,0.841307,240
187304,219104,32,0.850301,240
187624,219104,32,0.848085,240
187800,219104,32,0.846703,240
188952,219104,32,0.838853,240
187648,219104,32,0.847644,240
191336,219104,32,0.838464,240
187336,219104,33,0.840307,240
189152,219104,33,0.827467,240
187336,219104,33,0.840307,240
190776,219104,33,0.842301,240
189032,219104,34,0.854102,240
188592,219104,34,0.857095,240
185944,219104,35,0.871407,240
184312,219104,35,0.879296,192
183152,219104,36,0.884133,176
181696,219104,37,0.889610,176
179392,219104,38,0.897293,176
178960,219104,38,0.898761,176
176464,219104,38,0.881311,176
173312,219104,38,0.886493,176
176552,219104,38,0.876138,176
176768,219104,38,0.875224,176
175656,219104,38,0.879142,176
179536,219104,38,0.870092,176
181336,219104,38,0.862388,176
181136,219104,38,0.863474,176
179632,219104,38,0.869903,176
176960,219104,39,0.879686,168
176904,219104,40,0.879874,168
178968,219104,40,0.907575,168
179024,219104,40,0.907288,168
182224,222352,40,0.907288,168
180648,222352,41,0.911456,168
184072,225824,41,0.911456,168
185584,225824,41,0.907332,168
183896,225824,41,0.911938,152
180904,225824,42,0.918828,152
183096,225824,42,0.913778,152
185792,225824,42,0.909310,152
184872,225824,42,0.911875,152
180976,225824,43,0.897796,152
183608,225824,43,0.890068,152
180496,225824,42,0.899193,152
182552,225824,42,0.893389,152
186000,225824,42,0.909465,152
185408,225824,42,0.911185,152
181616,225824,42,0.891281,152
184000,225824,42,0.883747,152
187240,225824,42,0.905936,152
188712,225824,42,0.901215,152
192336,229496,42,0.901215,152
190320,229496,42,0.907517,152
190264,229496,42,0.907814,152
188296,229496,42,0.911580,152
191240,229496,41,0.903177,200
189464,229496,41,0.904876,200
189912,229496,41,0.903438,200
189704,229496,42,0.904163,160
190704,229496,42,0.901025,160
191608,229496,42,0.897991,160
190808,229496,43,0.900552,160
190648,229496,43,0.901198,160
187288,229496,44,0.905149,160
185104,229496,45,0.910657,160
185120,229496,44,0.910619,160
188984,233408,44,0.910619,160
186792,233408,44,0.915646,160
187248,233408,44,0.914565,160
189512,233408,43,0.909248,200
189968,233408,43,0.907996,200
187440,233408,43,0.914128,168
186984,233408,43,0.915220,168
189032,233408,43,0.910486,168
189408,233408,43,0.909463,168
191352,233408,43,0.904328,168
188408,233408,44,0.911839,120
188256,233408,44,0.912336,104
184872,233408,43,0.897053,104
186256,233408,43,0.893402,104
187160,233408,43,0.890828,104
187544,233408,43,0.889618,104
187528,233408,43,0.889799,104
183840,233408,42,0.848553,104
183000,233408,42,0.851628,104
185200,233408,42,0.843587,104
188080,233408,42,0.831708,104
189800,233408,42,0.823619,104
191576,233408,42,0.814416,104
194512,233408,42,0.890418,104
190648,233408,43,0.892188,104
192184,233408,43,0.887202,104
190384,233408,42,0.893118,104
186360,233408,42,0.892601,104
188024,233408,42,0.899668,104
192016,237448,42,0.899668,104
195936,241416,42,0.899668,104
195792,241416,42,0.900165,104
197056,241416,42,0.896662,104
199664,241416,42,0.888761,104
201520,241416,42,0.893275,104
201952,241416,42,0.891691,104
205040,241416,42,0.910734,104
208936,245360,42,0.910734,104
212968,249440,42,0.910734,104
210672,249440,42,0.914068,104
207392,249440,41,0.873139,104
207016,249440,41,0.874661,104
206568,249440,40,0.876560,104
205480,249440,41,0.880190,104
209032,249440,41,0.904408,104
206968,249440,42,0.909973,104
207072,249440,42,0.909585,104
209360,249440,42,0.903179,104
210536,249440,42,0.899446,104
213192,249440,42,0.906612,104
213432,249440,42,0.905676,104
216648,252704,42,0.905676,104
213448,252704,43,0.899850,104
212944,252704,43,0.901551,104
214024,252704,43,0.898011,104
216472,252704,43,0.906094,104
220536,256816,43,0.906094,104
222816,256816,43,0.926183,104
225600,259648,43,0.926183,104
225272,259648,42,0.927343,104
226368,259648,42,0.924125,104
224984,259648,43,0.927984,104
227624,262336,43,0.927984,104
227936,262336,42,0.927083,128
229744,262336,42,0.923913,128
231448,262336,42,0.940529,128
234904,265840,42,0.940529,128
234592,265840,43,0.941376,104
236904,268200,43,0.941376,104
240424,271768,43,0.941376,104
238216,271768,43,0.912156,104
239024,271768,43,0.909149,104
235032,271768,43,0.857340,104
236064,271768,43,0.851831,104
234552,271768,43,0.859659,104
238272,271768,43,0.911801,104
241904,275448,43,0.911801,104
241752,275448,43,0.912481,104
237856,275448,44,0.869507,104
237560,275448,45,0.870822,96
238864,275448,45,0.911691,96
241240,275448,45,0.913887,96
242296,275448,45,0.910127,96
246184,279384,45,0.910127,96
243872,279384,46,0.916208,96
246584,282144,46,0.916208,96
243128,282144,46,0.812966,96
247128,282144,46,0.916001,96
248896,282144,46,0.929930,96
249632,282144,46,0.927683,96
245712,282144,46,0.847128,96
249648,282144,46,0.927636,96
248480,282144,46,0.931067,96
250680,284392,46,0.931067,96
250504,284392,46,0.931664,96
252104,284392,46,0.943197,96
255672,288008,46,0.943197,96
257400,289784,46,0.943197,96
261080,293512,46,0.943197,96
258368,293512,47,0.899317,96
261688,296880,47,0.899317,96
264744,299984,47,0.899317,96
262144,299984,47,0.893997,96
264640,299984,47,0.884024,96
264784,299984,46,0.883368,104
265696,299984,45,0.879273,104
261864,299984,45,0.852894,104
265464,299984,45,0.880342,104
268816,303384,45,0.880342,104
269344,303384,44,0.877767,128
265792,303384,44,0.848510,128
265648,303384,45,0.849293,120
269376,303384,45,0.877653,120
271328,303384,45,0.941774,120
272496,303384,45,0.945396,120
275856,306792,45,0.945396,120
272176,306792,46,0.858982,120
276208,310872,46,0.858982,120
278048,310872,46,0.925975,120
276992,310872,46,0.926675,120
275720,310872,46,0.930309,120
277696,312896,46,0.930309,120
279616,314864,46,0.930309,120
278464,314864,46,0.917792,120
278528,314864,46,0.917460,120
275648,314864,46,0.900548,120
278304,314864,46,0.918122,120
276744,314864,46,0.922577,120
273528,314864,47,0.901855,120
277336,318720,47,0.901855,120
277648,318720,47,0.900765,120
280632,318720,47,0.922113,120
284240,322376,47,0.922113,120
284960,322376,47,0.920022,120
282680,322376,47,0.912335,120
278648,322376,47,0.880055,120
279152,322376,47,0.878134,120
281768,322376,47,0.867925,120
283632,322376,47,0.859475,120
287712,322376,47,0.911180,120
286616,322376,47,0.914957,120
283960,322376,47,0.897055,120
287296,325760,47,0.897055,120
286912,325760,46,0.898697,120
285600,325760,46,0.903078,120
289616,329824,46,0.903078,120
290400,329824,46,0.900444,120
290632,329824,46,0.899525,120
288912,329824,46,0.849988,120
291976,329824,46,0.910596,120
288456,329824,46,0.886732,120
289488,329824,46,0.882846,120
286904,329824,46,0.892037,72
287512,329824,46,0.889924,72
291440,333800,46,0.889924,72
288000,333800,46,0.877163,72
291080,333800,46,0.891094,72
293176,333800,46,0.905927,72
290112,333800,46,0.861736,72
290456,333800,46,0.860163,72
288192,333800,47,0.868931,32
289824,333800,47,0.862651,32
286016,333800,48,0.876106,32
285208,333800,48,0.878776,32
287104,333800,48,0.872539,32
285472,333800,48,0.877965,32
287824,333800,48,0.870063,32
287088,333800,49,0.872593,32
283456,333800,49,0.874060,32
286384,333800,49,0.864326,32
283032,333800,50,0.875191,32
286512,333800,50,0.900647,32
288992,333800,50,0.893631,32
285664,333800,51,0.902678,32
287736,333800,51,0.910073,32
290456,333800,51,0.924299,32
288144,333800,52,0.929087,32
290104,333800,52,0.924965,32
287448,333800,53,0.928602,32
283728,333800,54,0.909091,32
282552,333800,53,0.911832,32
284784,333800,53,0.906795,32
285856,333800,53,0.904104,32
286368,333800,53,0.902699,32
288696,333800,53,0.896252,32
286056,333800,54,0.903367,32
286712,333800,54,0.901566,32
289776,333800,54,0.923414,32
286224,333800,55,0.907094,32
289008,333800,55,0.924972,32
286960,333800,56,0.929075,32
287552,333800,56,0.927842,32
291112,337408,56,0.927842,32
294728,341072,56,0.927842,32
297456,343848,56,0.927842,32
298712,343848,56,0.925192,32
295992,343848,56,0.913043,32
299560,347464,56,0.913043,32
297488,347464,56,0.905724,32
298520,347464,56,0.903134,32
295736,347464,56,0.870159,32
298272,347464,56,0.861678,32
294792,347464,56,0.873004,32
295408,347464,56,0.871016,32
292224,347464,57,0.880021,32
294584,347464,57,0.879074,32
297824,347464,57,0.904590,32
300224,347464,57,0.915012,32
302864,347464,57,0.911893,32
300920,347464,57,0.916667,32
300408,347464,58,0.917811,32
303632,350736,58,0.917811,32
301712,350736,59,0.921837,32
299080,350736,58,0.921961,32
295152,350736,59,0.914341,32
296592,350736,59,0.911468,32
299624,350736,58,0.904900,64
301776,350736,58,0.916326,64
303992,350736,58,0.911183,64
305256,350736,58,0.907904,64
306032,350736,58,0.905717,64
306600,350736,58,0.922084,64
310456,354640,58,0.922084,64
313440,357672,58,0.922084,64
314752,357672,58,0.918846,64
311328,357672,58,0.884641,64
307704,357672,58,0.803170,64
304672,357672,59,0.817216,32
305456,357672,59,0.813604,32
307688,357672,59,0.860185,32
304752,357672,60,0.869785,32
300672,357672,60,0.881249,32
302640,357672,60,0.875914,32
304744,357672,60,0.869663,32
305744,357672,60,0.866385,32
307256,357672,60,0.861189,32
310392,357672,60,0.920494,32
308552,357672,61,0.924267,32
308728,357672,61,0.923827,32
304664,357672,61,0.899287,32
307288,357672,61,0.926571,32
308912,357672,61,0.923366,32
311960,360768,61,0.923366,32
314872,360768,60,0.924921,56
311248,360768,60,0.893464,56
307232,360768,61,0.903400,56
311232,360768,61,0.897068,56
313440,360768,61,0.890751,56
316888,360768,61,0.920154,56
318504,360768,61,0.915949,56
317888,360768,62,0.917556,56
318920,360768,62,0.914697,56
321048,360768,62,0.924586,56
317968,360768,62,0.858389,56
320616,360768,62,0.925694,56
322992,363192,62,0.925694,56
326360,366608,62,0.925694,56
323120,366608,62,0.876622,56
323608,366608,62,0.891239,56
321552,366608,63,0.897778,56
320520,366608,63,0.900907,56
317536,366608,63,0.863855,56
315936,366608,63,0.869469,56
312576,366608,63,0.879727,56
315200,366608,63,0.896009,56
318960,366608,63,0.905227,56
321128,366608,62,0.899262,72
317528,366608,62,0.856696,72
313960,366608,63,0.868893,72
310400,366608,63,0.879283,72
310560,366608,63,0.878729,72
310816,366608,63,0.877910,72
309576,366608,63,0.881306,72
307616,366608,63,0.886239,72
311384,366608,63,0.917476,72
315312,370584,63,0.917476,72
313360,370584,63,0.921025,72
316472,370584,63,0.915267,72
319560,370584,63,0.908657,72
322128,370584,63,0.929970,72
318272,370584,64,0.906950,72
318888,370584,64,0.921719,72
320040,370584,64,0.919345,72
318144,370584,64,0.923121,72
317488,370584,65,0.924317,72
318584,370584,65,0.922207,72
315856,370584,66,0.927057,72
313704,370584,66,0.930548,72
313728,370584,66,0.930439,72
315104,370584,66,0.928212,72
312672,370584,67,0.931934,72
316560,374520,67,0.931934,72
315776,374520,67,0.933121,72
312168,374520,67,0.902382,72
314088,374520,67,0.898494,72
315568,374520,67,0.895256,72
316552,374520,67,0.892949,72
317080,374520,67,0.891616,72
321008,374520,67,0.924546,72
319744,374520,67,0.926816,72
323488,378312,67,0.926816,72
322504,378312,67,0.928507,72
323568,378312,67,0.926681,72
324176,378312,67,0.925560,72
322448,378312,67,0.928520,72
319384,378312,68,0.933110,72
316136,378312,68,0.927552,72
316176,378312,68,0.927427,72
313088,378312,68,0.931637,72
311936,378312,68,0.933121,72
310632,378312,68,0.934718,72
311888,378312,68,0.933179,72
311296,378312,67,0.934000,72
312056,378312,67,0.933034,72
311600,378312,68,0.933583,72
311864,378312,68,0.933208,72
308624,378312,69,0.936902,72
309472,378312,69,0.935922,72
310496,378312,69,0.934709,72
310432,378312,69,0.934838,72
311552,378312,69,0.933468,72
314064,378312,69,0.930254,72
312808,378312,70,0.931868,72
316768,382320,70,0.931868,72
315688,382320,70,0.933256,72
314216,382320,71,0.934985,72
311848,382320,70,0.937685,72
308608,382320,70,0.937380,72
306424,382320,71,0.939491,72
308640,382320,71,0.937300,72
306072,382320,72,0.939774,72
302192,382320,72,0.936363,72
305368,382320,72,0.933244,72
304248,382320,72,0.934409,72
301264,382320,72,0.929706,72
298784,382320,73,0.932112,72
301824,382320,73,0.929090,72
305848,382320,73,0.932754,72
307672,382320,73,0.930769,72
307184,382320,73,0.931349,72
303616,382320,73,0.907445,72
302592,382320,73,0.908890,72
306680,382320,73,0.903050,72
304464,382320,73,0.906336,72
301240,382320,73,0.864010,72
301600,382320,73,0.863214,72
304336,382320,73,0.857519,72
306656,382320,73,0.852288,72
310720,382320,73,0.910319,72
313832,382320,73,0.946464,72
311448,382320,73,0.948646,72
308808,382320,74,0.950822,72
309080,382320,74,0.950568,72
310600,382320,74,0.949285,72
310944,382320,74,0.948954,72
313888,382320,74,0.953710,72
317408,385888,74,0.953710,72
320736,389264,74,0.953710,72
320696,389264,74,0.953782,72
321112,389264,74,0.953403,72
323280,389264,74,0.951506,72
321408,389264,74,0.953158,72
321192,389264,73,0.953416,72
324384,392504,73,0.953416,72
327104,395272,73,0.953416,72
326560,395272,73,0.953898,72
330152,398912,73,0.953898,72
333152,401960,73,0.953898,72
332832,401960,74,0.954154,72
333080,401960,74,0.953917,72
335664,401960,73,0.951733,80
335640,401960,73,0.951797,80
338208,401960,73,0.950759,80
335736,401960,72,0.909955,72
338240,401960,72,0.905550,72
337672,401960,72,0.906653,72
336888,401960,71,0.908183,72
334784,401960,71,0.911723,72
335824,401960,71,0.909968,72
337112,401960,71,0.907715,72
336264,401960,71,0.909238,72
340208,401960,71,0.939090,72
337696,401960,71,0.927815,72
334960,401960,71,0.931426,72
332600,401960,70,0.882142,72
336464,401960,70,0.929584,72
336696,401960,70,0.929218,72
338704,401960,70,0.926412,72
342184,401960,70,0.921040,72
342904,401960,70,0.919765,72
345576,401960,70,0.934523,72
341688,401960,71,0.920210,72
342240,401960,71,0.919215,72
342936,401960,71,0.917947,72
342216,401960,71,0.919256,72
345568,401960,71,0.934394,72
347288,401960,71,0.931696,72
348248,401960,71,0.930055,72
350176,401960,71,0.926600,72
347136,401960,71,0.917193,72
348456,401960,70,0.914559,80
345088,401960,71,0.920936,80
348648,401960,70,0.918961,88
351896,401960,70,0.923270,88
355192,405304,70,0.923270,88
352280,405304,70,0.924166,64
348952,405304,71,0.925341,64
347376,405304,71,0.927965,64
350208,405304,71,0.927793,64
353632,408776,71,0.927793,64
356080,408776,71,0.928082,64
358920,408776,71,0.950021,64
361600,411504,71,0.950021,64
358976,411504,71,0.926123,64
360728,411504,70,0.922728,96
359208,411504,70,0.925728,96
357552,411504,70,0.928734,96
359232,411504,70,0.925684,96
360840,411504,70,0.922505,96
362392,411504,70,0.919164,96
360912,411504,70,0.922360,96
359880,411504,71,0.924380,96
363088,414760,71,0.924380,96
363440,414760,71,0.923610,96
364064,414760,71,0.922280,96
367272,418016,71,0.922280,96
367840,418016,71,0.921019,96
369000,418016,71,0.918425,96
369720,418016,71,0.916685,96
368112,418016,71,0.920348,96
369608,418016,71,0.943079,96
368576,418016,71,0.920000,96
367512,418016,71,0.922322,96
369080,418016,71,0.918901,96
365872,418016,72,0.919607,96
367832,418016,72,0.921469,96
366360,418016,73,0.924406,96
367168,418016,73,0.922725,96
370496,421392,73,0.922725,96
371272,421392,73,0.921036,96
370664,421392,74,0.922290,96
373744,424520,74,0.922290,96
369816,424520,74,0.904239,96
373160,424520,74,0.923457,96
372000,424520,74,0.925763,96
369552,424520,75,0.930036,96
365792,424520,74,0.898603,96
365240,424520,75,0.899796,96
368776,424520,75,0.931365,96
364776,424520,75,0.913601,96
368056,424520,75,0.932486,96
367528,424520,75,0.933393,72
370496,424520,74,0.941301,80
370744,424520,73,0.940938,88
371312,424520,73,0.940047,88
369488,424520,73,0.942675,88
372272,427352,73,0.942675,88
371552,427352,73,0.943688,88
373064,427352,73,0.947700,88
369784,427352,73,0.909461,88
368816,427352,72,0.911541,88
369400,427352,72,0.910317,88
367272,427352,71,0.899950,88
365952,427352,72,0.902649,80
362912,427352,72,0.908396,80
362288,427352,72,0.909558,80
365224,427352,72,0.904160,80
366920,427352,72,0.900696,80
365240,427352,72,0.904129,80
362888,427352,72,0.908522,80
360168,427352,73,0.913037,80
357952,427352,73,0.916469,80
359696,427352,73,0.913776,80
360896,427352,73,0.911795,80
364888,427352,73,0.940503,80
362464,427352,74,0.943239,80
362216,427352,75,0.943513,72
363520,427352,75,0.942033,72
361824,427352,75,0.939280,72
359272,427352,75,0.942102,72
362864,430992,75,0.942102,72
362784,430992,74,0.928744,72
365616,430992,74,0.939162,72
369496,434920,74,0.939162,72
371384,434920,74,0.936867,72
375432,439016,74,0.936867,72
375488,439016,74,0.936739,72
376024,439016,74,0.936009,72
376896,439016,74,0.934825,72
372904,439016,74,0.910850,72
374984,439016,74,0.907175,72
371896,439016,74,0.912491,72
370384,439016,73,0.914987,72
373336,439016,73,0.910208,72
377248,439016,73,0.922604,72
374632,439016,73,0.876479,72
377536,439016,73,0.869055,72
373944,439016,73,0.878089,72
370864,439016,74,0.884814,72
369560,439016,75,0.887442,72
367960,439016,75,0.890597,72
368400,439016,74,0.889697,112
372248,439016,74,0.881799,112
375696,439016,74,0.939513,112
376440,439016,74,0.938557,112
378288,439016,74,0.936142,112
379184,439016,74,0.934867,112
378944,439016,75,0.935196,112
381792,439016,75,0.934218,112
383000,439016,75,0.936370,112
381904,439016,75,0.938005,112
378904,439016,75,0.928860,112
381064,439016,75,0.925397,112
384392,439016,75,0.956364,112
384136,439016,74,0.956727,112
388072,443000,74,0.956727,112
386784,443000,75,0.958005,112
389184,445448,75,0.958005,112
391968,448280,75,0.958005,112
395184,451544,75,0.958005,112
398184,454592,75,0.958005,112
397768,454592,76,0.958401,112
394320,454592,77,0.927392,112
396096,454592,77,0.959881,112
396704,454592,77,0.959296,112
394032,454592,77,0.920047,112
397128,454592,77,0.958909,112
399960,457472,77,0.958909,112
400904,457472,77,0.957974,112
401840,457472,77,0.957003,112
405232,460912,77,0.957003,112
405744,460912,77,0.956431,112
405808,460912,77,0.956314,112
405048,460912,76,0.944663,112
404984,460912,76,0.944807,112
405368,460912,76,0.944246,112
406960,460912,76,0.955133,112
407504,460912,76,0.954473,112
406032,460912,76,0.953640,112
404144,460912,76,0.936836,112
407728,464544,76,0.936836,112
408576,464544,76,0.935514,112
407376,464544,77,0.937273,112
405624,464544,77,0.939780,80
402512,464544,76,0.906852,80
399584,464544,77,0.912100,80
397296,464544,77,0.915881,80
397472,464544,77,0.915533,80
398952,464544,77,0.913077,80
402712,464544,77,0.939931,80
405352,464544,77,0.936425,80
406600,464544,77,0.942806,80
409528,467520,77,0.942806,80
408808,467520,77,0.943771,80
409624,467520,76,0.942724,96
407248,467520,77,0.945615,96
405584,467520,77,0.945720,96
409424,471408,77,0.945720,96
409936,471408,77,0.945090,96
412976,474496,77,0.945090,96
409392,474496,78,0.930821,96
411232,474496,78,0.928205,96
409752,474496,77,0.897002,96
409240,474496,77,0.898110,96
413256,474496,77,0.925321,96
411488,474496,77,0.928044,96
413384,474496,77,0.925121,96
411184,474496,77,0.925766,96
414456,474496,77,0.920499,96
416120,474496,77,0.917480,96
419344,474496,77,0.960964,96
419720,474496,77,0.960564,96
420312,474496,77,0.959945,96
422760,476992,77,0.959945,96
423528,476992,77,0.959126,96
420256,476992,77,0.917129,96
423544,476992,77,0.959110,96
421312,476992,77,0.925294,96
418528,476992,78,0.929918,96
419080,476992,78,0.928971,96
422592,480552,78,0.928971,96
424512,480552,78,0.934352,96
424928,480552,78,0.933626,96
421000,480552,79,0.914370,96
418600,480552,79,0.891722,96
419368,480552,79,0.889862,96
419312,480552,79,0.890103,96
423048,480552,79,0.880613,96
421736,480552,79,0.884207,96
421192,480552,79,0.885704,96
423032,480552,79,0.923806,96
426160,480552,79,0.959914,96
424568,480552,80,0.961422,96
424336,480552,80,0.961676,96
423520,480552,81,0.962410,80
423856,480552,81,0.962075,80
426360,483104,81,0.962075,80
424696,483104,81,0.934740,80
423144,483104,80,0.936886,80
423520,483104,80,0.936304,80
423856,483104,80,0.935767,80
424712,483104,80,0.934467,80
425776,483104,80,0.932795,80
424528,483104,80,0.934736,80
423856,483104,81,0.935699,80
422896,483104,82,0.937027,80
421128,483104,82,0.939394,80
421360,483104,82,0.939041,80
422808,483104,82,0.937081,80
419584,483104,82,0.925313,80
420312,483104,82,0.924131,80
424240,487080,82,0.924131,80
426000,487080,82,0.921226,80
428384,487080,82,0.916949,80
431280,487080,82,0.940356,80
429536,487080,82,0.942805,80
431816,487080,82,0.953524,80
434296,489608,82,0.953524,80
431912,489608,82,0.933065,80
431384,489608,82,0.933935,80
428984,489608,82,0.937393,80
431344,489608,82,0.936700,80
428304,489608,83,0.935865,80
430632,489608,83,0.932480,80
433232,489608,83,0.954691,80
431072,489608,83,0.938094,80
427552,489608,84,0.926825,80
429856,489608,84,0.923063,80
431416,489608,84,0.956506,80
429920,489608,85,0.957932,80
430712,489608,85,0.957143,80
429264,489608,85,0.949715,80
425728,489608,85,0.905694,80
423720,489608,85,0.869840,80
426624,489608,85,0.922260,80
422608,489608,84,0.895736,80
418840,489608,84,0.902727,80
420512,489608,84,0.899696,80
418208,489608,84,0.903795,80
421496,489608,84,0.908796,80
424352,489608,84,0.925776,80
425800,489608,83,0.923546,128
427240,489608,83,0.921192,128
429048,489608,83,0.949897,128
430216,489608,82,0.948605,128
431600,489608,82,0.946927,128
431952,489608,82,0.946438,128
431056,489608,81,0.947634,128
431128,489608,81,0.947492,128
431552,489608,81,0.946927,128
432248,489608,81,0.946011,128
433728,489608,81,0.944028,128
432984,489608,81,0.945074,128
433416,489608,81,0.944444,128
433536,489608,81,0.944221,128
434944,489608,81,0.949355,128
438224,492936,81,0.949355,128
438656,492936,81,0.948744,128
435408,492936,81,0.912196,128
436312,492936,81,0.910213,128
437368,492936,81,0.907797,128
439792,492936,81,0.947106,128
437728,492936,81,0.931563,128
440416,492936,81,0.946237,128
438344,492936,81,0.942292,128
439328,492936,81,0.940767,128
436904,492936,81,0.908828,128
440320,492936,81,0.939222,128
437680,492936,81,0.932233,128
440848,496152,81,0.932233,128
439592,496152,82,0.934261,128
439488,496152,81,0.934572,128
439976,496152,81,0.933730,128
437136,496152,82,0.936163,128
433048,496152,83,0.915843,128
430360,496152,83,0.920331,128
427224,496152,83,0.919847,128
428712,496152,83,0.917523,128
430664,496152,83,0.914286,128
432720,496152,83,0.910594,128
430552,496152,84,0.914393,128
433352,496152,84,0.941049,128
433672,496152,84,0.940596,128
431832,496152,85,0.942797,128
428880,496152,85,0.938459,128
431480,496152,85,0.935200,128
430632,496152,86,0.936281,128
431312,496152,86,0.935355,128
429800,496152,87,0.937248,128
431504,496152,87,0.935044,128
430824,496152,87,0.935979,128
430216,496152,86,0.936857,128
430392,496152,86,0.936580,128
432272,496152,86,0.943369,128
428536,496152,85,0.916818,128
425640,496152,86,0.921128,128
425784,496152,85,0.920890,152
429672,496152,85,0.944075,152
431136,496152,85,0.942393,152
428600,496152,84,0.934069,152
430560,496152,84,0.931468,152
433064,496152,84,0.942413,152
435760,496152,84,0.952456,152
436680,496152,84,0.951425,152
437184,496152,84,0.950817,152
437312,496152,84,0.950620,152
441344,500232,84,0.950620,152
439616,500232,85,0.952489,152
443456,504120,85,0.952489,152
439528,504120,86,0.920743,152
439568,504120,85,0.920602,200
439792,504120,85,0.920163,200
443328,504120,85,0.952473,200
446968,507808,85,0.952473,200
448112,507808,85,0.951198,200
451712,511456,85,0.951198,200
451488,511456,85,0.951495,200
449528,511456,86,0.953532,200
449712,511456,86,0.953300,200
447208,511456,87,0.948823,200
446296,511456,88,0.949759,200
446576,511456,88,0.949426,200
450264,515192,88,0.949426,200
451192,515192,88,0.948409,200
450856,515192,89,0.948764,200
454760,519144,89,0.948764,200
451432,519144,89,0.935232,200
450432,519144,89,0.936506,200
451688,519144,89,0.934913,200
448448,519144,89,0.936179,200
450416,519144,89,0.936467,200
448952,519144,89,0.938221,200
446360,519144,89,0.941062,200
442720,519144,90,0.940383,200
445568,519144,90,0.937414,200
447624,519144,90,0.935065,200
448096,519144,90,0.943820,200
447936,519144,89,0.940923,200
447760,519144,89,0.941160,200
444160,519144,89,0.886565,200
446112,519144,89,0.917314,200
448320,519144,89,0.913947,200
447808,519144,89,0.914808,200
451392,519144,89,0.958575,200
452008,519144,89,0.958043,200
450968,519144,90,0.958871,200
448168,519144,90,0.921382,200
445960,519144,89,0.882483,200
446248,519144,88,0.881797,248
446872,519144,88,0.880400,248
450544,519144,88,0.942036,248
447448,519144,88,0.916134,248
451096,519144,88,0.941427,248
450032,519144,88,0.942640,248
454016,523176,88,0.942640,248
452640,523176,89,0.944073,248
450936,523176,89,0.945798,248
450512,523176,88,0.946289,248
451592,523176,88,0.961434,248
450424,523176,89,0.962219,248
448704,523176,88,0.959459,248
449040,523176,88,0.959195,248
452216,526400,88,0.959195,248
451160,526400,88,0.959947,248
450160,526400,87,0.960666,248
450920,526400,87,0.960138,248
454520,530048,87,0.960138,248
458360,533936,87,0.960138,248
461760,537384,87,0.960138,248
462888,537384,87,0.959344,248
459920,537384,88,0.952006,240
456632,537384,88,0.945152,240
458648,537384,88,0.952971,240
459920,537384,88,0.951969,240
459488,537384,89,0.952302,240
463472,541416,89,0.952302,240
466936,544928,89,0.952302,240
463320,544928,89,0.927577,240
462416,544928,89,0.928606,240
460880,544928,89,0.930254,240
458232,544928,89,0.932892,240
456616,544928,89,0.934423,240
455232,544928,88,0.935727,240
455936,544928,88,0.935071,240
452992,544928,88,0.937604,240
454272,544928,88,0.936505,240
455920,544928,88,0.935042,240
453136,544928,88,0.937448,240
454480,544928,88,0.936288,240
454688,544928,88,0.936070,240
453248,544928,89,0.937277,240
452328,544928,89,0.938063,240
450840,544928,89,0.939271,240
451328,544928,89,0.938855,240
449816,544928,88,0.940086,240
446488,544928,89,0.942483,240
449600,544928,89,0.940212,240
450656,544928,89,0.939376,240
450584,544928,89,0.939468,240
448136,544928,89,0.941321,240
451856,544928,89,0.957202,240
455672,548792,89,0.957202,240
455392,548792,90,0.957355,240
457552,548792,90,0.959595,240
459440,548792,90,0.958536,240
460600,548792,90,0.957847,240
463848,552088,90,0.957847,240
467536,555824,90,0.957847,240
471128,559464,90,0.957847,240
468624,559464,90,0.953642,240
464864,559464,91,0.952405,240
465080,559464,91,0.952245,240
463232,559464,91,0.952079,240
464976,559464,91,0.950989,240
464544,559464,90,0.951315,240
460640,559464,91,0.953117,240
463720,559464,91,0.951288,240
466952,559464,91,0.949209,240
465176,559464,91,0.950386,240
466992,559464,91,0.949183,240
468088,559464,91,0.948414,240
466224,559464,92,0.949654,240
466280,559464,92,0.949587,240
465928,559464,92,0.949846,240
466536,559464,92,0.949420,240
465776,559464,92,0.949944,240
467128,559464,92,0.949029,240
467872,559464,92,0.948496,240
468536,559464,92,0.948008,240
469712,559464,92,0.947146,240
470976,559464,92,0.946190,240
474280,559464,92,0.958728,240
473016,559464,92,0.959496,240
471920,559464,92,0.947527,240
473152,559464,92,0.946573,240
474840,559464,92,0.945221,240
476552,559464,92,0.943780,240
479416,559464,92,0.955353,240
479040,559464,93,0.955614,240
482544,563016,93,0.955614,240
479920,563016,94,0.957353,240
483816,566960,94,0.957353,240
486480,566960,94,0.955553,240
482832,566960,93,0.916941,240
483984,566960,93,0.915449,240
480152,566960,93,0.920091,240
482848,566960,93,0.916863,240
482664,566960,93,0.917146,240
485312,566960,93,0.913734,240
486248,566960,93,0.912418,240
488976,566960,93,0.953461,240
489464,566960,93,0.953053,240
493168,570712,93,0.953053,240
489568,570712,94,0.944424,240
491576,570712,94,0.942602,240
495440,574624,94,0.942602,240
497696,574624,94,0.940413,240
494280,574624,93,0.911275,240
494704,574624,93,0.910615,240
492200,574624,93,0.914071,240
489416,574624,93,0.917606,240
491720,574624,93,0.914691,240
490792,574624,93,0.915926,240
487208,574624,94,0.920167,240
487736,574624,94,0.919514,240
489056,574624,94,0.917921,240
492040,574624,93,0.914206,248
490600,574624,93,0.916095,248
490176,574624,92,0.916735,248
490640,574624,92,0.916105,248
493912,574624,92,0.925834,248
492104,574624,93,0.927863,248
488400,574624,94,0.931691,248
488648,574624,94,0.931400,248
492432,574624,94,0.943598,248
488840,574624,95,0.946523,248
492032,574624,95,0.943899,248
490064,574624,95,0.945561,248
487416,574624,95,0.932934,248
491032,574624,95,0.929270,248
494768,574624,95,0.944255,248
495088,574624,95,0.943929,248
495776,574624,95,0.943265,248
497528,574624,95,0.941574,248
500056,574624,95,0.938970,248
498904,574624,95,0.940211,248
496696,574624,96,0.942368,248
497560,574624,96,0.941496,248
498024,574624,96,0.940995,248
498776,574624,96,0.940195,248
496696,574624,97,0.942232,248
498048,574624,97,0.940877,248
498728,574624,97,0.940147,248
494888,574624,98,0.938838,248
494680,574624,98,0.939086,248
490816,574624,98,0.940973,248
490952,574624,98,0.940810,248
491032,574624,98,0.940696,248
487608,574624,99,0.943594,248
488000,574624,99,0.943238,248
490648,574624,99,0.940951,248
490232,574624,100,0.941316,248
486696,574624,99,0.938345,248
485792,574624,100,0.939121,248
487360,574624,100,0.937721,248
487792,574624,100,0.937292,248
490120,574624,100,0.935082,248
491456,574624,100,0.933721,248
492688,574624,100,0.932411,248
494688,574624,100,0.930203,248
496608,574624,100,0.960348,248
499992,578056,100,0.960348,248
499656,578056,99,0.960628,248
501400,578056,99,0.959439,248
498552,578056,99,0.942567,248
497832,578056,99,0.943267,248
497328,578056,99,0.943759,248
498488,578056,99,0.942670,248
501808,578056,99,0.959192,248
504568,580864,99,0.959192,248
502864,580864,99,0.960369,248
499560,580864,99,0.939107,248
500000,580864,99,0.938640,248
497336,580864,100,0.941105,248
493400,580864,99,0.925597,248
493256,580864,100,0.925775,224
491440,580864,101,0.927639,224
488912,580864,100,0.928999,224
487680,580864,100,0.930191,224
489392,580864,100,0.928541,224
485704,580864,99,0.889764,224
482872,580864,100,0.893615,224
483336,580864,100,0.892939,224
484336,580864,100,0.904709,224
487872,580864,100,0.900211,224
491960,580864,100,0.894461,224
490208,580864,100,0.897043,224
489152,580864,101,0.898499,224
492120,580864,101,0.936334,224
493928,580864,101,0.934641,224
495288,580864,101,0.933294,224
497720,580864,101,0.930783,224
493760,580864,102,0.934708,224
496608,580864,102,0.940846,224
496800,580864,102,0.940633,224
497840,580864,102,0.939649,224
496096,580864,103,0.941211,224
495560,580864,103,0.941717,224
498600,580864,103,0.957568,224
499560,580864,103,0.956898,224
497560,580864,103,0.948039,224
495584,580864,103,0.947939,224
494456,580864,102,0.948860,224
496848,580864,102,0.946990,224
498792,580864,102,0.945358,224
501104,580864,102,0.943290,224
499184,580864,102,0.945025,224
501640,580864,102,0.965316,224
500016,580864,101,0.950264,224
499488,580864,101,0.950711,224
497680,580864,101,0.952098,224
500384,580864,101,0.963300,224
502704,580864,100,0.964792,224
505712,583920,100,0.964792,224
503792,583920,101,0.965869,224
506576,586752,101,0.965869,224
505504,586752,100,0.966492,224
501768,586752,100,0.929996,224
503336,586752,100,0.928286,224
499744,586752,100,0.932027,224
499120,586752,99,0.932721,224
497344,586752,100,0.934374,224
500752,586752,100,0.938517,224
504128,586752,100,0.967221,224
505272,586752,100,0.966613,224
505624,586752,100,0.966403,224
502416,586752,100,0.946088,224
503848,586752,100,0.944871,224
500800,586752,100,0.947240,224
502160,586752,100,0.946136,224
501672,586752,100,0.946561,224
501824,586752,100,0.946403,224
501080,586752,99,0.947061,224
498760,586752,100,0.948796,224
502088,586752,100,0.946350,224
500088,586752,100,0.947932,224
502392,586752,100,0.958507,224
506208,590616,100,0.958507,224
503560,590616,101,0.960083,224
505464,590616,101,0.958933,224
504112,590616,101,0.959764,224
505912,590616,101,0.958660,224
504736,590616,102,0.959370,224
502040,590616,102,0.957791,224
505088,593712,102,0.957791,224
501200,593712,102,0.941383,224
497480,593712,102,0.937291,224
497560,593712,102,0.937189,224
498912,593712,102,0.936054,224
494976,593712,103,0.939147,224
492880,593712,103,0.940709,224
496952,593712,103,0.937632,224
493440,593712,103,0.940309,224
493896,593712,103,0.939944,224
492416,593712,103,0.941036,224
493608,593712,103,0.940153,224
497304,593712,103,0.937316,224
494624,593712,103,0.939409,224
491928,593712,103,0.941377,224
493392,593712,103,0.952555,224
494832,593712,103,0.951689,224
495624,593712,103,0.951186,224
495184,593712,103,0.951503,184
491776,593712,102,0.917887,184
493088,593712,102,0.916547,184
495088,593712,102,0.914443,184
494768,593712,101,0.914879,184
493768,593712,102,0.915909,184
492976,593712,102,0.916754,184
491528,593712,102,0.918266,136
490080,593712,103,0.919634,136
490504,593712,103,0.919193,136
494040,593712,103,0.947506,136
497472,593712,103,0.945193,136
500056,593712,103,0.954936,136
502248,593712,103,0.954006,136
501760,593712,103,0.954336,136
500720,593712,103,0.954992,136
503448,593712,103,0.953828,136
499608,593712,104,0.949990,136
502984,593712,104,0.954089,136
503128,593712,104,0.953969,136
500296,593712,103,0.953112,136
503960,597424,103,0.953112,136
500584,597424,103,0.946781,136
504136,597424,102,0.944281,152
503744,597424,103,0.944567,152
501440,597424,103,0.946223,152
501120,597424,104,0.946441,152
499200,597424,105,0.947712,152
501664,597424,105,0.946037,152
503256,597424,105,0.956137,152
505944,597424,105,0.964996,152
508448,597424,105,0.967103,152
507672,597424,105,0.967478,152
510256,600056,105,0.967478,152
509384,600056,104,0.957647,152
506064,600056,104,0.955542,152
508224,600056,103,0.954228,192
511472,600056,103,0.956380,192
507528,600056,103,0.936768,192
505776,600056,103,0.938247,192
508248,600056,103,0.958298,192
509640,600056,103,0.957475,192
505824,600056,104,0.950318,192
506184,600056,104,0.950052,192
502864,600056,103,0.949684,192
504512,600056,103,0.948592,192
503048,600056,104,0.949538,192
502688,600056,105,0.949765,192
501328,600056,105,0.950634,192
497936,600056,105,0.952637,192
496136,600056,105,0.953647,192
498728,600056,105,0.952190,192
502656,600056,105,0.952314,192
501792,600056,104,0.952880,192
497944,600056,104,0.950047,192
501536,600056,104,0.947809,192
500832,600056,104,0.948288,192
499872,600056,104,0.936771,192
501400,600056,104,0.935547,192
504776,600056,104,0.969744,192
500936,600056,104,0.940211,192
504856,600056,104,0.969713,192
504048,600056,103,0.970060,192
506728,602784,103,0.970060,192
509080,602784,102,0.969240,200
511240,602784,102,0.968326,200
509184,602784,102,0.963227,200
510360,602784,102,0.968697,200
508392,602784,103,0.969496,200
508200,602784,104,0.969572,200
510016,602784,104,0.968820,200
513104,605920,104,0.968820,200
515104,605920,104,0.967949,200
516944,605920,104,0.967103,200
516176,605920,105,0.967453,200
517152,605920,105,0.966985,200
515224,605920,106,0.967855,200
512496,605920,106,0.939534,200
515576,605920,106,0.967699,200
516080,605920,106,0.967453,200
513624,605920,106,0.952707,200
515072,605920,106,0.951741,200
513232,605920,106,0.949761,200
509360,605920,106,0.946990,200
510824,605920,106,0.945957,200
508920,605920,106,0.947284,200
512600,605920,106,0.944691,200
509872,605920,107,0.946612,200
513160,605920,107,0.952969,200
509072,605920,107,0.929400,200
507928,605920,107,0.930445,200
504424,605920,107,0.933384,200
506536,605920,107,0.931627,200
509032,605920,107,0.950806,200
508952,605920,106,0.945182,200
508912,605920,106,0.945276,152
507656,605920,106,0.946157,152
509176,605920,106,0.945094,152
510920,605920,106,0.943826,152
514432,605920,106,0.947283,152
516248,605920,106,0.945922,152
517256,605920,106,0.945119,152
513960,605920,106,0.947583,152
517016,605920,106,0.948890,152
513424,605920,106,0.949451,152
515376,605920,106,0.948066,152
511688,605920,107,0.950563,152
510096,605920,108,0.951568,152
512656,605920,108,0.949900,152
515224,605920,108,0.948106,152
511936,605920,108,0.945137,152
512520,605920,108,0.944679,152
511824,605920,107,0.945251,152
512328,605920,106,0.944871,176
510608,605920,106,0.946124,176
510704,605920,106,0.946024,176
507776,605920,106,0.948016,176
505464,605920,106,0.949494,176
506024,605920,106,0.949121,176
506824,605920,106,0.948592,176
505304,605920,107,0.949533,176
503840,605920,107,0.950435,176
504048,605920,107,0.950285,176
507792,605920,106,0.947944,224
504344,605920,106,0.950109,224
504192,605920,106,0.950228,224
504136,605920,106,0.950289,224
505176,605920,106,0.949640,224
505040,605920,107,0.949722,224
501360,605920,107,0.951874,224
504928,605920,107,0.949789,224
501928,605920,108,0.951531,224
501424,605920,108,0.951838,224
503296,605920,108,0.950752,224
500432,605920,108,0.952381,224
501224,605920,108,0.951922,224
502280,605920,108,0.951306,224
505288,605920,108,0.949513,224
507256,605920,108,0.949837,224
508624,605920,108,0.952563,224
506864,605920,108,0.953616,224
507096,605920,108,0.953456,224
503184,605920,108,0.951486,224
507016,605920,108,0.953502,224
506512,605920,107,0.953843,224
504528,605920,107,0.954962,224
506576,605920,107,0.953807,224
510368,609760,107,0.953807,224
508696,609760,108,0.954733,224
510568,609760,108,0.953666,224
509176,609760,109,0.954445,224
506320,609760,109,0.955520,224
508800,609760,109,0.954650,224
512360,609760,109,0.957417,224
511184,609760,109,0.958061,224
511208,609760,109,0.958024,224
509640,609760,110,0.958823,224
513256,613424,110,0.958823,224
509872,613424,110,0.953664,224
508536,613424,111,0.954374,224
505936,613424,111,0.955720,224
509288,613424,111,0.960737,224
508352,613424,111,0.961179,224
508960,613424,111,0.960886,224
510256,613424,111,0.960270,224
511432,613424,111,0.959692,224
508424,613424,111,0.947619,224
508808,613424,111,0.947359,224
508200,613424,110,0.947782,224
508800,613424,110,0.947393,224
508072,613424,111,0.947830,224
510904,613424,111,0.959943,224
509336,613424,112,0.960672,224
507336,613424,113,0.961563,224
506400,613424,114,0.961966,224
504520,613424,114,0.962771,224
502192,613424,113,0.957492,224
503544,613424,113,0.956846,224
506136,613424,113,0.955573,224
509936,613424,113,0.960396,224
512192,613424,113,0.963237,224
509000,613424,114,0.963114,224
510592,613424,113,0.962422,224
511888,613424,113,0.961818,224
510656,613424,114,0.962373,224
513576,613424,114,0.961009,224
513088,613424,113,0.961285,224
510592,613424,114,0.962422,224
514136,617016,114,0.962422,224
510944,617016,114,0.962442,224
512184,617016,114,0.961885,224
512808,617016,114,0.961588,224
510504,617016,114,0.962608,224
512120,617016,114,0.961892,224
510168,617016,114,0.962750,224
511744,617016,114,0.962057,224
510760,617016,113,0.961796,224
510664,617016,113,0.961858,224
512176,617016,113,0.961174,224
514064,617016,113,0.960290,224
510784,617016,114,0.961765,224
507728,617016,114,0.963063,224
509256,617016,114,0.962415,224
508576,617016,114,0.956710,224
508224,617016,114,0.956900,224
507760,617016,115,0.957119,224
506072,617016,115,0.957918,224
504800,617016,114,0.958527,224
501568,617016,114,0.946258,224
504888,617016,114,0.958489,224
506880,617016,114,0.957572,224
503712,617016,114,0.932056,224
506344,617016,114,0.930096,224
508632,617016,114,0.928294,224
509808,617016,114,0.927312,224
512584,617016,114,0.924940,224
514864,617016,114,0.922865,224
514112,617016,114,0.923591,224
515816,617016,114,0.943025,224
516616,617016,114,0.942438,224
516016,617016,114,0.942887,224
516224,617016,114,0.942711,224
515888,617016,113,0.943008,224
516088,617016,113,0.942838,224
513384,617016,112,0.937430,224
511392,617016,112,0.938883,224
514968,617016,112,0.936253,224
515528,617016,112,0.935789,224
513272,617016,113,0.937477,224
515392,617016,113,0.935857,224
514008,617016,112,0.936972,224
516280,617016,112,0.935207,224
513344,617016,112,0.937459,224
509808,617016,113,0.939934,224
506696,617016,113,0.941985,224
509680,617016,113,0.940020,224
512040,617016,113,0.938361,224
512480,617016,113,0.938014,224
508696,617016,114,0.940609,224
510848,617016,114,0.939127,224
509840,617016,115,0.939815,224
511088,617016,115,0.946027,224
508608,617016,115,0.947536,224
511512,617016,115,0.953448,224
511264,617016,115,0.953605,224
513568,617016,115,0.952327,224
513392,617016,114,0.952479,224
517184,617016,114,0.958460,224
516024,617016,115,0.959040,224
516736,617016,115,0.958662,224
515224,617016,115,0.959431,224
512896,617016,115,0.960550,224
514928,617016,115,0.959574,224
510944,617016,116,0.954773,224
510256,617016,115,0.955171,224
511216,617016,115,0.954657,224
510784,617016,114,0.954928,224
509984,617016,113,0.955380,224
510304,617016,113,0.955196,224
511984,617016,113,0.960088,224
515448,617016,112,0.959385,240
516472,617016,112,0.959051,240
512680,617016,112,0.952914,240
513080,617016,112,0.952669,240
512848,617016,112,0.952822,240
511608,617016,112,0.953516,240
514880,617016,112,0.959848,240
514976,617016,112,0.959779,240
513936,617016,111,0.947275,240
510456,617016,110,0.949397,240
511928,617016,110,0.948516,240
511888,617016,110,0.948568,240
513680,617016,110,0.956436,240
510432,617016,110,0.954451,240
511872,617016,110,0.953676,240
509096,617016,110,0.955126,240
510184,617016,110,0.954554,240
508976,617016,110,0.955186,240
509320,617016,110,0.954990,240
511960,617016,110,0.953604,240
511456,617016,110,0.953908,216
509200,617016,110,0.955086,216
508024,617016,110,0.955688,216
509616,617016,110,0.954878,216
511160,617016,110,0.954063,216
509000,617016,111,0.955182,176
512320,617016,111,0.953446,176
515096,617016,111,0.951883,176
514640,617016,111,0.952169,176
516880,617016,111,0.950840,176
516168,617016,111,0.951290,176
512952,617016,111,0.953131,176
516656,617016,111,0.952552,176
517752,617016,111,0.951885,176
514288,617016,111,0.932128,176
516952,617016,111,0.929891,176
513384,617016,112,0.932805,176
514088,617016,112,0.932211,176
510576,617016,112,0.934934,176
507464,617016,112,0.937173,176
509600,617016,112,0.935642,176
512096,617016,112,0.933762,176
510384,617016,111,0.935109,176
512768,617016,111,0.933284,176
509104,617016,112,0.935996,176
511888,617016,112,0.933920,176
509728,617016,112,0.935550,176
506880,617016,113,0.937538,176
508384,617016,113,0.936470,176
512000,617016,113,0.951795,176
509168,617016,113,0.949249,176
505792,617016,113,0.951109,176
507032,617016,113,0.950425,176
508560,617016,112,0.949567,216
506448,617016,113,0.950716,216
506720,617016,113,0.950546,216
503144,617016,113,0.952413,216
500840,617016,114,0.953528,216
504352,617016,114,0.951782,216
501992,617016,114,0.952977,216
502256,617016,114,0.952826,216
500472,617016,114,0.953701,216
501680,617016,114,0.953104,216
499072,617016,114,0.954349,216
499888,617016,114,0.953952,216
496536,617016,114,0.955478,216
494552,617016,114,0.956342,216
494904,617016,114,0.956175,216
498608,617016,114,0.954538,216
499512,617016,114,0.954103,216
496928,617016,114,0.955289,208
497280,617016,114,0.955114,208
495264,617016,115,0.955986,208
493072,617016,114,0.956935,208
490168,617016,114,0.955313,208
493568,617016,114,0.953853,208
493808,617016,114,0.953727,208
493224,617016,114,0.954003,208
495768,617016,114,0.952849,208
496032,617016,114,0.952706,208
492712,617016,114,0.954204,208
493928,617016,114,0.953653,208
490848,617016,114,0.943094,208
489584,617016,113,0.943800,208
491176,617016,113,0.954876,208
493488,617016,113,0.953867,208
491216,617016,114,0.954839,208
493664,617016,114,0.953769,208
490104,617016,113,0.955319,208
492224,617016,113,0.957706,208
490088,617016,113,0.958553,208
493664,617016,113,0.957129,208
491848,617016,113,0.957874,208
489896,617016,114,0.958626,208
488248,617016,114,0.959259,208
492328,617016,114,0.957684,208
493008,617016,114,0.957394,208
492648,617016,113,0.957576,208
496408,617016,113,0.956004,208
497168,617016,113,0.955655,208
494184,617016,114,0.956920,200
490856,617016,114,0.958263,200
494768,617016,114,0.956678,200
494328,617016,114,0.956880,200
496784,617016,114,0.955825,200
496976,617016,114,0.955721,200
495032,617016,113,0.956589,200
495872,617016,113,0.956215,200
494168,617016,114,0.956926,200
494408,617016,114,0.956808,200
494144,617016,114,0.956936,200
495096,617016,114,0.956522,200
493224,617016,115,0.957291,200
492608,617016,115,0.957557,200
490144,617016,116,0.958517,200
487480,617016,117,0.959507,200
487352,617016,118,0.959553,200
491312,617016,118,0.960647,200
488624,617016,118,0.961622,200
489736,617016,118,0.961215,200
487304,617016,118,0.962075,200
489568,617016,118,0.961274,200
489592,617016,118,0.961249,200
486216,617016,118,0.962425,200
483176,617016,119,0.963410,200
483984,617016,119,0.963138,200
486880,617016,119,0.962170,200
484520,617016,120,0.962950,200
483240,617016,121,0.963360,200
481888,617016,122,0.963783,200
480912,617016,122,0.964097,200
478536,617016,122,0.964819,200
481944,617016,122,0.963780,200
482584,617016,122,0.963566,200
484392,617016,122,0.962976,200
486912,617016,122,0.966914,200
489792,617016,122,0.966026,200
490016,617016,122,0.965941,200
492720,617016,122,0.965057,200
496120,617016,122,0.967002,200
494776,617016,122,0.954052,200
497992,617016,122,0.968216,200
496784,617016,122,0.968608,200
499064,617016,122,0.967874,200
497256,617016,122,0.968383,200
500824,620632,122,0.968383,200
497256,620632,123,0.966029,200
497504,620632,123,0.965933,200
497152,620632,123,0.966063,200
494568,620632,123,0.953975,200
492096,620632,123,0.955027,200
492496,620632,123,0.954843,200
489440,620632,122,0.956103,200
492360,620632,122,0.954919,200
493952,620632,122,0.954237,200
491832,620632,122,0.955134,200
493664,620632,122,0.954358,200
496400,620632,122,0.953158,200
495840,620632,122,0.953425,200
496224,620632,122,0.953236,200
494784,620632,122,0.953883,200
491168,620632,123,0.955383,200
490728,620632,124,0.955559,200
486848,620632,124,0.957070,200
485680,620632,124,0.957517,200
484776,620632,123,0.957878,200
487264,620632,123,0.956950,200
487920,620632,123,0.957664,200
486376,620632,123,0.958244,200
486392,620632,123,0.958221,200
488216,620632,123,0.957536,200
485296,620632,122,0.945863,200
483888,620632,122,0.946527,200
485648,620632,122,0.945700,200
486744,620632,122,0.945163,200
487216,620632,122,0.944915,200
491272,620632,122,0.956349,200
488376,620632,122,0.957477,200
489344,620632,122,0.957094,200
490680,620632,122,0.956562,200
487128,620632,121,0.943785,184
487936,620632,121,0.943365,184
485352,620632,121,0.944638,184
483192,620632,121,0.940833,184
483560,620632,121,0.940626,184
486648,620632,121,0.939017,184
486176,620632,121,0.939290,184
483584,620632,120,0.940662,184
486600,620632,120,0.939093,184
489240,620632,120,0.937646,184
488216,620632,120,0.938231,184
488576,620632,120,0.938010,184
487624,620632,120,0.938549,184
486256,620632,121,0.939273,184
487840,620632,121,0.938408,184
486280,620632,121,0.939260,184
486016,620632,120,0.939448,184
482120,620632,120,0.941430,184
483216,620632,120,0.940869,184
480512,620632,120,0.942202,184
480040,620632,120,0.942447,184
483320,620632,120,0.940841,184
485456,620632,120,0.944657,184
484368,620632,119,0.945211,184
482472,620632,119,0.946097,184
483400,620632,119,0.945656,184
484480,620632,119,0.945137,184
484360,620632,118,0.945237,184
486928,620632,118,0.943999,184
483312,620632,118,0.924206,184
486304,620632,118,0.922225,184
482392,620632,118,0.924786,184
483208,620632,118,0.924241,184
483240,620632,118,0.924191,184
484544,620632,118,0.923322,184
484896,620632,118,0.923061,184
481352,620632,118,0.925342,184
483640,620632,118,0.923874,184
482136,620632,119,0.924826,184
481016,620632,119,0.925548,184
484352,620632,119,0.923415,184
483784,620632,119,0.923813,184
485672,620632,119,0.922550,184
487016,620632,119,0.921616,184
486592,620632,119,0.921935,184
490544,620632,119,0.919145,184
490160,620632,120,0.919421,184
492032,620632,120,0.918020,184
491792,620632,119,0.918269,184
491360,620632,119,0.918621,184
489832,620632,119,0.919759,184
491064,620632,119,0.918837,184
491120,620632,119,0.918762,184
492944,620632,119,0.917373,184
492136,620632,118,0.918049,184
495664,620632,118,0.915306,184
494368,620632,117,0.916396,184
494664,620632,117,0.916129,184
494264,620632,117,0.916476,184
497384,620632,117,0.944085,184
495952,620632,116,0.944886,184
494984,620632,116,0.945406,184
498088,620632,116,0.943760,184
498472,620632,116,0.943527,184
496512,620632,115,0.941757,184
496976,620632,115,0.941475,184
494096,620632,115,0.943053,184
490520,620632,115,0.944892,184
490608,620632,115,0.944825,184
491664,620632,115,0.944276,184
489032,620632,115,0.945590,184
490344,620632,115,0.944931,184
488512,620632,116,0.945815,184
490064,620632,116,0.947746,184
486784,620632,115,0.949268,184
486224,620632,115,0.949533,184
487832,620632,115,0.948805,184
488688,620632,115,0.948399,184
485512,620632,114,0.949840,184
488048,620632,114,0.948709,184
485080,620632,113,0.932169,184
484808,620632,113,0.932353,184
486048,620632,113,0.931606,184
484728,620632,113,0.932399,184
481824,620632,113,0.934047,184
479320,620632,114,0.935384,184
480192,620632,114,0.934899,184
482440,620632,114,0.933657,184
482664,620632,114,0.933507,184
484544,620632,114,0.932421,184
482392,620632,114,0.933657,184
483336,620632,114,0.933105,184
479888,620632,115,0.934984,184
483856,620632,115,0.950498,184
483288,620632,115,0.950754,184
487152,620632,115,0.960308,184
484104,620632,116,0.961328,184
484920,620632,116,0.961044,184
480992,620632,115,0.959966,184
484088,620632,115,0.958904,184
481000,620632,116,0.959947,184
477880,620632,117,0.960949,184
480016,620632,117,0.960253,184
482000,620632,117,0.959583,184
481600,620632,117,0.959733,184
480808,620632,117,0.960011,184
477376,620632,117,0.957610,184
474384,620632,117,0.958614,184
471168,620632,117,0.959640,184
468600,620632,117,0.960427,184
470312,620632,117,0.959901,184
468784,620632,118,0.960358,184
470904,620632,118,0.959706,184
467496,620632,118,0.960736,184
466888,620632,118,0.960925,184
465448,620632,118,0.961348,184
463416,620632,118,0.961924,184
466232,620632,118,0.961126,184
462416,620632,119,0.962182,184
460432,620632,120,0.962709,184
462336,620632,120,0.965323,184
466264,620632,120,0.970935,184
464952,620632,121,0.971211,184
465616,620632,121,0.971062,184
466632,620632,121,0.970836,184
469424,620632,121,0.970214,184
465912,620632,120,0.937672,184
468400,620632,120,0.936495,184
469824,620632,120,0.935791,184
465960,620632,120,0.937628,184
464800,620632,120,0.938174,184
465720,620632,120,0.937737,184
466760,620632,120,0.937239,184
469856,620632,120,0.935752,184
469760,620632,120,0.935822,184
472152,620632,120,0.934621,184
471072,620632,121,0.935158,184
470296,620632,122,0.935538,184
472576,620632,122,0.934384,184
474256,620632,122,0.946974,184
477272,620632,122,0.945676,184
478368,620632,122,0.945175,184
478712,620632,122,0.945002,184
476216,620632,123,0.946090,184
479216,620632,123,0.944755,184
477344,620632,123,0.945603,184
477464,620632,123,0.945530,184
473632,620632,122,0.946571,184
476816,620632,122,0.945195,184
480632,620632,122,0.943455,184
478064,620632,122,0.944645,184
478376,620632,122,0.944484,184
477016,620632,122,0.945108,184
475008,620632,122,0.945993,184
477344,620632,122,0.944964,184
478176,620632,122,0.944573,184
476496,620632,122,0.932240,184
480224,620632,122,0.930144,184
480080,620632,121,0.930281,184
479736,620632,121,0.930504,184
480152,620632,121,0.930240,184
480768,620632,121,0.929859,184
478320,620632,121,0.931270,184
482288,620632,121,0.942697,184
479552,620632,121,0.943996,184
480504,620632,120,0.943540,224
477504,620632,120,0.944918,224
477160,620632,119,0.945111,224
478632,620632,119,0.944437,224
476312,620632,119,0.945480,224
477480,620632,119,0.944949,224
476784,620632,119,0.945275,224
477624,620632,119,0.944886,224
480152,620632,119,0.943725,224
479296,620632,120,0.944116,224
482352,620632,120,0.962403,224
481968,620632,120,0.962537,224
481376,620632,120,0.962735,224
482600,620632,120,0.962340,224
483936,620632,120,0.961900,224
483728,620632,120,0.961982,224
484656,620632,120,0.961667,224
483064,620632,121,0.962178,224
482144,620632,121,0.962483,224
480024,620632,121,0.962886,224
479672,620632,121,0.963006,224
481320,620632,121,0.962488,224
483424,620632,121,0.962079,224
480408,620632,122,0.963016,224
478056,620632,123,0.963718,216
475792,620632,122,0.959407,216
478808,620632,122,0.963512,216
476808,620632,123,0.964092,216
477096,620632,123,0.963996,216
473912,620632,123,0.964901,216
477888,620632,123,0.973018,216
480000,620632,123,0.972542,216
481152,620632,123,0.972270,216
483640,620632,123,0.971677,216
482808,620632,123,0.971149,216
484072,620632,123,0.970829,216
485456,620632,123,0.970471,216
483744,620632,123,0.970910,216
482272,620632,123,0.971278,216
485416,620632,123,0.970494,216
487632,620632,123,0.969911,216
487168,620632,123,0.970044,216
485784,620632,123,0.970413,216
482440,620632,123,0.968248,216
484728,620632,123,0.967617,216
486368,620632,123,0.967145,216
489104,620632,123,0.966337,216
486200,620632,123,0.967193,216
485400,620632,122,0.951303,216
487432,620632,122,0.950421,216
488520,620632,122,0.949926,216
484904,620632,123,0.951469,216
486848,620632,123,0.950631,216
486384,620632,124,0.950829,216
483280,620632,124,0.952131,216
485464,620632,124,0.965673,216
488600,620632,123,0.964711,264
486696,620632,124,0.965293,264
488488,620632,124,0.964731,264
485696,620632,124,0.965591,264
483664,620632,124,0.966194,264
482488,620632,123,0.966553,264
482912,620632,123,0.966421,264
481616,620632,124,0.966782,264
485512,620632,124,0.968606,264
488456,620632,124,0.968203,264
488432,620632,124,0.968223,264
486752,620632,124,0.953740,264
488920,620632,124,0.952835,264
492296,620632,124,0.951365,264
495744,620632,124,0.968416,264
492568,620632,125,0.969332,264
494712,620632,125,0.968706,264
494424,620632,124,0.968831,216
498072,624328,124,0.968831,216
497416,624328,124,0.969033,216
499984,624328,124,0.968268,216
496088,624328,124,0.963508,216
497088,624328,124,0.963156,216
496216,624328,124,0.963465,216
497184,624328,124,0.963124,216
496952,624328,123,0.963235,216
495312,624328,123,0.963795,216
493520,624328,123,0.964387,216
493784,624328,123,0.964288,216
496312,624328,123,0.963449,216
498352,624328,123,0.962740,216
496064,624328,124,0.963516,216
493784,624328,124,0.964273,216
491256,624328,124,0.965075,216
490104,624328,124,0.965436,216
491432,624328,124,0.965021,216
487872,624328,125,0.966078,208
487784,624328,126,0.966103,208
484704,624328,125,0.955920,208
486816,624328,125,0.955122,208
485672,624328,126,0.955548,208
489768,624328,126,0.965524,208
493680,624328,126,0.966018,208
494608,624328,126,0.965720,208
492656,624328,126,0.966325,208
494656,624328,126,0.965706,208
497216,624328,126,0.964883,208
496984,624328,126,0.964973,208
498072,624328,126,0.964604,208
496480,624328,126,0.965134,208
497592,624328,126,0.964761,208
496016,624328,126,0.965281,208
497464,624328,126,0.964802,208
497152,624328,126,0.964919,208
497544,624328,126,0.964776,208
493472,624328,127,0.963775,208
490984,624328,127,0.957336,208
493040,624328,126,0.956549,232
496016,624328,126,0.955353,232
492312,624328,126,0.956828,232
491296,624328,126,0.957229,232
494096,624328,126,0.956139,232
497656,624328,126,0.954677,232
496752,624328,125,0.955092,232
497296,624328,125,0.954847,232
495016,624328,124,0.955813,232
499000,624328,124,0.954148,232
498416,624328,123,0.954437,232
498880,624328,123,0.954220,232
502424,624328,123,0.960668,232
498512,624328,123,0.962117,232
500296,624328,123,0.961460,232
497024,624328,123,0.962634,232
498264,624328,122,0.962195,256
494232,624328,122,0.956491,256
497736,624328,122,0.955063,256
499856,624328,122,0.954144,256
497008,624328,121,0.955383,256
497504,624328,121,0.955159,256
494864,624328,121,0.956243,256
493632,624328,120,0.956760,256
491520,624328,120,0.946201,256
491784,624328,120,0.946054,256
493624,624328,120,0.945148,256
495432,624328,119,0.944248,264
495256,624328,118,0.944384,264
495816,624328,118,0.944078,264
493584,624328,117,0.945234,264
497136,624328,117,0.943425,264
493056,624328,118,0.945466,264
493376,624328,118,0.945288,264
490040,624328,118,0.946883,264
492984,624328,118,0.963015,264
490504,624328,118,0.963824,264
494128,624328,118,0.963566,264
490792,624328,119,0.964620,264
490472,624328,119,0.964733,264
490416,624328,119,0.964764,264
491232,624328,119,0.964500,264
494960,624328,119,0.963294,264
493872,624328,120,0.963649,264
496440,624328,120,0.969569,264
498904,624328,120,0.970349,264
496760,624328,120,0.954549,264
497040,624328,120,0.954412,264
496960,624328,120,0.954465,264
499032,624328,120,0.953563,264
498424,624328,119,0.953867,264
501360,624328,119,0.969667,264
497832,624328,118,0.933535,264
498784,624328,118,0.932916,264
497200,624328,117,0.933950,264
495064,624328,118,0.935219,264
495568,624328,118,0.934896,264
498272,624328,118,0.933234,264
494544,624328,118,0.923954,264
492800,624328,119,0.925124,264
491832,624328,120,0.925757,264
493632,624328,120,0.935989,264
492968,624328,120,0.936391,264
494144,624328,120,0.935696,264
491056,624328,120,0.937448,264
494296,624328,120,0.940617,264
495688,624328,120,0.939842,264
498848,624328,120,0.963497,264
498224,624328,120,0.963724,264
500288,624328,120,0.962999,264
498400,624328,120,0.963665,264
497160,624328,120,0.964094,264
499256,624328,120,0.963374,264
497088,624328,120,0.964123,248
499808,624328,120,0.963189,248
498192,624328,120,0.963756,248
494376,624328,120,0.962862,248
492664,624328,120,0.963438,248
495240,624328,120,0.962573,248
494576,624328,121,0.962796,248
498600,624328,121,0.965776,248
498968,624328,121,0.965643,248
497152,624328,121,0.966231,248
500656,624328,121,0.966383,248
502088,624328,121,0.965905,248
503312,624328,121,0.965482,248
501368,624328,122,0.966124,248
503632,624328,122,0.965358,248
502816,624328,122,0.965648,248
501720,624328,121,0.966041,248
503248,624328,121,0.965520,248
503048,624328,121,0.965603,248
506296,624328,121,0.971926,248
508832,624328,121,0.975049,248
506152,624328,121,0.967801,248
507360,624328,121,0.967391,248
506520,624328,122,0.967667,248
509152,624328,122,0.974955,248
505904,624328,122,0.964588,248
509176,624328,122,0.974948,248
507368,624328,121,0.972756,248
504728,624328,122,0.973466,248
501712,624328,122,0.950713,248
502464,624328,122,0.950332,248
501520,624328,121,0.950826,248
499912,624328,121,0.951592,248
500728,624328,121,0.951195,248
500704,624328,120,0.951251,248
496736,624328,120,0.953038,248
493008,624328,120,0.954603,248
494008,624328,120,0.954179,248
497640,624328,120,0.953142,248
494264,624328,120,0.954575,248
497928,624328,120,0.953018,248
501552,624328,120,0.966891,248
499512,624328,120,0.955244,248
500280,624328,120,0.954899,248
498456,624328,119,0.955702,248
500520,624328,119,0.954817,248
504208,624328,119,0.956535,248
503152,624328,119,0.957001,248
506200,624328,119,0.965352,248
509424,624328,119,0.970797,248
510304,624328,119,0.970515,248
507160,624328,118,0.946352,248
505824,624328,118,0.947092,248
503856,624328,118,0.948133,248
506016,624328,118,0.946990,248
507472,624328,118,0.946183,248
505584,624328,117,0.947243,248
501624,624328,117,0.949263,248
504160,624328,117,0.947979,248
507392,624328,117,0.946252,248
506200,624328,117,0.946918,248
509472,624328,117,0.949975,248
507080,624328,116,0.951229,248
505968,624328,116,0.940239,248
506088,624328,116,0.940139,248
509672,624328,116,0.958427,248
508856,624328,116,0.958795,248
509872,624328,116,0.958340,248
508536,624328,116,0.958930,248
506984,624328,116,0.959591,248
510304,624328,116,0.965672,248
513488,624328,116,0.967408,248
510256,624328,116,0.952948,248
510456,624328,116,0.952826,248
512968,624328,116,0.951531,248
509952,624328,115,0.953096,248
510344,624328,115,0.952881,248
506840,624328,114,0.950808,248
507656,624328,113,0.950381,288
505552,624328,114,0.951417,288
503984,624328,114,0.952184,288
506864,624328,114,0.950776,288
508552,624328,114,0.949902,288
507456,624328,114,0.950481,288
509440,624328,114,0.949442,288
505408,624328,114,0.951486,288
509048,624328,114,0.957298,288
506736,624328,113,0.958330,288
503464,624328,114,0.959655,288
505584,624328,114,0.958787,288
501600,624328,114,0.953654,288
505624,624328,114,0.951779,288
507040,624328,114,0.951068,288
505864,624328,114,0.951664,288
507208,624328,114,0.950985,288
506816,624328,113,0.951225,288
504816,624328,114,0.952186,288
508512,624328,114,0.958289,288
512568,624328,113,0.960826,312
510776,624328,113,0.961580,312
511712,624328,113,0.961181,312
509472,624328,113,0.962097,312
508248,624328,113,0.962589,312
512224,628352,113,0.962589,312
511832,628352,113,0.962756,312
509944,628352,113,0.963473,312
512504,628352,113,0.962500,312
513952,628352,113,0.961918,312
511888,628352,113,0.962734,312
508944,628352,114,0.963816,312
512688,632144,114,0.963816,312
510400,632144,114,0.964630,312
513088,632144,114,0.963672,312
512272,632144,115,0.963977,272
512664,632144,115,0.963821,272
515712,632144,115,0.965366,272
518064,632144,115,0.964500,272
517248,632144,116,0.964799,272
513784,632144,116,0.948976,256
511984,632144,116,0.949898,256
513392,632144,116,0.949174,256
510856,632144,116,0.950445,256
508080,632144,117,0.951742,256
511928,632144,117,0.962740,256
512752,632144,117,0.962419,256
515992,632144,117,0.965239,256
516096,632144,117,0.965185,256
513464,632144,118,0.966096,256
510064,632144,118,0.964681,256
511200,632144,118,0.964275,256
507104,632144,118,0.949948,256
508656,632144,118,0.949187,256
509160,632144,118,0.948920,256
508544,632144,118,0.949241,256
511984,632144,118,0.963983,256
510904,632144,117,0.956947,256
512296,632144,116,0.956337,304
509512,632144,117,0.957501,304
513496,632144,117,0.963441,304
510760,632144,117,0.964427,304
508688,632144,117,0.965143,304
510336,632144,117,0.967119,304
510576,632144,117,0.967028,304
507984,632144,117,0.967849,304
503936,632144,116,0.938481,304
505280,632144,116,0.937693,304
504440,632144,116,0.938198,304
504776,632144,116,0.937981,304
508224,632144,116,0.963540,304
505664,632144,116,0.964418,304
508168,632144,116,0.967793,304
505624,632144,116,0.968563,304
509320,635888,116,0.968563,304
508264,635888,116,0.967565,304
508656,635888,116,0.967434,304
504912,635888,117,0.966813,304
503984,635888,118,0.967084,304
506896,635888,118,0.967938,304
508136,635888,118,0.968876,304
504168,635888,119,0.965029,304
505024,635888,118,0.964750,344
501488,635888,118,0.957091,344
504896,635888,117,0.955794,344
504144,635888,118,0.956087,344
501096,635888,119,0.957235,344
503952,635888,119,0.956142,344
507848,635888,119,0.963827,344
504992,635888,119,0.964760,344
503544,635888,119,0.965222,344
501704,635888,119,0.965788,344
500912,635888,118,0.966048,344
498456,635888,118,0.966760,344
499008,635888,118,0.966593,344
500576,635888,118,0.966132,344
501224,635888,118,0.965929,344
501632,635888,118,0.965795,344
501512,635888,119,0.965831,344
503264,635888,119,0.965293,344
502888,635888,119,0.965421,344
506976,640024,119,0.965421,344
510480,640024,119,0.967554,344
508128,640024,119,0.968239,344
508400,640024,119,0.968150,344
507472,640024,119,0.968422,344
511168,643768,119,0.968422,344
509520,643768,119,0.968884,344
511216,643768,119,0.968409,344
508936,643768,118,0.969052,344
511696,643768,118,0.968289,344
509640,643768,117,0.951083,320
507072,643768,118,0.952143,320
509368,643768,118,0.951178,320
509520,643768,118,0.951093,320
505872,643768,118,0.952604,320
506816,643768,118,0.952208,320
503768,643768,118,0.953423,320
504120,643768,118,0.953269,320
500192,643768,117,0.901818,320
501192,643768,117,0.900991,320
497136,643768,117,0.904172,296
497768,643768,117,0.903662,296
495280,643768,117,0.905536,296
498592,643768,117,0.903037,296
496424,643768,117,0.904700,296
497424,643768,117,0.903921,296
496472,643768,118,0.904629,296
496200,643768,118,0.904865,296
499544,643768,118,0.902304,296
500472,643768,118,0.901542,296
496384,643768,119,0.904659,296
496104,643768,120,0.904865,296
496968,643768,120,0.904190,296
500216,643768,120,0.927992,296
499904,643768,121,0.928171,296
501472,643768,121,0.927234,296
500920,643768,120,0.927613,296
499976,643768,120,0.928185,296
497400,643768,120,0.929655,296
497936,643768,120,0.929333,296
498856,643768,120,0.928793,296
502552,643768,120,0.926623,296
498808,643768,120,0.928820,296
499040,643768,119,0.928666,336
495792,643768,119,0.905064,336
494096,643768,119,0.906324,336
495152,643768,119,0.905531,336
494208,643768,120,0.906210,336
497720,643768,120,0.903596,336
494320,643768,121,0.906096,336
497680,643768,121,0.903590,336
497328,643768,121,0.903891,336
500640,643768,121,0.901302,336
499832,643768,121,0.901975,336
501440,643768,121,0.900665,336
499632,643768,121,0.902137,328
500952,643768,121,0.901061,328
499624,643768,121,0.891206,328
501352,643768,121,0.889649,328
500720,643768,121,0.890250,328
500456,643768,122,0.890482,328
496768,643768,123,0.893621,328
497232,643768,123,0.893196,328
496120,643768,123,0.894154,328
500160,643768,123,0.890699,328
501176,643768,123,0.889762,328
504536,643768,123,0.886651,328
502480,643768,122,0.888636,328
498584,643768,121,0.892139,328
500224,643768,121,0.890685,328
502944,643768,121,0.888214,328
500424,643768,122,0.890468,328
502576,643768,122,0.906425,328
505640,643768,122,0.903991,328
505248,643768,122,0.904343,328
503000,643768,122,0.906138,328
505792,643768,122,0.903908,328
504224,643768,121,0.879686,328
507320,643768,121,0.876482,328
505904,643768,120,0.878044,328
505976,643768,120,0.877921,328
506200,643768,120,0.877643,328
503672,643768,119,0.880278,328
503776,643768,119,0.880129,328
500680,643768,119,0.883149,328
496760,643768,118,0.886791,328
497184,643768,118,0.886375,328
497232,643768,118,0.886290,328
496368,643768,118,0.887093,328
494976,643768,119,0.888297,328
495864,643768,119,0.887490,328
497712,643768,119,0.885820,328
494208,643768,119,0.888909,328
492352,643768,119,0.890497,328
488400,643768,119,0.893690,328
485176,643768,119,0.896167,328
481328,643768,119,0.898969,328
481224,643768,119,0.899075,328
482112,643768,119,0.898417,328
481016,643768,119,0.899221,328
479704,643768,119,0.900159,328
480496,643768,119,0.899581,328
483024,643768,119,0.897768,328
487008,643768,119,0.923880,328
486080,643768,118,0.924439,328
487344,643768,118,0.923722,328
484056,643768,118,0.925518,328
483736,643768,117,0.925736,328
481048,643768,116,0.927163,328
480008,643768,115,0.927730,328
483928,643768,114,0.925715,368
484968,643768,114,0.925142,368
483416,643768,115,0.925957,368
485616,643768,115,0.924770,368
489464,643768,115,0.922621,368
487128,643768,114,0.923977,368
490352,643768,114,0.922142,368
491544,643768,113,0.921423,416
494872,643768,113,0.919396,416
493552,643768,113,0.920230,416
493768,643768,113,0.920070,416
495448,643768,113,0.919010,416
495592,643768,113,0.918891,416
496400,643768,113,0.918353,416
496184,643768,113,0.918520,416
498544,643768,113,0.916976,416
495360,643768,112,0.919065,416
498440,643768,112,0.917075,416
495680,643768,112,0.918866,416
494888,643768,112,0.919386,416
496584,643768,112,0.918298,416
500240,643768,111,0.915896,448
499736,643768,110,0.916296,448
502256,643768,110,0.914556,448
498904,643768,110,0.916845,448
499992,643768,110,0.916094,448
499840,643768,110,0.916227,448
503448,643768,110,0.913723,448
499464,643768,109,0.916508,448
502320,643768,109,0.914545,448
498344,643768,108,0.917273,448
495648,643768,108,0.919015,448
498472,643768,108,0.939729,448
494912,643768,108,0.941388,448
497984,643768,108,0.939959,448
494008,643768,108,0.941790,448
492920,643768,109,0.942266,448
494312,643768,109,0.941634,448
495944,643768,109,0.940879,448
498904,643768,109,0.939478,448
495920,643768,109,0.940890,448
498056,643768,109,0.939880,448
497560,643768,109,0.940135,448
496560,643768,110,0.940598,448
498872,643768,110,0.939493,448
501504,643768,110,0.938188,448
500112,643768,110,0.938896,448
498584,643768,110,0.939672,408
498656,643768,110,0.939615,408
500240,643768,110,0.938830,408
496656,643768,111,0.940528,408
497744,643768,111,0.940000,408
494048,643768,111,0.941705,408
497536,643768,111,0.940097,408
497288,643768,111,0.940235,408
499560,643768,111,0.939136,408
496928,643768,111,0.940402,408
493416,643768,110,0.911528,408
494224,643768,110,0.910953,408
494656,643768,110,0.910627,408
491840,643768,109,0.912569,408
494864,643768,109,0.910518,408
494760,643768,109,0.910622,408
493064,643768,109,0.911795,408
494064,643768,109,0.911094,408
495208,643768,109,0.910282,408
491168,643768,110,0.912974,408
489048,643768,111,0.914322,408
492040,643768,111,0.912375,408
489840,643768,112,0.913793,408
485856,643768,113,0.916247,408
486552,643768,113,0.915800,408
488024,643768,113,0.914870,408
489136,643768,112,0.914172,416
485512,643768,111,0.916448,416
487064,643768,111,0.915484,416
484280,643768,111,0.917175,416
481144,643768,112,0.918998,368
481096,643768,112,0.919052,368
480872,643768,112,0.919204,368
482200,643768,112,0.918430,368
478312,643768,112,0.920605,368
479376,643768,112,0.920002,368
476856,643768,111,0.921406,368
475512,643768,111,0.922132,368
478520,643768,111,0.920519,368
482280,643768,111,0.918412,368
480216,643768,111,0.919594,368
480232,643768,111,0.919559,368
481008,643768,111,0.919101,368
479776,643768,110,0.919836,368
476816,643768,109,0.921477,368
478696,643768,109,0.920450,368
482176,643768,109,0.918498,368
478928,643768,110,0.920298,368
481384,643768,110,0.918917,368
484344,643768,110,0.917194,368
485528,643768,110,0.916467,368
484976,643768,110,0.916823,368
483632,643768,109,0.917664,368
487312,643768,109,0.915450,368
490952,643768,109,0.913139,368
488272,643768,109,0.914860,368
489000,643768,109,0.920047,368
487648,643768,109,0.920856,368
488800,643768,109,0.920163,368
488160,643768,110,0.920534,368
490064,643768,110,0.919392,368
488920,643768,110,0.920093,368
489376,643768,110,0.919798,368
487048,643768,110,0.921171,368
488696,643768,110,0.920196,368
486816,643768,110,0.921302,368
490352,643768,110,0.919221,368
489888,643768,110,0.919525,368
489528,643768,110,0.919765,368
488440,643768,111,0.920400,368
490304,643768,111,0.919278,368
490704,643768,111,0.919010,368
492608,643768,111,0.917823,368
491992,643768,111,0.918231,368
494568,643768,111,0.916596,368
493160,643768,111,0.917511,368
494344,643768,111,0.916738,368
493192,643768,111,0.917491,368
493760,643768,111,0.917106,368
490816,643768,112,0.918914,368
494400,643768,112,0.916672,368
491240,643768,112,0.918659,368
487608,643768,112,0.920824,368
487992,643768,112,0.920576,368
491640,643768,112,0.918387,368
487584,643768,112,0.920810,368
489584,643768,112,0.919619,368
485960,643768,112,0.921730,368
484712,643768,111,0.922475,368
485920,643768,111,0.921779,368
485944,643768,111,0.921739,368
482984,643768,111,0.923387,368
484288,643768,111,0.922655,368
483048,643768,111,0.923353,368
484208,643768,111,0.922699,368
483016,643768,112,0.923370,320
485232,643768,112,0.922136,320
484464,643768,112,0.922585,320
483608,643768,111,0.923103,320
485352,643768,111,0.922122,320
481992,643768,111,0.923966,320
483424,643768,111,0.923176,320
485960,643768,111,0.921757,320
484232,643768,111,0.922738,320
484008,643768,111,0.922886,320
480312,643768,111,0.924868,320
478192,643768,111,0.925970,320
480232,643768,111,0.924909,320
482008,643768,111,0.923958,320
484640,643768,111,0.922515,320
481784,643768,111,0.924076,320
482368,643768,111,0.923742,320
483352,643768,111,0.923189,320
480432,643768,112,0.924732,320
480736,643768,112,0.924549,320
477416,643768,113,0.926237,320
475728,643768,113,0.927091,320
472240,643768,114,0.928746,320
475936,643768,114,0.926966,320
476552,643768,114,0.926641,320
476160,643768,114,0.926857,320
478000,643768,114,0.925922,320
477592,643768,115,0.926126,320
474272,643768,116,0.927745,320
476496,643768,116,0.926645,320
474200,643768,116,0.927780,320
473160,643768,117,0.928272,320
474904,643768,117,0.939304,320
476536,643768,117,0.938620,320
476888,643768,117,0.938455,320
477760,643768,117,0.938072,320
475192,643768,116,0.939168,320
476464,643768,116,0.938630,320
472440,643768,116,0.940261,320
471200,643768,117,0.940741,320
470040,643768,117,0.941201,320
472416,643768,117,0.940270,320
476456,643768,117,0.938633,320
478896,643768,117,0.937592,320
475768,643768,117,0.938915,320
475984,643768,117,0.938807,320
472320,643768,118,0.940270,320
476232,643768,118,0.938686,320
473856,643768,118,0.939666,320
477064,643768,118,0.938342,320
476176,643768,119,0.938709,320
479176,643768,119,0.937432,320
477544,643768,118,0.938162,320
477256,643768,119,0.938282,320
476912,643768,119,0.938445,320
480352,643768,119,0.936966,320
484104,643768,119,0.935272,320
484656,643768,118,0.935018,320
480616,643768,118,0.936851,320
480264,643768,118,0.937025,320
481400,643768,118,0.936508,320
484264,643768,118,0.935199,320
481440,643768,118,0.936490,320
483304,643768,118,0.935636,320
480472,643768,119,0.936893,320
477472,643768,119,0.938192,320
479512,643768,119,0.937308,320
479592,643768,119,0.937253,320
477832,643768,118,0.938042,320
479568,643768,118,0.937284,320
478584,643768,119,0.937704,320
478880,643768,119,0.937558,320
476696,643768,119,0.938495,320
478744,643768,119,0.937616,320
475104,643768,120,0.939126,320
478648,643768,120,0.937636,320
475568,643768,120,0.938938,320
475752,643768,120,0.938843,320
474720,643768,120,0.939281,320
473952,643768,121,0.939589,320
475648,643768,121,0.950532,320
473512,643768,122,0.951227,320
473792,643768,122,0.951122,320
472576,643768,122,0.951526,320
468656,643768,123,0.952750,280
468864,643768,123,0.952673,280
465416,643768,124,0.953693,280
469248,643768,124,0.952542,280
470096,643768,124,0.952268,280
470272,643768,124,0.952199,280
467912,643768,123,0.952945,280
469624,643768,123,0.952413,280
467160,643768,123,0.953168,280
470960,643768,123,0.952001,280
468456,643768,124,0.952767,280
471424,643768,124,0.951841,280
468544,643768,124,0.948658,280
470352,643768,124,0.948043,280
468704,643768,124,0.948605,280
468352,643768,124,0.948736,280
468088,643768,124,0.948838,280
468520,643768,124,0.948681,280
471328,643768,124,0.947729,280
474312,643768,124,0.950920,280
472560,643768,124,0.951498,280
475216,643768,124,0.950624,280
473000,643768,124,0.951358,280
469352,643768,124,0.952510,280
467784,643768,124,0.952997,280
469064,643768,124,0.952598,280
468176,643768,125,0.952866,280
470240,643768,125,0.952224,280
472440,643768,125,0.951521,280
474696,643768,125,0.950779,280
472832,643768,125,0.951396,280
472960,643768,125,0.951340,280
471112,643768,125,0.951939,280
472584,643768,125,0.951460,280
472248,643768,126,0.951567,280
474456,643768,126,0.950841,280
472984,643768,126,0.951332,280
474952,643768,126,0.950679,280
474032,643768,126,0.950995,280
471432,643768,125,0.951854,280
470880,643768,126,0.952026,280
469456,643768,126,0.952479,280
469936,643768,126,0.952317,280
471832,643768,126,0.951713,280
472544,643768,126,0.951473,280
474288,643768,126,0.950896,280
470560,643768,126,0.952095,280
470632,643768,126,0.952058,280
470336,643768,126,0.952164,280
471880,643768,126,0.951668,280
470288,643768,126,0.952179,280
472648,643768,126,0.966270,280
472088,643768,127,0.966393,280
470376,643768,127,0.966775,280
474216,643768,127,0.965919,280
471584,643768,128,0.966503,280
472088,643768,128,0.966383,280
470088,643768,128,0.966827,280
466848,643768,129,0.967506,280
470856,643768,129,0.967585,280
474344,643768,129,0.966824,280
475712,643768,129,0.966509,280
475032,643768,128,0.966683,280
478296,643768,128,0.965931,280
476552,643768,128,0.966342,280
480080,643768,128,0.965512,280
478776,643768,128,0.965830,280
479856,643768,128,0.965565,280
477984,643768,127,0.966025,280
480232,643768,127,0.965487,280
478680,643768,127,0.965864,280
480288,643768,127,0.965473,280
479904,643768,127,0.965576,280
481064,643768,127,0.965287,280
478784,643768,126,0.965851,280
478664,643768,127,0.965879,280
479344,643768,127,0.965708,280
478344,643768,127,0.965953,280
480992,643768,127,0.965316,280
479936,643768,128,0.965569,280
483448,643768,128,0.969617,280
479688,643768,128,0.970412,280
482472,643768,128,0.969824,280
480776,643768,129,0.970179,280
480408,643768,129,0.970265,280
478440,643768,129,0.970673,280
479296,643768,129,0.970491,280
479120,643768,129,0.970537,280
476984,643768,129,0.970971,280
477168,643768,129,0.970925,280
479672,643768,129,0.970415,280
481768,643768,129,0.969973,280
481560,643768,130,0.970016,280
483328,643768,130,0.969632,280
480232,643768,130,0.948589,280
481312,643768,130,0.948186,280
483192,643768,130,0.947481,280
483176,643768,130,0.947505,280
485128,643768,130,0.946754,280
484368,643768,130,0.947060,280
480672,643768,130,0.948432,280
481104,643768,130,0.948261,280
478568,643768,131,0.949156,280
477216,643768,131,0.949638,280
473672,643768,132,0.950816,280
475360,643768,132,0.950246,280
477096,643768,132,0.949646,280
480864,643768,132,0.970464,280
483392,643768,132,0.969927,280
480152,643768,131,0.937207,280
479960,643768,131,0.937310,280
483464,643768,131,0.935737,280
481312,643768,132,0.936700,280
485176,643768,132,0.934928,280
485584,643768,132,0.934715,280
483944,643768,131,0.935519,280
481560,643768,131,0.936611,280
481792,643768,131,0.936488,280
482192,643768,131,0.936288,280
485120,643768,131,0.934932,280
481856,643768,131,0.936438,280
480984,643768,131,0.936844,280
481224,643768,131,0.936717,280
477552,643768,130,0.938334,280
479312,643768,130,0.937569,280
481152,643768,130,0.936749,280
480672,643768,130,0.936980,280
480256,643768,131,0.937161,280
482600,643768,131,0.936106,280
486176,643768,131,0.960558,280
484496,643768,130,0.961057,280
485000,643768,130,0.960903,280
483936,643768,131,0.961198,280
485128,643768,131,0.960854,280
482064,643768,131,0.961706,280
484480,643768,131,0.961035,280
480784,643768,132,0.962034,280
478256,643768,132,0.962700,280
479840,643768,132,0.962281,280
477032,643768,133,0.962997,280
478608,643768,133,0.962586,280
482016,643768,133,0.961681,280
481512,643768,132,0.961841,280
481272,643768,132,0.961917,280
480840,643768,131,0.962057,280
477264,643768,131,0.938474,280
473784,643768,131,0.939908,280
471472,643768,132,0.940812,280
473240,643768,132,0.940104,280
476560,643768,132,0.938746,280
477280,643768,132,0.938427,280
475080,643768,131,0.939370,280
471248,643768,131,0.940898,280
473120,643768,131,0.940152,280
473928,643768,131,0.939813,280
477448,643768,131,0.938357,280
479512,643768,131,0.937462,280
477312,643768,131,0.938414,280
474328,643768,131,0.939653,280
473904,643768,130,0.939860,280
475480,643768,130,0.939208,280
472408,643768,130,0.940449,280
474248,643768,130,0.939704,280
474216,643768,129,0.939755,280
472744,643768,129,0.940356,280
474768,643768,129,0.939534,280
478776,643768,129,0.965568,280
478512,643768,129,0.965641,280
480232,643768,129,0.965222,280
479512,643768,129,0.965406,280
480176,643768,129,0.965236,280
481840,643768,129,0.964820,280
480192,643768,128,0.965243,280
478448,643768,128,0.965668,280
477624,643768,128,0.965870,280
476608,643768,127,0.966125,280
477688,643768,127,0.965867,280
477464,643768,127,0.965929,280
478512,643768,127,0.965675,280
478984,643768,127,0.965553,280
481864,643768,127,0.964850,280
479824,643768,127,0.965354,280
476480,643768,126,0.955571,280
472728,643768,125,0.956009,280
472864,643768,125,0.955956,280
470352,643768,126,0.956670,280
471152,643768,126,0.956432,280
472120,643768,126,0.956143,280
469240,643768,126,0.956965,280
472632,643768,126,0.955996,280
471552,643768,126,0.956318,280
475256,643768,126,0.955226,280
479000,643768,126,0.954066,280
481872,643768,126,0.953130,280
482704,643768,126,0.952841,280
484984,643768,126,0.952058,280
484048,643768,126,0.952392,280
488120,643768,126,0.950960,280
487816,643768,127,0.951069,280
490288,643768,127,0.962616,280
489048,643768,127,0.962976,256
488384,643768,127,0.963169,256
491456,643768,127,0.966557,256
492016,643768,127,0.966404,256
490792,643768,128,0.966710,256
492328,643768,128,0.966313,256
492088,643768,129,0.966374,256
488584,643768,128,0.959529,256
491120,643768,128,0.958749,256
492576,643768,128,0.958281,256
489600,643768,129,0.959197,256
486048,643768,130,0.960239,256
488160,643768,130,0.959612,256
492016,643768,130,0.958426,256
489520,643768,130,0.959207,256
491904,643768,130,0.958461,256
490032,643768,130,0.959052,256
491864,643768,130,0.958474,256
491464,643768,131,0.958598,256
492656,643768,131,0.958210,256
492072,643768,132,0.958394,256
494392,643768,132,0.957639,256
493312,643768,132,0.958002,256
494552,643768,132,0.957587,256
490528,643768,132,0.958871,256
486520,643768,133,0.960062,256
488184,643768,133,0.959562,256
490672,643768,133,0.958798,256
486688,643768,133,0.960000,256
489424,643768,133,0.961954,256
487400,643768,133,0.962528,256
488016,643768,133,0.962346,256
487448,643768,133,0.962515,256
491312,643768,133,0.961416,256
490632,643768,133,0.961626,256
489936,643768,134,0.961823,256
487728,643768,134,0.962451,256
486384,643768,134,0.962828,256
486512,643768,134,0.962781,256
489296,643768,134,0.962004,256
491608,643768,134,0.961331,256
491184,643768,134,0.961467,256
494376,643768,134,0.960510,256
496512,643768,134,0.959838,256
495400,643768,134,0.960200,248
499072,643768,134,0.972385,248
495368,643768,135,0.971383,248
496840,643768,135,0.971043,248
495408,643768,134,0.970890,248
499064,643768,134,0.970541,248
497880,643768,133,0.970838,248
498216,643768,133,0.970750,248
496000,643768,133,0.971264,248
498608,643768,133,0.970659,248
497472,643768,133,0.970932,248
498752,643768,133,0.970626,248
495072,643768,132,0.939448,248
495872,643768,132,0.939050,248
493752,643768,132,0.940057,248
491336,643768,131,0.941184,248
490952,643768,131,0.941373,248
490144,643768,131,0.941745,248
493056,643768,131,0.940439,248
493704,643768,131,0.940123,248
493856,643768,131,0.940032,248
496024,643768,131,0.939001,248
493488,643768,131,0.940200,248
489952,643768,132,0.941765,248
493032,643768,132,0.963491,248
491952,643768,132,0.963800,248
493208,643768,132,0.963442,248
489688,643768,132,0.964406,248
493440,643768,132,0.963378,248
493704,643768,132,0.963290,248
491656,643768,132,0.963868,248
495464,643768,132,0.963409,248
494272,643768,132,0.963757,248
495400,643768,132,0.963427,248
494544,643768,133,0.963668,248
495560,643768,133,0.963369,248
492112,643768,133,0.964333,248
496128,643768,133,0.970106,248
495040,643768,132,0.970378,248
491552,643768,132,0.971163,248
494920,643768,132,0.970405,248
494416,643768,132,0.970531,248
498104,643768,131,0.969670,264
499816,643768,130,0.969249,288
498128,643768,130,0.969670,288
496464,643768,129,0.970085,288
497680,643768,129,0.969788,288
498280,643768,129,0.969634,288
496216,643768,130,0.970121,288
499768,643768,130,0.969261,288
497944,643768,129,0.967649,288
494176,643768,130,0.968580,288
492936,643768,130,0.968886,288
491800,643768,129,0.969174,288
494840,643768,129,0.970469,288
494824,643768,129,0.970484,288
493560,643768,129,0.970778,288
495112,643768,129,0.970418,288
491920,643768,129,0.962916,288
490528,643768,129,0.963326,240
490056,643768,129,0.963467,240
490776,643768,129,0.963258,240
486912,643768,129,0.964296,240
488752,643768,129,0.963802,240
487752,643768,129,0.964078,240
488792,643768,129,0.963792,240
492176,643768,129,0.962858,240
490336,643768,129,0.963378,240
488752,643768,130,0.963802,240
486640,643768,129,0.964378,240
489880,643768,129,0.963514,240
489608,643768,129,0.963600,240
493016,643768,129,0.962650,240
496984,643768,129,0.970643,240
497672,643768,129,0.970474,240
494888,643768,129,0.968662,240
498808,643768,129,0.970209,240
501264,643768,129,0.969607,240
497904,643768,128,0.959822,240
493992,643768,128,0.961033,240
494064,643768,128,0.960997,240
490512,643768,128,0.962038,240
487272,643768,128,0.962942,240
487880,643768,128,0.962765,240
489672,643768,128,0.962260,240
487960,643768,129,0.962737,216
484320,643768,129,0.963711,216
480776,643768,128,0.964623,216
480392,643768,128,0.964729,216
478624,643768,128,0.965164,216
474880,643768,128,0.966051,168
478064,643768,128,0.965308,168
480328,643768,128,0.964756,168
476920,643768,128,0.965575,168
476848,643768,127,0.965614,168
472984,643768,127,0.966494,168
474960,643768,127,0.966044,168
476112,643768,127,0.965772,168
474656,643768,127,0.966112,168
470960,643768,128,0.966922,168
474336,643768,128,0.966173,168
472080,643768,127,0.966691,168
469088,643768,127,0.967337,168
470400,643768,127,0.967051,168
471400,643768,127,0.966827,168
470584,643768,126,0.967022,168
466520,643768,126,0.954972,168
468704,643768,126,0.954333,168
469472,643768,126,0.954094,168
469712,643768,126,0.954009,168
466992,643768,126,0.954811,168
467448,643768,126,0.954667,168
471248,643768,126,0.953538,168
471320,643768,126,0.953502,168
475384,643768,126,0.952229,168
479160,643768,126,0.950981,168
475648,643768,126,0.952145,168
476296,643768,126,0.951922,168
473536,643768,126,0.952809,168
474104,643768,126,0.952617,168
477600,643768,126,0.951482,168
480840,643768,126,0.965426,168
483160,643768,126,0.964850,168
483848,643768,126,0.964667,168
487088,643768,126,0.963827,168
491000,643768,126,0.971042,168
490224,643768,127,0.971209,168
493336,643768,127,0.970519,168
491888,643768,126,0.957669,168
488088,643768,126,0.957224,168
487848,643768,126,0.957313,168
485392,643768,125,0.958091,168
481552,643768,124,0.959236,168
479672,643768,123,0.959787,168
478960,643768,122,0.960009,168
479320,643768,122,0.959897,168
482984,643768,122,0.958854,168
479328,643768,122,0.959904,136
482008,643768,122,0.959143,136
478952,643768,122,0.960007,136
475840,643768,122,0.960849,136
477224,643768,122,0.960472,136
480144,643768,122,0.959666,136
480536,643768,122,0.959544,136
478800,643768,122,0.960035,136
482448,643768,122,0.959004,136
486080,643768,122,0.957922,136
488272,643768,122,0.957236,136
491248,643768,122,0.956273,136
493872,643768,122,0.955385,136
491248,643768,122,0.956273,136
494792,643768,122,0.955071,136
491768,643768,122,0.956103,136
488264,643768,122,0.957239,136
492240,643768,122,0.961769,136
493488,643768,122,0.961394,136
491840,643768,123,0.961870,136
494560,643768,123,0.961064,136
492392,643768,123,0.961712,136
491008,643768,123,0.962119,136
492720,643768,123,0.961617,136
494032,643768,123,0.961220,136
493200,643768,123,0.961478,136
491888,643768,123,0.961870,136
491328,643768,123,0.962043,136
495408,643768,123,0.972273,136
491664,643768,123,0.966487,136
489928,643768,123,0.966928,136
487424,643768,124,0.967527,136
488128,643768,124,0.967350,136
491960,643768,124,0.972989,136
494104,643768,124,0.972539,136
492224,643768,124,0.972936,136
491536,643768,124,0.973084,136
493984,643768,124,0.973182,136
492888,643768,124,0.973413,136
494152,643768,124,0.973147,136
494304,643768,124,0.973106,136
490608,643768,123,0.950154,136
488496,643768,123,0.950939,136
485968,643768,124,0.951827,136
485000,643768,123,0.952191,136
486056,643768,122,0.951827,144
488712,643768,122,0.970619,144
491048,643768,122,0.970099,144
493872,643768,122,0.969447,144
491608,643768,123,0.969963,144
495272,643768,123,0.972915,144
495832,643768,123,0.972788,144
498152,643768,123,0.972282,144
497816,643768,124,0.972355,144
501360,647360,124,0.972355,144
498352,647360,124,0.969818,144
501536,647360,124,0.969052,144
501184,647360,123,0.969161,144
500232,647360,122,0.969421,104
502536,647360,121,0.968864,104
502864,647360,121,0.968772,104
501864,647360,121,0.969029,104
503632,647360,121,0.968581,104
503088,647360,121,0.968728,104
505832,647360,121,0.968020,104
504072,647360,122,0.968470,104
507192,647360,122,0.970997,104
506952,647360,122,0.971066,104
510320,647360,122,0.973062,104
506520,647360,123,0.969003,104
506792,647360,123,0.968922,104
504928,647360,124,0.969388,104
504464,647360,123,0.969526,104
502744,647360,123,0.964132,104
500912,647360,124,0.964644,104
504576,647360,124,0.963591,104
508216,647360,124,0.973531,104
509984,647360,124,0.973127,104
513808,651232,124,0.973127,104
510280,651232,123,0.957100,104
514352,651232,123,0.973015,104
511864,651232,124,0.973569,104
513824,651232,124,0.973124,104
511984,651232,123,0.973554,104
513240,651232,123,0.973266,104
512872,651232,124,0.973348,104
513176,651232,124,0.973269,104
509104,651232,124,0.964016,104
509384,651232,124,0.963920,104
506592,651232,123,0.964745,104
504688,651232,122,0.963549,104
503760,651232,122,0.963824,104
501440,651232,122,0.964474,104
498952,651232,123,0.965133,104
499608,651232,123,0.964949,104
503544,651232,123,0.965600,104
501968,651232,122,0.959880,104
502016,651232,122,0.959851,104
502680,651232,121,0.959644,112
503736,651232,121,0.959300,112
504312,651232,121,0.959102,112
503296,651232,120,0.959453,112
504296,651232,120,0.959123,112
503592,651232,119,0.959375,112
504312,651232,119,0.959133,112
501488,651232,119,0.960024,112
504128,651232,119,0.959191,112
503072,651232,120,0.959525,104
503104,651232,120,0.959500,104
501976,651232,120,0.959863,104
499416,651232,120,0.960646,104
498600,651232,120,0.960899,104
501536,651232,120,0.960012,104
505200,651232,119,0.958865,112
508376,651232,119,0.957802,112
508096,651232,119,0.957912,112
507288,651232,120,0.958182,112
505680,651232,119,0.958741,112
507856,651232,119,0.972112,112
504944,651232,119,0.971509,112
502848,651232,119,0.971977,112
503088,651232,119,0.971915,112
504528,651232,119,0.971590,112
504712,651232,119,0.971539,112
506352,651232,119,0.971160,112
502856,651232,119,0.971944,112
501664,651232,118,0.959088,112
501688,651232,118,0.959066,112
497720,651232,118,0.960279,112
499016,651232,118,0.959881,112
495368,651232,119,0.960942,112
492720,651232,118,0.941732,112
492880,651232,118,0.941646,112
490008,651232,119,0.942816,112
490984,651232,119,0.949603,112
492480,651232,119,0.949050,112
495288,651232,119,0.947995,112
493504,651232,119,0.948677,112
496440,651232,119,0.947556,112
496368,651232,120,0.947584,112
492536,651232,119,0.948479,112
491208,651232,119,0.948978,112
494080,651232,119,0.947907,112
496768,651232,119,0.947449,112
500408,651232,119,0.945988,112
500144,651232,119,0.946115,112
501688,651232,119,0.945462,112
501544,651232,120,0.945522,112
504144,651232,120,0.944403,112
500832,651232,120,0.945815,112
503736,651232,120,0.944578,112
501296,651232,120,0.945624,112
500840,651232,119,0.945851,112
504920,651232,119,0.949535,112
504736,651232,120,0.949608,112
506408,651232,120,0.948924,112
508400,651232,120,0.963809,112
508152,651232,120,0.963895,112
511888,651232,120,0.963428,112
509696,651232,121,0.964077,112
511152,651232,121,0.963634,112
507768,651232,120,0.959091,112
507408,651232,119,0.959239,112
511040,651232,119,0.963710,112
511496,651232,119,0.963560,112
510616,651232,119,0.963836,112
512000,651232,118,0.963408,160
509664,651232,119,0.964101,160
507856,651232,119,0.964632,160
503792,651232,120,0.965743,160
500520,651232,120,0.953458,160
503424,651232,120,0.952399,160
500032,651232,120,0.953628,160
502984,651232,120,0.952559,160
503424,651232,120,0.952381,160
506520,651232,120,0.951198,160
510192,651232,120,0.949720,160
507096,651232,120,0.950975,160
507216,651232,120,0.950909,160
505960,651232,120,0.951413,160
509896,651232,120,0.968683,160
507856,651232,120,0.969205,160
508888,651232,120,0.968937,160
508592,651232,120,0.969023,160
512024,651232,120,0.970380,160
508952,651232,120,0.959394,160
512744,651232,120,0.970203,160
511728,651232,119,0.970476,160
510064,651232,120,0.970875,160
508160,651232,119,0.956308,160
510808,651232,119,0.955345,160
513744,651232,119,0.954229,160
517448,651232,119,0.969764,160
513640,651232,119,0.954536,160
514248,651232,119,0.954285,160
510560,651232,120,0.955667,144
506856,651232,120,0.956984,144
505648,651232,119,0.955919,144
506816,651232,119,0.955495,144
506904,651232,119,0.955447,144
507128,651232,119,0.955351,144
504856,651232,120,0.956142,144
508768,651232,120,0.954744,144
505448,651232,120,0.955939,144
508040,651232,120,0.956544,144
507352,651232,120,0.956798,144
505360,651232,121,0.957472,144
508248,651232,121,0.960767,144
511176,651232,121,0.959808,144
508640,651232,121,0.960643,144
506168,651232,121,0.961425,144
505984,651232,121,0.961495,144
507808,651232,121,0.960920,144
509704,651232,121,0.960304,144
511816,651232,121,0.959596,144
508176,651232,122,0.960774,144
509848,651232,122,0.960226,144
509232,651232,121,0.960455,144
513032,651232,121,0.966922,144
511864,651232,121,0.967254,144
513456,651232,121,0.966805,144
509440,651232,121,0.961683,144
512024,651232,121,0.960849,144
509072,651232,121,0.961797,144
506264,651232,121,0.962657,144
503328,651232,121,0.963515,144
503432,651232,121,0.963473,144
506720,651232,121,0.962508,144
508488,651232,120,0.961961,192
506896,651232,120,0.962456,192
507960,651232,120,0.962122,192
505568,651232,120,0.962847,192
501960,651232,120,0.961869,192
498296,651232,120,0.953073,184
500552,651232,120,0.952257,184
503344,651232,120,0.951212,184
504536,651232,120,0.950741,184
502256,651232,120,0.951618,184
503744,651232,120,0.951043,184
501096,651232,120,0.952043,184
504928,651232,120,0.960959,184
502224,651232,120,0.961781,184
499048,651232,120,0.962700,184
502296,651232,120,0.968918,184
504952,651232,120,0.968262,184
504816,651232,121,0.968296,184
502072,651232,122,0.968960,184
498664,651232,122,0.955590,184
497088,651232,123,0.956105,184
499896,651232,123,0.955163,184
501920,651232,123,0.954454,184
500856,651232,123,0.954837,184
503736,651232,123,0.953814,184
502936,651232,124,0.954098,184
499104,651232,124,0.952739,184
501312,651232,124,0.951930,184
500608,651232,125,0.952185,184
503960,651232,125,0.950924,184
505040,651232,125,0.950491,184
507248,651232,125,0.949602,184
508312,651232,125,0.949151,184
508208,651232,126,0.949194,184
505752,651232,126,0.950195,184
502816,651232,126,0.951338,184
503616,651232,126,0.951019,184
503272,651232,125,0.951185,184
499536,651232,125,0.952569,184
502928,651232,125,0.951314,184
500616,651232,124,0.952200,184
498664,651232,125,0.952894,184
501040,651232,125,0.952029,184
505048,651232,125,0.961707,184
506384,651232,125,0.961288,184
509176,651232,125,0.960399,184
512456,651232,125,0.959303,184
508912,651232,126,0.960468,184
510264,651232,126,0.960016,184
506832,651232,126,0.961121,184
505800,651232,125,0.961466,184
506928,651232,125,0.961106,184
504360,651232,125,0.961898,184
507800,651232,125,0.960835,184
510856,651232,125,0.959837,184
508136,651232,126,0.960714,184
507136,651232,126,0.961041,184
506600,651232,126,0.961222,184
503720,651232,126,0.962101,184
503480,651232,127,0.962171,184
503984,651232,127,0.962009,184
503960,651232,127,0.962030,184
502960,651232,127,0.962336,184
499168,651232,127,0.963417,184
496960,651232,127,0.956146,184
500016,651232,127,0.955122,184
501272,651232,127,0.954678,184
505064,651232,127,0.961702,184
504912,651232,127,0.961762,184
507856,651232,127,0.960847,184
504944,651232,126,0.961767,184
508024,651232,126,0.966060,184
504168,651232,126,0.964791,184
500160,651232,127,0.965854,184
496184,651232,127,0.959083,184
499760,651232,127,0.957971,184
503456,651232,127,0.956755,184
505328,651232,127,0.956105,184
505520,651232,127,0.956022,184
506528,651232,126,0.955654,232
504144,651232,126,0.956492,232
508144,651232,126,0.958994,232
506560,651232,126,0.959524,232
505840,651232,126,0.959768,232
509320,651232,126,0.971312,232
508992,651232,127,0.971388,232
509752,651232,127,0.971200,232
510336,651232,127,0.971051,232
510720,651232,127,0.970949,232
512624,651232,127,0.970477,232
508984,651232,128,0.970569,232
511088,651232,128,0.970838,232
508992,651232,128,0.971344,232
512704,654992,128,0.971344,232
511096,654992,128,0.971722,232
514712,658656,128,0.971722,232
517696,658656,128,0.971021,232
515248,658656,127,0.944954,232
511880,658656,127,0.946420,232
513736,658656,127,0.945612,232
514288,658656,127,0.945353,232
513440,658656,127,0.945739,232
513632,658656,127,0.945636,232
511472,658656,127,0.946570,232
515384,658656,127,0.971570,232
511728,658656,126,0.967541,232
508416,658656,125,0.949263,232
510024,658656,125,0.948617,232
507232,658656,125,0.949714,232
509376,658656,125,0.948872,232
511080,658656,125,0.948178,232
510360,658656,125,0.948484,232
514128,658656,125,0.946924,232
513552,658656,126,0.947166,232
510944,658656,125,0.948271,232
508352,658656,126,0.949287,232
504440,658656,126,0.950766,232
505112,658656,126,0.950503,232
505360,658656,126,0.950395,232
505168,658656,126,0.950483,232
508848,658656,126,0.961869,232
508824,658656,127,0.961876,232
512648,658656,127,0.972139,232
509208,658656,127,0.965307,232
505856,658656,126,0.950366,232
508200,658656,126,0.949467,232
511248,658656,126,0.948253,232
511592,658656,126,0.948096,232
508320,658656,125,0.949421,232
508864,658656,125,0.949193,232
512416,658656,124,0.947780,232
512264,658656,125,0.947842,232
515984,658656,125,0.949224,232
514704,658656,126,0.949742,232
516664,658656,126,0.948924,232
513272,658656,126,0.950309,232
517280,658656,126,0.962999,232
515536,658656,126,0.963531,232
513288,658656,126,0.964191,232
515832,658656,126,0.963444,232
516032,658656,126,0.963371,232
515872,658656,125,0.963447,232
516248,658656,125,0.963322,232
514072,658656,125,0.963969,232
514368,658656,125,0.963870,232
511128,658656,125,0.964605,232
507944,658656,126,0.965457,232
508880,658656,126,0.965198,232
511072,658656,126,0.964594,232
507792,658656,125,0.965496,232
510544,658656,125,0.964751,232
508936,658656,124,0.947782,232
507664,658656,124,0.948302,232
505344,658656,123,0.949227,232
506712,658656,123,0.952221,232
505584,658656,122,0.952655,232
508672,658656,122,0.951528,232
512408,658656,122,0.957473,232
516456,658656,122,0.956067,232
513400,658656,121,0.957157,232
510864,658656,120,0.957410,232
511312,658656,120,0.957246,232
513336,658656,120,0.956549,232
512480,658656,120,0.956870,192
515120,658656,120,0.955944,192
511208,658656,121,0.957278,192
514680,658656,121,0.956082,192
512336,658656,121,0.956902,192
511256,658656,121,0.957278,192
507776,658656,121,0.958414,192
507856,658656,120,0.958376,232
508768,658656,120,0.958073,232
512800,658656,120,0.956732,232
510944,658656,120,0.957368,232
512112,658656,120,0.956964,232
509472,658656,119,0.957863,232
507576,658656,119,0.958479,232
505200,658656,120,0.959208,232
506984,658656,120,0.961704,232
507584,658656,120,0.961518,232
504528,658656,120,0.948391,232
500792,658656,120,0.949788,232
499256,658656,121,0.950334,232
499552,658656,121,0.950213,232
501392,658656,121,0.949537,232
500952,658656,122,0.949696,232
504552,658656,122,0.948345,232
508600,658656,122,0.946739,232
512136,658656,122,0.945249,232
512064,658656,123,0.945280,232
514904,658656,123,0.944019,232
511352,658656,124,0.945562,232
510784,658656,123,0.945841,232
512216,658656,123,0.945215,232
515152,658656,123,0.951263,232
511712,658656,123,0.952585,232
507712,658656,123,0.954033,232
504336,658656,124,0.955174,232
502224,658656,124,0.955875,232
501576,658656,125,0.956081,232
501072,658656,124,0.956270,232
504200,658656,124,0.955250,232
504920,658656,124,0.954996,232
508040,658656,124,0.953919,232
506200,658656,124,0.954567,232
508992,658656,124,0.953585,232
509616,658656,124,0.953346,232
511712,658656,124,0.952568,232
511464,658656,124,0.952677,232
515352,658656,124,0.967713,232
517720,658656,124,0.967076,232
517376,658656,124,0.967181,232
518928,658656,124,0.966748,232
515296,658656,124,0.967727,232
517048,658656,124,0.967256,232
514392,658656,124,0.967959,232
516016,658656,124,0.967528,232
514680,658656,124,0.967886,232
512080,658656,124,0.968549,232
513576,658656,124,0.968166,232
514912,658656,124,0.967814,232
510880,658656,124,0.957944,232
514120,658656,124,0.956847,232
510352,658656,124,0.958115,232
513056,658656,124,0.957208,232
510872,658656,124,0.957947,232
512336,658656,124,0.957449,232
512120,658656,124,0.957537,232
509144,658656,124,0.949854,232
506272,658656,125,0.950928,232
509680,658656,125,0.958331,232
513144,658656,125,0.957179,232
516872,658656,125,0.966186,232
516440,658656,124,0.966331,232
514664,658656,124,0.966820,232
516504,658656,124,0.966313,232
512800,658656,124,0.959711,232
516608,658656,124,0.958455,232
516968,658656,124,0.958317,232
516768,658656,124,0.958401,232
515000,658656,124,0.959020,184
512896,658656,125,0.959696,184
516688,658656,125,0.958444,184
516408,658656,125,0.958554,184
513768,658656,125,0.959434,184
514784,658656,125,0.959090,184
515904,658656,125,0.958706,184
513696,658656,125,0.959442,184
511928,658656,124,0.960030,184
510720,658656,124,0.960417,184
508824,658656,125,0.960987,184
507192,658656,125,0.961478,184
504400,658656,125,0.962282,184
507400,658656,125,0.961418,184
508896,658656,125,0.960966,184
510504,658656,125,0.960468,184
512784,658656,125,0.959747,184
512832,658656,125,0.959716,184
510808,658656,125,0.960361,184
510360,658656,125,0.960512,184
512184,658656,125,0.959935,184
514408,658656,125,0.959212,184
513240,658656,125,0.959602,184
513776,658656,125,0.959416,184
512304,658656,125,0.959898,184
510808,658656,125,0.960375,184
512344,658656,125,0.959885,184
513288,658656,125,0.959572,184
512664,658656,125,0.959785,184
515752,658656,125,0.964423,184
518560,658656,125,0.972659,184
514624,658656,125,0.965761,184
517400,658656,125,0.964974,184
520936,658656,125,0.972103,184
522928,658656,124,0.971629,184
521496,658656,124,0.971983,184
524912,662120,124,0.971983,184
521824,662120,124,0.957874,184
518920,662120,123,0.958886,184
516216,662120,124,0.959757,184
517512,662120,124,0.959328,184
515888,662120,124,0.959860,184
518480,662120,124,0.959014,184
514720,662120,124,0.960223,184
516416,662120,124,0.959678,184
517520,662120,124,0.967360,184
515696,662120,124,0.967837,184
513392,662120,125,0.968405,184
509384,662120,125,0.963051,184
510792,662120,125,0.962647,184
513200,662120,125,0.961944,184
512192,662120,125,0.962263,136
510520,662120,126,0.962736,136
509256,662120,125,0.963113,136
508000,662120,124,0.963479,136
505408,662120,124,0.964174,136
502168,662120,124,0.965004,136
506256,662120,124,0.968307,136
504560,662120,124,0.968703,136
508056,662120,124,0.967888,136
508664,662120,124,0.967732,136
511688,662120,124,0.966983,136
508504,662120,124,0.967770,136
505720,662120,123,0.950985,136
502056,662120,123,0.952266,136
505136,662120,123,0.951191,136
508904,662120,123,0.949814,136
511088,662120,123,0.948971,136
513656,662120,123,0.947947,136
516208,662120,123,0.967243,136
514776,662120,123,0.967618,136
514704,662120,123,0.967648,136
516848,662120,123,0.967090,136
519152,662120,123,0.966470,136
516464,662120,124,0.967177,136
519392,662120,124,0.966392,136
516488,662120,124,0.967171,136
517936,662120,124,0.966781,136
520128,662120,124,0.966180,136
519152,662120,124,0.966457,136
519808,662120,124,0.966267,136
522352,662120,124,0.965547,136
525160,662120,124,0.964717,136
524888,662120,125,0.964798,136
526712,662120,125,0.964234,136
522824,662120,126,0.965385,136
521520,662120,125,0.965781,136
522432,662120,125,0.965510,136
522032,662120,126,0.965624,136
525808,662120,126,0.964509,136
529864,662120,126,0.965830,136
528864,662120,126,0.966142,136
532024,662120,126,0.969756,136
529216,662120,125,0.941674,136
528984,662120,124,0.941860,96
527528,662120,124,0.942612,96
529392,662120,124,0.958354,96
530056,662120,124,0.958093,96
528720,662120,124,0.958597,96
532448,662120,124,0.969188,96
531848,662120,124,0.969366,96
534048,662120,124,0.968739,96
537848,665968,124,0.968739,96
534640,665968,124,0.969073,96
532232,665968,124,0.969731,96
529480,665968,124,0.970447,96
527336,665968,124,0.970985,96
527112,665968,124,0.971050,96
529896,665968,124,0.970355,96
526608,665968,125,0.971159,96
529264,665968,125,0.970501,96
530896,665968,125,0.970077,96
530360,665968,125,0.970226,96
530232,665968,124,0.970282,96
532232,665968,124,0.969756,96
535120,665968,124,0.968967,96
536616,665968,124,0.968536,96
536912,665968,124,0.968439,96
535376,665968,125,0.968870,96
535288,665968,125,0.968908,96
536928,665968,125,0.968434,96
538128,665968,125,0.968074,96
534352,665968,125,0.964492,96
536008,665968,125,0.963950,96
534552,665968,125,0.964430,96
533592,665968,125,0.964744,96
537352,665968,125,0.968313,96
536752,665968,124,0.968511,96
533152,665968,125,0.968593,96
530344,665968,125,0.967926,96
533232,665968,125,0.967104,96
532504,665968,125,0.967326,96
530304,665968,125,0.967950,96
532048,665968,125,0.967454,96
529744,665968,125,0.968102,96
530688,665968,124,0.967837,128
531320,665968,124,0.967649,128
534864,665968,124,0.969029,128
534928,665968,124,0.968998,128
533632,665968,123,0.962789,128
530088,665968,122,0.963939,128
533040,665968,122,0.962997,128
535056,665968,122,0.962319,128
535224,665968,122,0.962247,128
539192,665968,122,0.967780,128
536264,665968,122,0.963904,128
540152,665968,122,0.967492,128
538016,665968,122,0.960776,128
537936,665968,123,0.960819,88
538928,665968,123,0.960444,88
538632,665968,122,0.960586,88
541064,665968,122,0.959670,88
539768,665968,123,0.960154,88
542656,665968,123,0.959041,88
544672,665968,123,0.958220,88
540976,665968,122,0.956483,88
541824,665968,122,0.956115,88
541152,665968,121,0.956430,88
541728,665968,121,0.956174,88
538632,665968,121,0.954799,88
540912,665968,121,0.953814,88
537968,665968,120,0.955091,88
535104,665968,120,0.956250,88
535576,665968,120,0.956048,88
539224,665968,120,0.954552,88
538176,665968,120,0.955006,88
536392,665968,121,0.955726,88
536760,665968,121,0.955560,88
539720,665968,121,0.954323,88
536056,665968,121,0.955840,88
537280,665968,121,0.955332,88
535096,665968,121,0.956216,88
535240,665968,121,0.956142,88
534248,665968,121,0.956543,88
533672,665968,121,0.956781,88
534992,665968,121,0.956257,88
536784,665968,121,0.955532,88
534824,665968,121,0.956322,88
535944,665968,121,0.955866,88
532864,665968,122,0.957048,88
535520,665968,122,0.956013,88
532360,665968,122,0.957236,88
536240,665968,122,0.959891,88
534416,665968,122,0.960553,88
536944,665968,122,0.964907,88
536648,665968,123,0.965001,88
537896,665968,123,0.964588,88
535896,665968,122,0.963892,88
532008,665968,122,0.965119,88
535344,665968,122,0.964070,88
534880,665968,122,0.964233,88
538168,665968,122,0.963144,88
536720,665968,122,0.963640,88
533104,665968,123,0.964786,88
535448,665968,123,0.964036,88
539288,665968,123,0.962747,88
542904,665968,123,0.965491,88
542360,665968,124,0.965669,88
543712,665968,124,0.965207,88
539920,665968,124,0.963106,88
542832,665968,124,0.962064,88
538984,665968,124,0.962393,88
536056,665968,124,0.963395,88
536664,665968,124,0.963179,88
540680,665968,124,0.962827,88
537840,665968,125,0.963789,88
537464,665968,126,0.963912,88
539048,665968,126,0.963370,88
539640,665968,126,0.963152,88
537544,665968,126,0.963870,88
537600,665968,126,0.963836,88
535376,665968,125,0.964583,88
539192,665968,125,0.966421,88
536384,665968,125,0.967283,88
537752,665968,125,0.966861,88
535736,665968,126,0.967458,88
538472,665968,126,0.966628,88
535104,665968,126,0.967641,88
532192,665968,126,0.968471,88
533496,665968,126,0.968097,88
536304,665968,126,0.967278,88
535240,665968,127,0.967588,88
538824,665968,127,0.967462,88
536848,665968,127,0.968057,88
540320,665968,126,0.967015,112
536784,665968,126,0.961150,112
536880,665968,125,0.961110,128
534224,665968,125,0.962038,128
538216,665968,125,0.967659,128
534392,665968,125,0.954562,128
535144,665968,125,0.961355,128
533320,665968,125,0.961988,128
533672,665968,125,0.961855,128
530592,665968,125,0.952960,128
527048,665968,125,0.954362,128
525728,665968,125,0.954873,128
527368,665968,125,0.954240,128
526248,665968,126,0.954662,128
528416,665968,126,0.953819,128
530648,665968,126,0.952919,128
526656,665968,126,0.954491,128
527728,665968,126,0.954066,128
527176,665968,125,0.950528,128
531040,665968,125,0.948868,128
534320,665968,125,0.947365,128
532712,665968,125,0.948123,128
535832,665968,125,0.961117,128
532744,665968,126,0.962163,128
533488,665968,126,0.961900,128
532688,665968,125,0.962197,128
536784,665968,125,0.965983,128
535432,665968,125,0.966408,128
538824,665968,125,0.971599,128
535744,665968,124,0.960252,128
539400,665968,124,0.971460,128
537560,665968,124,0.971950,128
539928,665968,124,0.971320,128
537000,665968,124,0.948088,128
537592,665968,124,0.947786,128
534584,665968,124,0.949197,128
538296,665968,124,0.970504,128
538248,665968,125,0.970517,128
534664,665968,125,0.967783,128
535400,665968,125,0.967558,128
535320,665968,125,0.967595,128
535248,665968,126,0.967616,128
532328,665968,127,0.968436,128
535696,665968,127,0.971190,128
532472,665968,127,0.970549,128
531088,665968,127,0.970923,80
532976,665968,127,0.970432,80
532472,665968,126,0.970586,80
529032,665968,126,0.966938,80
528984,665968,126,0.966965,80
531408,665968,126,0.966264,80
534224,665968,126,0.965413,80
535920,665968,126,0.964873,80
539216,665968,126,0.968732,80
535544,665968,126,0.960499,80
537072,665968,126,0.959936,80
540680,665968,126,0.968290,80
536840,665968,126,0.950350,80
536952,665968,126,0.950278,80
533560,665968,126,0.951777,80
530624,665968,126,0.950683,80
534608,665968,126,0.948925,80
536064,665968,126,0.948236,80
536096,665968,126,0.948199,80
538264,665968,126,0.947149,80
536240,665968,126,0.948132,80
537248,665968,126,0.947636,80
533448,665968,126,0.938048,80
536632,665968,126,0.947926,80
533344,665968,126,0.949447,80
533432,665968,126,0.949387,80
530096,665968,126,0.950844,80
529728,665968,126,0.951018,80
529752,665968,125,0.950988,128
529560,665968,125,0.951087,128
531632,665968,125,0.966474,128
529760,665968,125,0.967020,128
527176,665968,125,0.967740,128
528560,665968,125,0.967352,128
530424,665968,125,0.966819,128
530944,665968,125,0.966658,128
526960,665968,125,0.954377,128
527328,665968,125,0.954219,128
524784,665968,125,0.955185,128
524568,665968,125,0.955281,128
523816,665968,126,0.955553,128
525360,665968,126,0.954974,128
526776,665968,126,0.954428,128
528592,665968,126,0.953714,128
524840,665968,126,0.955147,128
522976,665968,126,0.955835,128
522384,665968,126,0.956061,128
523792,665968,126,0.955544,128
526472,665968,126,0.954542,128
525208,665968,125,0.955047,128
524360,665968,125,0.955374,128
522720,665968,126,0.955960,128
522336,665968,126,0.956111,128
524816,665968,126,0.955208,128
528128,665968,126,0.961714,128
529624,665968,126,0.961212,128
531936,665968,126,0.960421,128
533624,665968,126,0.959817,128
533016,665968,127,0.960031,128
530944,665968,127,0.950467,128
531448,665968,127,0.950231,128
532696,665968,127,0.949669,128
532576,665968,127,0.949742,128
529392,665968,127,0.940149,128
531176,665968,127,0.939206,128
528456,665968,127,0.940619,128
529720,665968,127,0.950961,128
531616,665968,127,0.950276,128
528728,665968,127,0.951505,128
531472,665968,127,0.950338,128
527712,665968,128,0.951897,128
530016,665968,128,0.950934,128
529928,665968,128,0.950990,128
532680,665968,128,0.949794,128
529552,665968,127,0.951167,128
528888,665968,127,0.951460,128
532320,665968,127,0.949993,128
533752,665968,127,0.949342,128
529744,665968,127,0.951087,128
532368,665968,127,0.949951,128
532256,665968,127,0.950021,128
533440,665968,127,0.949481,128
529440,665968,126,0.946017,128
531888,665968,126,0.944852,128
528096,665968,126,0.946625,128
529776,665968,125,0.945856,144
528592,665968,125,0.946417,144
529152,665968,125,0.946141,144
528544,665968,125,0.946438,144
531424,665968,125,0.945088,144
530816,665968,125,0.945396,144
532296,665968,125,0.944672,144
530400,665968,126,0.945568,144
531992,665968,126,0.944795,144
531624,665968,125,0.945016,144
530440,665968,125,0.945594,144
533448,665968,125,0.944137,144
529536,665968,126,0.945988,144
530216,665968,126,0.945653,144
533744,665968,126,0.963778,144
532672,665968,126,0.964131,144
534256,665968,126,0.963615,144
531376,665968,126,0.957438,144
534648,665968,126,0.956186,144
531176,665968,125,0.957529,144
534040,665968,125,0.956439,144
531088,665968,124,0.957578,144
530696,665968,124,0.957738,144
533456,665968,124,0.956698,144
535344,665968,124,0.955952,144
532224,665968,124,0.956121,144
535624,665968,124,0.954770,144
532600,665968,123,0.955996,144
533800,665968,123,0.955513,144
532864,665968,123,0.955895,144
530128,665968,123,0.956939,144
527008,665968,122,0.952920,144
527856,665968,122,0.952568,144
528040,665968,122,0.952476,144
529544,665968,122,0.951852,144
528240,665968,122,0.952397,144
531784,665968,122,0.956306,144
529160,665968,122,0.957290,144
528312,665968,122,0.957611,144
528968,665968,122,0.957359,144
526288,665968,122,0.958317,144
528008,665968,122,0.957701,144
527360,665968,122,0.957946,144
528304,665968,122,0.957596,144
531576,665968,122,0.956384,144
528776,665968,122,0.957428,144
530272,665968,122,0.956868,144
527536,665968,122,0.957867,144
530752,665968,122,0.956691,144
530096,665968,121,0.956968,144
527528,665968,121,0.957904,144
529176,665968,121,0.957302,144
530304,665968,121,0.966889,144
529832,665968,120,0.967049,144
527544,665968,119,0.954875,144
526128,665968,118,0.946640,144
527800,665968,118,0.945876,144
530440,665968,117,0.944645,176
534248,665968,117,0.952200,176
530632,665968,117,0.941963,176
530688,665968,117,0.941911,176
529144,665968,116,0.942713,176
528376,665968,116,0.943104,176
532256,665968,116,0.941172,176
534472,665968,116,0.939999,176
530416,665968,117,0.942069,176
533912,665968,117,0.964414,176
530416,665968,117,0.942069,176
533136,665968,117,0.940672,176
532616,665968,118,0.940940,176
535832,665968,118,0.939219,176
535624,665968,118,0.939357,176
534128,665968,118,0.940180,176
536664,665968,118,0.938790,176
537160,665968,118,0.938489,176
533336,665968,118,0.940568,176
529288,665968,118,0.942620,176
527808,665968,118,0.943350,176
525440,665968,119,0.944444,176
528312,665968,119,0.943088,176
529968,665968,119,0.942266,176
531840,665968,119,0.941310,176
532216,665968,118,0.941099,216
530256,665968,118,0.942105,216
527272,665968,117,0.943583,216
528584,665968,117,0.942940,216
529704,665968,117,0.942375,216
527480,665968,117,0.943463,216
529848,665968,117,0.942305,216
528416,665968,118,0.942997,216
530624,665968,118,0.941899,216
527088,665968,117,0.943646,216
530440,665968,117,0.942014,216
528096,665968,118,0.943149,216
531864,665968,118,0.941278,216
529416,665968,118,0.942516,216
525752,665968,119,0.944241,216
522168,665968,119,0.945851,216
520376,665968,119,0.946632,216
516408,665968,118,0.948280,216
516992,665968,118,0.948031,216
519576,665968,118,0.954693,216
522056,665968,118,0.953783,216
524152,665968,118,0.955568,216
525624,665968,118,0.955016,216
523832,665968,119,0.955666,216
526600,665968,119,0.954635,216
523944,665968,119,0.955626,216
520144,665968,120,0.956947,216
523872,665968,120,0.955634,216
526424,665968,120,0.961807,216
523672,665968,120,0.962669,216
525136,665968,120,0.962209,216
524552,665968,120,0.962403,216
526656,665968,120,0.961734,216
525744,665968,120,0.962035,216
527408,665968,120,0.961495,216
527032,665968,121,0.961628,176
530152,665968,121,0.960593,176
529096,665968,121,0.960960,176
525232,665968,121,0.954308,176
528560,665968,121,0.953014,176
524984,665968,120,0.935925,176
520896,665968,120,0.938012,176
521824,665968,120,0.937532,176
520568,665968,120,0.938172,176
518680,665968,120,0.939098,176
520288,665968,120,0.938307,176
520920,665968,120,0.937977,176
517920,665968,120,0.939431,176
521528,665968,120,0.937678,176
520216,665968,120,0.938342,176
519568,665968,120,0.938676,176
518952,665968,120,0.938992,176
522792,665968,120,0.955252,176
521544,665968,121,0.955693,176
524232,665968,121,0.954713,176
520312,665968,120,0.952441,176
523872,665968,120,0.951058,176
522520,665968,119,0.951622,176
519656,665968,119,0.952719,176
519864,665968,119,0.952625,176
517280,665968,120,0.953561,176
520784,665968,120,0.952264,176
518232,665968,120,0.949153,176
518616,665968,120,0.948983,176
520368,665968,120,0.948263,176
522448,665968,120,0.947385,176
522152,665968,121,0.947509,176
522808,665968,120,0.947220,208
521280,665968,120,0.947877,208
524472,665968,120,0.950788,208
524880,665968,120,0.950605,208
527160,665968,120,0.966965,208
525960,665968,119,0.967316,208
523480,665968,119,0.966566,208
525128,665968,119,0.966104,208
521880,665968,119,0.966990,208
518040,665968,119,0.939405,208
516456,665968,118,0.940179,208
518768,665968,118,0.939086,208
517176,665968,119,0.939828,208
513464,665968,120,0.941488,208
509816,665968,120,0.943052,208
512312,665968,120,0.941985,208
511928,665968,120,0.942169,208
514912,665968,120,0.940851,208
511496,665968,120,0.942352,208
508168,665968,120,0.943742,208
508448,665968,120,0.943610,208
511864,665968,120,0.942175,208
515856,665968,120,0.968508,208
517096,665968,120,0.968198,208
513856,665968,121,0.968966,208
515744,665968,121,0.968512,208
515968,665968,121,0.968447,208
518176,665968,121,0.970367,208
518496,665968,121,0.970282,208
522168,665968,121,0.969401,208
521016,665968,121,0.969691,208
521648,665968,121,0.969528,208
520280,665968,121,0.969866,208
519560,665968,120,0.970058,208
521352,665968,120,0.969622,208
524104,665968,120,0.968934,208
520672,665968,120,0.969785,208
524664,670008,120,0.969785,208
522128,670008,119,0.947949,208
525088,670008,119,0.946714,208
524680,670008,118,0.946925,208
526720,670008,118,0.946039,208
524880,670008,118,0.946841,208
522448,670008,119,0.947840,208
525704,670008,119,0.946474,208
528080,670008,119,0.945425,208
526472,670008,120,0.946125,208
529736,670008,120,0.944663,208
526336,670008,120,0.946184,208
528416,670008,120,0.945255,208
524624,670008,120,0.946908,208
521864,670008,120,0.948055,208
522584,670008,120,0.947746,208
524104,670008,120,0.947105,208
524080,670008,121,0.947134,160
523848,670008,121,0.947250,160
525928,670008,121,0.954366,160
525424,670008,122,0.954548,160
527616,670008,122,0.953728,160
524144,670008,123,0.954996,136
524872,670008,123,0.954720,136
528704,670008,123,0.962399,136
525888,670008,122,0.963269,136
529272,670008,122,0.971451,136
526488,670008,121,0.966107,136
523080,670008,121,0.959314,136
525512,670008,121,0.958515,136
526528,670008,121,0.958163,136
523160,670008,122,0.959259,136
527128,670008,122,0.957945,136
524768,670008,123,0.958727,136
526288,670008,123,0.958211,136
526256,670008,123,0.958238,136
524488,670008,123,0.958834,136
528312,670008,123,0.972256,136
527904,670008,123,0.972359,136
529080,670008,123,0.972083,136
526144,670008,123,0.957463,136
523104,670008,123,0.958484,136
521984,670008,123,0.958857,136
522096,670008,123,0.958806,136
520624,670008,122,0.959298,136
523312,670008,122,0.958432,136
523472,670008,122,0.958364,136
527272,670008,122,0.958363,136
527336,670008,122,0.958325,136
524568,670008,123,0.959232,136
523624,670008,123,0.959548,136
524336,670008,123,0.959307,136
526992,670008,123,0.958424,136
525328,670008,123,0.958987,136
521800,670008,123,0.960116,136
523144,670008,123,0.959684,136
519368,670008,122,0.960681,136
520720,670008,122,0.960261,136
521816,670008,122,0.959911,136
519096,670008,122,0.960748,136
521208,670008,122,0.960098,136
518656,670008,122,0.960877,136
517008,670008,121,0.961383,136
515104,670008,121,0.961934,136
517040,670008,121,0.961374,136
519576,670008,121,0.960801,136
518400,670008,121,0.961160,136
516256,670008,120,0.955966,136
519904,670008,120,0.954733,136
521360,670008,120,0.954211,136
521744,670008,120,0.954059,136
517776,670008,120,0.955435,136
521520,670008,120,0.954138,136
521064,670008,121,0.954298,136
521608,670008,121,0.954090,136
518800,670008,122,0.955060,136
517112,670008,121,0.955654,136
520168,670008,121,0.955095,136
517976,670008,121,0.955846,136
519208,670008,121,0.955420,136
519968,670008,121,0.955147,136
516312,670008,122,0.956357,136
519144,670008,122,0.955409,136
518200,670008,122,0.955741,136
514848,670008,122,0.956839,136
517296,670008,122,0.956038,136
518184,670008,122,0.955730,136
517832,670008,122,0.955862,136
520232,670008,122,0.955040,136
517696,670008,122,0.955907,136
518888,670008,122,0.955495,136
517344,670008,121,0.956038,136
517312,670008,122,0.956049,136
518296,670008,122,0.955709,136
522312,670008,122,0.954318,136
518488,670008,122,0.955645,136
522072,670008,122,0.956932,136
519296,670008,121,0.957866,136
516800,670008,122,0.958644,136
519512,670008,122,0.957781,136
521264,670008,122,0.957199,136
520768,670008,121,0.957392,136
517712,670008,121,0.955456,136
518248,670008,121,0.955261,136
517240,670008,122,0.955597,136
519384,670008,122,0.954861,136
521840,670008,122,0.953991,136
519528,670008,123,0.954796,136
519144,670008,122,0.942840,136
521080,670008,122,0.941972,136
517584,670008,122,0.943504,136
520840,670008,122,0.942079,136
520968,670008,122,0.942001,136
518888,670008,122,0.942929,136
520560,670008,122,0.942181,136
519064,670008,122,0.942854,136
515072,670008,122,0.944542,136
518264,670008,122,0.955240,136
519432,670008,122,0.954829,136
517936,670008,123,0.955334,136
516408,670008,123,0.955854,136
512600,670008,123,0.953284,136
515736,670008,123,0.952191,136
519448,670008,123,0.950832,136
520816,670008,123,0.950300,136
520096,670008,122,0.946355,136
518392,670008,122,0.947059,136
519392,670008,122,0.946640,136
516712,670008,122,0.947717,136
516760,670008,122,0.947680,136
514768,670008,122,0.948459,136
515696,670008,122,0.948089,136
517584,670008,122,0.947340,136
513976,670008,122,0.948737,136
512664,670008,122,0.949238,136
515224,670008,122,0.952370,136
511968,670008,122,0.953495,136
508088,670008,121,0.941877,136
504832,670008,122,0.943163,136
501112,670008,123,0.944565,136
497840,670008,124,0.945742,136
500104,670008,123,0.944916,184
503264,670008,123,0.943726,184
500784,670008,122,0.944686,184
504432,670008,122,0.943299,184
502560,670008,122,0.944028,184
498816,670008,122,0.945414,184
496624,670008,121,0.946217,184
497264,670008,121,0.945978,184
500016,670008,121,0.944983,184
498384,670008,121,0.945584,184
497280,670008,121,0.945989,184
495728,670008,121,0.946542,184
494288,670008,121,0.947046,184
494576,670008,121,0.946933,184
496032,670008,121,0.946421,184
494840,670008,122,0.946827,184
491720,670008,122,0.947878,184
488320,670008,122,0.948975,184
489768,670008,122,0.948504,184
487624,670008,122,0.949190,184
489192,670008,122,0.948686,184
487472,670008,122,0.949237,184
483800,670008,121,0.950373,184
479984,670008,121,0.951486,184
480832,670008,121,0.951232,184
479568,670008,122,0.951589,184
477120,670008,121,0.952292,184
478312,670008,121,0.951952,184
478560,670008,121,0.951870,184
476864,670008,121,0.952348,184
473096,670008,122,0.953350,184
471856,670008,122,0.953683,184
469408,670008,122,0.954315,184
469296,670008,121,0.954367,184
470144,670008,121,0.954143,184
470352,670008,121,0.954078,184
470376,670008,121,0.954060,184
467688,670008,121,0.954740,184
468280,670008,121,0.954583,184
469008,670008,121,0.954391,184
469776,670008,121,0.954187,184
471224,670008,121,0.953808,184
472664,670008,121,0.953425,184
475216,670008,121,0.960203,184
473752,670008,120,0.960550,184
476816,670008,120,0.959850,184
478752,670008,120,0.959391,184
479888,670008,120,0.959112,184
481688,670008,120,0.958668,184
484656,670008,120,0.957923,184
482448,670008,120,0.958483,184
485720,670008,120,0.963043,184
486632,670008,120,0.962829,184
490024,670008,120,0.962038,184
491040,670008,120,0.961787,184
489400,670008,120,0.962184,184
490800,670008,120,0.961844,184
491448,670008,120,0.961679,184
489792,670008,120,0.962082,184
492120,670008,120,0.963772,184
489464,670008,120,0.964375,184
492880,670008,120,0.963599,184
492200,670008,120,0.963765,184
491352,670008,120,0.959482,184
491736,670008,120,0.959372,184
492800,670008,120,0.959088,184
491152,670008,120,0.959520,184
494928,670008,120,0.958533,184
492560,670008,119,0.959174,184
493984,670008,119,0.958794,184
492048,670008,118,0.959317,184
491888,670008,119,0.959358,184
491256,670008,119,0.959530,184
493240,670008,119,0.959012,184
494320,670008,119,0.958718,184
495248,670008,119,0.958461,184
494488,670008,118,0.958687,184
496680,670008,118,0.958091,184
495560,670008,118,0.958404,184
498624,670008,118,0.957559,184
498336,670008,117,0.957665,184
501544,670008,116,0.956753,216
499216,670008,116,0.957426,216
498560,670008,117,0.957608,216
500560,670008,117,0.957034,216
496544,670008,117,0.958157,216
495072,670008,117,0.958563,216
491048,670008,117,0.959611,216
490984,670008,116,0.959651,216
489888,670008,117,0.959923,216
486696,670008,118,0.960696,216
485928,670008,118,0.960889,216
484088,670008,119,0.961317,216
481896,670008,118,0.961836,216
485528,670008,118,0.963153,216
484872,670008,119,0.963305,184
488936,670008,119,0.962381,184
485208,670008,119,0.963231,184
484080,670008,120,0.963477,184
486672,670008,120,0.962895,184
485000,670008,120,0.963276,184
482600,670008,120,0.963806,184
481840,670008,120,0.963977,184
484488,670008,120,0.963399,184
482816,670008,120,0.963770,184
482720,670008,119,0.942424,168
479736,670008,120,0.943418,168
480448,670008,120,0.943168,168
483496,670008,120,0.942126,168
487528,670008,120,0.940694,168
490688,670008,120,0.939517,168
488432,670008,121,0.940350,168
485680,670008,122,0.941335,168
481880,670008,123,0.942643,168
484864,670008,123,0.941604,168
488064,670008,122,0.940451,208
489024,670008,122,0.940083,208
485560,670008,122,0.941346,208
487160,670008,122,0.940760,208
488416,670008,122,0.940288,208
491680,670008,122,0.939055,208
491048,670008,122,0.939313,208
494456,670008,122,0.959907,208
491184,670008,123,0.960722,208
495144,670008,123,0.959719,208
491928,670008,123,0.960539,208
489272,670008,123,0.961195,208
487752,670008,123,0.961565,208
490144,670008,123,0.960986,208
490792,670008,123,0.960817,208
490064,670008,123,0.961005,208
493712,670008,123,0.960095,208
492304,670008,124,0.960447,208
491576,670008,124,0.960638,208
490328,670008,123,0.946635,208
489616,670008,123,0.946884,208
493680,670008,123,0.971442,208
491448,670008,124,0.971838,208
490640,670008,123,0.971995,208
494528,670008,122,0.971304,216
494280,670008,122,0.971358,216
495800,670008,122,0.971071,216
497520,670008,122,0.970740,216
501184,670008,122,0.970021,216
504888,670008,122,0.969258,216
507456,670008,122,0.968702,216
511272,670008,122,0.973751,216
512440,670008,122,0.973523,216
513440,670008,122,0.973323,216
515768,670008,122,0.972857,216
511936,670008,122,0.958985,216
513904,670008,122,0.958386,216
517280,670008,122,0.957328,216
515016,670008,122,0.957479,168
512872,670008,122,0.958149,168
515392,670008,122,0.957362,168
512872,670008,122,0.958149,168
514088,670008,122,0.957765,168
512872,670008,122,0.958149,168
511416,670008,122,0.958596,168
509528,670008,122,0.959158,168
507160,670008,123,0.959826,168
508632,670008,123,0.959400,168
511800,670008,123,0.958469,168
515040,670008,123,0.957472,168
517656,670008,123,0.956628,168
520792,670008,123,0.970281,168
522808,670008,123,0.969806,168
523064,670008,123,0.969735,168
519792,670008,123,0.954683,168
523456,670008,123,0.953372,168
521112,670008,123,0.954226,168
520568,670008,123,0.954432,168
521824,670008,123,0.953975,168
517888,670008,123,0.952239,168
514648,670008,123,0.953383,168
515320,670008,123,0.953137,168
512864,670008,124,0.953965,168
515344,670008,124,0.953112,168
516080,670008,124,0.952841,168
519008,670008,124,0.954918,168
520088,670008,124,0.954532,168
519784,670008,123,0.954669,168
521352,670008,123,0.954108,168
517720,670008,124,0.955351,168
515704,670008,124,0.956028,168
513064,670008,123,0.956905,136
513784,670008,123,0.956665,136
514416,670008,123,0.956451,136
517056,670008,123,0.957363,136
514840,670008,122,0.955514,136
516000,670008,122,0.957710,136
518424,670008,122,0.956926,136
521304,670008,122,0.962522,136
517896,670008,122,0.963490,136
518888,670008,122,0.963204,136
517144,670008,121,0.963707,136
520048,670008,121,0.962893,136
519104,670008,120,0.963193,104
522480,670008,120,0.962219,104
521496,670008,120,0.962518,104
525416,670008,120,0.961341,104
522672,670008,120,0.962177,104
519712,670008,121,0.963023,104
521184,670008,121,0.962593,104
523848,670008,121,0.964239,104
522920,670008,120,0.964523,104
518824,670008,119,0.954767,104
518640,670008,119,0.954845,104
519952,670008,119,0.954380,104
519320,670008,118,0.954630,104
518680,670008,118,0.954864,104
521480,670008,117,0.953891,120
517600,670008,116,0.955253,120
520936,670008,116,0.954099,120
519072,670008,117,0.954742,120
522272,670008,117,0.953610,120
520616,670008,117,0.954211,120
519168,670008,117,0.954726,120
522904,670008,117,0.953401,120
522232,670008,117,0.953659,120
520184,670008,117,0.954394,120
516552,670008,117,0.955630,120
512744,670008,117,0.956856,120
515776,670008,117,0.964612,120
515520,670008,117,0.964691,120
519464,670008,117,0.963810,120
516904,670008,117,0.964507,120
518064,670008,117,0.964188,120
514384,670008,117,0.956807,120
510672,670008,117,0.952703,120
511064,670008,117,0.952556,120
514672,670008,117,0.951296,120
518296,670008,117,0.949961,120
516184,670008,117,0.950755,120
518728,670008,116,0.949802,160
518544,670008,116,0.949889,160
516376,670008,116,0.950706,160
512752,670008,116,0.952002,160
514296,670008,116,0.951448,160
513664,670008,116,0.951686,160
517376,670008,116,0.955852,160
521336,670008,116,0.954501,160
524296,670008,116,0.970934,160
524472,670008,116,0.970883,160
528520,674104,116,0.970883,160
529960,674104,116,0.970540,160
528792,674104,116,0.970821,160
527880,674104,115,0.970489,160
528224,674104,115,0.970399,160
526840,674104,114,0.970737,160
527736,674104,114,0.970522,160
523656,674104,114,0.961436,160
525640,674104,114,0.970995,160
526608,674104,114,0.970768,160
527800,674104,114,0.970486,160
526208,674104,114,0.970858,160
528848,674104,114,0.970243,160
529640,674104,114,0.970046,160
528272,674104,114,0.970377,160
528528,674104,114,0.970306,160
531536,674104,114,0.969578,160
530928,674104,113,0.969749,160
531504,674104,113,0.969598,160
530304,674104,112,0.955627,160
531064,674104,112,0.955341,160
529600,674104,112,0.955874,160
528520,674104,113,0.956247,160
527960,674104,113,0.956454,160
528352,674104,113,0.956304,160
529928,674104,113,0.955743,160
528480,674104,113,0.956261,160
530744,674104,113,0.955455,160
534136,674104,113,0.954200,160
533376,674104,113,0.954501,160
532376,674104,114,0.954868,160
529944,674104,115,0.955737,160
533152,674104,115,0.954566,160
532560,674104,116,0.954784,160
532840,674104,116,0.954663,160
536896,674104,116,0.962697,160
538632,674104,116,0.962130,160
536072,674104,117,0.962938,160
539424,674104,117,0.967483,160
537680,674104,117,0.967975,160
538904,674104,117,0.967627,160
537712,674104,116,0.957644,160
539176,674104,116,0.957096,160
535960,674104,117,0.958245,160
538712,674104,117,0.967680,160
537464,674104,117,0.968033,160
541144,674104,117,0.972009,160
539648,674104,117,0.972381,160
542632,674104,117,0.972277,160
542424,674104,117,0.972340,160
544808,674104,117,0.971735,160
544272,674104,118,0.971870,160
546744,674104,118,0.971221,160
543552,674104,118,0.965436,160
545632,674104,118,0.964770,160
544632,674104,118,0.965101,160
541664,674104,118,0.961197,160
538528,674104,118,0.962247,160
534968,674104,118,0.963371,160
538848,674104,117,0.962157,168
542680,674104,117,0.967633,168
545288,674104,116,0.966864,192
547904,674104,116,0.970338,192
546088,674104,116,0.970841,192
546288,674104,116,0.970775,192
545944,674104,116,0.970879,192
547808,674104,116,0.970364,192
544920,674104,116,0.971147,192
547344,674104,116,0.970491,192
545576,674104,116,0.970976,192
547256,674104,116,0.970515,192
543880,674104,116,0.967066,192
543224,674104,116,0.967271,192
539848,674104,116,0.965209,192
540000,674104,116,0.965149,192
537920,674104,116,0.965776,192
539280,674104,115,0.965366,232
537712,674104,116,0.965825,232
536216,674104,116,0.966264,232
537056,674104,116,0.966013,232
533344,674104,117,0.967040,232
529800,674104,117,0.965002,232
527424,674104,117,0.965412,232
527552,674104,117,0.965365,232
527688,674104,117,0.965315,232
528104,674104,117,0.965190,232
524144,674104,117,0.962005,232
521096,674104,118,0.962862,232
523640,674104,118,0.962135,232
519720,674104,118,0.963237,232
523760,674104,118,0.962101,232
526584,674104,118,0.961260,232
530328,674104,118,0.960092,232
526264,674104,118,0.961356,232
526384,674104,118,0.961306,232
528352,674104,118,0.960695,232
532256,674104,117,0.959444,264
532088,674104,117,0.959514,264
534048,674104,117,0.958847,264
531656,674104,117,0.959655,264
533144,674104,117,0.959150,264
532712,674104,117,0.959309,264
535816,674104,117,0.958242,264
534064,674104,118,0.958842,264
532264,674104,119,0.959441,264
532320,674104,119,0.959407,264
531280,674104,119,0.959761,264
533568,674104,119,0.964487,264
533808,674104,119,0.964403,264
532672,674104,118,0.951519,264
535408,674104,118,0.950398,264
533368,674104,119,0.951224,264
536520,674104,119,0.949916,264
533128,674104,119,0.951124,264
530240,674104,118,0.952284,264
528768,674104,118,0.952854,264
529680,674104,118,0.952496,264
530208,674104,118,0.952278,264
532288,674104,118,0.951456,264
529024,674104,118,0.952723,264
531384,674104,118,0.951809,264
530128,674104,119,0.952290,264
533664,674104,119,0.950891,264
530792,674104,119,0.952037,264
531136,674104,119,0.951886,264
528168,674104,118,0.953040,264
531312,674104,118,0.951837,264
529912,674104,119,0.952372,264
529928,674104,119,0.952348,264
529400,674104,119,0.952565,264
527832,674104,120,0.953145,264
527040,674104,120,0.953451,264
523832,674104,120,0.954609,232
522488,674104,121,0.955066,232
522072,674104,121,0.955221,232
522504,674104,121,0.955060,232
524312,674104,121,0.954427,232
524896,674104,121,0.959030,232
523928,674104,120,0.959360,232
525824,674104,120,0.958753,232
525160,674104,119,0.958995,224
525480,674104,119,0.958880,224
521416,674104,120,0.960121,224
519224,674104,121,0.960760,224
520720,674104,121,0.960312,224
517048,674104,121,0.961375,224
517480,674104,121,0.961241,224
515400,674104,121,0.961827,224
517328,674104,121,0.961283,224
518296,674104,121,0.960997,224
520704,674104,121,0.960289,224
518048,674104,121,0.961068,224
519384,674104,121,0.960673,224
522760,674104,121,0.959661,224
525136,674104,121,0.958912,224
523768,674104,122,0.959338,224
526976,674104,122,0.958310,224
525040,674104,122,0.958943,224
524912,674104,122,0.958998,224
523848,674104,122,0.959343,224
523456,674104,122,0.959478,224
525200,674104,121,0.958923,272
527744,674104,121,0.958091,272
524032,674104,122,0.959272,272
524048,674104,122,0.959252,272
525032,674104,122,0.958930,272
523680,674104,122,0.959365,272
527080,674104,122,0.958276,272
523576,674104,122,0.959397,272
526656,674104,122,0.958413,272
526376,674104,121,0.958534,272
526632,674104,121,0.958437,272
523232,674104,121,0.959517,272
520248,674104,121,0.960422,272
517088,674104,121,0.961337,272
514616,674104,120,0.952591,272
512024,674104,119,0.953475,272
512416,674104,119,0.953333,272
512920,674104,119,0.953153,272
509536,674104,119,0.954250,272
510360,674104,118,0.953986,288
512752,674104,118,0.953203,288
515984,674104,118,0.952106,288
518192,674104,118,0.951322,288
516648,674104,118,0.951878,288
519784,674104,118,0.950752,288
518416,674104,117,0.951276,288
520456,674104,117,0.950525,288
523728,674104,117,0.952369,288
522288,674104,118,0.952883,288
525160,674104,118,0.951830,288
523200,674104,118,0.952559,288
525736,674104,118,0.951617,288
523656,674104,118,0.952395,288
525560,674104,118,0.951682,288
524648,674104,118,0.952036,288
525840,674104,118,0.951578,288
522608,674104,118,0.952770,288
525976,674104,118,0.965632,288
522968,674104,118,0.966422,288
523328,674104,117,0.966319,336
519280,674104,117,0.967328,336
522152,674104,117,0.966615,336
518840,674104,116,0.946091,336
517928,674104,117,0.946447,336
513912,674104,118,0.947961,336
513712,674104,119,0.948034,336
515568,674104,119,0.947329,336
517328,674104,119,0.946642,336
521200,674104,119,0.966839,336
524904,674104,119,0.965888,336
524400,674104,119,0.966032,336
528424,674104,119,0.967521,336
526016,674104,120,0.968124,336
524560,674104,119,0.968501,336
521824,674104,119,0.967603,336
520336,674104,118,0.964267,336
520136,674104,118,0.964332,336
521648,674104,117,0.963929,344
519032,674104,117,0.964630,344
522640,674104,117,0.963660,344
525368,674104,117,0.962888,344
522792,674104,116,0.963632,344
524656,674104,116,0.963103,344
526456,674104,115,0.962588,352
522808,674104,115,0.963625,352
520080,674104,115,0.964368,352
522160,674104,115,0.963801,352
522968,674104,115,0.963569,352
526048,674104,115,0.962692,352
527576,674104,115,0.962234,352
524544,674104,115,0.954476,352
526784,674104,115,0.953670,352
525472,674104,116,0.954136,352
526576,674104,116,0.953727,352
523744,674104,115,0.954752,352
524736,674104,115,0.954393,352
521600,674104,115,0.955474,352
524352,674104,115,0.954526,352
523072,674104,114,0.954997,352
527088,674104,114,0.953578,352
524880,674104,114,0.954376,352
527808,674104,114,0.953317,352
525192,674104,114,0.954268,352
521584,674104,114,0.955511,352
522256,674104,114,0.955271,352
526080,674104,114,0.962067,352
524584,674104,114,0.962512,352
528184,674104,114,0.961442,352
525704,674104,114,0.962190,352
529616,674104,114,0.961005,352
526472,674104,114,0.961966,352
525456,674104,114,0.962276,352
527080,674104,114,0.961787,352
530392,674104,114,0.960764,352
528968,674104,114,0.961219,352
529992,674104,114,0.960889,352
528152,674104,113,0.961481,352
528872,674104,113,0.961248,352
525768,674104,113,0.957643,352
524088,674104,113,0.958202,336
524360,674104,113,0.958101,336
521720,674104,113,0.958938,336
523592,674104,113,0.958343,336
525808,674104,113,0.957619,336
524640,674104,113,0.958011,336
524704,674104,113,0.957976,336
521496,674104,114,0.958977,336
517536,674104,114,0.947347,336
517640,674104,114,0.947289,336
520408,674104,114,0.946195,336
518952,674104,114,0.946785,336
521096,674104,114,0.945920,336
517320,674104,114,0.947411,336
517424,674104,114,0.947353,336
514008,674104,114,0.948637,336
510136,674104,115,0.950000,336
513328,674104,115,0.948865,336
510048,674104,115,0.950030,336
513944,674104,115,0.948643,336
516720,674104,115,0.947601,336
514080,674104,115,0.948594,336
513928,674104,116,0.948649,336
515688,674104,116,0.960648,336
514160,674104,116,0.961085,336
510248,674104,115,0.949320,336
513720,674104,115,0.948067,336
514368,674104,115,0.947811,336
515560,674104,115,0.947350,336
515200,674104,115,0.947503,336
515232,674104,115,0.947473,336
514000,674104,115,0.947947,336
515568,674104,115,0.947347,336
513240,674104,116,0.948206,336
513784,674104,116,0.947991,336
512624,674104,115,0.948446,336
515592,674104,115,0.947338,336
514920,674104,115,0.947607,336
518656,674104,115,0.946163,336
514608,674104,115,0.947723,336
511408,674104,115,0.948897,336
508696,674104,115,0.949853,336
512680,674104,115,0.948443,336
515752,674104,115,0.947296,336
518592,674104,115,0.960049,336
516208,674104,115,0.944835,336
518736,674104,115,0.943800,336
516192,674104,115,0.944842,336
520152,674104,115,0.943214,336
519872,674104,115,0.943351,336
516736,674104,115,0.944645,336
519664,674104,115,0.943437,336
515632,674104,115,0.945081,336
514472,674104,116,0.945531,336
517616,674104,116,0.944274,336
519864,674104,116,0.943334,336
522032,674104,116,0.942396,336
519144,674104,117,0.943613,336
519728,674104,117,0.943351,336
517872,674104,117,0.944132,336
515968,674104,117,0.944911,336
514368,674104,117,0.945552,336
516496,674104,117,0.944703,336
518688,674104,117,0.943800,336
521080,674104,117,0.960886,336
520152,674104,116,0.961180,336
521096,674104,116,0.960895,336
520112,674104,116,0.961192,336
520408,674104,116,0.961093,336
518648,674104,116,0.961606,336
518592,674104,115,0.961648,336
521080,674104,115,0.960927,336
517432,674104,115,0.961969,336
513616,674104,115,0.963000,336
511448,674104,115,0.963567,336
509776,674104,115,0.963995,336
512640,674104,115,0.963264,336
514560,674104,115,0.962754,336
516768,674104,115,0.962150,336
515688,674104,114,0.962467,336
519432,674104,113,0.961428,376
520096,674104,113,0.961226,376
516784,674104,113,0.962161,376
514888,674104,113,0.960473,376
515240,674104,113,0.960361,376
512472,674104,112,0.961151,376
512752,674104,112,0.961062,376
508728,674104,111,0.962150,376
509696,674104,111,0.961887,376
512464,674104,111,0.961140,376
510496,674104,111,0.961678,376
507352,674104,111,0.945414,376
509448,674104,111,0.944617,376
505504,674104,112,0.946066,376
509576,674104,112,0.944551,376
508584,674104,113,0.944923,376
511232,674104,113,0.943898,376
507864,674104,114,0.945173,376
507848,674104,115,0.945179,376
504976,674104,115,0.946238,376
504080,674104,116,0.946554,376
508104,674104,116,0.961245,376
506008,674104,115,0.961811,376
506784,674104,115,0.961600,376
508480,674104,115,0.961147,376
505600,674104,116,0.961890,376
501696,674104,116,0.962873,344
502272,674104,116,0.962722,344
502760,674104,116,0.962592,344
501352,674104,116,0.962944,344
504624,674104,116,0.962132,344
505600,674104,116,0.961874,344
502952,674104,117,0.962533,344
502696,674104,117,0.962608,344
500152,674104,116,0.957088,344
503624,674104,116,0.956098,344
503768,674104,116,0.956042,344
505656,674104,116,0.955476,344
503768,674104,115,0.956056,344
503856,674104,115,0.956017,344
506936,674104,115,0.955094,344
508976,674104,115,0.954456,344
511680,674104,115,0.953588,344
511248,674104,116,0.953726,344
511472,674104,116,0.953639,344
508600,674104,116,0.954558,344
512480,674104,116,0.953313,344
510936,674104,116,0.953826,344
512472,674104,116,0.953316,344
511368,674104,117,0.953672,344
508432,674104,118,0.954595,344
505040,674104,118,0.955630,344
504328,674104,117,0.955866,344
504904,674104,117,0.955684,344
505064,674104,117,0.955623,344
508176,674104,117,0.961172,344
505376,674104,117,0.961857,328
509040,674104,117,0.960893,328
505144,674104,117,0.961916,328
506688,674104,117,0.961510,328
504384,674104,117,0.962107,328
505976,674104,117,0.961692,328
505656,674104,118,0.961774,328
507208,674104,118,0.961363,328
510160,674104,118,0.960567,328
507048,674104,118,0.955007,328
508544,674104,118,0.954536,328
505680,674104,118,0.955417,328
505408,674104,119,0.955498,328
509240,674104,119,0.954320,328
510488,674104,119,0.953912,328
507840,674104,119,0.954752,328
509624,674104,119,0.954185,328
507760,674104,118,0.954791,328
507944,674104,118,0.954720,328
505664,674104,118,0.955422,328
506400,674104,118,0.955188,328
505680,674104,119,0.955403,328
508800,674104,119,0.954442,328
507280,674104,119,0.954922,328
505216,674104,119,0.955554,328
502152,674104,119,0.956454,328
504320,674104,119,0.955817,328
507112,674104,119,0.954973,328
506184,674104,118,0.955281,328
504640,674104,118,0.955752,328
506288,674104,118,0.955250,328
507584,674104,118,0.954845,328
507096,674104,119,0.954993,328
507360,674104,119,0.954898,328
504288,674104,119,0.955826,328
505864,674104,119,0.955348,328
507408,674104,119,0.954869,328
504136,674104,118,0.941583,328
507728,674104,118,0.954786,328
507152,674104,118,0.954976,328
509168,674104,118,0.954342,328
506880,674104,119,0.955044,328
510176,674104,119,0.954011,328
507856,674104,119,0.954747,328
508904,674104,119,0.954409,328
506480,674104,119,0.955164,328
507000,674104,119,0.954993,328
504072,674104,119,0.955875,328
506680,674104,119,0.964962,328
505144,674104,118,0.965342,328
507880,674104,118,0.964689,328
504272,674104,119,0.965530,328
501104,674104,118,0.950806,328
501888,674104,118,0.950540,328
505792,674104,118,0.949237,328
502192,674104,119,0.950427,328
498488,674104,119,0.951609,328
501288,674104,119,0.950717,328
498512,674104,120,0.951587,328
501248,674104,120,0.950714,328
499888,674104,121,0.951157,288
498144,674104,121,0.951727,240
496552,674104,122,0.952209,240
493504,674104,121,0.953133,240
492456,674104,121,0.953447,240
494304,674104,121,0.952902,240
490424,674104,121,0.954021,232
493048,674104,121,0.953267,232
490624,674104,120,0.953979,232
490864,674104,120,0.953898,232
489672,674104,120,0.954242,232
487880,674104,120,0.954742,232
489304,674104,120,0.954343,232
485568,674104,121,0.955343,232
486600,674104,121,0.958882,232
484800,674104,122,0.959316,224
487024,674104,122,0.958769,224
486960,674104,121,0.958808,224
487432,674104,121,0.958681,224
488264,674104,121,0.958464,224
488128,674104,121,0.958510,224
485288,674104,122,0.959200,224
488256,674104,122,0.958466,224
486040,674104,122,0.959019,224
483288,674104,123,0.959672,224
483064,674104,124,0.959724,224
485960,674104,124,0.959027,224
487080,674104,124,0.958744,224
487208,674104,124,0.958701,224
487160,674104,125,0.958713,224
487520,674104,125,0.958612,224
491096,674104,125,0.957702,224
488736,674104,124,0.958323,224
490720,674104,124,0.960426,224
494056,674104,124,0.959598,224
496808,674104,124,0.958887,224
498144,674104,124,0.958526,224
500568,674104,124,0.957865,224
500312,674104,124,0.957947,224
499096,674104,124,0.958287,224
497520,674104,124,0.958714,224
496296,674104,124,0.959044,224
492216,674104,124,0.960076,224
494464,674104,123,0.959510,264
495216,674104,123,0.959309,264
495200,674104,123,0.959325,264
491536,674104,123,0.960243,264
490048,674104,123,0.960611,264
490280,674104,123,0.960545,264
487528,674104,123,0.961201,264
489736,674104,122,0.960681,280
493232,674104,122,0.959825,280
496928,674104,122,0.958879,280
498584,674104,122,0.958433,280
498200,674104,122,0.958547,280
502288,674104,122,0.957430,280
500952,674104,122,0.957810,280
499928,674104,122,0.958100,280
496104,674104,123,0.959103,280
492048,674104,122,0.960139,280
490408,674104,122,0.960545,280
493064,674104,122,0.959890,280
489320,674104,121,0.960813,280
485712,674104,121,0.961654,280
487208,674104,121,0.961303,280
484472,674104,121,0.961931,280
483752,674104,121,0.962100,280
486968,674104,121,0.961369,280
487656,674104,121,0.961201,280
488144,674104,121,0.961077,280
489368,674104,121,0.960780,280
493424,674104,121,0.959789,280
491664,674104,122,0.960220,280
487928,674104,121,0.923395,280
490488,674104,121,0.922188,280
492096,674104,121,0.921402,280
493584,674104,121,0.920658,280
489752,674104,121,0.922510,280
491256,674104,121,0.921780,280
490672,674104,121,0.922079,280
491016,674104,121,0.921894,280
492832,674104,121,0.921001,280
496800,674104,121,0.919006,280
493608,674104,122,0.920600,280
491040,674104,123,0.921837,280
490832,674104,123,0.921958,280
492208,674104,123,0.921279,280
495944,674104,123,0.919415,280
499528,674104,123,0.917542,280
502544,674104,123,0.915892,280
501584,674104,124,0.916416,280
503992,674104,124,0.915062,280
503888,674104,124,0.915147,280
506800,674104,124,0.933348,280
507280,674104,124,0.933110,280
504456,674104,124,0.934381,280
503160,674104,124,0.934959,280
502144,674104,124,0.935410,280
505640,674104,124,0.933884,280
508816,674104,124,0.932432,280
511400,674104,124,0.931199,280
510656,674104,124,0.931575,280
512656,674104,124,0.930594,280
510112,674104,124,0.931831,280
513048,674104,123,0.930427,280
512576,674104,124,0.930657,280
512232,674104,123,0.930869,280
508264,674104,123,0.932751,280
511792,674104,123,0.931080,280
514352,674104,123,0.929809,280
512840,674104,124,0.930556,272
514040,674104,124,0.929944,272
513304,674104,125,0.930306,272
517368,674104,125,0.928232,272
517128,674104,125,0.928382,272
520888,674104,125,0.926357,272
523928,674104,125,0.924629,272
523896,674104,125,0.924675,272
526416,674104,125,0.923177,272
524848,674104,124,0.924154,272
523096,674104,123,0.925211,272
519216,674104,123,0.927362,272
522424,674104,123,0.950012,272
526000,674104,123,0.948615,272
524744,674104,123,0.949127,272
526912,674104,123,0.948251,272
528160,674104,123,0.947725,272
524432,674104,123,0.949229,272
526896,674104,123,0.948238,272
524896,674104,123,0.949049,272
521736,674104,122,0.950286,272
517968,674104,121,0.951679,272
521000,674104,121,0.950576,272
524496,674104,121,0.949241,272
527224,674104,121,0.948145,272
527104,674104,121,0.948213,272
526528,674104,122,0.948443,272
527624,674104,122,0.947983,272
529824,674104,122,0.947054,272
526616,674104,122,0.923172,272
522936,674104,121,0.925355,272
523912,674104,121,0.924776,272
524928,674104,121,0.924164,272
522000,674104,121,0.925851,272
523832,674104,120,0.924798,312
521664,674104,121,0.926014,312
524904,674104,121,0.924154,312
523464,674104,120,0.925035,312
522520,674104,119,0.925619,312
518928,674104,119,0.901028,312
520144,674104,119,0.900106,312
517240,674104,119,0.902232,312
517056,674104,118,0.902429,312
516168,674104,118,0.903082,312
516544,674104,118,0.902787,312
518320,674104,118,0.914749,312
518632,674104,118,0.914525,312
522184,674104,118,0.912224,312
519104,674104,118,0.914231,312
516856,674104,119,0.915617,312
517904,674104,119,0.914947,312
516872,674104,120,0.915578,312
518360,674104,120,0.914635,312
515424,674104,121,0.916420,312
514600,674104,122,0.916917,296
516208,674104,122,0.915931,296
517232,674104,122,0.915281,296
519504,674104,122,0.913838,296
522440,674104,121,0.911929,312
520216,674104,122,0.913375,312
517064,674104,122,0.915374,312
518856,674104,122,0.914236,312
522088,674104,122,0.912129,312
521544,674104,123,0.912486,312
518888,674104,122,0.914246,312
520896,674104,122,0.912938,312
523944,674104,122,0.910891,312
520416,674104,122,0.913247,312
518872,674104,122,0.914256,312
515376,674104,122,0.916420,312
512792,674104,122,0.917958,312
516096,674104,122,0.915989,312
518112,674104,122,0.914729,312
515704,674104,122,0.916224,312
512488,674104,122,0.918132,312
513632,674104,122,0.917445,312
516312,674104,122,0.915830,312
514144,674104,122,0.917147,312
517584,674104,122,0.915055,312
518160,674104,122,0.914670,312
520016,674104,122,0.927510,312
516776,674104,122,0.929225,312
512712,674104,122,0.931260,312
514696,674104,122,0.930270,312
512272,674104,122,0.931471,312
509520,674104,122,0.932783,312
507248,674104,122,0.933832,312
509336,674104,122,0.932867,312
506272,674104,122,0.934264,312
509208,674104,122,0.932926,312
511312,674104,122,0.931926,312
511952,674104,122,0.931601,312
509744,674104,122,0.932665,296
511800,674104,122,0.931680,296
512384,674104,122,0.931379,296
509472,674104,123,0.932746,296
511376,674104,123,0.931836,296
508256,674104,124,0.933279,296
506472,674104,124,0.934098,296
507448,674104,124,0.933643,296
505408,674104,125,0.934544,296
502288,674104,126,0.935876,296
506048,674104,126,0.934243,296
502056,674104,126,0.935973,296
503104,674104,125,0.935533,296
504008,674104,125,0.935128,296
500744,674104,124,0.936535,296
503960,674104,124,0.935169,296
507152,674104,124,0.933754,296
504256,674104,124,0.935042,296
500184,674104,124,0.936764,296
500976,674104,124,0.936420,296
503976,674104,124,0.935142,296
500536,674104,124,0.936600,296
498256,674104,124,0.937538,296
499744,674104,124,0.936923,296
501408,674104,124,0.936222,296
501016,674104,124,0.936404,296
501504,674104,124,0.936182,296
500920,674104,124,0.936443,296
497512,674104,124,0.937832,296
495992,674104,125,0.938424,296
499760,674104,125,0.936916,296
502736,674104,125,0.935668,296
500904,674104,126,0.936446,256
499680,674104,125,0.936984,256
495720,674104,124,0.938581,256
493472,674104,125,0.939446,216
497392,674104,125,0.937929,216
500928,674104,125,0.936492,216
499504,674104,126,0.937071,216
497728,674104,126,0.937797,216
497336,674104,127,0.937951,216
501408,674104,127,0.936295,216
503568,674104,127,0.935370,216
502984,674104,126,0.935658,216
500424,674104,126,0.936738,216
500368,674104,126,0.936780,216
502872,674104,126,0.935725,216
506480,674104,126,0.934151,216
504928,674104,126,0.934849,216
505904,674104,126,0.941236,216
505328,674104,125,0.941498,216
504080,674104,126,0.941979,216
506472,674104,126,0.941032,216
507368,674104,126,0.940656,216
507928,674104,126,0.940412,216
506912,674104,126,0.940838,216
504360,674104,127,0.941835,216
507952,674104,127,0.940403,216
507368,674104,128,0.940637,216
509400,674104,128,0.939793,216
512704,674104,128,0.938381,216
509208,674104,128,0.939872,216
510552,674104,127,0.939295,264
513944,674104,127,0.962105,264
514920,674104,127,0.961829,264
516096,674104,127,0.961494,264
517872,674104,127,0.960984,264
515248,674104,126,0.959459,264
517000,674104,126,0.958933,264
514856,674104,125,0.959586,264
518104,674104,125,0.958617,264
517976,674104,125,0.958670,264
515736,674104,125,0.959346,264
516872,674104,125,0.958999,264
520864,674104,125,0.959135,264
517448,674104,124,0.960174,264
513432,674104,124,0.961311,264
510200,674104,124,0.962183,264
506896,674104,124,0.963035,264
505760,674104,124,0.963326,264
504792,674104,124,0.963573,264
502112,674104,125,0.964208,264
498528,674104,124,0.965044,264
496520,674104,124,0.965495,264
494864,674104,124,0.965859,264
496384,674104,124,0.965524,264
497680,674104,124,0.965231,264
500272,674104,124,0.965515,264
499056,674104,124,0.965793,264
501600,674104,124,0.965219,264
502224,674104,124,0.965067,264
504448,674104,124,0.964542,264
501760,674104,123,0.965183,264
504768,674104,123,0.964479,264
505064,674104,123,0.964398,264
506760,674104,123,0.963981,264
504600,674104,123,0.964507,264
506576,674104,123,0.964025,264
505328,674104,123,0.964335,264
508440,674104,123,0.963570,264
508480,674104,123,0.963548,264
512328,674104,123,0.965962,264
509136,674104,123,0.962294,264
506872,674104,123,0.962879,264
509888,674104,123,0.962100,264
509264,674104,123,0.962273,264
508968,674104,124,0.962349,264
510008,674104,124,0.962068,264
508984,674104,124,0.962345,264
510200,674104,124,0.962018,264
508704,674104,123,0.962429,264
509360,674104,123,0.962249,264
509616,674104,123,0.962170,264
512736,674104,123,0.961332,264
511616,674104,123,0.961645,264
512472,674104,123,0.965927,264
514280,674104,123,0.965480,264
511312,674104,123,0.966201,264
511760,674104,123,0.966085,264
508056,674104,123,0.964292,264
505120,674104,124,0.964992,248
507792,674104,124,0.964348,248
505024,674104,124,0.965014,248
505760,674104,124,0.964831,248
507096,674104,124,0.964503,248
505952,674104,124,0.964786,248
508464,674104,124,0.964173,248
504880,674104,124,0.965036,248
508104,674104,123,0.964264,280
506256,674104,122,0.964729,280
509704,674104,122,0.963884,280
508952,674104,123,0.964070,280
506920,674104,124,0.964560,280
504640,674104,123,0.965118,280
506480,674104,123,0.964676,280
510392,674104,123,0.963713,280
513864,674104,123,0.962812,280
510032,674104,122,0.957885,280
509016,674104,122,0.958190,280
504992,674104,122,0.959266,280
506688,674104,122,0.958789,280
507136,674104,122,0.958652,280
506816,674104,122,0.958754,280
508464,674104,122,0.958279,280
509256,674104,122,0.958040,280
506304,674104,123,0.958869,280
508248,674104,123,0.958313,280
504976,674104,122,0.959244,280
506720,674104,122,0.958754,280
504520,674104,122,0.959367,280
504560,674104,122,0.959344,280
500760,674104,122,0.960353,280
504800,674104,122,0.959279,280
503808,674104,123,0.959545,280
500592,674104,123,0.960396,280
502160,674104,123,0.959979,280
502680,674104,123,0.959831,280
501176,674104,124,0.960222,280
504808,674104,124,0.959251,280
503072,674104,123,0.959740,280
504992,674104,123,0.959214,280
504024,674104,123,0.959487,280
505648,674104,123,0.959036,280
503672,674104,123,0.959581,280
505424,674104,123,0.959097,280
504584,674104,123,0.959337,280
505304,674104,123,0.959129,280
504568,674104,122,0.959354,280
502552,674104,122,0.959902,280
501896,674104,122,0.960085,280
503112,674104,122,0.959755,280
499864,674104,122,0.960605,280
497768,674104,122,0.961140,280
499768,674104,122,0.960630,280
495904,674104,123,0.961581,280
499560,674104,123,0.961284,280
502952,674104,123,0.960413,280
503200,674104,123,0.960336,280
502968,674104,124,0.960396,280
499592,674104,123,0.961276,280
499464,674104,122,0.961332,280
502056,674104,122,0.968316,280
503032,674104,122,0.968103,280
506088,674104,121,0.967444,320
507400,674104,121,0.967145,320
503328,674104,121,0.964464,320
507040,674104,121,0.963565,320
505552,674104,121,0.963938,320
507000,674104,121,0.963575,320
506856,674104,121,0.963622,320
510384,674104,121,0.962726,320
507376,674104,121,0.963494,320
505272,674104,121,0.964016,320
502472,674104,121,0.964684,320
499968,674104,121,0.965262,320
499928,674104,121,0.965282,320
503880,674104,121,0.964368,320
503584,674104,121,0.964449,320
501376,674104,120,0.964979,320
499712,674104,121,0.965351,320
501688,674104,121,0.964897,320
505200,674104,121,0.964068,320
504224,674104,121,0.964310,320
507296,674104,121,0.963561,320
506648,674104,121,0.963731,320
507776,674104,121,0.963443,320
507736,674104,120,0.963476,320
505680,674104,120,0.963987,320
506312,674104,120,0.963824,320
505336,674104,120,0.964070,320
505112,674104,120,0.964134,320
505672,674104,120,0.963989,320
506360,674104,120,0.963812,320
506400,674104,120,0.963791,320
505768,674104,120,0.963955,320
506584,674104,120,0.963746,320
509384,674104,120,0.963042,320
509632,674104,120,0.962967,320
508840,674104,120,0.963179,320
505504,674104,120,0.964007,320
502944,674104,120,0.964620,320
506648,674104,119,0.963735,352
510048,674104,119,0.962878,352
507440,674104,120,0.963530,352
508360,674104,119,0.963290,400
509072,674104,119,0.963100,400
509920,674104,119,0.962874,400
512352,674104,119,0.965356,400
513768,674104,119,0.964998,400
510976,674104,118,0.965696,400
514136,674104,118,0.965371,400
511744,674104,118,0.965958,400
514216,674104,118,0.965352,400
510296,674104,118,0.962503,400
506408,674104,119,0.963481,392
510280,674104,119,0.966291,392
512344,674104,119,0.965794,392
510896,674104,119,0.966148,392
510640,674104,120,0.966207,392
514672,674104,120,0.972377,392
515408,674104,120,0.972222,392
513016,674104,121,0.972688,392
513880,674104,121,0.972512,392
512432,674104,122,0.972790,392
513624,674104,122,0.972553,392
512576,674104,122,0.972763,392
511728,674104,122,0.972932,392
510872,674104,123,0.973092,392
510208,674104,122,0.973233,392
508224,674104,122,0.973601,392
504480,674104,121,0.939154,352
505112,674104,121,0.943389,352
505488,674104,121,0.943230,352
505656,674104,121,0.943148,352
503872,674104,121,0.943833,352
507840,674104,121,0.942309,352
509432,674104,121,0.941662,352
511304,674104,121,0.940886,352
513480,674104,121,0.939962,352
509448,674104,121,0.941637,352
513040,674104,121,0.940147,352
509168,674104,121,0.941748,352
510344,674104,121,0.941257,352
506808,674104,120,0.942690,352
509976,674104,120,0.941425,352
508368,674104,119,0.942102,352
511896,674104,118,0.940663,400
508560,674104,118,0.942027,400
509040,674104,118,0.941818,400
507168,674104,118,0.942570,400
506360,674104,118,0.942898,400
504840,674104,118,0.943491,400
505808,674104,118,0.943109,400
505752,674104,118,0.943148,400
502360,674104,118,0.942077,400
502592,674104,118,0.941972,400
500896,674104,118,0.942624,400
503680,674104,117,0.941566,424
506544,674104,117,0.940426,424
502776,674104,116,0.941929,424
504624,674104,116,0.941201,424
506504,674104,116,0.940442,424
503488,674104,117,0.941621,424
502928,674104,117,0.941853,424
504120,674104,117,0.941378,424
506144,674104,117,0.940567,424
502592,674104,118,0.941944,424
504240,674104,118,0.941294,424
502320,674104,119,0.942029,424
499592,674104,119,0.943059,424
502240,674104,119,0.942059,424
503896,674104,119,0.941409,424
504664,674104,119,0.941092,424
502680,674104,119,0.941874,424
503056,674104,119,0.941713,424
501360,674104,119,0.942371,424
503024,674104,119,0.941725,424
502576,674104,119,0.941914,424
504856,674104,119,0.941017,424
501152,674104,120,0.942443,392
504064,674104,120,0.941319,392
503144,674104,121,0.941692,344
499848,674104,121,0.942942,344
503112,674104,121,0.941704,344
500832,674104,121,0.942580,344
498832,674104,122,0.943312,344
499504,674104,122,0.943050,344
499616,674104,122,0.942992,344
501352,674104,122,0.942333,344
497592,674104,123,0.943705,344
496624,674104,123,0.944064,344
500032,674104,123,0.942822,344
503416,674104,123,0.941532,344
503040,674104,123,0.941695,344
503608,674104,123,0.941458,344
502392,674104,124,0.941923,344
500416,674104,123,0.942698,344
503912,674104,123,0.941359,344
501488,674104,122,0.942318,344
503320,674104,122,0.941606,344
502632,674104,122,0.941887,344
504416,674104,122,0.941183,344
506176,674104,122,0.949732,344
504480,674104,121,0.950328,344
508240,674104,121,0.950510,344
506408,674104,121,0.951133,344
508616,674104,121,0.950384,344
506856,674104,121,0.940238,344
505664,674104,120,0.940750,344
505712,674104,120,0.940712,344
503224,674104,120,0.941698,344
501728,674104,120,0.942282,344
498120,674104,120,0.943619,344
499248,674104,119,0.943204,368
498728,674104,120,0.943392,368
500944,674104,120,0.942565,368
503272,674104,120,0.941670,368
504000,674104,120,0.941372,368
504336,674104,120,0.941223,368
504224,674104,120,0.941285,368
508080,674104,120,0.939732,368
505408,674104,120,0.940823,368
508456,674104,120,0.939578,368
507728,674104,120,0.939895,368
504280,674104,119,0.941301,368
503760,674104,119,0.941520,368
504408,674104,119,0.941251,368
507840,674104,119,0.939869,368
509152,674104,119,0.939311,368
506632,674104,118,0.940375,368
507928,674104,118,0.939833,368
505280,674104,118,0.940911,368
505040,674104,117,0.941042,368
506232,674104,117,0.940554,368
506936,674104,117,0.940254,368
503344,674104,117,0.941679,368
506032,674104,117,0.940614,368
502456,674104,118,0.941999,368
498960,674104,118,0.943309,368
501248,674104,118,0.942452,368
503512,674104,118,0.941578,368
500112,674104,118,0.942872,368
499680,674104,117,0.943065,368
499536,674104,117,0.943135,368
495680,674104,117,0.944519,368
498480,674104,117,0.943516,368
501528,674104,117,0.942383,368
499592,674104,117,0.943114,368
497048,674104,116,0.944059,368
494248,674104,116,0.945043,368
497568,674104,116,0.943875,368
499328,674104,116,0.943228,368
500320,674104,116,0.942848,368
497336,674104,116,0.943940,368
495592,674104,116,0.944566,368
492120,674104,117,0.945740,368
495696,674104,117,0.944514,368
492376,674104,117,0.945655,368
490272,674104,118,0.946345,368
491880,674104,118,0.945804,368
495448,674104,118,0.944583,368
491784,674104,118,0.945835,368
494272,674104,118,0.960669,368
494416,674104,118,0.960622,368
497184,674104,118,0.959923,368
495160,674104,118,0.960440,368
491504,674104,119,0.961320,368
495072,674104,119,0.960450,368
493128,674104,119,0.960934,368
495656,674104,119,0.960306,368
498080,674104,119,0.959684,368
500616,674104,119,0.959012,368
502344,674104,119,0.958538,368
500136,674104,118,0.959151,368
499464,674104,118,0.959339,368
498728,674104,119,0.959530,368
502816,674104,119,0.958436,368
499800,674104,118,0.951117,368
500672,674104,118,0.950827,368
501544,674104,118,0.950534,368
501840,674104,118,0.950424,368
501464,674104,119,0.950544,368
504048,674104,119,0.949686,368
502632,674104,118,0.950183,368
505360,674104,118,0.949263,368
503480,674104,118,0.949905,368
502352,674104,118,0.950289,368
501160,674104,119,0.950672,368
504248,674104,119,0.949652,368
504208,674104,119,0.949681,368
500800,674104,119,0.950802,368
500240,674104,119,0.950994,368
497816,674104,119,0.951760,368
498424,674104,119,0.951559,368
499640,674104,119,0.951167,368
499512,674104,118,0.951237,368
500120,674104,118,0.951032,368
497088,674104,119,0.951966,368
500616,674104,119,0.950860,368
500056,674104,119,0.951052,368
502288,674104,119,0.950325,368
505800,674104,119,0.949147,368
508504,674104,119,0.948197,368
504808,674104,119,0.949481,368
502840,674104,119,0.950146,368
505880,674104,119,0.949120,368
509752,674104,119,0.947755,368
510160,674104,118,0.947603,384
512528,674104,118,0.946719,384
508576,674104,119,0.948149,384
512584,674104,119,0.946680,384
509016,674104,119,0.947994,384
512576,674104,119,0.946683,384
509048,674104,119,0.947983,384
507544,674104,119,0.948527,384
504280,674104,120,0.949636,384
501768,674104,120,0.950472,384
505624,674104,120,0.949185,384
503888,674104,120,0.949782,384
504040,674104,120,0.949715,384
501128,674104,120,0.950677,384
504016,674104,120,0.949723,384
506280,674104,120,0.948946,384
509576,674104,120,0.947778,384
505536,674104,120,0.949199,384
506344,674104,120,0.948907,384
508904,674104,120,0.958302,384
505864,674104,120,0.959161,384
508648,674104,120,0.958374,384
507096,674104,120,0.958822,384
508624,674104,120,0.958381,384
505320,674104,121,0.959296,384
504120,674104,120,0.941813,384
505792,674104,120,0.941145,384
509784,674104,120,0.939515,384
508032,674104,120,0.940252,384
509696,674104,120,0.939552,384
508504,674104,119,0.940080,384
510696,674104,119,0.939155,384
507696,674104,119,0.940407,384
510144,674104,119,0.939386,384
506576,674104,119,0.940855,384
509560,674104,119,0.939628,384
506856,674104,119,0.940744,384
509544,674104,119,0.939634,384
508696,674104,119,0.940002,384
512552,674104,119,0.938366,384
508496,674104,119,0.940084,384
508648,674104,119,0.940002,384
506744,674104,120,0.940769,384
503816,674104,120,0.941929,384
504912,674104,120,0.941489,384
504424,674104,119,0.941714,384
505920,674104,119,0.941114,384
505200,674104,120,0.941395,384
502496,674104,120,0.942447,384
500872,674104,120,0.943068,384
503744,674104,120,0.951286,384
501016,674104,120,0.952160,384
500368,674104,120,0.952374,384
499024,674104,121,0.952796,336
497808,674104,120,0.953187,336
500416,674104,120,0.952388,336
497808,674104,120,0.953187,336
497000,674104,120,0.953439,336
498384,674104,120,0.953016,336
501032,674104,120,0.952199,336
502168,674104,120,0.951831,336
502568,674104,120,0.951690,336
501832,674104,120,0.951936,336
503944,674104,120,0.961150,336
500432,674104,119,0.962051,336
503872,674104,119,0.961180,336
507848,674104,119,0.960125,336
504520,674104,118,0.961027,336
503656,674104,118,0.961260,336
506328,674104,118,0.960556,336
506472,674104,118,0.960505,336
506872,674104,118,0.960386,336
503208,674104,118,0.961349,336
506360,674104,118,0.960522,336
507072,674104,118,0.960320,336
509976,674104,118,0.959517,336
507712,674104,118,0.960149,336
508712,674104,118,0.959865,336
507120,674104,117,0.960320,336
504256,674104,117,0.961082,336
503440,674104,117,0.961303,336
506216,674104,117,0.960573,336
505024,674104,118,0.960884,336
506512,674104,118,0.960482,336
504736,674104,117,0.960971,336
507536,674104,117,0.960222,336
509856,674104,117,0.959577,336
512168,674104,117,0.958913,336
511560,674104,118,0.959086,336
514624,674104,118,0.958185,336
514264,674104,117,0.958333,288
515344,674104,117,0.957999,288
513032,674104,117,0.958692,288
515832,674104,117,0.957853,288
512656,674104,118,0.958787,288
509008,674104,118,0.959824,288
510768,674104,118,0.959323,288
512496,674104,118,0.958819,288
508424,674104,118,0.959970,288
510384,674104,118,0.959417,288
509072,674104,118,0.959793,288
507352,674104,118,0.960271,288
509560,674104,118,0.959659,288
510112,674104,118,0.959493,288
506680,674104,118,0.960437,288
503632,674104,118,0.945223,288
506064,674104,118,0.944317,288
507560,674104,118,0.943737,288
506568,674104,118,0.944129,288
508448,674104,118,0.943398,288
506800,674104,118,0.944042,288
504784,674104,119,0.944789,288
503208,674104,119,0.945376,288
499120,674104,119,0.946816,288
500464,674104,118,0.946345,320
500712,674104,118,0.946243,320
501632,674104,118,0.945905,320
498552,674104,118,0.946980,320
495960,674104,119,0.947840,320
497760,674104,119,0.958917,320
498288,674104,119,0.958767,320
496496,674104,120,0.959231,320
495624,674104,121,0.959453,320
499392,674104,121,0.958463,320
503168,674104,121,0.957422,320
501368,674104,121,0.945964,320
504848,674104,121,0.944701,320
507720,674104,121,0.943609,320
505968,674104,121,0.944287,320
504312,674104,121,0.944914,320
507384,674104,121,0.943755,320
510328,674104,121,0.942598,320
507784,674104,121,0.943619,280
509792,674104,121,0.942824,280
507104,674104,121,0.943876,280
503368,674104,122,0.945252,280
502736,674104,121,0.945512,280
501640,674104,121,0.945917,280
501072,674104,122,0.946115,280
500824,674104,122,0.946218,280
501056,674104,122,0.946120,280
503904,674104,122,0.945094,280
502296,674104,122,0.945686,280
504328,674104,122,0.944940,280
507008,674104,122,0.943931,280
509648,674104,122,0.942899,280
507160,674104,123,0.943855,280
503664,674104,123,0.945163,280
505736,674104,123,0.958518,280
505760,674104,123,0.958498,280
507168,674104,123,0.958091,280
504488,674104,123,0.958847,280
502024,674104,123,0.959519,280
498448,674104,122,0.957872,280
500104,674104,122,0.957411,280
503928,674104,121,0.956327,320
506144,674104,121,0.958393,320
509400,674104,121,0.957454,320
505640,674104,121,0.958533,320
508752,674104,121,0.957641,320
506712,674104,120,0.958248,320
507256,674104,120,0.958082,320
507208,674104,120,0.958109,320
504408,674104,119,0.958910,320
501328,674104,119,0.959741,320
503960,674104,119,0.959031,320
506768,674104,119,0.958246,320
508128,674104,119,0.957848,320
504776,674104,120,0.958784,320
505496,674104,120,0.958573,320
502864,674104,120,0.959299,320
505432,674104,120,0.958591,320
504528,674104,120,0.958851,320
506688,674104,120,0.959422,320
504424,674104,120,0.955867,320
501992,674104,120,0.956578,320
500280,674104,120,0.957069,320
504072,674104,120,0.955983,320
501280,674104,120,0.956792,320
502040,674104,120,0.956565,320
504184,674104,120,0.955937,320
506752,674104,120,0.955163,320
503272,674104,120,0.956200,320
502936,674104,121,0.956296,320
504216,674104,121,0.955913,320
501528,674104,121,0.956695,320
499056,674104,121,0.957391,320
497560,674104,122,0.957794,320
498952,674104,122,0.966588,320
500256,674104,122,0.966298,320
504232,674104,122,0.965402,320
506168,674104,122,0.964943,320
504504,674104,122,0.965340,320
505272,674104,122,0.965152,320
502744,674104,121,0.958429,320
499488,674104,121,0.959308,320
503304,674104,121,0.958276,320
504392,674104,121,0.957963,320
502104,674104,121,0.943397,320
505928,674104,121,0.941934,320
504176,674104,121,0.942623,320
501984,674104,121,0.943459,320
502048,674104,121,0.943418,320
499264,674104,121,0.944442,320
500304,674104,121,0.944053,320
502512,674104,121,0.943229,320
499472,674104,121,0.944351,320
498392,674104,120,0.944766,320
497264,674104,120,0.945184,296
493728,674104,119,0.946411,296
494992,674104,119,0.954125,296
494384,674104,119,0.954311,296
492520,674104,118,0.954859,296
489768,674104,118,0.955619,296
491496,674104,118,0.955140,296
491120,674104,118,0.955255,296
489008,674104,119,0.955820,296
492224,674104,119,0.954940,296
490224,674104,119,0.955497,296
492408,674104,119,0.954890,296
496400,674104,119,0.953748,296
494336,674104,118,0.954366,296
496040,674104,118,0.953866,296
500088,674104,118,0.952655,296
497216,674104,119,0.953511,296
495056,674104,120,0.954134,296
495152,674104,120,0.954093,296
499224,674104,119,0.952896,312
496152,674104,120,0.953801,312
492592,674104,119,0.954835,312
496328,674104,119,0.953764,312
499880,674104,119,0.966023,312
500800,674104,119,0.965811,312
503536,674104,119,0.965186,312
504824,674104,119,0.964878,312
506848,674104,119,0.964389,312
506672,674104,119,0.964443,312
508392,674104,119,0.964016,312
506160,674104,118,0.964576,312
507240,674104,117,0.964316,320
504280,674104,116,0.956439,320
508088,674104,115,0.955308,352
507688,674104,115,0.955443,352
510440,674104,114,0.954598,360
508064,674104,115,0.955327,360
508448,674104,115,0.955196,360
506720,674104,115,0.955729,360
509912,674104,115,0.954747,360
506864,674104,116,0.955672,360
507992,674104,116,0.955320,360
506208,674104,117,0.955852,360
503672,674104,117,0.956602,360
500200,674104,117,0.957582,360
500976,674104,117,0.957357,360
502952,674104,117,0.956792,360
501672,674104,117,0.957164,360
500800,674104,116,0.957431,360
501152,674104,116,0.957321,360
502200,674104,116,0.957017,360
502936,674104,116,0.956797,360
502624,674104,117,0.956885,360
503040,674104,117,0.956754,360
500912,674104,116,0.947673,360
501232,674104,116,0.947548,360
499624,674104,115,0.948120,360
501520,674104,115,0.947467,360
497512,674104,116,0.948796,360
500608,674104,116,0.947759,360
499472,674104,116,0.948154,360
501648,674104,116,0.957158,360
501200,674104,115,0.957308,360
497232,674104,115,0.958388,360
500056,674104,115,0.957621,360
496864,674104,115,0.958484,360
496096,674104,115,0.958696,360
496128,674104,115,0.958675,360
498912,674104,115,0.957930,360
500496,674104,115,0.957488,360
498640,674104,115,0.958003,360
496416,674104,115,0.958601,360
494440,674104,115,0.959119,360
493984,674104,115,0.959246,360
496512,674104,115,0.958588,360
495464,674104,114,0.958883,360
493800,674104,115,0.959304,360
494136,674104,115,0.959208,360
491768,674104,114,0.959819,360
493944,674104,114,0.959268,360
495464,674104,114,0.958871,360
495400,674104,114,0.958899,360
495640,674104,114,0.958826,360
494448,674104,114,0.959141,360
497664,674104,114,0.958300,360
500832,674104,114,0.957436,360
499312,674104,114,0.957861,360
503360,674104,114,0.961446,360
500696,674104,114,0.962118,360
503000,674104,114,0.961536,360
499024,674104,113,0.948025,360
501544,674104,113,0.947161,360
500184,674104,113,0.947638,360
500088,674104,113,0.947687,360
496352,674104,113,0.948924,360
497928,674104,113,0.948400,360
498376,674104,113,0.948238,360
495608,674104,113,0.949146,360
499296,674104,113,0.947935,360
497640,674104,114,0.948479,360
498360,674104,113,0.948230,400
497072,674104,113,0.948665,400
500224,674104,113,0.947611,400
500424,674104,113,0.947528,400
500920,674104,113,0.947344,400
504792,674104,113,0.945979,400
504496,674104,112,0.946119,400
508232,674104,112,0.960165,400
508208,674104,112,0.960184,400
511744,674104,112,0.959195,400
508208,674104,112,0.960184,400
510416,674104,112,0.959567,400
508208,674104,112,0.960184,400
505424,674104,112,0.960932,400
501616,674104,113,0.961903,368
499304,674104,112,0.962487,368
500032,674104,111,0.962309,384
503176,674104,111,0.961522,384
505488,674104,111,0.963150,384
509224,674104,111,0.963889,384
508744,674104,110,0.964030,384
509568,674104,110,0.963816,384
507248,674104,109,0.964403,384
509320,674104,108,0.963893,416
508832,674104,108,0.964024,416
505672,674104,108,0.964790,416
501824,674104,109,0.965667,416
499608,674104,110,0.966153,416
500496,674104,110,0.965949,416
502792,674104,110,0.965429,416
502768,674104,110,0.965445,416
502920,674104,110,0.965400,416
506792,674104,110,0.964492,416
505416,674104,110,0.964828,416
508864,674104,110,0.964373,416
508384,674104,111,0.964489,416
511488,674104,111,0.963715,416
514864,674104,111,0.962835,416
514288,674104,111,0.962998,416
518096,674104,110,0.961967,456
517360,674104,110,0.962181,456
518416,674104,110,0.961878,456
517640,674104,110,0.962105,456
518416,674104,110,0.961878,456
517240,674104,111,0.962201,456
516416,674104,111,0.962437,456
519104,674104,111,0.961687,456
518064,674104,111,0.961989,456
521520,674104,111,0.960999,456
525360,674104,111,0.970613,456
524712,674104,111,0.970769,456
524168,674104,111,0.970900,456
520096,674104,112,0.969952,440
516880,674104,111,0.933180,440
513064,674104,111,0.934983,440
515208,674104,111,0.933972,440
511384,674104,111,0.935737,440
509352,674104,111,0.936646,440
512512,674104,111,0.935233,440
514000,674104,111,0.934533,440
516704,674104,110,0.933261,448
517840,674104,110,0.932690,448
518184,674104,110,0.932498,448
520112,674104,110,0.931517,448
517968,674104,110,0.932604,448
516624,674104,111,0.933268,416
515912,674104,111,0.933630,416
516520,674104,111,0.933318,416
518888,674104,111,0.949749,416
516368,674104,110,0.950689,416
513296,674104,109,0.951782,416
515040,674104,108,0.951184,424
513848,674104,109,0.951592,424
512960,674104,109,0.951908,424
514640,674104,109,0.951321,424
515680,674104,109,0.950945,424
518072,674104,109,0.950078,424
520072,674104,109,0.949327,424
516928,674104,109,0.950488,424
519600,674104,109,0.949502,424
516048,674104,110,0.950782,424
516512,674104,110,0.950602,424
514592,674104,110,0.951288,424
510616,674104,111,0.952619,424
512760,674104,111,0.951895,424
511448,674104,112,0.952331,424
513016,674104,112,0.951792,424
514464,674104,112,0.951283,424
511240,674104,112,0.952394,392
508304,674104,111,0.953370,392
510656,674104,111,0.952601,392
506944,674104,111,0.953795,392
508032,674104,111,0.953441,392
508616,674104,111,0.953241,392
505912,674104,112,0.954085,384
503024,674104,112,0.954966,384
502312,674104,112,0.955188,384
504120,674104,112,0.954641,384
506656,674104,112,0.953857,384
509192,674104,112,0.953045,384
508944,674104,112,0.953139,384
507008,674104,113,0.953748,384
505360,674104,113,0.954268,384
504568,674104,113,0.954521,384
506864,674104,113,0.953807,384
509824,674104,113,0.952858,384
510712,674104,113,0.952554,384
513720,674104,113,0.951535,384
509896,674104,113,0.940958,344
510224,674104,113,0.940805,344
509944,674104,114,0.940919,344
512200,674104,114,0.939972,344
510352,674104,113,0.940773,344
506480,674104,113,0.942324,344
506656,674104,113,0.942238,344
502672,674104,113,0.943755,344
498680,674104,114,0.945181,344
499984,674104,114,0.944706,344
499624,674104,115,0.944834,344
502784,674104,115,0.943679,344
506016,674104,115,0.942447,344
508320,674104,115,0.941530,344
505168,674104,116,0.942753,344
507856,674104,115,0.941704,368
505648,674104,114,0.942597,368
508624,674104,114,0.941419,368
504768,674104,115,0.942913,368
507536,674104,115,0.941830,368
503696,674104,116,0.943297,368
504280,674104,115,0.943073,384
501512,674104,115,0.944111,384
502784,674104,115,0.943629,384
502320,674104,115,0.943817,384
504744,674104,115,0.942898,384
503336,674104,115,0.943443,384
505696,674104,115,0.942536,384
505552,674104,115,0.942609,384
509344,674104,115,0.956334,384
508896,674104,115,0.956482,384
507136,674104,115,0.957010,384
506000,674104,115,0.957349,384
502624,674104,115,0.958301,384
500864,674104,114,0.958799,384
504552,674104,114,0.957784,384
506552,674104,114,0.957206,384
503704,674104,115,0.958005,384
499792,674104,115,0.959069,384
496280,674104,114,0.959992,384
495152,674104,113,0.960296,384
492480,674104,113,0.954171,384
492328,674104,112,0.954240,384
496424,674104,112,0.953055,384
493264,674104,112,0.953977,384
489672,674104,112,0.954981,384
487784,674104,112,0.955498,384
487200,674104,113,0.955655,368
486480,674104,114,0.955853,328
482792,674104,114,0.956802,328
485008,674104,114,0.956232,328
488272,674104,114,0.955371,328
488288,674104,114,0.955354,328
487552,674104,114,0.955561,328
491600,674104,114,0.954457,328
494736,674104,114,0.953561,328
492656,674104,114,0.954164,328
492160,674104,114,0.954315,328
488712,674104,114,0.955267,328
486904,674104,113,0.955768,328
487536,674104,113,0.955590,328
484592,674104,113,0.956362,328
482264,674104,113,0.956956,328
484472,674104,113,0.956393,328
481664,674104,113,0.957104,328
480176,674104,113,0.957477,328
479008,674104,113,0.957767,328
477008,674104,113,0.958248,328
478080,674104,113,0.957987,328
479776,674104,113,0.957573,328
483144,674104,113,0.956738,328
486264,674104,113,0.966446,328
486864,674104,113,0.966318,328
486104,674104,113,0.966478,328
482720,674104,113,0.967139,328
480552,674104,113,0.963921,328
482248,674104,113,0.963561,328
481448,674104,113,0.963737,328
481120,674104,112,0.963824,328
480704,674104,113,0.963910,328
481376,674104,112,0.963768,344
481888,674104,112,0.963652,344
479808,674104,112,0.964089,344
481000,674104,112,0.963836,344
484664,674104,112,0.963056,344
484648,674104,112,0.963070,344
484544,674104,112,0.963102,344
485288,674104,112,0.966662,344
486600,674104,112,0.966396,344
489352,674104,112,0.965834,344
490720,674104,112,0.965542,344
490568,674104,112,0.965584,344
489528,674104,111,0.965817,344
491744,674104,111,0.965348,344
494016,674104,111,0.964855,344
491872,674104,110,0.965332,344
488416,674104,110,0.966053,344
491800,674104,110,0.965347,344
495200,674104,110,0.964607,344
491464,674104,110,0.965417,344
489976,674104,110,0.965735,344
488352,674104,111,0.966065,344
486960,674104,112,0.966343,344
484976,674104,112,0.966741,344
482152,674104,113,0.967278,344
484360,674104,113,0.966851,344
482520,674104,114,0.967200,344
479984,674104,114,0.967679,344
478176,674104,115,0.968006,344
478592,674104,115,0.967923,344
480696,674104,115,0.967531,344
478520,674104,116,0.967927,344
481288,674104,116,0.967413,344
480240,674104,115,0.967624,344
476944,674104,116,0.968217,344
478688,674104,116,0.967897,344
474912,674104,115,0.968580,344
471856,674104,115,0.969113,304
468328,674104,116,0.969691,304
469008,674104,116,0.969573,304
466000,674104,117,0.970052,304
464280,674104,117,0.970327,304
465544,674104,117,0.970124,304
467144,674104,117,0.969864,304
467584,674104,117,0.969787,304
466248,674104,116,0.969342,304
467400,674104,116,0.969148,304
471304,674104,116,0.969181,304
469776,674104,115,0.968252,304
469528,674104,115,0.968302,304
467104,674104,115,0.963577,304
464536,674104,115,0.964072,304
462968,674104,116,0.964362,304
466896,674104,116,0.963617,304
467176,674104,116,0.963554,304
464088,674104,116,0.964147,304
465864,674104,116,0.963805,304
464640,674104,117,0.964035,304
465992,674104,117,0.963771,304
469384,674104,117,0.963107,304
471424,674104,117,0.967953,304
472296,674104,117,0.967794,304
470296,674104,116,0.963398,304
467232,674104,116,0.963998,304
469936,674104,116,0.963468,304
467744,674104,116,0.963901,304
470128,674104,116,0.963431,304
467256,674104,116,0.963994,304
468280,674104,116,0.963789,304
469192,674104,116,0.963604,304
466040,674104,115,0.964223,304
464056,674104,115,0.964600,304
461752,674104,115,0.965026,304
461872,674104,115,0.964996,304
464016,674104,115,0.964598,304
464968,674104,115,0.969039,304
465624,674104,115,0.968925,304
467344,674104,115,0.968635,304
468976,674104,115,0.968355,304
467392,674104,115,0.968627,304
470560,674104,115,0.968086,304
469288,674104,116,0.968302,304
471320,674104,116,0.967947,304
472328,674104,116,0.967763,304
469368,674104,115,0.962313,304
469392,674104,114,0.962305,320
472920,674104,114,0.961572,320
475400,674104,114,0.961036,320
473704,674104,113,0.955213,320
474904,674104,113,0.954905,320
478904,674104,113,0.953879,320
477608,674104,112,0.954237,320
481096,674104,112,0.953316,320
483840,674104,112,0.952562,320
481312,674104,112,0.953258,320
479008,674104,113,0.953864,320
481800,674104,113,0.953115,320
483688,674104,113,0.952590,320
484232,674104,113,0.952427,320
487168,674104,113,0.951589,320
483432,674104,114,0.952634,320
483960,674104,114,0.952476,320
485512,674104,114,0.952031,320
489440,674104,114,0.950889,320
489208,674104,115,0.950957,320
489176,674104,115,0.950980,320
491688,674104,115,0.950219,320
493320,674104,115,0.949706,320
494504,674104,115,0.949323,320
492488,674104,116,0.949946,320
488680,674104,116,0.951109,280
489624,674104,116,0.950818,280
489448,674104,117,0.950870,280
491368,674104,117,0.950284,280
491776,674104,117,0.950146,280
495240,674104,117,0.949058,280
494832,674104,117,0.949207,264
496040,674104,117,0.948809,264
498304,674104,117,0.948059,264
500688,674104,117,0.947247,264
498304,674104,117,0.948059,264
502184,674104,117,0.966170,264
505400,674104,117,0.965437,264
504096,674104,117,0.965744,264
507248,674104,117,0.965008,264
507160,674104,117,0.965039,264
506648,674104,118,0.965159,264
506848,674104,118,0.965101,264
503728,674104,119,0.965816,264
507688,674104,119,0.971202,264
507104,674104,120,0.971315,264
506216,674104,120,0.971494,264
505872,674104,120,0.971569,264
505464,674104,120,0.971655,264
504512,674104,121,0.971832,264
505640,674104,121,0.971612,264
505008,674104,122,0.971731,264
504480,674104,122,0.971838,264
502120,674104,121,0.962738,264
502680,674104,121,0.962591,264
505488,674104,121,0.961882,264
507864,674104,121,0.961258,264
508896,674104,121,0.960974,264
511584,674104,121,0.960235,264
512048,674104,121,0.960093,264
509248,674104,122,0.960855,264
512136,674104,122,0.960056,264
513136,674104,121,0.959765,304
511584,674104,121,0.960211,304
511632,674104,121,0.960184,304
508944,674104,121,0.960925,304
507888,674104,122,0.961204,304
510840,674104,122,0.960402,304
508304,674104,122,0.961095,304
508040,674104,121,0.961189,304
510184,674104,121,0.960606,304
510496,674104,121,0.960508,304
510624,674104,121,0.960460,304
509464,674104,121,0.960786,304
507168,674104,121,0.961404,304
510648,674104,121,0.960467,304
514592,674104,121,0.968975,304
513824,674104,121,0.969153,304
515592,674104,121,0.968754,304
513008,674104,122,0.969319,304
513792,674104,122,0.969139,304
514992,674104,122,0.968865,304
516288,674104,122,0.968565,304
519248,674104,122,0.967872,304
519312,674104,122,0.967846,304
518536,674104,122,0.968039,304
517928,674104,122,0.968191,304
520296,674104,122,0.967624,304
517128,674104,123,0.968364,304
516440,674104,122,0.968542,304
514744,674104,123,0.968920,304
510872,674104,123,0.969761,304
511192,674104,123,0.969684,304
513984,674104,122,0.969080,336
511600,674104,122,0.969601,336
509920,674104,122,0.969961,336
511360,674104,122,0.969652,336
514128,674104,122,0.969048,336
516912,674104,122,0.968417,336
516384,674104,122,0.968547,336
514576,674104,122,0.968961,336
513112,674104,122,0.969289,336
510160,674104,122,0.969922,336
511776,674104,121,0.969574,384
515168,674104,121,0.968830,384
519000,674104,121,0.969057,384
522224,674104,121,0.968299,384
523192,674104,121,0.968056,384
526232,674104,121,0.967293,384
523136,674104,122,0.968057,384
520384,674104,123,0.968709,376
521400,674104,123,0.968461,376
521848,674104,123,0.968344,376
521728,674104,123,0.968384,376
523088,674104,123,0.968048,376
519216,674104,123,0.961164,376
516864,674104,124,0.961822,376
520232,674104,124,0.960859,376
518360,674104,123,0.954193,376
514528,674104,123,0.955452,376
515208,674104,123,0.955221,376
517304,674104,123,0.954527,376
517176,674104,123,0.954585,376
515792,674104,124,0.955034,376
513696,674104,124,0.955713,376
513896,674104,124,0.955636,376
517936,674104,124,0.961525,376
514672,674104,124,0.962429,376
512360,674104,123,0.963060,376
515984,674104,123,0.963349,376
515008,674104,123,0.963616,376
513704,674104,123,0.963962,376
512920,674104,123,0.964172,376
512136,674104,123,0.964379,376
509176,674104,124,0.965098,376
509216,674104,124,0.965077,376
510984,674104,124,0.964639,376
509904,674104,124,0.964914,368
510848,674104,124,0.964674,368
513624,674104,124,0.963972,368
514616,674104,124,0.963706,368
514448,674104,125,0.963750,368
516352,674104,125,0.963242,368
516576,674104,125,0.963170,368
518208,674104,125,0.962719,368
518624,674104,125,0.962593,368
516448,674104,125,0.963191,368
518080,674104,125,0.962741,368
515936,674104,125,0.963326,368
519296,674104,125,0.962408,368
522976,674104,125,0.970167,368
520600,674104,124,0.948779,368
518592,674104,125,0.949530,368
519640,674104,125,0.949123,368
522560,674104,125,0.947986,368
521112,674104,126,0.948547,368
522576,674104,126,0.947961,368
518488,674104,125,0.949550,368
522144,674104,125,0.948149,368
518848,674104,125,0.949417,368
516592,674104,126,0.950239,368
512688,674104,126,0.951616,368
515856,674104,126,0.953595,368
517088,674104,126,0.953166,368
517304,674104,125,0.953079,408
516656,674104,125,0.953314,408
520672,674104,125,0.967640,408
520440,674104,124,0.967719,408
517520,674104,124,0.968413,408
516344,674104,125,0.968680,408
517688,674104,124,0.968373,416
514552,674104,124,0.968463,416
517184,674104,124,0.967852,416
520968,674104,124,0.967590,416
524568,674104,124,0.969010,416
520568,674104,125,0.969929,416
519656,674104,125,0.970141,416
522952,674104,125,0.969388,416
526448,674104,125,0.971338,416
524360,674104,124,0.968033,416
523232,674104,123,0.968329,416
523704,674104,123,0.968204,416
524776,674104,123,0.967931,416
521008,674104,124,0.968830,416
523224,674104,124,0.968296,416
521408,674104,124,0.968737,416
525112,674104,124,0.967837,416
523072,674104,124,0.968344,416
520304,674104,123,0.962924,416
520968,674104,123,0.962727,416
520048,674104,123,0.962994,416
516424,674104,123,0.961958,416
517456,674104,123,0.961661,416
519032,674104,123,0.961205,416
521712,674104,123,0.960414,416
517720,674104,122,0.943948,416
521720,674104,122,0.942253,416
520352,674104,122,0.942857,416
516568,674104,122,0.944432,416
520568,674104,122,0.942766,416
521632,674104,122,0.942290,416
520640,674104,122,0.942735,416
522304,674104,122,0.941999,416
520632,674104,121,0.942759,416
518648,674104,121,0.943608,416
517648,674104,120,0.944055,416
514960,674104,121,0.945123,416
514760,674104,121,0.945219,416
517184,674104,121,0.944242,416
514072,674104,122,0.945467,416
517512,674104,122,0.944091,416
519568,674104,122,0.958684,416
522928,674104,122,0.957623,416
520120,674104,121,0.958530,416
517376,674104,122,0.959352,416
517512,674104,122,0.959298,416
517912,674104,122,0.959166,416
515952,674104,121,0.959766,416
517632,674104,121,0.959263,416
517032,674104,122,0.959439,416
515696,674104,121,0.958198,416
516384,674104,121,0.957977,416
519656,674104,121,0.956951,416
516128,674104,122,0.958054,368
512248,674104,122,0.959202,368
511936,674104,122,0.959304,368
514840,674104,122,0.958452,368
513608,674104,122,0.958826,368
516712,674104,121,0.957904,376
519944,674104,121,0.956888,376
521936,674104,121,0.956231,376
525888,674104,121,0.956669,376
528552,674104,121,0.955744,376
525184,674104,121,0.956903,376
524984,674104,120,0.957000,376
522768,674104,120,0.957732,376
524352,674104,120,0.957207,376
527920,674104,119,0.956010,384
532016,674104,119,0.960551,384
528624,674104,120,0.961604,384
530424,674104,120,0.961037,384
528792,674104,120,0.961553,384
529040,674104,120,0.961463,384
527320,674104,120,0.961994,384
530864,674104,120,0.970899,384
530704,674104,120,0.970948,384
530952,674104,120,0.970879,384
529880,674104,120,0.964145,384
532016,674104,120,0.963512,384
531880,674104,120,0.963566,384
528904,674104,120,0.964434,384
525216,674104,120,0.963920,384
527848,674104,120,0.964728,384
528688,674104,120,0.964481,384
531912,674104,120,0.963542,384
530336,674104,120,0.964015,384
532128,674104,119,0.963488,400
528768,674104,120,0.964455,400
526496,674104,120,0.965093,400
522568,674104,119,0.951981,400
520200,674104,120,0.952819,400
521176,674104,120,0.952460,400
518528,674104,120,0.953394,400
514768,674104,119,0.954667,400
514552,674104,119,0.954764,360
518128,674104,119,0.957405,360
514728,674104,118,0.955119,360
514376,674104,119,0.955231,360
513368,674104,118,0.955577,360
511152,674104,118,0.956270,360
509016,674104,118,0.956919,360
505656,674104,118,0.957893,360
502216,674104,117,0.958859,360
505192,674104,117,0.958036,360
504320,674104,117,0.958290,360
502752,674104,117,0.958728,360
498712,674104,118,0.959785,360
496984,674104,118,0.960233,360
493768,674104,117,0.961042,360
495544,674104,117,0.960600,360
496088,674104,117,0.960455,360
493656,674104,117,0.961057,360
496064,674104,117,0.960461,360
492016,674104,118,0.961434,360
491576,674104,117,0.961559,360
490112,674104,117,0.961908,360
492672,674104,116,0.961313,360
492032,674104,116,0.961475,360
491344,674104,116,0.961646,360
488680,674104,116,0.962265,360
484632,674104,116,0.963163,360
485968,674104,116,0.962864,360
484224,674104,116,0.963251,352
483024,674104,116,0.963515,352
486824,674104,116,0.962689,352
490696,674104,116,0.961809,352
493544,674104,116,0.961131,352
489504,674104,117,0.962070,352
489664,674104,117,0.962023,352
490648,674104,117,0.961787,352
492776,674104,117,0.961279,352
495736,674104,117,0.967618,352
493208,674104,118,0.968119,352
495864,674104,118,0.967583,352
493720,674104,117,0.949710,352
493520,674104,118,0.949772,352
494072,674104,118,0.949586,352
497736,674104,117,0.948418,368
501432,674104,117,0.947173,368
501960,674104,117,0.946976,368
498472,674104,116,0.936640,368
500072,674104,116,0.935972,368
503176,674104,116,0.934656,368
504504,674104,116,0.934064,368
504632,674104,116,0.933987,368
501880,674104,117,0.935163,368
502840,674104,117,0.934737,368
501640,674104,118,0.935244,368
503752,674104,118,0.934326,368
504168,674104,118,0.934126,368
507200,674104,118,0.932764,368
510536,674104,118,0.931201,368
513216,674104,118,0.929887,368
516048,674104,118,0.928445,368
515344,674104,118,0.928827,368
515024,674104,117,0.929037,368
514040,674104,117,0.929552,368
516808,674104,117,0.928129,368
515128,674104,116,0.929033,368
515656,674104,116,0.928742,368
513752,674104,115,0.929742,368
510648,674104,115,0.931265,360
510504,674104,115,0.931356,360
507400,674104,115,0.932807,360
506056,674104,116,0.933411,352
508168,674104,116,0.932441,352
506096,674104,117,0.933387,320
503120,674104,117,0.934700,320
501352,674104,117,0.935464,320
504240,674104,117,0.953502,320
502888,674104,118,0.953911,320
501008,674104,118,0.954482,320
498824,674104,118,0.955126,320
502840,674104,117,0.953947,344
500200,674104,117,0.954738,344
503080,674104,117,0.953875,344
505824,674104,117,0.953020,344
509480,674104,116,0.951842,376
509896,674104,116,0.951690,376
511376,674104,116,0.951180,376
507424,674104,115,0.944295,376
505400,674104,115,0.945059,376
503272,674104,115,0.945839,376
502184,674104,115,0.946237,376
505328,674104,115,0.945103,376
502936,674104,116,0.945957,376
504344,674104,116,0.945440,376
503928,674104,115,0.945623,376
506608,674104,115,0.944634,376
508328,674104,115,0.943974,376
509832,674104,115,0.943381,376
506952,674104,115,0.944489,376
510472,674104,115,0.943133,376
513784,674104,115,0.941793,376
510512,674104,116,0.943098,376
507280,674104,116,0.944349,376
507152,674104,116,0.944415,376
507944,674104,116,0.944100,376
507416,674104,116,0.944316,376
509424,674104,116,0.951860,376
511592,674104,116,0.951124,376
507896,674104,116,0.952355,376
510456,674104,116,0.951504,376
512000,674104,115,0.950978,400
508952,674104,115,0.952007,400
512040,674104,115,0.950964,400
508080,674104,115,0.952289,400
511672,674104,115,0.956837,400
510832,674104,116,0.957086,400
508032,674104,116,0.957909,400
509664,674104,116,0.957427,400
511712,674104,116,0.956810,400
513896,674104,116,0.956133,400
514680,674104,116,0.955876,400
517960,674104,116,0.954814,400
514808,674104,116,0.955836,400
515488,674104,116,0.955607,400
515800,674104,116,0.955494,400
515256,674104,115,0.955695,400
518816,674104,115,0.954532,400
515968,674104,116,0.955455,400
513408,674104,116,0.956269,400
511144,674104,117,0.956951,400
510424,674104,117,0.957177,400
511696,674104,116,0.956801,400
514520,674104,116,0.955926,400
513848,674104,117,0.956138,384
513432,674104,117,0.956281,384
516992,674104,117,0.955148,384
521016,674104,116,0.953809,400
522752,674104,116,0.960983,400
518656,674104,115,0.962171,400
522216,674104,115,0.966523,400
521272,674104,114,0.966781,400
521448,674104,114,0.966726,400
525536,674104,114,0.965857,400
526000,674104,114,0.965723,400
529128,674104,114,0.964866,400
530256,674104,114,0.964538,400
529712,674104,115,0.964690,400
526680,674104,116,0.965517,400
528776,674104,116,0.964937,400
530304,674104,116,0.964497,400
530992,674104,116,0.964288,400
529392,674104,115,0.964766,400
531080,674104,115,0.964277,400
534424,674104,115,0.965846,400
537128,674104,115,0.965055,400
540280,674104,115,0.964088,400
536648,674104,115,0.965196,400
539488,674104,115,0.964332,400
535920,674104,116,0.965395,392
534832,674104,116,0.965720,392
537376,674104,116,0.964970,392
535320,674104,116,0.965581,392
535864,674104,116,0.965412,392
538072,674104,116,0.964749,392
537520,674104,116,0.964928,392
539888,674104,116,0.966542,392
537104,674104,115,0.946632,368
540864,674104,115,0.944865,368
538696,674104,114,0.945929,368
541328,674104,114,0.944665,368
538880,674104,115,0.945822,368
541712,674104,115,0.944456,368
538480,674104,115,0.946007,368
536896,674104,115,0.946746,368
537968,674104,115,0.946241,368
534984,674104,115,0.947588,368
531224,674104,115,0.949186,368
534304,674104,115,0.947880,368
532568,674104,116,0.948613,368
534352,674104,116,0.947839,368
537952,674104,116,0.946226,368
539880,674104,116,0.945310,368
536664,674104,116,0.946807,368
539848,674104,116,0.945325,368
537744,674104,116,0.946321,368
540640,674104,116,0.966331,368
536544,674104,116,0.959191,368
536608,674104,116,0.959152,368
533720,674104,116,0.960134,368
534344,674104,116,0.959913,368
530328,674104,117,0.961195,368
528032,674104,117,0.961907,368
531912,674104,117,0.960700,368
528616,674104,118,0.961717,368
532560,674104,118,0.968525,368
534288,674104,118,0.968065,368
531760,674104,118,0.968728,368
533280,674104,118,0.968328,368
531096,674104,119,0.968882,368
527432,674104,119,0.950779,368
528672,674104,119,0.950280,368
530904,674104,119,0.949372,368
529568,674104,119,0.949927,368
529120,674104,120,0.950104,368
532392,674104,120,0.968543,368
531616,674104,121,0.968740,368
528056,674104,121,0.959226,368
527736,674104,121,0.959343,368
527488,674104,122,0.959422,368
528520,674104,122,0.959077,368
531640,674104,122,0.958032,368
533288,674104,122,0.957451,368
536152,674104,122,0.956414,368
536912,674104,122,0.956117,368
535264,674104,123,0.956718,368
532560,674104,124,0.957670,368
531016,674104,125,0.958202,344
530120,674104,125,0.958517,344
530072,674104,125,0.958548,344
526128,674104,125,0.959825,344
527624,674104,125,0.963088,344
529552,674104,125,0.962510,344
526808,674104,124,0.963335,344
523680,674104,124,0.944418,344
521568,674104,125,0.945292,344
525472,674104,125,0.963711,344
527984,674104,125,0.962984,344
531128,674104,125,0.970579,344
530096,674104,125,0.970832,344
533064,674104,124,0.970118,376
536120,674104,124,0.971551,376
532464,674104,125,0.970065,344
531672,674104,126,0.970256,344
529880,674104,127,0.970684,328
531920,674104,127,0.970189,328
533240,674104,127,0.969855,328
531032,674104,127,0.970401,328
534496,674104,127,0.971921,328
533840,674104,128,0.972073,328
534952,674104,128,0.971804,328
534400,674104,128,0.971943,328
531712,674104,128,0.972568,304
530968,674104,128,0.972742,304
529336,674104,128,0.973105,304
525480,674104,128,0.968570,304
528088,674104,128,0.967916,304
531608,674104,128,0.972602,304
534000,674104,128,0.972052,304
536064,674104,128,0.971559,304
535648,674104,128,0.971669,304
537928,674104,128,0.971108,304
541976,678200,128,0.971108,304
542568,678200,128,0.970950,304
538888,678200,127,0.953516,304
537888,678200,128,0.953913,264
538872,678200,128,0.953519,264
534880,678200,128,0.955023,264
538752,678200,128,0.953565,264
539480,678200,128,0.953265,264
543440,678200,128,0.970730,264
540808,678200,128,0.968294,264
539784,678200,129,0.968564,264
535736,678200,128,0.959551,264
533056,678200,128,0.959349,264
536656,678200,128,0.958144,264
535336,678200,128,0.958604,264
537600,678200,128,0.958934,264
537776,678200,128,0.958858,264
540952,678200,128,0.971355,264
537432,678200,129,0.971199,264
539992,678200,129,0.971574,264
539712,678200,130,0.971640,264
539880,678200,130,0.971589,264
543800,682168,130,0.971589,264
542824,682168,130,0.971830,264
544936,682168,130,0.971317,264
544248,682168,130,0.971494,264
543464,682168,131,0.971680,264
542256,682168,130,0.971984,264
540728,682168,131,0.972333,264
542416,682168,131,0.971936,264
545848,685648,131,0.971936,264
546528,685648,131,0.971766,264
548160,685648,131,0.971367,264
549656,685648,131,0.970990,264
550840,685648,131,0.970682,264
549256,685648,132,0.971077,264
552776,689216,132,0.971077,264
549576,689216,131,0.967441,224
553400,689216,131,0.970944,224
550176,689216,131,0.969407,224
546616,689216,130,0.957594,224
546456,689216,130,0.957665,224
543688,689216,131,0.958588,224
544832,689216,131,0.958195,224
546680,689216,131,0.957555,224
544008,689216,131,0.958468,224
541744,689216,132,0.959198,224
541400,689216,132,0.959321,224
538920,689216,132,0.960102,224
538376,689216,131,0.960295,224
539024,689216,131,0.960085,224
540928,689216,131,0.959484,224
542808,689216,131,0.958873,224
543040,689216,131,0.958783,224
546544,689216,131,0.957602,224
546896,689216,131,0.957465,224
549488,689216,131,0.956536,224
547560,689216,132,0.957218,224
543968,689216,133,0.958434,224
545056,689216,133,0.958057,224
549016,689216,133,0.969663,224
545896,689216,133,0.966579,224
542400,689216,132,0.949525,224
543968,689216,132,0.948880,224
546320,689216,132,0.947891,224
545640,689216,132,0.948195,224
545736,689216,132,0.948135,224
542776,689216,131,0.908903,224
540880,689216,132,0.910236,224
538784,689216,132,0.911697,224
541368,689216,132,0.909897,224
539960,689216,133,0.910869,224
542840,689216,133,0.908823,224
539952,689216,133,0.910874,224
540816,689216,133,0.910247,224
544568,689216,133,0.937742,224
547648,689216,133,0.936155,224
546984,689216,134,0.936499,224
547744,689216,134,0.936080,224
543992,689216,134,0.907922,224
542488,689216,133,0.909074,224
541192,689216,133,0.910019,224
541256,689216,133,0.909941,224
541592,689216,133,0.909673,224
542144,689216,133,0.909250,224
539512,689216,133,0.911108,224
539592,689216,133,0.911021,224
535648,689216,133,0.913658,224
536248,689216,133,0.913241,224
535568,689216,133,0.913709,224
535928,689216,133,0.913447,224
535464,689216,133,0.913776,224
537552,689216,133,0.912389,224
535624,689216,133,0.913673,224
538264,689216,133,0.911916,224
538088,689216,132,0.912097,224
537912,689216,132,0.912246,224
540592,689216,132,0.910402,224
543384,689216,132,0.908398,224
541808,689216,131,0.909588,224
544504,689216,131,0.907618,224
541544,689216,131,0.909774,224
539120,689216,130,0.911503,224
541344,689216,130,0.909947,224
540424,689216,130,0.910617,224
542808,689216,130,0.908914,224
542824,689216,130,0.908869,224
540312,689216,130,0.910661,224
541304,689216,130,0.909941,224
539672,689216,129,0.911130,224
541688,689216,129,0.909706,224
539680,689216,130,0.911092,224
540832,689216,130,0.910269,224
538272,689216,131,0.912007,224
539880,689216,131,0.910890,224
537056,689216,130,0.912840,224
539256,689216,130,0.928480,224
535464,689216,129,0.930538,224
532184,689216,129,0.932208,224
536184,689216,129,0.930166,224
539896,689216,129,0.928156,224
537688,689216,128,0.929401,224
540544,689216,128,0.927824,224
538696,689216,128,0.928862,224
538728,689216,128,0.928818,224
535152,689216,128,0.930723,224
534112,689216,127,0.931299,224
534048,689216,127,0.931355,224
530544,689216,127,0.933094,224
528768,689216,128,0.933930,224
528088,689216,128,0.934267,224
531952,689216,128,0.932415,224
534384,689216,128,0.931186,224
530584,689216,129,0.933052,224
530232,689216,128,0.933265,224
528144,689216,129,0.934242,224
524544,689216,129,0.935881,224
526992,689216,129,0.934768,224
523328,689216,130,0.936395,208
519960,689216,129,0.937854,208
521640,689216,129,0.937135,208
519376,689216,129,0.938094,208
521600,689216,129,0.937152,208
517584,689216,129,0.938827,184
521208,689216,129,0.937326,184
517768,689216,129,0.938753,184
521832,689216,129,0.937064,184
522824,689216,129,0.936622,184
520712,689216,130,0.937513,184
520736,689216,130,0.937483,184
521648,689216,130,0.937081,184
522816,689216,130,0.936564,184
524200,689216,130,0.935944,184
527256,689216,130,0.934557,184
526632,689216,131,0.934841,184
529280,689216,131,0.933598,184
531648,689216,131,0.949836,184
534064,689216,131,0.948930,184
531432,689216,131,0.949914,184
533112,689216,131,0.949284,184
529648,689216,131,0.950548,184
532592,689216,131,0.949475,184
528888,689216,130,0.950830,184
529120,689216,130,0.950733,184
529888,689216,130,0.950447,184
528200,689216,130,0.951051,184
528352,689216,130,0.950982,184
525384,689216,131,0.951995,152
526088,689216,131,0.951745,152
525736,689216,131,0.951878,152
528360,689216,131,0.950974,152
525992,689216,131,0.935079,152
527576,689216,131,0.934337,152
525648,689216,131,0.935233,152
526776,689216,131,0.934703,152
523912,689216,130,0.936021,152
526816,689216,130,0.934706,152
523936,689216,130,0.936010,152
527168,689216,130,0.934546,152
524232,689216,129,0.935902,152
522624,689216,129,0.936619,152
524000,689216,129,0.936003,152
523136,689216,129,0.936399,152
525248,689216,129,0.935454,152
525184,689216,128,0.935525,152
522592,689216,128,0.936673,152
522848,689216,128,0.936543,152
526936,689216,128,0.934717,152
524712,689216,128,0.935733,152
525608,689216,127,0.935333,160
525688,689216,127,0.935276,160
525464,689216,128,0.935375,160
522560,689216,127,0.936684,160
519968,689216,128,0.937772,160
523896,689216,128,0.936087,160
526336,689216,128,0.934985,160
528360,689216,128,0.934038,160
525176,689216,128,0.935503,160
528448,689216,128,0.957349,160
524528,689216,129,0.958493,160
520816,689216,129,0.959534,160
522288,689216,129,0.959120,160
526000,689216,129,0.958057,160
524112,689216,129,0.958611,160
521744,689216,129,0.949989,160
520912,689216,128,0.950299,160
521904,689216,128,0.949952,160
522688,689216,128,0.949670,160
519632,689216,128,0.950704,160
521648,689216,128,0.950021,160
524272,689216,128,0.958566,160
523960,689216,128,0.958667,160
527560,689216,128,0.957613,160
525520,689216,127,0.947548,160
528896,689216,127,0.946281,160
527904,689216,127,0.946673,160
525344,689216,127,0.947629,160
528320,689216,127,0.946517,160
525344,689216,127,0.947629,160
525776,689216,127,0.947456,160
526144,689216,127,0.947304,160
524400,689216,127,0.947950,160
528480,689216,127,0.957353,160
527216,689216,128,0.957729,160
528328,689216,128,0.965537,160
528248,689216,128,0.965568,160
528384,689216,128,0.965523,160
526392,689216,127,0.966022,160
523656,689216,126,0.956401,160
520976,689216,126,0.957195,160
521960,689216,126,0.956898,160
523008,689216,126,0.956578,160
524936,689216,126,0.955990,160
524896,689216,125,0.956031,160
524744,689216,126,0.956076,160
526856,689216,126,0.955417,160
524936,689216,126,0.956019,160
526056,689216,126,0.955664,160
525064,689216,126,0.955980,160
527808,689216,126,0.955120,160
527984,689216,126,0.955050,160
526512,689216,126,0.955524,160
523832,689216,127,0.956335,160
522144,689216,126,0.956859,160
524352,689216,126,0.966517,160
525168,689216,126,0.966319,160
526304,689216,126,0.966043,160
523912,689216,127,0.966596,160
527824,689216,127,0.965670,160
525472,689216,126,0.951767,160
527000,689216,126,0.951239,160
523848,689216,126,0.952301,160
525896,689216,126,0.951610,160
522368,689216,126,0.946954,160
522992,689216,126,0.946713,160
522232,689216,125,0.935013,160
521504,689216,125,0.935358,144
523776,689216,125,0.934338,144
525136,689216,125,0.933703,144
524776,689216,126,0.933867,144
525168,689216,126,0.933667,144
523648,689216,126,0.934374,144
527000,689216,126,0.932821,144
525224,689216,126,0.933663,144
526520,689216,126,0.933045,144
522960,689216,126,0.934679,144
526584,689216,126,0.933015,144
525600,689216,125,0.933513,144
527744,689216,125,0.932494,144
525600,689216,125,0.933513,144
527408,689216,125,0.945598,144
524784,689216,126,0.946575,144
523520,689216,126,0.947051,144
526768,689216,126,0.945839,144
529424,689216,126,0.944803,144
529024,689216,126,0.944977,144
526256,689216,127,0.946031,144
527744,689216,127,0.945451,144
530968,689216,127,0.944174,144
529168,689216,127,0.944903,144
533136,689216,127,0.943294,144
530704,689216,127,0.944298,144
530112,689216,127,0.944552,144
528928,689216,126,0.945052,144
528456,689216,127,0.945234,144
524528,689216,128,0.946704,144
528520,689216,127,0.945203,160
527392,689216,127,0.945652,160
530760,689216,127,0.944327,160
530360,689216,126,0.944523,160
533560,689216,126,0.943212,160
529736,689216,126,0.944769,160
530032,689216,126,0.944634,160
529480,689216,126,0.944869,160
526368,689216,126,0.946073,160
523928,689216,126,0.946985,160
522784,689216,126,0.947411,160
525664,689216,126,0.946352,160
526736,689216,126,0.945935,160
525136,689216,126,0.946546,160
523416,689216,125,0.947203,160
525296,689216,125,0.946505,160
527608,689216,125,0.945625,160
526224,689216,126,0.946144,160
526648,689216,126,0.945968,160
525176,689216,126,0.946531,160
529216,689216,126,0.971790,160
526272,689216,126,0.965687,160
529696,689216,126,0.964844,160
527552,689216,125,0.949733,160
531360,689216,125,0.948345,160
533144,689216,125,0.947659,160
530488,689216,125,0.948665,160
534208,689216,125,0.947251,160
533424,689216,125,0.947570,160
536504,689216,125,0.946351,160
539424,689216,125,0.945140,160
542368,689216,125,0.967140,160
540160,689216,126,0.967695,160
540856,689216,126,0.967510,160
540624,689216,125,0.967591,160
541136,689216,125,0.967452,160
540712,689216,125,0.967570,160
541864,689216,125,0.967268,160
542600,689216,125,0.967068,160
539232,689216,125,0.956440,160
540520,689216,125,0.955993,160
543976,689216,125,0.954778,160
543584,689216,125,0.954934,160
545296,689216,125,0.954302,160
541416,689216,124,0.955705,160
538720,689216,124,0.956624,160
542712,689216,124,0.955257,160
542464,689216,123,0.955377,160
543736,689216,123,0.954914,160
546256,689216,123,0.958670,160
548816,689216,123,0.965391,160
547632,689216,123,0.965737,160
550480,689216,123,0.964912,160
548816,689216,122,0.938237,160
551792,689216,122,0.936669,160
550112,689216,122,0.937574,160
552296,689216,122,0.936400,160
550080,689216,122,0.937591,160
546120,689216,121,0.931869,160
543560,689216,121,0.933262,160
545264,689216,121,0.932333,160
547896,689216,121,0.930860,160
548688,689216,121,0.930385,160
547552,689216,121,0.931052,160
551152,689216,121,0.928953,160
548880,689216,121,0.930303,160
545872,689216,121,0.932004,160
547120,689216,121,0.931293,160
545488,689216,121,0.932212,160
542832,689216,121,0.933641,160
543208,689216,121,0.933421,160
541136,689216,121,0.934507,160
545160,689216,121,0.932389,160
546136,689216,121,0.931834,160
549672,689216,121,0.959369,160
548360,689216,120,0.959836,160
549992,689216,120,0.959278,160
545912,689216,121,0.960606,160
544184,689216,121,0.961158,160
543224,689216,121,0.961464,160
545136,689216,120,0.960867,200
545424,689216,120,0.960762,200
548960,689216,120,0.959609,200
547248,689216,120,0.960184,200
546008,689216,121,0.960579,200
546344,689216,121,0.960457,200
546688,689216,121,0.960332,200
543456,689216,122,0.961338,200
542344,689216,123,0.961672,200
542368,689216,123,0.961651,200
542216,689216,124,0.961696,200
540512,689216,124,0.962211,200
542080,689216,124,0.961737,200
542360,689216,124,0.961639,200
538312,689216,124,0.962824,200
535568,689216,123,0.952555,200
537624,689216,123,0.951807,200
539240,689216,123,0.951197,200
536136,689216,123,0.952339,200
540208,689216,123,0.950836,200
536248,689216,123,0.952299,200
539752,689216,123,0.951007,200
540016,689216,123,0.950890,200
538128,689216,123,0.951606,200
534256,689216,123,0.952994,200
535592,689216,123,0.952513,200
531728,689216,124,0.953832,200
528184,689216,123,0.955009,200
525104,689216,123,0.955973,200
521136,689216,122,0.957166,200
524768,689216,122,0.956089,200
524904,689216,122,0.956034,200
521760,689216,121,0.952327,200
522456,689216,121,0.952089,200
524360,689216,121,0.951451,200
527272,689216,121,0.950451,200
524704,689216,121,0.951337,200
524272,689216,121,0.951496,200
520960,689216,122,0.952566,200
522792,689216,122,0.951965,200
523776,689216,122,0.951628,200
526416,689216,122,0.950728,200
530288,689216,122,0.949354,200
529120,689216,122,0.949788,200
525600,689216,122,0.951021,200
527104,689216,122,0.950492,200
529400,689216,122,0.949672,200
525896,689216,122,0.950905,200
521824,689216,122,0.952261,200
522320,689216,122,0.952086,200
526336,689216,122,0.961698,200
524960,689216,123,0.962059,200
528072,689216,123,0.961219,200
527040,689216,123,0.961511,200
526808,689216,122,0.961598,200
527728,689216,122,0.961339,200
526200,689216,122,0.961760,200
528608,689216,122,0.961100,200
530392,689216,122,0.960592,200
529056,689216,122,0.960977,200
525056,689216,122,0.962059,200
521328,689216,122,0.963016,200
518424,689216,122,0.963732,200
517632,689216,122,0.963930,200
518392,689216,122,0.963739,200
520640,689216,122,0.963186,200
519008,689216,121,0.963604,200
522536,689216,121,0.962728,200
526192,689216,121,0.964371,200
527600,689216,121,0.964009,200
531200,689216,121,0.963069,200
529184,689216,121,0.963607,200
529248,689216,121,0.963578,200
525712,689216,122,0.964465,200
521688,689216,123,0.965427,184
518216,689216,123,0.966223,184
515824,689216,123,0.966754,184
513712,689216,123,0.967211,184
511192,689216,124,0.967727,184
513056,689216,124,0.967337,184
516768,689216,124,0.966540,184
520536,689216,124,0.965691,184
517480,689216,124,0.966385,184
518760,689216,124,0.966092,184
518064,689216,124,0.966257,184
516152,689216,125,0.966682,144
512280,689216,126,0.967495,144
512664,689216,125,0.967409,176
512704,689216,125,0.967391,176
516200,689216,125,0.966644,176
512824,689216,125,0.967367,176
513160,689216,125,0.967287,176
517120,689216,125,0.966434,176
515216,689216,125,0.966855,176
513568,689216,125,0.967212,176
509968,689216,125,0.967955,176
508240,689216,124,0.964826,176
508896,689216,124,0.964673,176
506016,689216,125,0.965290,176
507704,689216,125,0.964921,176
506808,689216,125,0.965124,168
506936,689216,125,0.965087,168
509744,689216,125,0.964468,168
511464,689216,125,0.964074,168
512920,689216,125,0.963732,168
515856,689216,125,0.966699,168
516352,689216,125,0.966582,168
513104,689216,124,0.953953,168
513792,689216,124,0.953737,168
513448,689216,124,0.953852,168
513184,689216,124,0.953944,168
510040,689216,125,0.954844,168
514048,689216,125,0.953676,168
511256,689216,125,0.954509,136
511672,689216,125,0.954376,136
514040,689216,125,0.953673,136
513704,689216,125,0.953787,136
516352,689216,125,0.952980,136
514520,689216,126,0.953531,136
516712,689216,126,0.952856,136
520032,689216,126,0.951802,136
518104,689216,125,0.952441,136
516600,689216,125,0.952919,136
516424,689216,125,0.952987,136
512888,689216,126,0.954039,136
516792,689216,126,0.952861,136
512920,689216,126,0.954030,136
511848,689216,126,0.954354,136
512392,689216,126,0.954183,136
509168,689216,127,0.955096,136
510472,689216,127,0.954718,136
512624,689216,127,0.967791,136
513744,689216,127,0.967551,136
511520,689216,127,0.968014,136
510456,689216,127,0.968236,136
507248,689216,127,0.968868,136
505760,689216,127,0.969157,136
501856,689216,127,0.969878,136
498232,689216,127,0.970517,136
494736,689216,127,0.971110,136
496464,689216,127,0.970816,136
498864,689216,127,0.970401,136
496320,689216,127,0.966400,136
497672,689216,127,0.966128,136
495968,689216,127,0.966467,136
496952,689216,127,0.966268,136
498856,689216,127,0.965886,136
502552,689216,127,0.965127,136
503912,689216,127,0.964833,136
501984,689216,127,0.965245,136
502880,689216,127,0.966097,136
503544,689216,127,0.965953,136
504992,689216,127,0.965645,136
503312,689216,127,0.966000,136
502800,689216,126,0.966123,136
500592,689216,126,0.963754,136
503928,689216,126,0.965894,136
507920,689216,126,0.965048,136
509320,689216,126,0.964735,136
511256,689216,126,0.964296,136
514928,689216,126,0.963444,136
512736,689216,126,0.963962,136
509928,689216,126,0.964602,136
508312,689216,126,0.964974,88
509160,689216,126,0.964780,88
508112,689216,126,0.965017,88
509312,689216,126,0.964747,88
505384,689216,126,0.965594,88
504680,689216,127,0.965740,88
508648,689216,127,0.964892,88
512280,689216,127,0.964077,88
515000,689216,127,0.967495,88
517200,689216,127,0.967019,88
516464,689216,128,0.967177,88
516784,689216,128,0.967098,88
514976,689216,129,0.967480,88
516048,689216,129,0.967245,88
512024,689216,129,0.960371,88
515064,689216,129,0.959585,88
512432,689216,129,0.960269,88
514648,689216,129,0.959692,88
511808,689216,129,0.960425,88
509608,689216,129,0.960977,88
506272,689216,129,0.961780,88
509536,689216,129,0.960994,88
512744,689216,129,0.960190,88
513088,689216,129,0.960091,88
509096,689216,130,0.961081,72
506688,689216,130,0.961664,72
507152,689216,130,0.961544,72
510080,689216,130,0.960831,72
508584,689216,131,0.961193,72
505608,689216,131,0.961904,72
506024,689216,130,0.961800,104
504144,689216,129,0.962253,104
502792,689216,129,0.962568,104
504096,689216,129,0.962264,104
503960,689216,129,0.962306,104
505800,689216,129,0.961874,104
504904,689216,130,0.962080,104
501792,689216,129,0.959487,104
503408,689216,129,0.959084,104
502944,689216,129,0.959209,104
505360,689216,129,0.958601,104
506392,689216,129,0.958329,104
509888,689216,128,0.957413,144
507864,689216,128,0.957955,144
510832,689216,128,0.957161,144
513088,689216,128,0.956535,144
510680,689216,127,0.951567,144
508896,689216,127,0.952115,144
506864,689216,127,0.952722,144
503640,689216,126,0.953661,144
500040,689216,127,0.954637,144
502984,689216,127,0.953829,144
502952,689216,126,0.953864,144
503696,689216,126,0.953645,144
507400,689216,126,0.952581,144
507904,689216,126,0.952421,144
511208,689216,126,0.951421,144
508264,689216,126,0.952315,144
511416,689216,126,0.951358,144
511992,689216,126,0.951167,144
510944,689216,126,0.951502,144
511712,689216,126,0.951253,144
509064,689216,125,0.952080,144
511464,689216,125,0.951343,144
509352,689216,124,0.952008,144
513128,689216,124,0.965505,144
513032,689216,124,0.965536,144
513328,689216,124,0.965461,144
512728,689216,124,0.965603,144
513600,689216,124,0.965401,144
512200,689216,124,0.965717,144
508496,689216,124,0.957841,144
509648,689216,124,0.957527,144
508560,689216,123,0.957837,144
509624,689216,123,0.957546,144
509560,689216,123,0.957575,144
509944,689216,123,0.957462,144
506640,689216,123,0.946500,144
509920,689216,123,0.945394,144
508632,689216,123,0.945843,144
509128,689216,123,0.945661,144
512696,689216,123,0.944419,144
510248,689216,122,0.933055,144
510960,689216,122,0.932737,144
509600,689216,122,0.933323,144
507816,689216,122,0.934072,144
508544,689216,122,0.933757,144
506336,689216,122,0.934664,144
508968,689216,122,0.933584,144
511616,689216,122,0.932460,144
511552,689216,121,0.932527,144
514608,689216,121,0.931188,144
513024,689216,120,0.931919,144
516120,689216,120,0.930538,144
513144,689216,119,0.931888,144
516800,689216,119,0.930253,144
516560,689216,118,0.930405,144
515360,689216,118,0.930962,144
518792,689216,118,0.929385,144
522440,689216,118,0.940866,144
519704,689216,117,0.941972,144
521128,689216,117,0.941402,144
520480,689216,117,0.941673,144
518848,689216,117,0.942316,144
519096,689216,117,0.944149,144
516944,689216,118,0.944928,144
518824,689216,118,0.944231,144
520696,689216,118,0.943520,144
520360,689216,119,0.943646,144
523088,689216,119,0.942588,144
520832,689216,119,0.943469,144
522344,689216,119,0.942876,144
521040,689216,119,0.943390,144
522184,689216,119,0.942937,144
521264,689216,119,0.943306,144
523864,689216,119,0.942286,144
520704,689216,119,0.943517,144
520680,689216,120,0.943526,144
524648,689216,120,0.941977,144
527536,689216,119,0.940803,160
527240,689216,119,0.940944,160
527576,689216,119,0.940786,160
524664,689216,118,0.942002,160
525008,689216,118,0.941846,160
524296,689216,119,0.942128,160
524328,689216,119,0.942097,160
523344,689216,118,0.942520,160
519688,689216,118,0.940757,160
522656,689216,118,0.939554,160
526728,689216,118,0.941154,160
522736,689216,119,0.942737,160
519064,689216,119,0.944138,160
516552,689216,119,0.945062,160
520480,689216,119,0.943613,160
524504,689216,119,0.942046,160
525288,689216,119,0.941716,160
521968,689216,119,0.943032,160
517960,689216,120,0.944523,160
518472,689216,120,0.944319,160
519728,689216,120,0.943839,160
518472,689216,120,0.944319,160
521624,689216,120,0.943126,160
519376,689216,121,0.943970,160
521576,689216,121,0.943126,160
520584,689216,121,0.943520,160
524232,689216,121,0.942097,160
524192,689216,122,0.942113,160
523040,689216,122,0.942582,160
519384,689216,122,0.943984,160
517504,689216,122,0.944688,160
516808,689216,122,0.944954,160
518816,689216,122,0.944211,160
517672,689216,122,0.944644,160
521680,689216,122,0.943142,160
525272,689216,122,0.941722,160
528648,689216,122,0.961113,160
532336,689216,122,0.963412,160
529544,689216,122,0.963468,160
527432,689216,123,0.964005,160
529400,689216,123,0.963493,160
526232,689216,123,0.962922,160
527984,689216,123,0.963854,160
527608,689216,124,0.963949,160
528960,689216,124,0.963593,160
530032,689216,124,0.963304,160
532072,689216,124,0.962752,160
528984,689216,125,0.963563,160
528848,689216,124,0.963622,160
525640,689216,123,0.962963,160
526728,689216,123,0.962671,160
529776,689216,122,0.961855,200
532944,689216,122,0.960965,200
532624,689216,121,0.961083,200
530408,689216,121,0.961709,200
529912,689216,121,0.961857,200
533688,689216,121,0.960795,200
529976,689216,122,0.961826,200
530344,689216,122,0.961714,200
527496,689216,121,0.940321,200
524152,689216,120,0.941717,200
521512,689216,120,0.942764,200
524416,689216,120,0.941613,200
523440,689216,119,0.942036,200
525120,689216,119,0.941350,200
523672,689216,119,0.941945,200
526104,689216,119,0.940953,200
523736,689216,119,0.941920,200
519808,689216,119,0.943444,200
519824,689216,119,0.943843,200
521448,689216,119,0.943216,200
522880,689216,119,0.942649,200
525632,689216,119,0.941545,200
527512,689216,119,0.940760,200
529464,689216,119,0.939923,200
526712,689216,119,0.941088,200
530448,689216,119,0.939503,200
528272,689216,119,0.940445,200
529656,689216,119,0.939842,200
529080,689216,120,0.940086,200
531560,689216,120,0.938999,200
527496,689216,119,0.940767,200
523496,689216,120,0.942372,200
522736,689216,121,0.942668,200
525352,689216,121,0.941619,200
527720,689216,121,0.940634,200
529880,689216,121,0.939705,200
525912,689216,121,0.941374,200
524472,689216,122,0.941951,200
526560,689216,122,0.941092,200
527976,689216,122,0.940488,200
525760,689216,122,0.941416,200
522864,689216,122,0.942581,200
522928,689216,122,0.942537,200
525896,689216,122,0.941342,200
525168,689216,122,0.941654,200
528176,689216,122,0.940405,200
526880,689216,121,0.940981,200
527216,689216,121,0.940823,200
524272,689216,121,0.942030,200
526720,689216,121,0.941026,200
523712,689216,121,0.942250,200
527040,689216,121,0.948235,200
524416,689216,121,0.949178,200
524000,689216,122,0.949322,200
522384,689216,123,0.949873,200
520888,689216,122,0.950405,200
518440,689216,122,0.951216,200
518944,689216,122,0.951039,200
522144,689216,122,0.965554,200
526032,689216,122,0.964619,200
523992,689216,122,0.965121,200
523656,689216,122,0.965212,200
527552,689216,121,0.964264,216
528912,689216,121,0.963910,216
530704,689216,121,0.963436,216
532024,689216,121,0.963076,216
531048,689216,120,0.963359,216
528440,689216,120,0.964041,216
532304,689216,120,0.963027,216
531536,689216,120,0.963243,216
534408,689216,120,0.962458,216
533592,689216,120,0.962694,216
535208,689216,120,0.962236,216
534120,689216,120,0.962550,216
534896,689216,119,0.962334,224
537160,689216,119,0.961683,224
535000,689216,118,0.962318,224
533312,689216,117,0.962806,224
534688,689216,117,0.962418,224
535568,689216,117,0.962161,224
534800,689216,117,0.962387,224
536784,689216,117,0.961818,224
533856,689216,117,0.942657,224
537704,689216,117,0.940982,224
535824,689216,117,0.941823,224
536104,689216,117,0.941682,224
536080,689216,116,0.941741,208
536720,689216,116,0.941443,208
534016,689216,116,0.942617,208
536512,689216,116,0.941533,208
533312,689216,116,0.942910,208
533920,689216,116,0.942637,208
533640,689216,116,0.942774,208
534784,689216,116,0.942274,208
531072,689216,115,0.943842,208
533032,689216,115,0.943026,208
532184,689216,115,0.943393,208
533888,689216,115,0.942671,208
530720,689216,116,0.943964,208
528240,689216,116,0.944954,208
531608,689216,116,0.943607,208
527616,689216,117,0.945175,208
529488,689216,117,0.944432,208
527224,689216,117,0.945324,208
528472,689216,117,0.944828,208
528672,689216,117,0.944732,208
527544,689216,118,0.945166,208
524152,689216,118,0.946449,208
521784,689216,118,0.947315,208
521256,689216,118,0.947517,208
517776,689216,118,0.948723,208
521224,689216,118,0.947528,208
520128,689216,117,0.947942,208
523488,689216,117,0.946742,208
521808,689216,118,0.947340,208
525048,689216,118,0.946156,208
522768,689216,119,0.946983,208
525360,689216,119,0.946023,208
525496,689216,119,0.945955,208
522112,689216,119,0.947199,208
522480,689216,119,0.947051,208
518392,689216,118,0.948501,208
519792,689216,118,0.948008,208
521672,689216,118,0.947337,208
520288,689216,119,0.947821,208
520320,689216,119,0.947793,208
519128,689216,118,0.948235,208
520616,689216,117,0.947721,216
522320,689216,117,0.947105,216
523152,689216,117,0.946791,216
519376,689216,116,0.948148,216
518304,689216,115,0.948544,216
516816,689216,115,0.949055,216
513184,689216,116,0.950225,216
514720,689216,116,0.949722,216
518368,689216,116,0.948506,216
519032,689216,116,0.948265,216
518248,689216,116,0.948546,216
515936,689216,116,0.949328,216
514320,689216,116,0.949865,216
517048,689216,116,0.948963,216
520976,689216,116,0.947612,216
524952,689216,116,0.955853,216
524936,689216,116,0.955873,216
524856,689216,116,0.955911,216
527504,689216,116,0.955084,216
524224,689216,116,0.956101,216
525032,689216,116,0.955844,216
523096,689216,116,0.956435,216
525416,689216,116,0.955727,216
527520,689216,116,0.955064,216
531608,689216,116,0.953732,216
530832,689216,117,0.953991,208
530072,689216,117,0.954254,208
529728,689216,117,0.954381,208
533624,689216,117,0.953073,208
536808,689216,117,0.966951,208
535448,689216,117,0.967293,208
532720,689216,117,0.967949,208
536720,689216,117,0.970315,208
533864,689216,117,0.970943,208
537856,689216,116,0.970793,208
541520,689216,116,0.969957,208
539792,689216,116,0.970363,208
540392,689216,116,0.970216,208
536416,689216,116,0.941616,208
537448,689216,116,0.941145,208
541504,689216,116,0.969949,208
540432,689216,116,0.966781,208
538808,689216,115,0.954652,208
541624,689216,115,0.953651,208
545432,689216,115,0.965460,208
542248,689216,115,0.941271,208
543392,689216,115,0.940724,208
541376,689216,115,0.941666,208
545176,689216,115,0.958611,208
544144,689216,115,0.958963,208
548096,689216,115,0.968352,208
546392,689216,115,0.966233,208
546504,689216,115,0.966190,208
543584,689216,115,0.966976,208
543752,689216,115,0.966920,208
542784,689216,115,0.967181,208
542440,689216,115,0.967281,208
541608,689216,115,0.967503,208
538976,689216,116,0.968149,208
541856,689216,116,0.967429,208
540240,689216,115,0.967854,208
537272,689216,116,0.968565,208
539304,689216,116,0.968070,208
540096,689216,116,0.967866,208
543104,689216,116,0.967100,208
544016,689216,116,0.966851,208
544400,689216,116,0.966738,208
542000,689216,117,0.967356,208
542888,689216,117,0.967118,208
539880,689216,117,0.967883,208
543760,689216,117,0.970411,208
539760,689216,117,0.966208,208
540440,689216,117,0.966020,208
538256,689216,118,0.966578,208
537840,689216,118,0.966695,208
538048,689216,118,0.966631,208
541584,689216,118,0.970897,208
538152,689216,119,0.971649,208
540344,689216,119,0.971469,208
536776,689216,119,0.967292,208
539744,689216,118,0.966553,208
538176,689216,117,0.966971,208
538792,689216,117,0.966806,208
536016,689216,116,0.967511,208
539432,689216,116,0.966657,208
538368,689216,117,0.966924,208
539008,689216,117,0.966751,208
538672,689216,118,0.966836,208
541872,689216,118,0.966002,208
541584,689216,119,0.966078,208
543032,689216,118,0.965694,208
542528,689216,118,0.965841,208
539640,689216,119,0.966596,192
535944,689216,119,0.966574,192
535200,689216,119,0.966769,192
532480,689216,118,0.954074,192
532272,689216,118,0.954159,192
531544,689216,118,0.954413,192
532504,689216,118,0.954082,192
535984,689216,117,0.952888,232
538952,689216,117,0.951814,232
538336,689216,117,0.952054,232
538400,689216,117,0.952014,232
541232,689216,117,0.950951,232
544784,689216,117,0.949554,232
542992,689216,117,0.950278,232
539720,689216,118,0.951515,232
540320,689216,118,0.951275,232
537384,689216,118,0.952361,232
540456,689216,118,0.951224,232
541128,689216,118,0.950954,232
542632,689216,118,0.950361,232
544544,689216,118,0.949592,232
543184,689216,117,0.950166,232
542152,689216,118,0.950564,232
539592,689216,117,0.951562,232
539224,689216,118,0.951697,232
541392,689216,118,0.950872,232
544416,689216,118,0.949681,232
543776,689216,118,0.949953,232
541872,689216,118,0.950708,232
544952,689216,118,0.949487,232
545448,689216,118,0.949268,232
543416,689216,118,0.950094,232
544216,689216,118,0.949760,232
545920,689216,118,0.949057,232
544568,689216,118,0.949621,232
545040,689216,118,0.949413,232
547488,689216,118,0.948391,232
545440,689216,117,0.949271,232
546904,689216,117,0.948654,232
546408,689216,117,0.948877,232
548376,689216,117,0.948038,232
544856,689216,117,0.949506,232
548192,689216,117,0.948115,232
544760,689216,117,0.949544,232
547600,689216,117,0.957110,232
546584,689216,117,0.957477,232
549144,689216,117,0.956567,232
548672,689216,117,0.956752,232
552584,689216,117,0.955307,232
549904,689216,116,0.956330,232
550360,689216,116,0.956147,232
548872,689216,117,0.956684,224
550656,689216,117,0.965723,224
548272,689216,118,0.966389,224
545872,689216,118,0.967046,224
543552,689216,117,0.967669,224
542912,689216,116,0.963369,224
541480,689216,117,0.963773,224
541672,689216,117,0.963706,224
538600,689216,117,0.947261,224
539264,689216,117,0.946976,224
538192,689216,117,0.947422,224
539552,689216,117,0.946860,224
536736,689216,117,0.947991,224
534752,689216,117,0.948764,224
537152,689216,117,0.947830,224
537456,689216,117,0.950323,224
538904,689216,117,0.949761,224
535848,689216,118,0.950895,224
537760,689216,118,0.950174,224
538480,689216,118,0.949885,224
542456,689216,118,0.948318,224
539184,689216,118,0.949618,224
540712,689216,118,0.949009,224
536696,689216,118,0.950550,224
536664,689216,118,0.950580,224
540656,689216,118,0.949050,224
538592,689216,118,0.949861,224
534688,689216,118,0.951312,224
534520,689216,119,0.951372,224
531552,689216,119,0.952422,224
533712,689216,119,0.951658,224
536528,689216,119,0.950630,224
538688,689216,119,0.949807,224
538624,689216,119,0.949849,224
539200,689216,119,0.949612,224
542344,689216,119,0.948363,224
542400,689216,119,0.948321,224
541152,689216,120,0.948817,224
537240,689216,119,0.950350,224
533432,689216,119,0.951739,224
535960,689216,119,0.950820,224
536632,689216,119,0.950556,224
539888,689216,119,0.949311,224
543288,689216,119,0.948944,224
541840,689216,119,0.949536,224
543176,689216,119,0.948989,224
540776,689216,119,0.949948,224
536888,689216,119,0.951416,224
539536,689216,119,0.950420,224
535888,689216,119,0.951775,224
533392,689216,119,0.952666,224
534240,689216,119,0.952356,224
532184,689216,119,0.953077,224
531224,689216,119,0.953415,224
531672,689216,119,0.953250,224
535464,689216,119,0.952044,224
531672,689216,119,0.953364,224
534352,689216,119,0.952434,224
537832,689216,119,0.956639,224
539832,689216,119,0.955962,224
538680,689216,120,0.956346,224
540472,689216,120,0.967871,224
538720,689216,121,0.968296,224
535360,689216,122,0.969082,224
536168,689216,122,0.968885,224
533288,689216,121,0.961018,224
536784,689216,121,0.959988,224
538128,689216,121,0.959569,224
535936,689216,121,0.960239,224
539720,689216,121,0.969995,224
535728,689216,121,0.965625,224
533960,689216,120,0.966093,224
537912,689216,120,0.967959,224
537000,689216,120,0.968189,224
537768,689216,120,0.967994,224
540712,689216,120,0.967258,224
537840,689216,121,0.967965,224
538624,689216,121,0.967763,224
535528,689216,121,0.968512,224
533568,689216,121,0.968972,224
535416,689216,121,0.968538,224
538208,689216,121,0.967864,224
537440,689216,121,0.968061,224
540304,689216,121,0.969922,224
538960,689216,121,0.968239,224
541472,689216,121,0.969650,224
539992,689216,121,0.970004,224
538616,689216,120,0.964417,224
535752,689216,120,0.965183,224
539800,689216,120,0.967510,224
542904,689216,120,0.969334,224
546944,693304,120,0.969334,224
545032,693304,120,0.969796,224
547456,693304,120,0.969211,224
544728,693304,120,0.969866,224
547768,693304,120,0.969135,224
546736,693304,120,0.969395,224
549720,693304,120,0.968654,224
548152,693304,121,0.969042,224
545952,693304,122,0.969569,224
548624,693304,122,0.968914,224
551576,693304,122,0.968158,224
550456,693304,122,0.968457,224
550928,693304,122,0.968325,224
550056,693304,122,0.968558,224
551496,693304,122,0.971290,224
549992,693304,122,0.971646,224
547624,693304,121,0.965604,224
549144,693304,121,0.965175,224
553176,693304,121,0.970905,224
550072,693304,121,0.965877,224
548952,693304,121,0.966193,224
551080,693304,121,0.965600,224
547200,693304,121,0.966656,224
550064,693304,121,0.965879,224
551736,693304,121,0.965403,224
549952,693304,122,0.965897,224
550888,693304,122,0.965626,224
549360,693304,123,0.966044,224
552272,693304,123,0.965225,224
552144,693304,124,0.965261,224
553992,693304,124,0.964716,224
552544,693304,124,0.965147,224
553968,693304,124,0.964723,224
551320,693304,124,0.963745,224
554400,693304,124,0.962803,224
551360,693304,125,0.963719,224
549480,693304,124,0.964290,224
552368,693304,124,0.963435,224
555400,693304,124,0.962492,224
554416,693304,124,0.962813,224
554696,693304,124,0.962711,224
552848,693304,125,0.963276,224
554160,693304,125,0.962862,224
553792,693304,125,0.962990,224
555472,693304,125,0.962454,224
551464,693304,125,0.963688,224
552496,693304,125,0.963368,224
550984,693304,126,0.963815,224
553736,693304,126,0.963507,224
551288,693304,126,0.964244,224
553200,693304,126,0.963667,224
549224,693304,126,0.945719,224
549256,693304,126,0.945684,224
546424,693304,127,0.946883,224
547152,693304,127,0.946560,224
543248,693304,127,0.948166,224
543888,693304,127,0.947893,224
540848,693304,127,0.949095,224
544208,693304,127,0.963460,224
540744,693304,127,0.964418,224
543184,693304,127,0.963745,224
540064,693304,127,0.964598,224
536984,693304,127,0.965401,224
540232,693304,127,0.964553,224
541064,693304,127,0.964320,224
537024,693304,127,0.947081,224
538264,693304,127,0.946581,224
538208,693304,127,0.946622,224
538904,693304,127,0.946330,224
536368,693304,127,0.947332,224
532776,693304,126,0.948699,224
531632,693304,125,0.949143,224
533848,693304,125,0.948327,224
537576,693304,125,0.946905,224
533920,693304,125,0.948300,224
533504,693304,125,0.948482,192
533736,693304,125,0.948379,192
531088,693304,126,0.949330,192
533880,693304,125,0.948312,232
534672,693304,125,0.948002,232
535688,693304,125,0.947605,232
535304,693304,126,0.947749,232
536144,693304,126,0.947414,232
534296,693304,125,0.948141,232
537464,693304,125,0.946927,232
533656,693304,126,0.948359,232
534752,693304,126,0.956109,232
534080,693304,127,0.956319,232
537184,693304,127,0.955318,232
535872,693304,127,0.955755,232
536728,693304,127,0.955465,232
532736,693304,128,0.956718,232
532864,693304,128,0.956664,232
530736,693304,128,0.957319,232
531864,693304,128,0.956968,232
529864,693304,129,0.957562,232
533880,693304,129,0.956336,232
532040,693304,129,0.956914,232
533512,693304,128,0.956453,272
530088,693304,129,0.957484,272
530672,693304,129,0.957298,272
527072,693304,130,0.958340,272
528856,693304,130,0.957816,272
528160,693304,130,0.958030,272
528384,693304,130,0.957952,272
525280,693304,130,0.958840,272
528608,693304,130,0.957888,272
528544,693304,129,0.957934,272
532536,693304,129,0.963046,272
530336,693304,129,0.963622,272
529872,693304,129,0.963751,272
532240,693304,129,0.963136,272
532704,693304,129,0.963003,272
529920,693304,129,0.963727,272
530968,693304,129,0.963450,272
529264,693304,128,0.963902,272
530632,693304,128,0.963547,272
529752,693304,127,0.963793,272
526808,693304,127,0.964525,272
527848,693304,127,0.964262,272
530080,693304,127,0.970727,272
527480,693304,127,0.962884,272
530600,693304,127,0.962068,272
528072,693304,127,0.962735,272
530528,693304,127,0.962087,272
526528,693304,127,0.963123,272
524848,693304,126,0.963560,272
527752,693304,126,0.962828,272
528928,693304,126,0.962516,272
525672,693304,125,0.957672,272
522216,693304,125,0.958643,272
518424,693304,126,0.959646,272
519776,693304,126,0.959282,272
519104,693304,125,0.959482,272
520784,693304,125,0.959028,272
520592,693304,124,0.948790,272
521000,693304,124,0.948638,272
518168,693304,124,0.949582,272
521920,693304,124,0.948329,272
521584,693304,124,0.948458,272
520048,693304,123,0.949001,272
522968,693304,123,0.948005,272
524264,693304,123,0.947542,272
527976,693304,123,0.946199,272
527720,693304,123,0.946310,272
528904,693304,123,0.945857,272
531016,693304,123,0.945044,272
530440,693304,122,0.945300,272
530792,693304,122,0.945148,272
529816,693304,121,0.945553,272
531488,693304,121,0.944900,272
530128,693304,121,0.945435,272
530792,693304,121,0.945166,272
527552,693304,121,0.946389,272
527168,693304,120,0.946563,272
528328,693304,120,0.946123,272
526608,693304,121,0.946747,272
527152,693304,121,0.946534,272
528416,693304,121,0.946055,272
526200,693304,121,0.946876,272
526184,693304,122,0.946882,272
527576,693304,122,0.946363,272
523928,693304,123,0.947658,272
521016,693304,122,0.932578,272
521176,693304,122,0.932487,272
517624,693304,122,0.934031,272
519552,693304,122,0.933193,272
520128,693304,122,0.932923,272
523680,693304,121,0.931326,320
523648,693304,121,0.931363,320
524184,693304,121,0.931097,320
522744,693304,122,0.931749,320
524864,693304,122,0.930762,320
523528,693304,122,0.931395,320
520360,693304,122,0.932823,320
516672,693304,123,0.934388,320
519168,693304,123,0.933316,320
521872,693304,123,0.932117,320
524784,693304,123,0.930777,320
523392,693304,123,0.931435,320
524800,693304,123,0.930770,320
524552,693304,123,0.930906,320
524784,693304,123,0.930777,320
524584,693304,122,0.919310,320
527632,693304,122,0.917613,320
524000,693304,123,0.919597,320
525800,693304,123,0.918600,320
522080,693304,123,0.920607,320
523768,693304,123,0.919695,320
522488,693304,124,0.920370,320
524712,693304,124,0.919164,320
523408,693304,124,0.919886,320
525688,693304,124,0.918635,320
525008,693304,123,0.919056,320
525864,693304,123,0.918565,320
522136,693304,123,0.920578,320
518120,693304,123,0.922637,320
516072,693304,123,0.923658,320
519600,693304,123,0.944928,320
522120,693304,123,0.944002,320
519472,693304,123,0.944973,320
516304,693304,122,0.946105,320
519024,693304,122,0.945149,320
520624,693304,122,0.944563,320
517144,693304,123,0.945799,280
514504,693304,123,0.946707,280
516112,693304,122,0.946160,304
515304,693304,122,0.946448,304
516448,693304,122,0.946046,304
516152,693304,122,0.946162,304
517568,693304,122,0.945662,304
516272,693304,122,0.946122,304
519472,693304,122,0.944996,304
521608,693304,122,0.944213,304
521712,693304,122,0.944157,304
519192,693304,122,0.945078,304
522328,693304,122,0.943932,304
520832,693304,121,0.944511,304
524680,693304,121,0.943072,304
522120,693304,120,0.944061,304
524352,693304,120,0.943214,304
521312,693304,119,0.944372,304
525408,693304,119,0.942831,304
523248,693304,120,0.943645,304
524328,693304,120,0.943223,304
521248,693304,120,0.944378,304
522816,693304,120,0.943787,304
521352,693304,119,0.944358,304
520168,693304,119,0.944800,304
521008,693304,119,0.944482,304
518552,693304,118,0.945387,304
515056,693304,118,0.946609,264
515568,693304,118,0.946421,264
517880,693304,118,0.945617,264
515200,693304,118,0.946545,264
516656,693304,118,0.946037,264
520376,693304,118,0.957702,264
518168,693304,118,0.958310,264
519960,693304,118,0.957815,264
519552,693304,118,0.957939,264
518720,693304,118,0.958176,264
521944,693304,118,0.957282,264
519336,693304,118,0.958017,240
523000,693304,118,0.956993,240
524128,693304,118,0.956658,240
523632,693304,117,0.956827,240
526024,693304,117,0.956121,240
524848,693304,117,0.956478,240
524720,693304,117,0.956529,240
523320,693304,117,0.956943,240
524016,693304,117,0.956731,240
519944,693304,117,0.957878,240
522448,693304,117,0.963772,240
523736,693304,117,0.963452,240
524712,693304,117,0.963203,240
520672,693304,117,0.964177,240
517008,693304,117,0.965017,240
513080,693304,117,0.965874,240
512536,693304,117,0.965998,240
516112,693304,117,0.965224,240
514952,693304,117,0.965486,240
512520,693304,117,0.966012,240
509024,693304,118,0.966726,240
512400,693304,118,0.966960,240
510608,693304,118,0.967329,240
513512,693304,118,0.966733,240
514744,693304,118,0.966467,240
513472,693304,118,0.966741,240
514944,693304,118,0.966426,240
512664,693304,118,0.966906,240
511592,693304,118,0.967132,240
513656,693304,118,0.967297,240
514456,693304,118,0.967124,240
516704,693304,118,0.966648,240
514832,693304,117,0.967057,240
516688,693304,117,0.966662,240
517888,693304,117,0.966397,240
514768,693304,117,0.967060,240
518864,693304,117,0.966188,240
519256,693304,117,0.966092,240
515920,693304,117,0.956620,240
513168,693304,117,0.957369,240
513272,693304,117,0.957329,240
514888,693304,117,0.956886,240
515648,693304,117,0.956668,240
514496,693304,116,0.957004,240
518456,693304,116,0.966265,240
517032,693304,116,0.966579,240
519512,693304,116,0.968862,240
516736,693304,116,0.969417,240
519616,693304,116,0.968842,240
517608,693304,116,0.969248,240
519872,693304,116,0.968790,240
516120,693304,116,0.969535,240
519592,693304,116,0.968846,240
515696,693304,117,0.969610,224
515184,693304,117,0.969717,224
519192,693304,117,0.968929,224
516608,693304,117,0.969445,224
518528,693304,117,0.969061,224
518248,693304,118,0.969116,224
519104,693304,118,0.968937,224
521856,693304,118,0.968370,224
520840,693304,118,0.968588,224
523016,693304,118,0.968129,224
521608,693304,118,0.968431,224
519192,693304,118,0.967648,224
519912,693304,118,0.967488,224
519400,693304,118,0.967604,224
516256,693304,119,0.968245,224
513416,693304,119,0.968812,224
517080,693304,119,0.968080,224
518592,693304,119,0.967762,224
519008,693304,119,0.967666,224
522488,693304,119,0.972266,224
521032,693304,119,0.972537,224
518128,693304,119,0.969029,224
519096,693304,119,0.968827,224
516128,693304,118,0.960125,224
514160,693304,118,0.960624,224
511568,693304,118,0.961258,224
507704,693304,117,0.962173,224
507728,693304,117,0.962157,224
504896,693304,116,0.962572,224
502480,693304,116,0.963105,224
503832,693304,116,0.962804,224
501336,693304,116,0.963347,224
504568,693304,116,0.962644,224
505184,693304,116,0.962498,224
501784,693304,117,0.963233,224
501248,693304,116,0.963366,224
504608,693304,116,0.962635,224
503528,693304,116,0.962880,224
501744,693304,116,0.963272,224
497784,693304,117,0.964090,224
494304,693304,117,0.964788,224
496664,693304,117,0.964314,224
497120,693304,117,0.964214,224
497432,693304,117,0.964141,224
499040,693304,117,0.963805,224
498424,693304,117,0.963940,224
494456,693304,118,0.964731,224
497568,693304,118,0.964104,224
494416,693304,117,0.964748,224
491664,693304,117,0.965285,224
487632,693304,116,0.966047,224
489360,693304,116,0.965723,224
486712,693304,116,0.966212,224
482760,693304,116,0.966913,224
485992,693304,116,0.966340,224
486936,693304,116,0.966164,224
489408,693304,116,0.965705,224
492168,693304,116,0.965180,224
494648,693304,116,0.964693,224
494064,693304,115,0.964826,224
493400,693304,115,0.964963,224
489864,693304,115,0.965639,224
491888,693304,115,0.965469,224
492904,693304,115,0.965268,224
489680,693304,115,0.965879,224
490920,693304,115,0.965641,224
492944,693304,115,0.965251,224
489776,693304,115,0.965853,224
486176,693304,115,0.966510,224
484688,693304,115,0.966780,224
487328,693304,115,0.966306,224
489368,693304,115,0.968677,224
489808,693304,115,0.968595,224
491624,693304,115,0.968277,224
492840,693304,115,0.968057,224
489312,693304,115,0.968671,224
488456,693304,116,0.968814,224
487656,693304,115,0.968963,224
485152,693304,115,0.969379,224
481144,693304,115,0.970017,224
483592,693304,115,0.969628,224
485280,693304,115,0.969350,224
484552,693304,115,0.969475,224
481504,693304,115,0.967002,184
479896,693304,116,0.967277,160
476760,693304,117,0.967793,160
479456,693304,117,0.967342,160
483024,693304,117,0.966729,160
484976,693304,117,0.966380,160
483560,693304,118,0.966628,160
482880,693304,118,0.966754,160
486816,693304,118,0.966052,160
489552,693304,118,0.965544,160
489488,693304,118,0.965565,160
486584,693304,119,0.966094,160
489664,693304,119,0.965523,160
488976,693304,119,0.965659,160
492032,693304,119,0.965078,160
491640,693304,118,0.965171,160
494000,693304,118,0.967881,160
496728,693304,118,0.967383,160
493680,693304,118,0.967938,160
490600,693304,118,0.968480,160
494080,693304,118,0.967867,160
496336,693304,118,0.967454,160
495616,693304,119,0.967584,160
499048,693304,119,0.968849,160
496928,693304,119,0.969227,160
498488,693304,119,0.968948,160
497344,693304,120,0.969147,160
501216,693304,120,0.970979,160
500992,693304,119,0.971032,160
502064,693304,119,0.970845,160
498912,693304,119,0.971373,160
502504,693304,119,0.970771,160
498656,693304,118,0.964368,160
500544,693304,118,0.963974,160
501400,693304,118,0.963787,160
502400,693304,118,0.963567,160
504664,693304,118,0.963074,160
502024,693304,118,0.963646,160
505864,693304,118,0.962813,160
504064,693304,118,0.963214,160
505192,693304,118,0.962959,160
503264,693304,118,0.963385,160
499784,693304,118,0.964120,160
501656,693304,118,0.963723,160
502784,693304,118,0.963476,160
502952,693304,118,0.963430,160
500728,693304,119,0.963896,160
501080,693304,119,0.963813,160
499264,693304,119,0.964196,160
497392,693304,119,0.964583,160
500936,693304,119,0.963853,160
503568,693304,119,0.963289,160
502320,693304,119,0.963564,160
504208,693304,119,0.963152,160
502976,693304,119,0.963425,160
502400,693304,119,0.963557,160
504024,693304,119,0.963202,160
506712,693304,119,0.962604,160
506824,693304,119,0.962569,160
507064,693304,119,0.962505,160
503216,693304,118,0.963364,160
505312,693304,118,0.962902,160
506016,693304,118,0.962737,160
505472,693304,118,0.962867,160
508464,693304,118,0.962190,160
505744,693304,119,0.962797,160
506800,693304,119,0.962553,160
504896,693304,119,0.962982,160
501128,693304,119,0.963793,160
497408,693304,119,0.959613,160
494176,693304,118,0.960355,160
495240,693304,118,0.960110,160
497896,693304,118,0.959502,160
498752,693304,118,0.959295,160
501472,693304,118,0.958646,160
497480,693304,118,0.959586,160
495376,693304,118,0.960069,160
497312,693304,118,0.959624,160
493784,693304,118,0.960420,160
495400,693304,118,0.960053,160
499320,693304,118,0.959152,160
496624,693304,119,0.959769,160
500416,693304,119,0.958885,160
497448,693304,120,0.959571,160
500320,693304,120,0.958896,160
497288,693304,120,0.959608,160
500920,693304,120,0.958754,160
498744,693304,120,0.959274,160
500992,693304,120,0.958737,160
499752,693304,121,0.959029,160
499368,693304,120,0.959141,160
500152,693304,120,0.958947,160
497840,693304,121,0.959482,160
501864,693304,121,0.958530,160
504112,693304,121,0.957973,160
503976,693304,122,0.958006,160
500040,693304,122,0.958962,160
498768,693304,122,0.959269,160
498104,693304,121,0.959444,160
497648,693304,121,0.959559,160
501256,693304,120,0.958709,208
501824,693304,120,0.958562,208
503968,693304,120,0.958031,208
507216,693304,120,0.967215,208
509520,693304,120,0.966749,208
506144,693304,121,0.967413,208
505304,693304,121,0.967584,208
504104,693304,121,0.967820,208
502976,693304,122,0.968031,208
499408,693304,122,0.968689,208
498464,693304,121,0.968873,208
494752,693304,122,0.969513,208
497336,693304,122,0.969062,208
494416,693304,122,0.969570,208
493432,693304,121,0.969750,208
493688,693304,121,0.969700,208
492848,693304,121,0.969847,208
491936,693304,120,0.970013,208
492920,693304,120,0.969843,208
491704,693304,120,0.970050,208
493728,693304,120,0.969709,208
491288,693304,119,0.970126,208
493952,693304,119,0.971707,208
495072,693304,118,0.971527,232
497296,693304,118,0.971164,232
499296,693304,118,0.970829,232
496568,693304,117,0.971289,232
495144,693304,118,0.971516,232
497736,693304,118,0.971093,232
498256,693304,118,0.971000,232
499272,693304,118,0.970825,232
501488,693304,118,0.970445,232
501048,693304,119,0.970519,232
498984,693304,119,0.964793,232
500232,693304,119,0.964532,232
503784,693304,119,0.963787,232
502224,693304,119,0.964124,232
502984,693304,119,0.963956,232
501072,693304,118,0.964371,232
501488,693304,118,0.964276,232
500336,693304,118,0.964521,232
498336,693304,118,0.964931,232
502128,693304,118,0.964154,232
505816,693304,118,0.969690,232
509568,693304,117,0.968997,264
505544,693304,117,0.969741,264
502344,693304,117,0.970309,264
502008,693304,118,0.970367,264
503072,693304,118,0.970176,264
502616,693304,117,0.970271,264
502096,693304,117,0.970368,264
501240,693304,116,0.959100,264
503968,693304,116,0.958438,264
505360,693304,116,0.958086,264
502696,693304,116,0.958744,264
504400,693304,116,0.958322,264
505144,693304,116,0.958128,264
501672,693304,116,0.958976,264
504184,693304,116,0.958363,264
506320,693304,116,0.957824,264
508280,693304,116,0.957317,264
511864,693304,116,0.966309,264
509840,693304,116,0.966731,264
509048,693304,116,0.966899,264
508192,693304,115,0.967088,264
509368,693304,115,0.966845,264
512128,693304,115,0.966275,264
516200,693304,115,0.965401,264
519040,693304,115,0.964761,264
515120,693304,115,0.960639,264
515880,693304,115,0.960440,264
513120,693304,116,0.961113,264
516320,693304,116,0.960318,264
516216,693304,117,0.960344,264
515424,693304,117,0.955296,264
517672,693304,117,0.954645,264
519624,693304,117,0.954061,264
517736,693304,117,0.954626,264
513680,693304,117,0.955779,264
517168,693304,117,0.954789,264
518512,693304,117,0.954388,264
515928,693304,117,0.955141,264
519592,693304,117,0.954071,264
516344,693304,117,0.954772,264
513264,693304,117,0.955646,264
515104,693304,117,0.955122,264
518592,693304,117,0.954109,264
517936,693304,118,0.954300,264
515488,693304,118,0.955015,264
515512,693304,118,0.954994,264
513592,693304,117,0.955556,264
514680,693304,117,0.955241,264
512992,693304,117,0.955720,264
511056,693304,117,0.956255,264
513992,693304,117,0.955445,264
510656,693304,118,0.956348,264
512560,693304,118,0.955824,264
513080,693304,118,0.955670,264
513712,693304,118,0.955483,264
510136,693304,118,0.956461,264
506264,693304,118,0.957471,264
509032,693304,118,0.956750,264
508616,693304,118,0.956870,264
511936,693304,118,0.955980,264
515000,693304,118,0.955125,264
512832,693304,119,0.955724,264
514368,693304,119,0.955288,264
511712,693304,120,0.956015,264
512408,693304,120,0.955814,264
511280,693304,119,0.956144,264
514184,693304,119,0.955339,264
513560,693304,118,0.955538,264
511136,693304,119,0.956195,264
507584,693304,119,0.954702,264
505216,693304,119,0.955345,264
505488,693304,119,0.955261,264
505136,693304,118,0.955379,264
504720,693304,118,0.955500,264
502584,693304,119,0.956051,264
501600,693304,118,0.956324,264
505040,693304,118,0.955429,264
503672,693304,117,0.955809,264
501424,693304,118,0.956380,264
504336,693304,118,0.955625,264
507280,693304,118,0.954835,264
509136,693304,118,0.954318,264
509744,693304,118,0.954137,264
511784,693304,118,0.953551,264
509272,693304,118,0.954267,264
512760,693304,118,0.953272,264
514848,693304,118,0.952649,264
514288,693304,117,0.952842,264
514696,693304,117,0.952708,264
515832,693304,117,0.952357,264
518008,693304,117,0.951683,264
514112,693304,117,0.952866,264
511320,693304,116,0.953707,224
507712,693304,117,0.954717,176
509936,693304,117,0.954095,176
513664,693304,117,0.953022,176
515648,693304,117,0.952424,176
514296,693304,116,0.952852,176
512976,693304,116,0.953249,176
511016,693304,117,0.953806,176
511216,693304,117,0.953737,176
512464,693304,117,0.953368,176
514040,693304,117,0.952899,176
513064,693304,116,0.953210,176
513112,693304,116,0.953182,176
511144,693304,117,0.953743,176
513584,693304,117,0.953031,176
512520,693304,116,0.953268,176
511584,693304,117,0.953535,176
511656,693304,117,0.953599,176
510120,693304,117,0.954044,176
508392,693304,118,0.954519,176
509048,693304,118,0.954327,176
504952,693304,119,0.955425,176
506752,693304,119,0.954936,176
508016,693304,119,0.954582,176
509800,693304,119,0.954708,176
507504,693304,118,0.955354,176
510480,693304,118,0.954534,176
507808,693304,117,0.955286,176
510776,693304,117,0.954466,176
507232,693304,117,0.955439,176
511056,693304,117,0.954388,176
507568,693304,117,0.955350,176
507888,693304,117,0.955252,176
504984,693304,116,0.956040,176
507344,693304,116,0.955409,176
505392,693304,115,0.953123,176
508176,693304,115,0.952329,176
505440,693304,116,0.953096,176
504320,693304,117,0.953410,152
500368,693304,117,0.954475,152
501704,693304,117,0.954112,152
502760,693304,117,0.953818,152
506840,693304,117,0.952686,152
503392,693304,118,0.953636,152
507128,693304,118,0.952592,152
503640,693304,118,0.953569,152
507488,693304,118,0.952490,152
505232,693304,118,0.953134,152
507488,693304,118,0.952490,152
504504,693304,118,0.953334,152
507224,693304,118,0.952565,152
507024,693304,118,0.952635,152
509248,693304,118,0.951986,152
509016,693304,118,0.952067,152
505768,693304,118,0.952999,152
504312,693304,118,0.953412,152
501592,693304,118,0.954154,152
503528,693304,118,0.953625,152
500552,693304,118,0.937131,152
497224,693304,117,0.938339,152
497504,693304,117,0.938225,152
495480,693304,117,0.938936,152
494464,693304,117,0.939295,152
496728,693304,117,0.938510,152
498888,693304,117,0.937741,152
499096,693304,117,0.937650,152
499520,693304,117,0.937483,152
499352,693304,116,0.937577,152
498408,693304,116,0.937926,152
501520,693304,116,0.936799,152
499952,693304,117,0.937363,152
498920,693304,116,0.937763,152
501496,693304,116,0.936825,152
502752,693304,116,0.936348,152
505040,693304,116,0.935475,152
508720,693304,116,0.934031,152
511488,693304,116,0.932897,152
510352,693304,117,0.933359,152
510544,693304,117,0.933262,152
508744,693304,117,0.934003,152
512112,693304,117,0.932621,152
511144,693304,118,0.933018,152
513648,693304,118,0.931960,152
509856,693304,119,0.933520,152
509552,693304,120,0.933642,152
512656,693304,120,0.932355,152
508920,693304,119,0.896397,152
509368,693304,119,0.899079,152
505880,693304,118,0.901214,152
507784,693304,118,0.900062,152
511120,693304,118,0.898001,152
509856,693304,118,0.898810,152
511312,693304,118,0.897881,152
510552,693304,119,0.898353,152
511064,693304,119,0.898006,152
510792,693304,118,0.898234,152
509616,693304,118,0.898986,152
513640,693304,118,0.896441,152
511024,693304,118,0.898120,152
508768,693304,118,0.899529,152
507720,693304,119,0.900157,152
509864,693304,119,0.898835,152
511552,693304,119,0.897762,152
513640,693304,119,0.896410,152
509616,693304,119,0.898957,152
510624,693304,119,0.898308,152
511072,693304,119,0.898001,152
509168,693304,119,0.899200,152
506920,693304,119,0.900575,152
506160,693304,119,0.901050,152
506184,693304,119,0.901008,152
504512,693304,119,0.902005,152
507032,693304,119,0.900509,152
508888,693304,119,0.899370,152
504976,693304,119,0.901710,152
504480,693304,119,0.902023,152
505232,693304,119,0.901562,152
507672,693304,119,0.900100,152
510520,693304,119,0.898343,152
506672,693304,119,0.900693,152
506752,693304,119,0.900618,152
505696,693304,120,0.901237,152
506168,693304,120,0.900933,152
504032,693304,120,0.902197,152
503584,693304,120,0.899590,152
506880,693304,120,0.897594,152
503680,693304,120,0.899534,152
499944,693304,120,0.901702,152
502016,693304,120,0.900499,152
498784,693304,120,0.902348,152
500080,693304,120,0.901599,152
498752,693304,120,0.902366,152
495960,693304,120,0.903912,152
491888,693304,120,0.906070,152
488064,693304,120,0.908012,152
490600,693304,120,0.906725,152
488816,693304,121,0.907617,152
489520,693304,121,0.907243,152
486584,693304,121,0.908709,152
488720,693304,121,0.907641,152
486200,693304,121,0.908895,152
483248,693304,121,0.910317,152
482464,693304,121,0.910704,152
485680,693304,120,0.909187,160
488224,693304,120,0.907929,160
487208,693304,120,0.908450,160
484848,693304,120,0.909606,160
482088,693304,120,0.910918,160
483016,693304,120,0.910466,160
485264,693304,120,0.909385,160
481680,693304,121,0.911062,160
485712,693304,121,0.909148,160
486696,693304,121,0.908651,160
482896,693304,121,0.910478,160
483792,693304,121,0.910036,160
484872,693304,121,0.909503,160
487728,693304,121,0.908102,160
491664,693304,121,0.906107,160
490416,693304,121,0.906765,160
488128,693304,121,0.907929,160
488872,693304,121,0.907538,160
487272,693304,121,0.908348,160
489184,693304,121,0.907383,160
490640,693304,121,0.914777,160
493728,693304,121,0.913304,160
495224,693304,121,0.912560,160
498440,693304,121,0.910944,160
495080,693304,121,0.912630,160
497856,693304,121,0.911238,160
494680,693304,120,0.912847,160
491616,693304,121,0.914302,160
489440,693304,121,0.915328,160
490984,693304,121,0.914596,160
487544,693304,120,0.916205,160
489376,693304,120,0.915357,160
486000,693304,120,0.916889,160
485432,693304,120,0.917158,160
482704,693304,121,0.918332,160
484776,693304,121,0.917423,160
485824,693304,121,0.916945,160
486272,693304,121,0.916727,160
487576,693304,121,0.916126,160
484280,693304,121,0.917596,160
486216,693304,121,0.916730,160
485288,693304,121,0.917158,160
487568,693304,121,0.916130,160
487728,693304,121,0.916037,160
485656,693304,121,0.916976,160
481976,693304,121,0.918579,160
482104,693304,121,0.918504,160
478784,693304,121,0.919902,160
480872,693304,121,0.919021,160
479016,693304,122,0.919788,160
478664,693304,122,0.919951,160
478888,693304,122,0.919840,160
481920,693304,122,0.918562,160
483544,693304,122,0.917851,160
481184,693304,123,0.918851,160
484512,693304,123,0.917412,160
483424,693304,123,0.917902,160
483144,693304,123,0.918042,160
486504,693304,123,0.916561,160
490168,693304,123,0.914884,160
488872,693304,123,0.915499,160
486368,693304,123,0.916642,160
486872,693304,123,0.916397,160
488136,693304,123,0.915810,160
486272,693304,123,0.916663,160
486672,693304,123,0.916465,160
482648,693304,122,0.918254,160
481024,693304,122,0.918958,160
485008,693304,122,0.917238,160
487232,693304,122,0.916237,160
485560,693304,122,0.916997,160
489144,693304,122,0.915375,160
487632,693304,122,0.916080,160
484664,693304,121,0.917430,160
485216,693304,121,0.917169,160
488104,693304,121,0.915868,160
486016,693304,121,0.916818,160
483112,693304,121,0.918097,160
485232,693304,121,0.917162,160
488240,693304,121,0.915807,160
487920,693304,121,0.915972,160
487136,693304,122,0.916323,160
490864,693304,122,0.935108,160
493720,693304,122,0.934069,160
491632,693304,123,0.934820,160
495264,693304,123,0.933485,160
493792,693304,124,0.934025,160
496256,693304,124,0.933097,160
495280,693304,124,0.933479,160
496720,693304,123,0.932929,192
495976,693304,122,0.933244,192
497616,693304,122,0.932609,192
495352,693304,122,0.933476,192
498800,693304,122,0.932156,192
496888,693304,122,0.932902,192
498896,693304,122,0.932119,192
497280,693304,121,0.932772,192
499784,693304,121,0.931793,192
497064,693304,121,0.932854,192
493696,693304,122,0.934101,192
490904,693304,122,0.935117,192
492056,693304,122,0.934691,192
495208,693304,122,0.933529,192
493088,693304,122,0.934321,192
494368,693304,122,0.933838,192
492144,693304,123,0.934643,192
495336,693304,123,0.933464,192
492120,693304,124,0.934637,184
495032,693304,124,0.933562,184
493248,693304,124,0.934231,184
490376,693304,125,0.935255,184
490960,693304,125,0.935032,184
488176,693304,125,0.936017,184
489096,693304,125,0.935684,184
491872,693304,125,0.934691,184
493016,693304,125,0.934263,184
489080,693304,125,0.935673,184
492208,693304,125,0.934554,184
489152,693304,124,0.935664,184
489792,693304,124,0.935425,184
489184,693304,124,0.935653,184
487496,693304,124,0.936249,184
489248,693304,124,0.935631,184
490568,693304,124,0.935153,184
487752,693304,124,0.936146,184
491504,693304,123,0.934839,184
490064,693304,124,0.935358,152
486400,693304,125,0.936614,152
484360,693304,126,0.937293,152
480672,693304,126,0.938498,152
480952,693304,126,0.938394,152
477400,693304,127,0.939517,104
473736,693304,127,0.940632,104
475208,693304,127,0.940180,104
472904,693304,127,0.940876,104
471832,693304,126,0.941216,104
473056,693304,126,0.940846,104
473248,693304,126,0.940775,104
473880,693304,126,0.940575,104
473280,693304,126,0.940766,104
476624,693304,126,0.939753,104
473768,693304,126,0.940622,104
474904,693304,126,0.940271,104
472464,693304,127,0.940991,104
470320,693304,128,0.941609,104
469040,693304,128,0.941985,104
472232,693304,127,0.941063,136
474128,693304,127,0.940492,136
476288,693304,126,0.939836,168
474192,693304,127,0.940464,168
473984,693304,128,0.940525,168
473880,693304,128,0.940570,168
475912,693304,128,0.939949,168
472072,693304,128,0.941100,168
475040,693304,128,0.940211,168
474384,693304,127,0.940435,168
470592,693304,126,0.941568,168
472880,693304,126,0.940893,168
471176,693304,126,0.941400,168
470864,693304,126,0.941504,168
473880,693304,126,0.940613,168
474704,693304,126,0.940355,168
472456,693304,126,0.941030,168
468728,693304,126,0.942109,168
465952,693304,126,0.942890,168
465352,693304,126,0.943066,168
462496,693304,126,0.943843,168
464312,693304,126,0.943347,168
466720,693304,125,0.942684,200
467512,693304,125,0.942452,200
466248,693304,126,0.942800,200
466960,693304,126,0.942591,200
468400,693304,126,0.942178,200
470128,693304,126,0.941677,200
473176,693304,126,0.940782,200
474480,693304,126,0.940383,200
472392,693304,127,0.940998,200
473192,693304,127,0.940750,200
476512,693304,127,0.939743,200
473880,693304,127,0.940547,200
474912,693304,127,0.945627,200
475904,693304,127,0.945343,200
477040,693304,127,0.945015,200
481040,693304,127,0.943866,200
480280,693304,127,0.944099,200
478056,693304,128,0.944731,200
475032,693304,128,0.945581,200
473952,693304,128,0.945887,200
476608,693304,128,0.945149,200
478760,693304,127,0.944533,248
479384,693304,127,0.944342,248
481408,693304,127,0.943745,248
480896,693304,127,0.943908,248
482136,693304,127,0.943533,248
481336,693304,127,0.943780,248
483736,693304,127,0.943059,248
479776,693304,127,0.944230,248
482360,693304,127,0.943467,248
478712,693304,127,0.944533,248
482632,693304,127,0.943387,248
479528,693304,127,0.944301,248
479808,693304,127,0.944207,248
479144,693304,127,0.944410,248
476984,693304,127,0.945031,248
478072,693304,127,0.944713,248
477792,693304,126,0.944819,248
478384,693304,126,0.944639,248
478408,693304,126,0.944619,248
477160,693304,126,0.944982,248
480864,693304,126,0.943917,248
480840,693304,126,0.943938,248
482056,693304,126,0.943570,248
480768,693304,127,0.943945,248
478616,693304,128,0.944574,200
480704,693304,128,0.943963,200
479088,693304,128,0.944440,200
482400,693304,128,0.943469,200
484336,693304,128,0.942880,200
481824,693304,128,0.943638,200
481664,693304,128,0.943699,200
482184,693304,128,0.943533,200
479936,693304,127,0.944212,200
480896,693304,127,0.943922,200
480736,693304,128,0.943968,200
478504,693304,127,0.944632,200
475144,693304,128,0.945564,200
473288,693304,129,0.946065,200
472160,693304,129,0.946378,200
472080,693304,128,0.946424,200
469488,693304,128,0.947112,200
469592,693304,128,0.947073,200
467368,693304,128,0.947652,200
465576,693304,128,0.948112,200
463936,693304,127,0.948538,200
467344,693304,127,0.947682,200
468640,693304,127,0.947342,200
469408,693304,127,0.947133,200
472824,693304,127,0.946227,200
472192,693304,127,0.946407,200
473176,693304,127,0.946133,200
474408,693304,127,0.945790,200
473944,693304,128,0.945915,200
472424,693304,127,0.946346,200
473704,693304,127,0.945992,200
469784,693304,127,0.947036,200
470400,693304,127,0.946864,200
470528,693304,127,0.946819,200
470024,693304,127,0.946962,200
470368,693304,127,0.946860,200
466776,693304,128,0.947777,200
466392,693304,128,0.947893,168
465688,693304,129,0.948068,168
465808,693304,129,0.948027,168
464456,693304,129,0.948372,168
461920,693304,129,0.948998,168
462176,693304,129,0.948925,168
463112,693304,129,0.948688,168
463080,693304,128,0.948719,168
463296,693304,128,0.948655,168
466544,693304,128,0.947843,168
464592,693304,127,0.948351,168
465400,693304,127,0.948140,168
466344,693304,127,0.947893,168
463576,693304,126,0.948599,168
460800,693304,125,0.949287,168
464656,693304,125,0.948347,168
462192,693304,124,0.948967,168
459248,693304,124,0.949674,168
458696,693304,125,0.949802,168
460824,693304,125,0.949293,168
464792,693304,125,0.948325,168
467064,693304,125,0.958899,168
466240,693304,125,0.959070,168
468656,693304,125,0.958582,168
471144,693304,125,0.958067,168
474192,693304,125,0.957421,168
474320,693304,125,0.957383,168
475320,693304,125,0.957159,168
475208,693304,125,0.956393,168
478208,693304,125,0.955717,168
477512,693304,125,0.955884,168
479256,693304,125,0.955480,168
476352,693304,125,0.956142,168
475648,693304,126,0.956297,168
478640,693304,126,0.955620,168
475792,693304,127,0.956255,168
478424,693304,127,0.955658,168
479072,693304,127,0.955500,168
481584,693304,127,0.954911,168
479696,693304,128,0.955347,168
480840,693304,128,0.955072,168
484432,693304,128,0.954213,168
482216,693304,127,0.954763,168
484952,693304,127,0.954099,168
482408,693304,126,0.954729,168
481464,693304,125,0.954972,168
481592,693304,125,0.954931,168
484248,693304,125,0.954292,168
480472,693304,126,0.955180,168
482616,693304,126,0.954668,168
479880,693304,126,0.955316,168
479936,693304,126,0.955292,168
477448,693304,126,0.955866,168
476296,693304,127,0.956122,168
477888,693304,127,0.955757,168
478192,693304,127,0.955678,168
477912,693304,127,0.955751,168
477440,693304,126,0.955879,168
480568,693304,126,0.955158,168
476584,693304,127,0.956059,168
475488,693304,127,0.956311,168
476728,693304,127,0.956027,168
479728,693304,127,0.955340,168
477024,693304,128,0.955950,168
477984,693304,128,0.955725,168
481720,693304,128,0.954856,168
478808,693304,128,0.955538,168
478784,693304,128,0.955555,168
475208,693304,128,0.956361,168
476496,693304,128,0.956067,168
477880,693304,128,0.955748,168
480264,693304,128,0.955194,168
477048,693304,128,0.955934,168
478048,693304,128,0.955699,168
477008,693304,127,0.955954,168
475136,693304,126,0.956388,168
475760,693304,126,0.956240,168
479304,693304,126,0.955436,168
477400,693304,126,0.945991,168
476592,693304,126,0.946224,168
478120,693304,126,0.945793,168
476096,693304,126,0.946358,168
473816,693304,127,0.946966,168
477288,693304,127,0.946021,168
479456,693304,127,0.945409,168
481632,693304,127,0.944780,168
478768,693304,127,0.945601,168
479904,693304,127,0.945270,168
479880,693304,126,0.945304,168
481504,693304,126,0.944831,168
481032,693304,125,0.944992,168
478000,693304,125,0.945853,168
474640,693304,125,0.946774,168
478256,693304,125,0.945782,168
480400,693304,125,0.945171,168
478568,693304,125,0.945696,168
477560,693304,125,0.945986,168
481224,693304,125,0.944951,168
479984,693304,125,0.945315,168
480608,693304,125,0.945126,168
478192,693304,125,0.945813,168
481688,693304,125,0.944819,168
480192,693304,124,0.945270,168
478512,693304,124,0.945751,168
481728,693304,124,0.944835,168
477760,693304,125,0.945945,168
478568,693304,125,0.945709,168
477248,693304,125,0.946085,168
480752,693304,125,0.957166,168
480768,693304,125,0.957152,168
483584,693304,125,0.956511,168
487568,693304,125,0.958736,168
484368,693304,125,0.959439,168
484808,693304,125,0.959335,168
483584,693304,125,0.959605,168
480592,693304,125,0.960237,168
481552,693304,125,0.962512,168
478200,693304,125,0.963160,168
477312,693304,125,0.963335,168
475152,693304,126,0.963737,136
474560,693304,125,0.946709,136
472312,693304,125,0.947312,136
470632,693304,125,0.947757,136
472912,693304,125,0.947156,136
476728,693304,125,0.946127,136
474872,693304,125,0.946639,136
471904,693304,124,0.947443,136
468400,693304,124,0.948345,136
467104,693304,124,0.948679,136
464944,693304,124,0.949217,136
465416,693304,124,0.949091,136
462200,693304,123,0.949882,136
463088,693304,123,0.949661,136
464544,693304,123,0.949416,136
466544,693304,123,0.948919,136
470624,693304,123,0.947889,136
473208,693304,123,0.947210,136
476320,693304,123,0.946371,136
477080,693304,123,0.946152,136
475472,693304,124,0.946586,136
476208,693304,124,0.946375,136
479336,693304,124,0.945505,136
480656,693304,124,0.945121,136
481904,693304,124,0.944753,136
479816,693304,124,0.945358,136
480320,693304,124,0.945203,136
478696,693304,124,0.945669,136
475224,693304,124,0.946627,136
477936,693304,124,0.945879,136
474272,693304,124,0.946880,136
474144,693304,123,0.946939,136
475984,693304,123,0.946436,136
475344,693304,123,0.946620,136
474008,693304,124,0.946975,136
472872,693304,124,0.947285,136
470464,693304,124,0.947926,104
469880,693304,124,0.948086,104
470968,693304,124,0.947797,104
472144,693304,124,0.947482,104
469136,693304,125,0.948249,104
468368,693304,126,0.948441,104
469744,693304,126,0.948084,104
473528,693304,126,0.947097,104
472632,693304,125,0.947356,104
474776,693304,124,0.946780,152
477352,693304,124,0.946074,152
481224,693304,124,0.944983,152
477632,693304,124,0.945997,152
479288,693304,124,0.945527,152
476848,693304,123,0.946224,152
473880,693304,123,0.947030,152
472496,693304,123,0.947404,152
470808,693304,122,0.947862,152
469720,693304,121,0.948163,152
470952,693304,121,0.947838,152
473504,693304,121,0.947166,152
475424,693304,121,0.946646,152
476048,693304,121,0.946466,152
480120,693304,121,0.945335,152
483912,693304,121,0.951977,152
481736,693304,122,0.952517,152
482680,693304,121,0.952272,200
482048,693304,121,0.952440,200
483608,693304,121,0.952041,200
482368,693304,121,0.952361,200
480448,693304,121,0.952843,200
482008,693304,121,0.952450,200
482208,693304,121,0.952389,200
484520,693304,121,0.951799,200
483520,693304,120,0.952075,200
482896,693304,120,0.952242,200
480312,693304,120,0.952887,200
479080,693304,120,0.953194,200
480208,693304,120,0.952912,200
477160,693304,121,0.953637,200
480128,693304,121,0.952920,200
482288,693304,121,0.952381,200
486080,693304,121,0.951414,200
487032,693304,121,0.951155,200
488936,693304,121,0.950643,200
486864,693304,121,0.951199,200
490648,693304,121,0.962985,200
487808,693304,121,0.963556,200
484056,693304,121,0.964287,168
486992,693304,121,0.963721,168
490744,693304,121,0.962973,168
486960,693304,121,0.963727,168
484928,693304,121,0.964123,168
487856,693304,121,0.963553,168
485376,693304,121,0.964039,168
487264,693304,121,0.963668,168
487192,693304,121,0.963691,168
485256,693304,122,0.964062,168
487560,693304,122,0.963611,168
487192,693304,122,0.963691,168
483648,693304,122,0.964372,168
480024,693304,121,0.965051,168
482808,693304,121,0.964537,168
486616,693304,121,0.963811,168
488144,693304,121,0.963506,168
490256,693304,121,0.963080,168
490720,693304,121,0.962977,168
489720,693304,121,0.963187,168
491080,693304,121,0.962905,168
487008,693304,121,0.956529,168
488976,693304,121,0.956058,168
487352,693304,121,0.956449,168
491160,693304,121,0.955536,168
488448,693304,121,0.956194,168
484864,693304,121,0.957030,168
488856,693304,121,0.956098,168
489000,693304,121,0.956052,168
486840,693304,121,0.956568,168
486104,693304,120,0.956759,168
489688,693304,120,0.960097,168
492832,693304,120,0.959398,168
489952,693304,121,0.960029,168
494008,693304,121,0.959123,168
492168,693304,120,0.959556,168
490808,693304,120,0.959865,168
494192,693304,120,0.959103,168
495840,693304,120,0.958716,168
493728,693304,120,0.959208,168
495368,693304,120,0.958825,168
493328,693304,121,0.959287,168
490000,693304,121,0.955665,168
491280,693304,121,0.955345,168
490424,693304,121,0.955563,168
489008,693304,120,0.955924,168
487744,693304,120,0.956232,168
486288,693304,120,0.956581,168
488264,693304,120,0.956111,168
484880,693304,120,0.956902,168
488232,693304,120,0.956118,168
489792,693304,120,0.955738,168
492256,693304,120,0.955130,168
488472,693304,120,0.956051,168
490040,693304,120,0.955667,168
492184,693304,120,0.955136,168
490608,693304,120,0.955531,168
494480,693304,120,0.959038,168
496016,693304,120,0.958676,168
492824,693304,121,0.959407,136
494088,693304,121,0.959112,136
490216,693304,121,0.955609,136
491968,693304,121,0.955173,136
490128,693304,120,0.955642,136
489168,693304,121,0.955871,136
491944,693304,121,0.955191,136
493856,693304,121,0.954706,136
493512,693304,121,0.954804,136
495944,693304,121,0.954178,136
492832,693304,122,0.954960,136
491392,693304,122,0.955325,136
492096,693304,122,0.955142,136
494576,693304,122,0.954513,136
493184,693304,122,0.954873,136
491048,693304,123,0.955397,136
491344,693304,122,0.955321,152
492320,693304,122,0.955071,152
488328,693304,122,0.956043,152
488632,693304,122,0.955960,152
486320,693304,122,0.956511,152
487200,693304,122,0.956296,152
484072,693304,122,0.957023,152
481928,693304,122,0.957510,152
481944,693304,122,0.957496,152
483672,693304,122,0.957102,152
480360,693304,123,0.957832,152
484192,693304,123,0.956974,152
482896,693304,124,0.957264,152
485104,693304,124,0.956756,152
484480,693304,124,0.956909,152
487856,693304,124,0.956120,152
487384,693304,124,0.956242,152
488632,693304,124,0.955937,152
485240,693304,124,0.956736,152
485480,693304,124,0.956670,152
483824,693304,123,0.957068,152
481392,693304,123,0.957617,152
481672,693304,123,0.957545,152
482416,693304,123,0.957371,152
480440,693304,123,0.957814,152
477296,693304,123,0.958495,152
480632,693304,123,0.957773,152
480416,693304,124,0.957819,152
481648,693304,124,0.957540,152
479920,693304,124,0.957927,152
475832,693304,124,0.958800,152
477384,693304,124,0.958467,152
478552,693304,124,0.958209,152
478840,693304,124,0.958138,152
476840,693304,125,0.958561,152
479112,693304,125,0.958069,152
478920,693304,124,0.958131,152
477168,693304,124,0.958512,152
478584,693304,124,0.958203,152
479952,693304,124,0.957899,152
477264,693304,125,0.958472,152
473432,693304,125,0.959271,152
471880,693304,125,0.959592,152
474992,693304,124,0.958963,152
478232,693304,124,0.958277,152
480560,693304,124,0.957767,152
478416,693304,124,0.958238,152
474336,693304,125,0.959088,152
475360,693304,125,0.958868,152
473272,693304,124,0.959313,152
477016,693304,124,0.958534,152
478152,693304,124,0.958284,152
475600,693304,125,0.958818,152
478496,693304,125,0.958201,152
476768,693304,125,0.958576,152
477768,693304,125,0.958355,152
476480,693304,125,0.958636,152
476536,693304,125,0.958614,152
474256,693304,125,0.959094,152
474240,693304,125,0.959107,152
476888,693304,125,0.958550,152
475360,693304,125,0.958878,152
471504,693304,125,0.959667,152
468312,693304,126,0.960290,152
468392,693304,126,0.960265,152
472104,693304,126,0.959528,152
468752,693304,126,0.960196,152
472096,693304,126,0.959530,152
475488,693304,126,0.958832,152
478568,693304,126,0.958175,152
478424,693304,126,0.958216,152
474632,693304,127,0.959008,152
471392,693304,127,0.959670,152
468376,693304,126,0.960277,152
470600,693304,126,0.959836,152
470944,693304,126,0.959758,152
472384,693304,126,0.959463,152
473784,693304,126,0.959171,152
473136,693304,126,0.959312,152
470136,693304,126,0.959917,152
473456,693304,126,0.963259,152
477064,693304,126,0.962579,152
476936,693304,126,0.961723,152
479984,693304,126,0.961115,152
479784,693304,127,0.961155,152
483464,693304,127,0.960398,152
479408,693304,128,0.961220,152
480632,693304,128,0.967520,152
478504,693304,128,0.967880,152
481144,693304,127,0.967434,200
480480,693304,127,0.967553,200
484400,693304,127,0.966877,200
480736,693304,128,0.967502,200
481120,693304,128,0.967430,200
478848,693304,128,0.967816,200
479376,693304,128,0.967721,200
479248,693304,127,0.967758,200
480616,693304,127,0.967523,200
479360,693304,127,0.967739,200
483312,693304,127,0.967065,200
482688,693304,128,0.967172,200
481096,693304,128,0.967450,200
480656,693304,128,0.967532,200
477248,693304,129,0.968092,200
480816,693304,129,0.967497,200
477152,693304,128,0.963907,200
480664,693304,128,0.963245,200
482088,693304,128,0.962965,200
483360,693304,128,0.962709,200
486360,693304,128,0.962105,200
483712,693304,128,0.962640,200
481568,693304,127,0.963073,200
477816,693304,127,0.963785,200
478064,693304,127,0.963731,200
479512,693304,127,0.963453,200
478624,693304,127,0.963627,200
477352,693304,127,0.963871,200
479024,693304,127,0.963553,200
479056,693304,127,0.963538,200
476584,693304,127,0.964002,200
479224,693304,127,0.963507,200
480384,693304,126,0.963282,240
478472,693304,126,0.963648,240
478216,693304,125,0.963713,240
481480,693304,125,0.963092,240
483056,693304,125,0.962779,240
479640,693304,124,0.963449,240
482680,693304,123,0.962863,280
481448,693304,123,0.963108,280
484896,693304,122,0.962431,320
482240,693304,123,0.962949,320
482648,693304,123,0.962861,320
482392,693304,123,0.962920,320
482312,693304,123,0.962944,320
478944,693304,123,0.963590,320
480600,693304,123,0.963271,320
484472,693304,123,0.962515,320
487672,693304,123,0.961864,320
486824,693304,123,0.962046,320
489728,693304,123,0.961440,320
487744,693304,123,0.961859,320
489568,693304,123,0.965966,320
489160,693304,123,0.966049,320
490736,693304,123,0.965750,320
487032,693304,123,0.963026,320
488192,693304,123,0.962787,320
487200,693304,123,0.962993,320
484936,693304,123,0.963443,320
486288,693304,123,0.963172,320
489600,693304,123,0.962504,320
488280,693304,122,0.962788,320
489040,693304,122,0.962626,320
488512,693304,122,0.962742,320
486032,693304,122,0.963241,320
487656,693304,122,0.962912,320
488232,693304,122,0.962788,320
486000,693304,122,0.963237,320
486968,693304,122,0.963039,320
482920,693304,122,0.963827,320
481672,693304,121,0.964079,320
483640,693304,121,0.963700,320
486464,693304,121,0.963147,320
483952,693304,121,0.963641,320
485224,693304,121,0.963388,320
483056,693304,122,0.963802,320
482024,693304,123,0.963995,320
483672,693304,123,0.963676,320
484432,693304,123,0.963522,320
482072,693304,124,0.963968,320
481968,693304,124,0.963997,320
480392,693304,124,0.964297,320
480600,693304,124,0.964250,320
477632,693304,124,0.964797,320
480480,693304,124,0.964272,320
483400,693304,124,0.963718,320
485264,693304,124,0.963352,320
482360,693304,124,0.963915,320
479856,693304,123,0.964396,320
477648,693304,123,0.964803,320
480168,693304,123,0.964339,320
484192,693304,123,0.963577,320
484832,693304,123,0.963445,320
483264,693304,122,0.963762,320
479240,693304,122,0.964516,320
482024,693304,122,0.963995,320
481264,693304,122,0.964146,320
478608,693304,122,0.964639,320
480264,693304,122,0.964330,320
482064,693304,122,0.963988,320
482272,693304,122,0.963940,320
480648,693304,122,0.964250,320
477216,693304,122,0.964880,320
475912,693304,123,0.965110,320
477672,693304,123,0.964790,320
475792,693304,123,0.965131,320
479408,693304,123,0.964477,320
480288,693304,123,0.964308,320
481544,693304,123,0.964522,320
478208,693304,123,0.965133,320
481144,693304,123,0.964596,320
480200,693304,124,0.964776,272
478552,693304,124,0.965080,272
479288,693304,124,0.964940,272
477816,693304,124,0.965211,272
476648,693304,123,0.965432,272
476304,693304,123,0.965501,272
476480,693304,123,0.965462,272
479296,693304,123,0.964956,272
478232,693304,123,0.965154,272
478272,693304,123,0.965139,272
480280,693304,123,0.964770,272
480304,693304,123,0.964757,272
478296,693304,123,0.965126,272
478976,693304,123,0.964996,272
476064,693304,123,0.965517,272
476280,693304,123,0.965471,272
475016,693304,123,0.965698,272
476008,693304,123,0.965519,272
473744,693304,123,0.965915,272
475008,693304,123,0.965691,272
471056,693304,123,0.966364,272
473424,693304,123,0.965961,272
472784,693304,124,0.966069,272
472592,693304,125,0.966101,272
471144,693304,125,0.966350,272
467536,693304,125,0.966557,272
469416,693304,125,0.966633,272
472888,693304,125,0.966051,272
473088,693304,125,0.966010,272
475192,693304,125,0.965643,272
471448,693304,125,0.966284,272
474624,693304,125,0.965741,272
474568,693304,126,0.965750,272
476360,693304,126,0.965432,272
473576,693304,125,0.965927,272
474784,693304,125,0.965713,272
473136,693304,125,0.966002,272
472160,693304,126,0.966165,272
474216,693304,126,0.965810,272
470584,693304,126,0.966426,272
469592,693304,126,0.966597,272
472528,693304,126,0.966104,272
469416,693304,126,0.966625,272
473280,693304,126,0.965977,272
473680,693304,126,0.965901,272
477640,693304,126,0.965208,272
475760,693304,126,0.965143,272
475792,693304,126,0.965129,272
474248,693304,125,0.965414,272
472840,693304,125,0.965663,272
469128,693304,125,0.966291,272
470168,693304,125,0.966112,272
469200,693304,125,0.966279,272
467192,693304,125,0.966613,272
468408,693304,125,0.966408,272
470192,693304,125,0.966108,272
473432,693304,125,0.965554,272
476712,693304,125,0.964975,272
476264,693304,126,0.965054,272
473936,693304,127,0.965460,272
476080,693304,127,0.965078,272
475080,693304,126,0.965270,272
475344,693304,126,0.965216,272
477328,693304,126,0.964858,272
475504,693304,127,0.965179,272
475056,693304,127,0.965266,272
478960,693304,127,0.964565,272
480920,693304,127,0.964197,272
477016,693304,127,0.964913,272
480880,693304,127,0.964205,272
477880,693304,127,0.964759,272
474152,693304,126,0.963198,272
478032,693304,126,0.962463,272
481712,693304,126,0.961738,272
479136,693304,126,0.962251,272
477576,693304,126,0.962559,272
479240,693304,126,0.962231,272
481240,693304,126,0.961831,272
477744,693304,126,0.962518,272
474464,693304,126,0.963140,272
477944,693304,126,0.962480,272
480200,693304,125,0.962041,288
480144,693304,125,0.962062,288
480432,693304,124,0.962004,296
480128,693304,123,0.962082,296
481368,693304,123,0.961830,296
479480,693304,123,0.962208,296
479200,693304,124,0.962262,296
482976,693304,124,0.961510,296
483784,693304,124,0.961337,296
480704,693304,124,0.961960,296
481024,693304,124,0.961888,296
478256,693304,124,0.962434,296
479512,693304,124,0.962183,296
476872,693304,124,0.962697,296
479168,693304,124,0.962249,296
476592,693304,124,0.962749,296
473264,693304,124,0.963373,296
475728,693304,124,0.962911,296
477544,693304,124,0.962560,296
473760,693304,125,0.963265,296
474360,693304,125,0.963146,296
473608,693304,124,0.963302,296
470560,693304,123,0.963866,296
474408,693304,123,0.963164,296
476840,693304,123,0.962703,296
475056,693304,123,0.963045,296
478624,693304,123,0.962363,296
477384,693304,123,0.962609,296
476920,693304,123,0.962706,296
477624,693304,123,0.962563,296
480192,693304,123,0.962060,296
479552,693304,124,0.962185,296
480664,693304,124,0.961959,296
478760,693304,124,0.962337,296
482752,693304,124,0.961545,296
481832,693304,125,0.961728,296
478568,693304,124,0.951746,296
481552,693304,124,0.950989,296
483864,693304,124,0.961321,296
482904,693304,125,0.961514,296
486232,693304,125,0.962268,296
485024,693304,125,0.962518,296
482240,693304,126,0.963060,296
485048,693304,126,0.962504,296
487808,693304,126,0.961940,296
485944,693304,126,0.962326,296
488736,693304,126,0.961750,296
488512,693304,125,0.961816,296
486144,693304,126,0.962295,296
487360,693304,126,0.962041,296
489544,693304,126,0.961583,296
488400,693304,127,0.961819,296
490512,693304,127,0.961371,296
488200,693304,127,0.949204,296
490112,693304,127,0.948665,296
488896,693304,127,0.949014,296
485568,693304,127,0.949924,296
485168,693304,127,0.950042,296
488176,693304,127,0.949224,296
485400,693304,127,0.949981,296
484704,693304,126,0.950189,296
488128,693304,126,0.949263,296
491368,693304,126,0.948353,296
489704,693304,126,0.948831,296
493048,693304,126,0.947876,296
492648,693304,126,0.948004,296
496088,693304,126,0.946989,296
496360,693304,126,0.946894,296
496960,693304,126,0.946700,296
494848,693304,126,0.947340,296
494144,693304,126,0.947560,296
495416,693304,126,0.947174,296
496984,693304,126,0.946693,296
495848,693304,126,0.947046,296
493848,693304,126,0.947645,296
491912,693304,127,0.948200,296
492240,693304,127,0.948093,296
495472,693304,127,0.947143,296
497208,693304,127,0.946611,296
496904,693304,127,0.946717,296
497200,693304,127,0.946614,296
497032,693304,127,0.946679,296
495904,693304,128,0.947015,296
492528,693304,128,0.948011,296
494104,693304,128,0.947543,296
497904,693304,128,0.947397,296
501888,693304,128,0.963263,296
499784,693304,127,0.963725,296
495800,693304,126,0.964552,296
496928,693304,126,0.964318,296
497872,693304,126,0.964118,296
494256,693304,125,0.964856,296
492344,693304,125,0.965233,296
491000,693304,126,0.965487,296
494656,693304,126,0.964777,296
493288,693304,125,0.965061,296
496536,693304,125,0.968454,296
494904,693304,125,0.968749,296
493344,693304,125,0.969025,296
493312,693304,125,0.969039,296
496952,693304,125,0.968397,296
499856,693304,125,0.967864,296
501928,693304,125,0.967470,296
501904,693304,125,0.967484,296
501656,693304,125,0.967539,296
498416,693304,125,0.951559,296
495848,693304,125,0.952266,296
497080,693304,125,0.951923,296
500728,693304,125,0.950902,296
501584,693304,125,0.950646,296
498696,693304,125,0.951469,296
500304,693304,125,0.951008,296
497664,693304,126,0.951751,248
501536,693304,126,0.950660,248
499960,693304,126,0.951118,248
501096,693304,126,0.950785,248
503280,693304,126,0.950145,248
502488,693304,126,0.950388,248
501064,693304,127,0.950794,248
502608,693304,127,0.950339,248
505080,693304,127,0.949602,248
502192,693304,127,0.950459,248
499256,693304,126,0.951314,248
501024,693304,126,0.950805,248
501288,693304,126,0.950717,248
500240,693304,126,0.951026,248
501832,693304,126,0.950562,248
502632,693304,126,0.950318,248
504424,693304,126,0.949782,248
502888,693304,127,0.950230,248
502680,693304,127,0.950304,248
499240,693304,127,0.951292,248
499496,693304,127,0.951207,248
501384,693304,127,0.950662,248
498800,693304,127,0.951400,248
501448,693304,127,0.950644,248
499656,693304,127,0.951163,248
498000,693304,127,0.951633,248
502000,693304,127,0.950500,248
504216,693304,127,0.949843,248
505232,693304,127,0.955807,248
501968,693304,126,0.956667,248
504840,693304,126,0.955922,248
502872,693304,127,0.956427,248
506760,693304,127,0.955405,248
505104,693304,127,0.955853,248
505680,693304,127,0.955690,248
502336,693304,127,0.956562,248
498888,693304,128,0.957424,208
495088,693304,129,0.958324,208
496512,693304,129,0.957980,208
498456,693304,128,0.957511,232
499192,693304,128,0.957321,232
495320,693304,128,0.958253,232
497448,693304,128,0.957741,232
495056,693304,128,0.958315,232
493320,693304,128,0.958725,232
495352,693304,128,0.958246,232
497744,693304,128,0.957670,232
496136,693304,128,0.958063,232
495376,693304,128,0.958252,232
494520,693304,128,0.958461,232
493568,693304,127,0.958701,232
492328,693304,127,0.958992,232
495232,693304,127,0.958318,232
497904,693304,127,0.957678,232
501256,693304,127,0.956848,232
497936,693304,127,0.957670,232
501216,693304,127,0.956858,232
498288,693304,128,0.957574,232
494896,693304,128,0.958385,232
493128,693304,129,0.958790,232
494920,693304,129,0.966553,232
497032,693304,129,0.966146,232
499552,693304,129,0.965650,232
500064,693304,129,0.965539,232
501328,693304,129,0.965278,232
497648,693304,128,0.948667,232
499920,693304,128,0.961264,232
498616,693304,128,0.961561,232
499800,693304,128,0.961290,232
496792,693304,129,0.961945,232
499880,693304,129,0.961262,232
498512,693304,129,0.961573,232
500008,693304,129,0.961234,232
498984,693304,130,0.961460,232
497416,693304,130,0.961811,232
500016,693304,130,0.961232,232
501464,693304,130,0.960897,232
498352,693304,130,0.961598,232
501536,693304,130,0.960880,232
500800,693304,130,0.961057,232
504136,693304,130,0.960284,232
502344,693304,131,0.960697,232
501232,693304,131,0.960960,232
504632,693304,131,0.960168,232
505904,693304,131,0.959856,232
505160,693304,131,0.960043,232
507936,693304,131,0.959366,232
505088,693304,131,0.960060,232
505152,693304,131,0.960034,232
501968,693304,131,0.960782,232
504736,693304,131,0.960132,232
504456,693304,132,0.960198,232
506928,693304,132,0.959599,232
503248,693304,132,0.960478,232
506392,693304,132,0.959728,232
502392,693304,132,0.960675,232
504328,693304,132,0.960216,232
503816,693304,132,0.960347,232
504112,693304,132,0.960267,232
501512,693304,132,0.960875,232
498112,693304,132,0.961640,232
494600,693304,132,0.962398,232
493384,693304,131,0.962670,232
489496,693304,131,0.963464,232
492496,693304,131,0.962852,232
495840,693304,131,0.970425,232
494664,693304,131,0.970626,232
497248,693304,131,0.970190,232
498664,693304,131,0.969942,232
499984,693304,131,0.969707,232
496568,693304,132,0.970288,232
493520,693304,131,0.956405,232
491248,693304,131,0.956956,232
493232,693304,131,0.956474,232
493784,693304,131,0.956329,232
494896,693304,131,0.956047,232
497744,693304,131,0.955327,232
495280,693304,131,0.955953,232
493824,693304,130,0.956331,232
497424,693304,130,0.955432,232
495680,693304,131,0.955867,232
499432,693304,131,0.954909,232
500408,693304,131,0.954644,232
499960,693304,131,0.954772,232
499160,693304,132,0.954979,232
496368,693304,133,0.955684,232
492576,693304,133,0.956619,232
492168,693304,133,0.956728,232
495800,693304,133,0.955837,232
495504,693304,133,0.955922,232
492592,693304,133,0.956638,232
488784,693304,133,0.957537,232
492576,693304,133,0.956642,232
492952,693304,133,0.956541,232
493976,693304,133,0.956283,232
495856,693304,133,0.966601,232
496736,693304,133,0.966427,232
500720,693304,133,0.965647,232
499128,693304,133,0.965969,232
497232,693304,133,0.966342,232
497720,693304,133,0.966240,232
501712,693304,133,0.965450,232
500992,693304,133,0.965603,232
503016,693304,133,0.965187,232
499448,693304,134,0.965897,232
501008,693304,134,0.965581,232
499024,693304,134,0.965980,232
502608,693304,134,0.965260,232
503544,693304,134,0.965060,232
502968,693304,134,0.965187,232
503936,693304,134,0.964980,232
500616,693304,134,0.963495,232
500672,693304,134,0.963473,232
500096,693304,134,0.963604,232
498952,693304,133,0.962858,232
500720,693304,133,0.962470,232
499584,693304,133,0.962724,232
497824,693304,132,0.963115,232
501640,693304,132,0.962291,232
504368,693304,132,0.961676,232
508072,693304,132,0.961870,232
506888,693304,133,0.962139,232
503096,693304,133,0.962987,232
506528,693304,133,0.963935,232
503048,693304,133,0.964677,232
503504,693304,133,0.964573,232
503712,693304,133,0.964520,232
502912,693304,132,0.964705,232
498912,693304,132,0.961055,232
501616,693304,132,0.960435,232
501496,693304,131,0.960484,232
501808,693304,131,0.960402,232
501920,693304,131,0.960365,232
499112,693304,130,0.961021,232
500192,693304,130,0.960769,232
499336,693304,130,0.960971,232
502568,693304,130,0.960227,232
500656,693304,129,0.960686,232
501832,693304,129,0.960408,232
500480,693304,129,0.960726,232
499496,693304,129,0.960957,232
503184,693304,129,0.960106,232
501952,693304,129,0.960402,232
498952,693304,129,0.961089,232
500888,693304,129,0.960644,232
503448,693304,129,0.960045,232
500360,693304,128,0.937927,232
498176,693304,128,0.938712,232
500176,693304,128,0.937993,232
503552,693304,128,0.936752,232
504072,693304,128,0.936541,232
503776,693304,127,0.936687,232
507056,693304,127,0.955283,232
503320,693304,127,0.956270,232
504528,693304,127,0.955947,232
504152,693304,127,0.956057,232
505672,693304,127,0.955649,232
501752,693304,127,0.956667,232
504536,693304,127,0.955945,232
502504,693304,127,0.956477,232
505640,693304,127,0.955658,232
504832,693304,127,0.955881,232
505760,693304,127,0.955626,232
501672,693304,127,0.956687,232
504256,693304,127,0.956018,232
502800,693304,128,0.956390,232
499800,693304,128,0.957150,232
501688,693304,128,0.956671,232
499704,693304,128,0.957174,232
497032,693304,128,0.957829,232
499856,693304,128,0.957136,232
503896,693304,128,0.956110,232
501376,693304,128,0.956760,232
497392,693304,128,0.957743,232
493808,693304,128,0.958591,232
492552,693304,127,0.958898,232
494560,693304,127,0.958429,232
495008,693304,127,0.958315,232
498184,693304,127,0.957554,232
501864,693304,127,0.956638,232
503784,693304,127,0.956139,232
500440,693304,127,0.956993,232
496448,693304,127,0.957967,232
495432,693304,128,0.958205,232
499520,693304,128,0.957219,232
499936,693304,128,0.957105,232
501216,693304,128,0.956776,232
498104,693304,128,0.957550,232
501992,693304,128,0.956582,232
498744,693304,129,0.957384,232
501072,693304,129,0.956800,232
497736,693304,129,0.957627,232
501168,693304,129,0.956776,232
498384,693304,128,0.957483,232
500536,693304,128,0.956945,232
498152,693304,127,0.957550,232
501104,693304,127,0.956816,232
500400,693304,126,0.957014,232
501024,693304,126,0.956848,232
500144,693304,125,0.957089,232
503832,693304,125,0.956151,232
501808,693304,125,0.956677,232
499736,693304,125,0.957201,232
501064,693304,125,0.956862,232
503840,693304,125,0.966398,232
503728,693304,126,0.966420,232
507280,693304,126,0.966749,232
506064,693304,125,0.967008,232
507912,693304,125,0.966633,232
504360,693304,125,0.966305,232
500728,693304,126,0.967008,232
498600,693304,126,0.967415,232
500664,693304,126,0.967020,232
496816,693304,126,0.967742,232
500784,693304,126,0.966998,232
500968,693304,126,0.966954,232
498064,693304,125,0.967514,232
497184,693304,126,0.967675,232
500976,693304,126,0.966961,232
498864,693304,127,0.967358,232
502784,693304,127,0.966605,232
500016,693304,127,0.967143,232
502640,693304,127,0.966633,232
502040,693304,128,0.966748,232
499648,693304,128,0.967212,232
500336,693304,128,0.967073,232
504432,693304,128,0.966272,232
501672,693304,127,0.965766,232
503448,693304,127,0.965401,232
501744,693304,128,0.965742,232
505624,693304,127,0.964948,272
502800,693304,127,0.965533,272
502760,693304,127,0.965551,272
499288,693304,127,0.966241,272
502896,693304,127,0.965524,272
504944,693304,127,0.965098,272
505624,693304,127,0.964948,272
507176,693304,126,0.964617,304
508216,693304,126,0.964385,304
506264,693304,126,0.964808,304
507376,693304,126,0.965664,304
503560,693304,127,0.966430,304
506936,693304,127,0.965744,304
504416,693304,127,0.966261,304
507696,693304,127,0.965588,304
506472,693304,128,0.965839,304
507824,693304,128,0.965552,304
506648,693304,129,0.965793,304
507328,693304,129,0.965644,304
507120,693304,129,0.965697,304
509840,693304,129,0.967549,304
507376,693304,130,0.968028,304
505408,693304,130,0.968409,304
504408,693304,129,0.968236,304
504472,693304,129,0.968215,304
506472,693304,129,0.967828,304
509272,693304,129,0.967273,304
507336,693304,128,0.967671,304
510416,693304,128,0.967055,304
509168,693304,127,0.967322,304
508680,693304,127,0.967428,304
510112,693304,127,0.967135,304
511520,693304,127,0.966842,304
509296,693304,128,0.967288,304
511504,693304,128,0.966835,304
511120,693304,128,0.966923,304
511528,693304,128,0.966830,304
510976,693304,128,0.966952,304
511464,693304,128,0.966843,304
510032,693304,128,0.967141,304
507136,693304,128,0.967719,304
504848,693304,128,0.968163,304
508624,693304,128,0.967815,304
510472,693304,128,0.967443,304
511912,693304,128,0.967145,304
509976,693304,129,0.967532,304
510136,693304,129,0.967491,304
509200,693304,129,0.967684,304
509472,693304,129,0.967622,304
505720,693304,129,0.968350,304
507168,693304,129,0.968067,304
503720,693304,128,0.968730,304
506376,693304,128,0.968227,304
504312,693304,128,0.968621,304
502304,693304,128,0.968995,304
499432,693304,128,0.969512,304
502032,693304,128,0.969044,304
504504,693304,128,0.968585,304
502248,693304,127,0.969017,288
502992,693304,127,0.968874,288
503968,693304,127,0.968687,288
499888,693304,127,0.969427,288
497160,693304,128,0.969896,288
497672,693304,128,0.969801,288
500160,693304,128,0.970967,288
496816,693304,127,0.958125,288
496136,693304,127,0.958296,288
493904,693304,126,0.958833,288
496296,693304,126,0.958270,288
498776,693304,126,0.957670,288
499120,693304,126,0.957576,288
495232,693304,126,0.958506,288
495568,693304,126,0.958417,288
495304,693304,125,0.958500,288
497608,693304,125,0.957949,288
496680,693304,125,0.958180,288
497544,693304,125,0.957965,288
496128,693304,125,0.958309,288
493504,693304,126,0.958913,288
497320,693304,126,0.958018,288
496112,693304,126,0.958313,288
498016,693304,126,0.957852,288
494136,693304,126,0.953366,288
497216,693304,126,0.952544,288
498904,693304,126,0.952075,288
495776,693304,126,0.952926,288
496648,693304,126,0.952683,288
495608,693304,126,0.952970,288
494168,693304,126,0.953358,288
495744,693304,126,0.952934,288
492136,693304,126,0.953876,288
491392,693304,126,0.954076,288
493816,693304,126,0.953448,288
492552,693304,127,0.953771,288
488872,693304,126,0.954710,288
492296,693304,126,0.953848,288
488432,693304,127,0.954805,288
489152,693304,127,0.954618,288
489704,693304,126,0.954475,320
492496,693304,126,0.953765,320
494512,693304,126,0.953235,320
491664,693304,127,0.953963,320
491344,693304,128,0.954044,320
492840,693304,128,0.953653,320
492584,693304,128,0.953731,320
490112,693304,128,0.954362,320
491824,693304,128,0.953923,320
490568,693304,128,0.954249,320
492288,693304,128,0.953806,320
491144,693304,128,0.954106,320
487488,693304,128,0.955013,320
491544,693304,128,0.954005,320
493056,693304,128,0.958985,320
494624,693304,128,0.961862,320
496952,693304,128,0.961351,320
496840,693304,128,0.961386,320
497800,693304,128,0.961166,320
496424,693304,128,0.961476,320
499256,693304,128,0.960843,320
497456,693304,128,0.961252,320
499048,693304,128,0.960890,320
498776,693304,128,0.960961,320
502248,693304,128,0.960163,320
500136,693304,128,0.960657,320
502152,693304,128,0.960186,320
498376,693304,128,0.961050,320
500984,693304,128,0.960454,320
497608,693304,129,0.961208,320
500896,693304,129,0.960463,320
498312,693304,129,0.951975,320
501080,693304,129,0.951195,320
499360,693304,129,0.951687,320
496424,693304,129,0.952496,320
498752,693304,129,0.951854,320
501568,693304,129,0.951057,320
499624,693304,129,0.951621,296
501424,693304,129,0.951105,296
497736,693304,129,0.952138,296
498536,693304,129,0.951907,296
497176,693304,129,0.952289,296
500632,693304,129,0.951327,296
498304,693304,128,0.917695,296
495128,693304,127,0.919195,296
496688,693304,127,0.918465,296
493920,693304,127,0.919735,296
496456,693304,127,0.918571,296
497672,693304,127,0.917989,296
493688,693304,126,0.919837,296
490888,693304,126,0.921079,296
487808,693304,126,0.922399,296
484888,693304,125,0.923631,296
480848,693304,125,0.925239,296
484032,693304,125,0.923973,296
484840,693304,125,0.923631,296
486376,693304,125,0.922989,296
484104,693304,125,0.923925,296
485144,693304,125,0.923489,296
487352,693304,125,0.922568,296
487952,693304,125,0.922299,296
486840,693304,126,0.922759,296
486816,693304,126,0.922789,296
488200,693304,126,0.922196,296
487176,693304,126,0.922641,296
483752,693304,126,0.924046,296
479832,693304,125,0.925610,296
481840,693304,125,0.924818,296
481568,693304,126,0.924923,296
482936,693304,126,0.924369,296
484840,693304,126,0.923592,296
485264,693304,126,0.923402,296
487312,693304,126,0.922545,296
484168,693304,127,0.923823,296
480136,693304,126,0.925439,296
477528,693304,126,0.926443,296
480472,693304,126,0.925310,296
479664,693304,126,0.925637,296
476536,693304,126,0.926828,296
473336,693304,126,0.928007,296
469904,693304,127,0.929213,296
470328,693304,127,0.931357,296
470496,693304,127,0.931284,296
469520,693304,128,0.931611,296
472736,693304,128,0.930506,296
472880,693304,128,0.930440,296
474640,693304,128,0.929811,296
475672,693304,128,0.929430,296
475056,693304,128,0.929665,296
478200,693304,128,0.928522,296
478472,693304,128,0.928405,296
476568,693304,128,0.929111,296
479320,693304,128,0.928094,296
477400,693304,127,0.928829,296
478112,693304,126,0.928566,312
477392,693304,127,0.928826,312
480952,693304,127,0.927500,312
479992,693304,128,0.927858,312
482632,693304,128,0.926848,312
479928,693304,127,0.927899,312
481616,693304,127,0.927251,312
480264,693304,128,0.927757,312
478264,693304,128,0.928510,312
476792,693304,127,0.929091,272
475680,693304,126,0.929521,272
471864,693304,126,0.930862,272
475808,693304,126,0.929476,272
472992,693304,127,0.930459,272
473152,693304,127,0.930388,272
472632,693304,126,0.930599,272
475736,693304,126,0.929501,272
473584,693304,125,0.930288,272
474624,693304,125,0.929909,272
472480,693304,124,0.930701,224
476560,693304,124,0.929260,224
474784,693304,124,0.929904,224
477496,693304,124,0.928924,224
473504,693304,125,0.930332,224
471456,693304,125,0.931049,224
471128,693304,126,0.931160,224
473712,693304,126,0.930260,224
471232,693304,126,0.931125,224
471760,693304,126,0.930930,224
467704,693304,126,0.932297,224
468928,693304,126,0.931879,224
472048,693304,126,0.930816,224
475368,693304,126,0.929648,224
473552,693304,125,0.930316,224
476912,693304,125,0.929117,224
476576,693304,124,0.929271,224
475136,693304,124,0.929797,224
472152,693304,125,0.930829,224
470704,693304,126,0.931319,224
467912,693304,127,0.932245,224
469000,693304,127,0.931871,224
472352,693304,127,0.930728,224
473808,693304,127,0.930210,224
475344,693304,127,0.929656,224
476448,693304,127,0.929248,224
480456,693304,127,0.927772,224
484240,693304,127,0.926319,224
484896,693304,127,0.926046,224
484752,693304,127,0.926121,224
485000,693304,127,0.926006,224
487928,693304,126,0.924827,272
485288,693304,126,0.925893,272
488016,693304,126,0.924791,272
487512,693304,125,0.925032,272
489496,693304,125,0.924210,272
489448,693304,124,0.924269,272
486160,693304,125,0.925588,272
482296,693304,125,0.927100,272
482384,693304,125,0.927048,272
483384,693304,125,0.926649,272
484056,693304,125,0.926372,272
482520,693304,125,0.926978,272
486192,693304,125,0.925538,272
482992,693304,125,0.926799,272
479176,693304,126,0.928227,272
482656,693304,126,0.926909,272
481552,693304,126,0.927344,272
485424,693304,126,0.946546,272
485928,693304,126,0.946389,272
485840,693304,126,0.946428,272
487808,693304,126,0.945850,272
484016,693304,126,0.946940,272
480640,693304,127,0.947863,272
479096,693304,128,0.948274,272
482376,693304,128,0.947379,272
480080,693304,128,0.948013,272
484032,693304,128,0.946922,272
482952,693304,129,0.947221,272
482992,693304,129,0.947197,272
479816,693304,129,0.948071,272
481544,693304,129,0.947593,272
480008,693304,129,0.948019,272
480144,693304,129,0.947970,272
483440,693304,129,0.947060,272
485632,693304,129,0.946432,272
482544,693304,129,0.947307,272
484320,693304,129,0.946802,272
481072,693304,129,0.947708,272
477592,693304,129,0.948644,272
476992,693304,129,0.948812,272
477432,693304,129,0.948686,272
479704,693304,129,0.948075,272
478016,693304,130,0.948521,272
481072,693304,129,0.947699,304
484808,693304,129,0.946656,304
480936,693304,128,0.947749,304
477336,693304,128,0.948715,304
479744,693304,128,0.948068,304
479064,693304,128,0.948262,304
480608,693304,128,0.947837,304
483400,693304,128,0.947062,304
481256,693304,129,0.947649,304
478824,693304,130,0.948300,304
478992,693304,130,0.948243,304
479848,693304,130,0.948002,304
478352,693304,130,0.948412,304
478080,693304,130,0.948496,304
481936,693304,130,0.947452,304
483528,693304,130,0.947000,304
482768,693304,131,0.947210,304
482344,693304,132,0.947327,304
485168,693304,132,0.946527,304
484928,693304,132,0.946609,304
486112,693304,132,0.946259,304
482360,693304,132,0.947322,304
482072,693304,131,0.947430,296
482584,693304,131,0.947276,296
486280,693304,131,0.946227,296
487160,693304,131,0.945961,296
485840,693304,131,0.946353,296
489632,693304,131,0.960606,296
488416,693304,130,0.960884,296
491448,693304,130,0.960226,296
490320,693304,131,0.960469,296
490152,693304,132,0.960505,296
493232,693304,132,0.960530,296
494208,693304,132,0.960305,296
492000,693304,132,0.960796,296
494432,693304,132,0.960256,296
491296,693304,132,0.960947,296
490872,693304,132,0.961047,296
494440,693304,132,0.965110,296
493952,693304,132,0.965213,296
491160,693304,132,0.965752,296
494656,693304,132,0.965077,296
491008,693304,132,0.965780,296
487648,693304,133,0.966396,296
489936,693304,133,0.965970,296
487112,693304,132,0.966500,296
486080,693304,131,0.966701,296
488424,693304,131,0.966273,296
489568,693304,131,0.966056,296
490344,693304,131,0.965904,296
493880,693304,131,0.965227,296
497664,693304,131,0.964473,296
494544,693304,131,0.965099,296
495104,693304,131,0.964980,296
494512,693304,131,0.965105,296
491408,693304,131,0.965706,296
491792,693304,131,0.965624,296
491288,693304,132,0.965719,296
493336,693304,132,0.965322,296
497256,693304,132,0.976063,296
496320,693304,133,0.976188,296
499112,693304,133,0.975802,296
495968,693304,133,0.976235,296
498384,693304,133,0.976766,296
498144,693304,133,0.976804,296
495936,693304,132,0.954252,296
496856,693304,132,0.959454,296
492768,693304,132,0.960377,296
494504,693304,132,0.959984,296
493464,693304,132,0.960225,296
492424,693304,131,0.960473,296
491144,693304,131,0.960759,296
494728,693304,131,0.959966,296
496112,693304,131,0.959645,296
494984,693304,131,0.959909,296
497920,693304,131,0.959232,296
494976,693304,131,0.959911,296
497600,693304,131,0.959305,296
496056,693304,132,0.959658,296
497608,693304,132,0.959293,296
500072,693304,132,0.958706,296
499104,693304,132,0.958945,296
499608,693304,132,0.958816,296
499832,693304,132,0.958752,296
499520,693304,133,0.958825,296
495888,693304,133,0.959674,296
495864,693304,133,0.959690,296
492168,693304,133,0.960518,296
492264,693304,133,0.960486,296
492656,693304,133,0.960391,296
496072,693304,133,0.959621,296
496832,693304,133,0.959438,296
495192,693304,132,0.959830,296
493920,693304,133,0.960113,296
490624,693304,134,0.960829,296
490408,693304,134,0.960885,296
491896,693304,134,0.960556,296
493072,693304,134,0.960289,296
491984,693304,133,0.948010,296
491776,693304,132,0.948096,296
488624,693304,132,0.948989,296
488784,693304,132,0.948932,296
491608,693304,132,0.948130,296
492664,693304,132,0.947815,296
493944,693304,132,0.947431,296
491408,693304,133,0.948160,296
492600,693304,133,0.947806,296
488816,693304,133,0.948884,296
491952,693304,133,0.947992,296
489128,693304,133,0.948798,296
490376,693304,133,0.948437,296
489568,693304,133,0.948676,296
487096,693304,133,0.949366,296
490160,693304,133,0.948511,296
491256,693304,133,0.948189,296
487520,693304,134,0.949225,296
488992,693304,134,0.948809,296
491384,693304,134,0.948126,296
490056,693304,133,0.948527,296
491512,693304,133,0.948103,296
490328,693304,132,0.948464,296
492976,693304,132,0.947698,296
491184,693304,132,0.948223,296
491992,693304,132,0.947980,296
489992,693304,132,0.948558,296
490552,693304,132,0.948388,296
486936,693304,133,0.949383,296
485848,693304,133,0.949688,296
488992,693304,133,0.948822,296
490568,693304,133,0.948370,296
490344,693304,133,0.948446,296
491200,693304,133,0.953128,296
490400,693304,133,0.953344,296
487752,693304,133,0.954018,296
485952,693304,133,0.954468,296
487312,693304,133,0.954126,296
485464,693304,133,0.954586,296
489272,693304,133,0.953640,296
488464,693304,133,0.953853,296
484584,693304,132,0.954829,256
486248,693304,132,0.954418,256
483856,693304,131,0.955012,256
482592,693304,130,0.955331,256
486160,693304,130,0.954474,256
488456,693304,130,0.953901,256
491216,693304,130,0.953195,256
494240,693304,130,0.952398,256
496656,693304,130,0.951738,256
493072,693304,130,0.952704,256
495080,693304,130,0.952162,256
494896,693304,130,0.952224,256
496056,693304,130,0.951901,256
495528,693304,130,0.952055,256
491672,693304,130,0.953079,256
494888,693304,130,0.952226,256
497936,693304,130,0.951389,256
497072,693304,130,0.951638,256
499928,693304,130,0.950834,256
499048,693304,131,0.951081,256
496232,693304,131,0.951866,256
494480,693304,130,0.952360,256
491544,693304,130,0.953136,256
493424,693304,130,0.952637,256
491024,693304,131,0.953256,256
494536,693304,131,0.952332,256
493664,693304,130,0.952587,256
493728,693304,130,0.952558,256
496936,693304,130,0.951688,256
493376,693304,130,0.952650,256
496320,693304,130,0.951855,256
500272,693304,129,0.950755,288
500024,693304,129,0.950838,288
500088,693304,129,0.950807,288
502488,693304,129,0.950107,288
498784,693304,129,0.951172,288
499408,693304,129,0.950984,288
497448,693304,129,0.951540,288
494816,693304,129,0.952262,288
492232,693304,129,0.952951,288
494736,693304,129,0.952284,288
495512,693304,129,0.952064,288
495552,693304,129,0.952040,288
494280,693304,129,0.952392,288
494832,693304,129,0.952233,288
491480,693304,129,0.953120,288
489792,693304,130,0.953548,288
490792,693304,130,0.953283,288
489656,693304,130,0.953582,288
489864,693304,130,0.953518,288
493008,693304,130,0.952700,288
491536,693304,131,0.953081,288
489240,693304,131,0.953674,288
492752,693304,131,0.965224,288
494808,693304,131,0.964817,288
492416,693304,132,0.965279,288
495320,693304,132,0.964707,288
492568,693304,131,0.935268,288
489288,693304,131,0.936431,288
485944,693304,131,0.937574,288
482624,693304,131,0.938669,288
482104,693304,130,0.938865,288
485664,693304,130,0.956787,288
484088,693304,129,0.957166,288
483792,693304,128,0.957257,272
487480,693304,128,0.956405,272
485080,693304,127,0.956978,272
486184,693304,127,0.956715,272
487568,693304,127,0.956384,272
487360,693304,127,0.956444,272
483760,693304,127,0.957275,272
486720,693304,127,0.956592,272
490616,693304,127,0.955663,272
494168,693304,127,0.954779,272
491696,693304,126,0.953710,272
493344,693304,126,0.953277,272
490032,693304,126,0.954126,272
488096,693304,126,0.954614,272
490920,693304,126,0.953905,272
494256,693304,126,0.953041,272
494928,693304,126,0.952853,272
491032,693304,126,0.953865,272
489608,693304,125,0.954243,272
490384,693304,125,0.954039,272
493456,693304,125,0.953248,272
496456,693304,125,0.952449,272
499016,693304,125,0.953519,272
497368,693304,125,0.953963,272
499504,693304,125,0.953390,272
495968,693304,126,0.954312,272
499856,693304,126,0.953283,272
497352,693304,126,0.953955,272
495856,693304,126,0.954352,272
498416,693304,126,0.953677,272
497416,693304,126,0.953951,272
496456,693304,126,0.954211,272
494112,693304,126,0.954817,272
493768,693304,125,0.954927,272
492792,693304,125,0.955180,272
492560,693304,125,0.955249,272
492616,693304,125,0.955223,272
492824,693304,125,0.955160,272
489544,693304,124,0.955976,272
489672,693304,124,0.955934,272
492360,693304,124,0.955274,272
493776,693304,124,0.954913,272
490344,693304,124,0.955763,272
492608,693304,124,0.955202,272
493512,693304,124,0.954966,272
495720,693304,124,0.954399,272
497712,693304,124,0.953874,272
494528,693304,125,0.954689,272
495584,693304,125,0.954409,272
492624,693304,125,0.955162,272
493120,693304,125,0.955028,272
492728,693304,125,0.955137,272
491616,693304,126,0.955409,272
495592,693304,126,0.954407,272
494784,693304,127,0.954612,272
498288,693304,127,0.958959,272
499152,693304,127,0.958745,272
495376,693304,128,0.959614,272
499352,693304,128,0.958687,272
499288,693304,129,0.958702,272
502384,693304,129,0.957948,272
499824,693304,129,0.951481,272
501200,693304,129,0.951082,272
500744,693304,129,0.951224,272
504072,693304,129,0.950258,272
503312,693304,128,0.950507,272
502904,693304,127,0.950652,272
503528,693304,127,0.950458,272
502816,693304,127,0.950677,272
505072,693304,127,0.950007,272
508680,693304,127,0.948906,272
508080,693304,127,0.949105,272
509384,693304,127,0.948688,272
509344,693304,128,0.948701,272
509800,693304,128,0.948544,272
508520,693304,128,0.948955,272
508080,693304,128,0.949105,272
506488,693304,127,0.949615,272
506792,693304,127,0.949509,272
509232,693304,126,0.948755,304
512736,693304,125,0.947636,336
511320,693304,125,0.948105,336
510400,693304,126,0.948396,336
508840,693304,126,0.948896,336
505792,693304,127,0.949818,336
506416,693304,127,0.949617,336
509152,693304,127,0.948770,336
512232,693304,127,0.958177,336
514672,693304,127,0.957527,336
513080,693304,127,0.957958,336
514488,693304,127,0.957575,336
514040,693304,127,0.957706,336
513264,693304,127,0.957922,336
513360,693304,127,0.957885,336
511952,693304,127,0.958262,336
507872,693304,127,0.959294,336
504592,693304,127,0.960090,336
503816,693304,127,0.960283,336
500024,693304,128,0.961144,336
501984,693304,128,0.960693,336
503216,693304,128,0.960399,336
503160,693304,128,0.960423,336
504920,693304,128,0.960002,336
502592,693304,127,0.960565,336
505136,693304,127,0.959962,336
503904,693304,127,0.960262,336
502680,693304,128,0.960545,336
504632,693304,128,0.968544,336
507984,693304,128,0.967903,336
508136,693304,128,0.967864,336
509424,693304,128,0.967604,336
510872,693304,128,0.967308,336
507792,693304,128,0.949173,336
508368,693304,128,0.948982,336
511488,693304,128,0.947991,336
508408,693304,129,0.948955,336
507720,693304,128,0.949195,336
505256,693304,129,0.949934,336
502328,693304,130,0.950798,288
503056,693304,130,0.950576,288
505704,693304,130,0.949787,288
509000,693304,130,0.948772,288
505432,693304,130,0.949868,288
508544,693304,130,0.948913,288
510728,693304,129,0.948230,296
508040,693304,129,0.949080,296
509816,693304,129,0.948516,296
507040,693304,129,0.949384,296
506056,693304,129,0.949694,296
506552,693304,129,0.949531,296
506512,693304,128,0.949572,296
508832,693304,128,0.948852,296
505224,693304,127,0.939019,296
501536,693304,127,0.940334,296
499776,693304,127,0.940951,296
499640,693304,127,0.941013,296
499840,693304,127,0.940929,296
500176,693304,126,0.940815,296
496896,693304,125,0.941938,296
499224,693304,125,0.951719,296
502632,693304,125,0.950750,296
505176,693304,125,0.949998,296
505112,693304,124,0.950045,296
504456,693304,124,0.950251,296
504712,693304,124,0.950162,296
504736,693304,124,0.950141,296
504720,693304,124,0.950160,296
504096,693304,124,0.950356,296
507688,693304,124,0.952386,296
510864,693304,124,0.951449,296
507352,693304,125,0.952467,296
505088,693304,125,0.953115,296
506872,693304,125,0.952603,296
503304,693304,125,0.953602,296
506096,693304,125,0.952821,296
507928,693304,125,0.952290,296
510672,693304,125,0.951478,296
510512,693304,125,0.951539,296
514080,693304,125,0.950448,296
510904,693304,125,0.951423,296
511800,693304,125,0.951142,296
511248,693304,126,0.951307,296
509296,693304,127,0.951881,296
513000,693304,127,0.950765,296
515040,693304,127,0.950120,296
513272,693304,127,0.950682,296
510208,693304,126,0.951629,296
512104,693304,126,0.951050,296
509064,693304,127,0.951960,256
511528,693304,127,0.951221,256
511496,693304,126,0.951259,256
514008,693304,126,0.950483,256
517824,693304,126,0.954668,256
514616,693304,126,0.955590,256
516296,693304,126,0.955106,256
513640,693304,126,0.955859,256
516208,693304,126,0.955130,256
513464,693304,125,0.955920,256
510920,693304,125,0.956617,256
514104,693304,125,0.955745,256
513200,693304,125,0.956005,256
509776,693304,124,0.956943,256
510984,693304,124,0.956613,256
514368,693304,124,0.955685,256
515432,693304,124,0.955376,256
512096,693304,124,0.956304,256
510432,693304,124,0.956759,256
507832,693304,124,0.957444,256
508520,693304,124,0.957256,256
506736,693304,124,0.957721,256
507176,693304,124,0.957598,256
504152,693304,123,0.947041,256
502736,693304,122,0.947505,256
504856,693304,122,0.946837,256
506688,693304,122,0.946243,256
509592,693304,122,0.945283,256
505616,693304,122,0.946583,256
502648,693304,122,0.947517,256
503936,693304,122,0.947108,256
503072,693304,122,0.947388,256
505992,693304,122,0.946464,256
509096,693304,122,0.945447,256
510968,693304,122,0.944808,256
510760,693304,123,0.944878,256
513648,693304,123,0.943874,256
511136,693304,123,0.944751,256
513456,693304,123,0.943941,256
512784,693304,124,0.944173,256
516296,693304,124,0.942919,256
513344,693304,124,0.943979,256
514480,693304,123,0.943583,256
512432,693304,124,0.944294,256
513512,693304,124,0.943904,256
511048,693304,124,0.929430,256
513456,693304,123,0.928355,304
510048,693304,123,0.929858,304
507464,693304,124,0.930941,304
511272,693304,124,0.952891,304
510648,693304,125,0.953070,304
510952,693304,124,0.952976,328
513360,693304,124,0.952261,328
509552,693304,124,0.953375,328
507224,693304,125,0.954022,328
506048,693304,125,0.954356,328
504232,693304,125,0.954854,328
507328,693304,124,0.954018,336
510248,693304,124,0.953189,336
514144,693304,124,0.952039,336
514944,693304,124,0.951785,336
513888,693304,124,0.952116,336
515192,693304,123,0.951722,344
514152,693304,122,0.952063,344
517184,693304,122,0.951127,344
515776,693304,122,0.951574,344
516464,693304,122,0.951349,344
516400,693304,123,0.951369,344
520192,693304,123,0.950160,344
519568,693304,124,0.950361,344
515896,693304,123,0.951537,344
518544,693304,123,0.950701,344
522312,693304,123,0.949467,344
519424,693304,123,0.950422,344
517440,693304,123,0.951062,344
516464,693304,123,0.951378,344
515080,693304,123,0.951814,344
516520,693304,123,0.951361,344
520512,693304,123,0.950088,344
524600,693304,123,0.948714,344
523296,693304,124,0.949158,336
522608,693304,124,0.949404,336
522304,693304,125,0.949512,312
520544,693304,126,0.950088,312
523016,693304,126,0.949260,312
522592,693304,125,0.949433,312
521304,693304,125,0.949872,312
521408,693304,125,0.949823,312
524640,693304,125,0.948728,312
525592,693304,125,0.948384,312
526344,693304,125,0.948106,312
527456,693304,125,0.947697,312
525136,693304,125,0.948525,312
528592,693304,125,0.970991,312
524824,693304,125,0.966875,312
525312,693304,125,0.966756,312
527000,693304,125,0.966365,312
523440,693304,126,0.967157,312
527440,693304,126,0.971199,312
526688,693304,126,0.965950,312
530696,693304,126,0.970825,312
530088,693304,126,0.970958,312
530160,693304,126,0.970933,312
527888,693304,125,0.959527,312
524752,693304,125,0.960386,312
524464,693304,125,0.960475,312
522728,693304,126,0.960926,312
525968,693304,126,0.960062,312
528032,693304,126,0.959487,312
529216,693304,126,0.959144,312
525920,693304,126,0.960062,312
522800,693304,127,0.960882,312
523088,693304,126,0.960798,352
525488,693304,126,0.960154,352
525592,693304,126,0.960114,352
524512,693304,126,0.960413,352
523568,693304,126,0.960673,352
524904,693304,126,0.960310,352
523056,693304,126,0.960806,352
521168,693304,125,0.961312,352
519616,693304,124,0.961731,320
521120,693304,124,0.961344,320
519600,693304,124,0.961735,320
520208,693304,124,0.961572,320
522272,693304,124,0.961040,320
518704,693304,124,0.961942,320
520328,693304,124,0.961530,320
523704,693304,124,0.969131,320
522176,693304,125,0.969440,320
524656,693304,125,0.968925,320
526488,693304,125,0.968531,320
526288,693304,125,0.968583,320
523216,693304,124,0.969240,320
526552,693304,124,0.968538,320
530584,693304,124,0.967647,320
528104,693304,124,0.968205,320
525920,693304,124,0.959226,320
528328,693304,124,0.958543,320
529104,693304,124,0.958308,320
526200,693304,123,0.937567,320
526440,693304,123,0.937446,320
525880,693304,123,0.937701,320
529648,693304,123,0.962355,320
526552,693304,124,0.963141,320
529128,693304,124,0.962477,320
528968,693304,124,0.962530,320
532512,693304,124,0.961584,320
528808,693304,124,0.962571,320
524936,693304,124,0.963550,320
525576,693304,124,0.963382,320
522784,693304,124,0.964066,320
526584,693304,124,0.963133,320
530480,693304,124,0.962125,320
527264,693304,124,0.962963,320
528624,693304,124,0.962606,320
525168,693304,125,0.963470,320
524712,693304,125,0.963593,320
524920,693304,125,0.963531,320
525120,693304,125,0.963470,320
523216,693304,125,0.963941,320
527160,693304,125,0.962965,320
524432,693304,125,0.963649,320
525168,693304,125,0.963458,320
521832,693304,125,0.964267,320
522816,693304,125,0.964024,320
519672,693304,125,0.964765,320
516080,693304,126,0.965562,320
516832,693304,126,0.965388,320
518920,693304,126,0.964913,320
517648,693304,126,0.965208,320
519808,693304,126,0.964712,320
517840,693304,126,0.965166,320
517680,693304,125,0.965222,320
520536,693304,125,0.964567,320
522752,693304,125,0.964039,320
522008,693304,125,0.964226,320
518464,693304,125,0.965048,320
520928,693304,125,0.964477,320
523200,693304,125,0.963933,320
522576,693304,124,0.964104,320
525112,693304,124,0.963484,320
522208,693304,124,0.964190,320
523704,693304,124,0.963824,320
519816,693304,125,0.964732,320
520456,693304,125,0.964575,320
517808,693304,126,0.965173,320
519944,693304,126,0.970421,320
518072,693304,126,0.970784,320
520064,693304,126,0.970398,320
517976,693304,126,0.970801,320
515120,693304,125,0.963175,320
511888,693304,125,0.963916,320
515752,693304,125,0.963028,320
517552,693304,125,0.962594,320
521016,693304,125,0.961739,320
518600,693304,124,0.962354,320
516136,693304,124,0.962950,320
518448,693304,124,0.962391,320
522504,693304,124,0.961377,320
519088,693304,124,0.962236,320
517944,693304,125,0.962511,320
520344,693304,125,0.961917,320
523744,693304,125,0.961047,320
521096,693304,125,0.961731,320
518448,693304,125,0.962391,320
514984,693304,125,0.963217,320
518280,693304,125,0.962431,320
519128,693304,125,0.962215,320
517672,693304,125,0.962576,320
519584,693304,125,0.962104,320
520720,693304,125,0.961812,320
519488,693304,124,0.962139,320
519280,693304,124,0.962201,320
515928,693304,124,0.963010,320
511832,693304,124,0.961497,320
509272,693304,124,0.962103,320
506848,693304,124,0.962660,320
508688,693304,124,0.962236,320
512520,693304,124,0.961334,320
513776,693304,124,0.961021,320
515488,693304,124,0.960590,320
516184,693304,124,0.960406,320
512712,693304,125,0.961254,320
513096,693304,125,0.961150,320
516128,693304,125,0.960396,320
515576,693304,125,0.960553,288
519120,693304,125,0.972906,288
518008,693304,126,0.973099,288
519456,693304,126,0.972839,288
517336,693304,126,0.972197,288
513528,693304,126,0.964229,288
515664,693304,126,0.963738,288
513504,693304,127,0.964224,288
511448,693304,127,0.964685,288
515272,693304,127,0.963827,288
515720,693304,127,0.963714,288
516296,693304,127,0.963571,288
514920,693304,128,0.963885,288
518688,693304,128,0.963001,288
516624,693304,128,0.963496,288
517688,693304,128,0.963237,288
516400,693304,128,0.963547,288
520384,693304,128,0.962594,288
516816,693304,128,0.963451,288
518392,693304,128,0.963071,288
515984,693304,129,0.963632,288
516744,693304,129,0.963446,288
514856,693304,129,0.963889,288
515888,693304,129,0.963643,288
515312,693304,128,0.963796,288
514704,693304,129,0.963934,288
510752,693304,129,0.964821,256
512056,693304,129,0.964528,256
510600,693304,130,0.964843,256
510624,693304,130,0.964828,256
512840,693304,130,0.964335,256
512328,693304,129,0.964469,256
509848,693304,128,0.965024,256
510152,693304,128,0.964949,256
510096,693304,127,0.964981,256
513480,693304,127,0.965873,256
517488,693304,127,0.964993,256
516736,693304,127,0.965170,256
518768,693304,127,0.964705,256
521384,693304,127,0.964092,256
520224,693304,127,0.964382,216
523024,693304,127,0.963713,216
522400,693304,127,0.963873,216
525336,693304,127,0.963151,216
524576,693304,127,0.963350,216
522552,693304,127,0.963848,216
526320,693304,127,0.967824,216
527232,693304,127,0.967614,216
526848,693304,126,0.967719,216
529808,693304,126,0.967049,216
527752,693304,126,0.967521,216
527464,693304,127,0.967593,176
530272,693304,127,0.966953,176
531112,693304,127,0.966748,176
527616,693304,128,0.967538,176
524856,693304,128,0.968146,176
523696,693304,128,0.968401,176
522072,693304,128,0.968747,176
525144,693304,128,0.970286,176
526120,693304,128,0.970082,176
525240,693304,128,0.970267,176
529328,693304,128,0.973052,176
531040,693304,128,0.972722,176
532360,693304,128,0.972853,176
531840,693304,127,0.970172,176
530928,693304,127,0.970371,176
532240,693304,127,0.970088,176
531176,693304,127,0.970320,176
532840,693304,127,0.969962,176
534896,693304,127,0.969510,176
533944,693304,128,0.969716,176
537360,693304,128,0.968952,176
536632,693304,128,0.969127,176
539152,693304,128,0.968542,176
536576,693304,129,0.969128,176
533432,693304,129,0.969826,176
537352,693304,129,0.973148,176
537872,693304,129,0.973036,176
534840,693304,129,0.956870,176
536976,693304,129,0.956186,176
535016,693304,129,0.956816,176
538280,693304,129,0.955767,176
536784,693304,129,0.956262,176
539976,693304,129,0.955210,176
538616,693304,130,0.955657,176
536128,693304,130,0.956469,176
538792,693304,130,0.955600,176
537216,693304,131,0.956109,176
539416,693304,131,0.955379,176
541888,693304,131,0.954532,176
540440,693304,131,0.955039,176
538256,693304,131,0.955777,168
540160,693304,131,0.955135,168
543744,693304,131,0.971808,168
543672,693304,131,0.971834,168
542536,693304,131,0.972086,168
542360,693304,130,0.972143,168
544256,693304,130,0.971728,168
545600,693304,130,0.971423,168
547384,693304,130,0.972521,168
547144,693304,130,0.972583,168
549832,693304,130,0.971982,168
547688,693304,130,0.964526,168
548816,693304,130,0.964195,168
546624,693304,130,0.964821,168
546360,693304,130,0.964907,168
543928,693304,130,0.965572,168
540712,693304,130,0.966410,168
544792,693304,130,0.967375,168
547472,693304,130,0.972523,168
545256,693304,131,0.972993,168
542016,693304,131,0.973180,168
540960,693304,131,0.973401,168
543368,693304,130,0.972910,184
539784,693304,130,0.955334,184
543656,693304,130,0.972851,184
546304,693304,130,0.972779,184
548184,693304,130,0.972365,184
551376,693304,130,0.973261,184
549360,693304,131,0.973691,184
546328,693304,130,0.954458,184
550072,693304,130,0.973551,184
549096,693304,130,0.973766,184
551808,693304,130,0.974544,184
549400,693304,131,0.975037,168
548904,693304,130,0.975154,168
548704,693304,129,0.975212,168
546824,693304,128,0.963485,168
548992,693304,128,0.962843,168
550000,693304,128,0.962529,168
552064,693304,128,0.961884,168
548872,693304,128,0.962864,168
552080,693304,128,0.971524,168
555176,693304,128,0.975724,168
558880,697056,128,0.975724,168
560928,697056,127,0.975294,200
558024,697056,127,0.973443,200
558712,697056,127,0.973280,200
556664,697056,128,0.973729,200
555360,697056,128,0.974018,200
553056,697056,127,0.968206,200
555648,697056,127,0.967524,200
559160,697056,127,0.973190,200
558304,697056,127,0.973392,200
560024,697056,126,0.973002,216
560816,697056,126,0.972809,216
558904,697056,126,0.968441,216
555392,697056,126,0.967600,216
554888,697056,126,0.967744,216
553752,697056,126,0.968050,216
554288,697056,126,0.967900,216
556808,697056,125,0.967231,232
554800,697056,125,0.967775,232
553024,697056,125,0.968243,232
555912,697056,125,0.967483,232
557472,697056,125,0.967052,232
561488,701120,125,0.967052,232
563528,701120,125,0.966474,232
560728,701120,125,0.959974,232
562472,701120,125,0.959377,232
561784,701120,126,0.959608,232
562520,701120,126,0.959344,232
562016,701120,126,0.959530,232
560952,701120,126,0.959900,232
563920,701120,126,0.958881,232
567552,701120,126,0.957565,232
566456,701120,126,0.957983,232
562456,701120,125,0.952562,232
566536,701120,125,0.950875,232
567616,701120,125,0.960203,232
565584,701120,125,0.960910,232
567912,701120,125,0.960100,232
564816,701120,125,0.961165,232
568024,701120,125,0.960061,232
564216,701120,125,0.955890,232
564768,701120,125,0.955666,232
562120,701120,125,0.956657,232
564096,701120,125,0.961385,232
561656,701120,126,0.962174,200
564176,701120,126,0.969934,200
564152,701120,127,0.969941,200
560352,701120,127,0.966111,200
558864,701120,126,0.966544,200
557176,701120,126,0.967006,200
558992,701120,126,0.966509,200
556368,701120,126,0.967217,200
558632,701120,126,0.966606,200
559096,701120,126,0.966468,200
561704,701120,126,0.970561,200
562136,701120,126,0.970444,200
558504,701120,126,0.967840,200
555568,701120,126,0.968595,200
556336,701120,126,0.968392,200
552368,701120,127,0.969355,200
551184,701120,127,0.969642,200
552712,701120,127,0.969273,200
556304,701120,127,0.968388,200
553200,701120,127,0.969158,200
557184,701120,126,0.970408,208
559896,701120,126,0.969742,208
558536,701120,126,0.970086,208
555032,701120,126,0.944281,208
558936,701120,126,0.969989,208
560000,701120,126,0.969717,208
558920,701120,127,0.969981,208
558536,701120,126,0.970097,208
554552,701120,127,0.968844,200
556112,701120,127,0.968448,200
559312,701120,126,0.967629,200
556776,701120,125,0.965638,200
560560,701120,125,0.964559,200
560456,701120,125,0.964604,200
560928,701120,125,0.964452,200
564784,701120,125,0.968502,200
560912,701120,126,0.968189,200
557816,701120,126,0.968992,192
556152,701120,125,0.966644,192
556056,701120,125,0.966681,192
559416,701120,125,0.965761,192
561048,701120,125,0.965288,192
560744,701120,125,0.965388,192
556728,701120,126,0.966491,192
559784,701120,126,0.967337,192
563240,701120,126,0.966379,192
560912,701120,126,0.967034,192
563976,701120,126,0.971427,192
560288,701120,125,0.959705,192
560912,701120,125,0.959483,192
558512,701120,125,0.960281,192
555512,701120,125,0.961232,192
552800,701120,125,0.962054,192
553664,701120,125,0.961786,192
550328,701120,124,0.951373,192
553576,701120,124,0.950133,192
555304,701120,124,0.949439,192
556424,701120,124,0.948971,192
553048,701120,125,0.950299,192
557056,701120,125,0.960726,192
559696,701120,125,0.959867,192
555704,701120,126,0.961129,192
556880,701120,126,0.960751,192
560024,701120,126,0.967430,192
557504,701120,125,0.949131,192
559784,701120,125,0.967116,192
556424,701120,125,0.968004,192
558080,701120,125,0.967566,192
554832,701120,125,0.968402,192
557344,701120,125,0.967756,192
553312,701120,125,0.966547,192
556752,701120,125,0.967908,192
552744,701120,125,0.950379,192
553752,701120,125,0.949972,192
552080,701120,126,0.950613,192
554800,701120,126,0.949543,192
553272,701120,126,0.950158,192
553880,701120,126,0.949904,192
551576,701120,126,0.950803,192
548024,701120,126,0.948197,192
546576,701120,126,0.948766,192
543864,701120,125,0.949801,192
547912,701120,125,0.948277,192
547576,701120,126,0.948405,192
544864,701120,126,0.949438,192
542008,701120,127,0.950463,192
543536,701120,127,0.949902,192
544760,701120,127,0.949440,192
547720,701120,127,0.952226,192
549928,701120,127,0.951414,192
548560,701120,126,0.951944,192
547240,701120,126,0.952429,192
548624,701120,126,0.951921,192
550120,701120,126,0.951361,192
552880,701120,126,0.950308,192
556104,701120,126,0.968440,192
553416,701120,126,0.969108,192
549624,701120,127,0.969989,192
552888,701120,127,0.969222,192
549032,701120,127,0.967607,192
553040,701120,127,0.969186,192
551544,701120,127,0.969549,192
552648,701120,127,0.969279,192
548824,701120,127,0.970168,192
550920,701120,127,0.969682,192
553736,701120,127,0.969008,192
552704,701120,126,0.965768,192
551072,701120,126,0.966205,192
554016,701120,126,0.968964,192
553240,701120,126,0.969161,192
552112,701120,126,0.969439,192
548472,701120,126,0.970278,192
550184,701120,126,0.969884,192
546800,701120,127,0.970633,192
547768,701120,127,0.970412,192
549432,701120,127,0.970212,192
550600,701120,127,0.969938,192
552288,701120,127,0.969537,192
548280,701120,127,0.958306,192
544272,701120,127,0.959528,192
548128,701120,127,0.958353,192
551784,701120,127,0.959498,192
551048,701120,127,0.959740,192
552520,701120,127,0.959269,192
548736,701120,127,0.960435,192
544968,701120,128,0.961518,192
545320,701120,128,0.961406,192
545224,701120,128,0.961447,192
546232,701120,128,0.961148,192
549824,701120,128,0.960082,192
548576,701120,128,0.960468,192
548856,701120,128,0.960371,192
548360,701120,128,0.960532,192
547296,701120,128,0.960856,192
545584,701120,128,0.961359,192
548920,701120,128,0.960381,192
552496,701120,128,0.959277,192
554584,701120,128,0.958597,192
551992,701120,128,0.959434,192
555440,701120,128,0.958318,192
553424,701120,128,0.958984,192
554976,701120,128,0.958469,192
553144,701120,128,0.959073,192
551432,701120,128,0.959622,192
553472,701120,127,0.958969,240
556032,701120,127,0.968434,240
555336,701120,127,0.968618,240
552520,701120,127,0.969309,240
550688,701120,127,0.969747,240
548696,701120,128,0.970197,240
549112,701120,128,0.970093,240
552096,701120,128,0.969398,240
552776,701120,128,0.969226,240
553000,701120,127,0.969169,256
550184,701120,128,0.969825,256
546640,701120,129,0.970612,256
545080,701120,129,0.970956,256
546312,701120,129,0.970683,256
548248,701120,129,0.970250,256
551856,701120,129,0.969968,256
549792,701120,129,0.970446,256
546856,701120,128,0.956012,256
550576,701120,128,0.954755,256
554048,701120,128,0.972395,256
553584,701120,128,0.972505,256
555144,701120,128,0.972158,256
553328,701120,128,0.972559,256
553408,701120,128,0.972532,256
552992,701120,128,0.972631,256
554168,701120,128,0.972369,256
552696,701120,128,0.972693,256
554480,701120,128,0.972990,256
552504,701120,129,0.973401,256
555776,701120,129,0.974915,256
554768,701120,129,0.975122,256
551000,701120,130,0.971331,256
553792,701120,130,0.970698,256
554952,701120,130,0.970420,256
551960,701120,130,0.971110,256
555176,701120,130,0.974017,256
554328,701120,131,0.974189,256
556000,701120,131,0.973838,256
554824,701120,131,0.974089,256
555712,701120,131,0.973897,256
552208,701120,132,0.972823,224
553072,701120,132,0.972632,224
550240,701120,132,0.957359,224
552288,701120,132,0.956672,224
548696,701120,132,0.957852,224
546608,701120,132,0.958515,224
543688,701120,132,0.959403,224
542344,701120,132,0.959806,224
545680,701120,132,0.965656,224
549184,701120,132,0.964741,224
552640,701120,132,0.963788,224
556208,701120,132,0.971951,224
555584,701120,132,0.972099,224
552624,701120,132,0.958873,224
555480,701120,132,0.972122,224
558752,701120,132,0.975389,224
558304,701120,133,0.975478,224
561168,701120,133,0.978324,224
559032,701120,134,0.978700,224
557824,701120,134,0.978915,224
557840,701120,134,0.978904,224
561136,704464,134,0.978904,224
557864,704464,134,0.972937,224
559712,704464,134,0.972530,224
556480,704464,134,0.968827,224
560144,704464,134,0.972435,224
559248,704464,134,0.972641,224
560112,704464,134,0.972442,224
557672,704464,135,0.972968,224
557608,704464,135,0.972992,224
560624,704464,135,0.978991,224
563816,707704,135,0.978991,224
560416,707704,136,0.973499,224
557080,707704,136,0.957230,224
557920,707704,136,0.956939,224
556120,707704,136,0.957539,224
554808,707704,137,0.957955,224
556856,707704,137,0.957287,224
554688,707704,136,0.958008,224
557024,707704,136,0.957248,224
557584,707704,136,0.957050,224
557144,707704,136,0.957209,224
557200,707704,136,0.957175,224
559096,707704,136,0.956532,224
557048,707704,136,0.957224,224
555208,707704,136,0.957829,224
558704,707704,136,0.963202,224
559320,707704,136,0.963013,224
559152,707704,136,0.963075,224
556928,707704,136,0.963711,224
558632,707704,136,0.963223,224
554968,707704,136,0.964243,224
552448,707704,135,0.964929,224
556400,707704,135,0.963869,224
559496,707704,135,0.963486,224
557360,707704,135,0.964092,224
558080,707704,135,0.963881,224
557112,707704,135,0.964160,224
554392,707704,134,0.960866,224
551672,707704,135,0.961642,224
554632,707704,135,0.960782,224
556496,707704,135,0.960215,224
557624,707704,135,0.959858,224
560864,707704,135,0.975283,224
557448,707704,134,0.952862,224
559792,707704,134,0.951988,224
556728,707704,134,0.953119,224
559504,707704,134,0.952095,224
557104,707704,133,0.953003,224
555200,707704,132,0.953705,224
551328,707704,132,0.955024,224
548144,707704,132,0.956055,224
550024,707704,132,0.955446,224
549136,707704,132,0.955744,224
548648,707704,132,0.955913,224
551576,707704,132,0.966946,224
549848,707704,132,0.966219,224
552680,707704,132,0.966678,224
548784,707704,132,0.962142,224
549272,707704,132,0.961996,224
546952,707704,133,0.962617,224
547792,707704,133,0.962382,224
551520,707704,133,0.966936,224
547624,707704,134,0.967848,224
551400,707704,134,0.970794,224
552344,707704,134,0.970581,224
552624,707704,134,0.970510,224
554904,707704,133,0.969998,272
551824,707704,132,0.970693,272
554352,707704,132,0.970131,272
551672,707704,132,0.964894,272
550832,707704,133,0.965108,272
554248,707704,133,0.964209,272
558320,707704,133,0.970132,272
556112,707704,133,0.970640,272
554232,707704,133,0.968624,272
557328,707704,133,0.967873,272
559648,707704,133,0.967284,272
559112,707704,133,0.967432,272
556704,707704,134,0.968025,272
559728,707704,134,0.972162,272
556656,707704,134,0.972819,272
557200,707704,134,0.972697,272
554256,707704,134,0.965634,272
555368,707704,134,0.965335,272
557872,707704,134,0.964659,272
556320,707704,135,0.965073,272
559216,707704,135,0.973858,272
558208,707704,135,0.974070,272
560008,707704,135,0.973697,272
559448,707704,134,0.968758,272
562392,707704,134,0.968018,272
559984,707704,135,0.968628,224
562488,707704,134,0.967993,272
560976,707704,134,0.968384,272
561488,707704,134,0.968245,272
559624,707704,134,0.968715,272
560024,707704,134,0.968606,272
559040,707704,134,0.968856,272
557048,707704,134,0.969338,272
557680,707704,134,0.969179,272
561000,707704,134,0.968366,272
557888,707704,133,0.967003,272
556056,707704,133,0.967470,272
555192,707704,134,0.967680,272
552432,707704,134,0.968345,272
553240,707704,134,0.968145,272
554624,707704,134,0.967805,272
556704,707704,134,0.967287,272
559520,707704,134,0.966561,272
558264,707704,133,0.966908,272
562288,707704,132,0.965851,288
561056,707704,133,0.966180,288
562592,707704,133,0.965756,288
561912,707704,134,0.965939,288
559048,707704,134,0.966704,288
556224,707704,133,0.963818,288
554424,707704,133,0.964315,288
558144,707704,133,0.963287,288
556976,707704,133,0.963625,288
560976,707704,133,0.974420,288
557784,707704,133,0.972124,288
559584,707704,133,0.971726,288
563344,711512,133,0.971726,288
561280,711512,133,0.972180,288
560664,711512,132,0.972330,288
558120,711512,133,0.972853,288
560320,711512,133,0.972392,288
563112,711512,133,0.974750,288
559616,711512,134,0.973730,288
559856,711512,134,0.973673,288
557352,711512,133,0.966734,288
557048,711512,133,0.966820,288
559128,711512,133,0.966291,288
558024,711512,133,0.966580,288
560256,711512,133,0.966004,288
558472,711512,134,0.966456,288
558768,711512,134,0.966370,288
561064,711512,134,0.965771,288
557872,711512,135,0.966582,288
561712,711512,135,0.975002,288
559208,711512,136,0.975480,240
559416,711512,136,0.975432,240
559312,711512,136,0.975460,240
559784,711512,136,0.975364,240
559104,711512,136,0.975499,240
562176,711512,136,0.974913,240
564280,711512,136,0.974492,240
564152,711512,135,0.974536,240
564984,711512,135,0.974361,240
564784,711512,135,0.974410,240
562264,711512,134,0.961807,224
563736,711512,134,0.961357,224
564368,711512,134,0.961152,224
567672,711512,134,0.973812,224
566864,711512,134,0.973990,224
569536,711512,134,0.973416,224
568816,711512,134,0.973581,224
564984,711512,134,0.965802,224
564584,711512,134,0.965922,224
568624,711512,134,0.973632,224
571032,711512,134,0.973954,224
574104,711512,134,0.974754,224
570808,711512,134,0.968028,224
568192,711512,133,0.963971,224
571632,711512,133,0.967823,224
570160,711512,133,0.968222,224
566136,711512,134,0.968099,208
563152,711512,134,0.968844,208
563880,711512,134,0.968657,208
567600,711512,134,0.968864,208
568384,711512,134,0.968655,208
569368,711512,134,0.968393,208
569216,711512,135,0.968432,208
567496,711512,135,0.968882,192
565944,711512,134,0.950429,192
563384,711512,134,0.951428,192
562400,711512,134,0.951812,192
558944,711512,134,0.953072,192
561256,711512,134,0.952230,192
564784,711512,134,0.950896,192
566304,711512,134,0.950288,192
570328,711512,134,0.958764,192
569840,711512,133,0.958959,192
572184,711512,133,0.958145,192
572160,711512,133,0.958170,192
573536,711512,133,0.957671,192
576320,711512,133,0.956641,192
578640,711512,133,0.955741,192
581768,711512,133,0.973016,192
578560,711512,133,0.950375,192
580808,711512,132,0.949360,232
578520,711512,131,0.950417,232
580576,711512,131,0.949486,232
578104,711512,131,0.950597,232
579496,711512,131,0.949968,232
576480,711512,130,0.951307,232
575088,711512,130,0.951902,232
577096,711512,130,0.953744,232
580896,711512,130,0.962237,232
580264,711512,131,0.962449,232
580976,711512,131,0.962194,232
578936,711512,130,0.962903,232
582112,711512,130,0.967390,232
578104,711512,130,0.948734,232
577528,711512,130,0.949011,232
577848,711512,129,0.948866,240
579288,711512,129,0.948196,240
576400,711512,130,0.949481,240
578072,711512,130,0.948723,240
575016,711512,130,0.950075,240
573632,711512,130,0.950674,240
576112,711512,130,0.949606,240
578672,711512,130,0.948454,240
575544,711512,131,0.949829,240
575808,711512,131,0.949695,240
574304,711512,130,0.950375,240
573440,711512,130,0.950754,240
577256,711512,130,0.965448,240
578520,711512,130,0.968413,240
574792,711512,130,0.949763,240
576448,711512,130,0.949027,240
576152,711512,130,0.949177,240
578656,711512,130,0.948040,240
574712,711512,129,0.939862,240
576624,711512,129,0.938847,240
575760,711512,129,0.939324,240
577200,711512,129,0.938542,240
573816,711512,130,0.940290,240
572432,711512,130,0.941001,240
568480,711512,130,0.942898,240
566696,711512,131,0.943705,240
567072,711512,131,0.943515,240
563992,711512,131,0.944886,240
563152,711512,131,0.945263,240
564232,711512,131,0.944783,240
565248,711512,131,0.944323,240
567040,711512,131,0.943508,240
568176,711512,131,0.952412,240
571064,711512,131,0.951329,240
569288,711512,131,0.952048,240
569976,711512,131,0.951760,240
568080,711512,131,0.952512,240
565880,711512,131,0.953354,240
568712,711512,131,0.952270,240
566816,711512,130,0.953025,240
569368,711512,130,0.952035,240
570680,711512,130,0.951501,240
568576,711512,130,0.952341,240
565248,711512,129,0.953620,240
566824,711512,129,0.953022,240
563992,711512,130,0.954054,240
564016,711512,130,0.954029,240
567128,711512,130,0.952872,240
564648,711512,130,0.953802,240
563456,711512,130,0.954245,240
564112,711512,130,0.953994,240
567192,711512,130,0.952848,240
566416,711512,130,0.953156,240
562392,711512,130,0.951797,240
558672,711512,130,0.953150,240
561360,711512,130,0.952175,240
559304,711512,130,0.952928,240
561720,711512,130,0.952044,240
560160,711512,130,0.952625,240
558600,711512,130,0.953192,240
559280,711512,130,0.952937,240
561936,711512,129,0.951974,264
565584,711512,129,0.966046,264
566728,711512,129,0.965725,264
563672,711512,129,0.966557,232
563160,711512,128,0.966714,232
564184,711512,127,0.966437,280
565368,711512,127,0.966112,280
564512,711512,127,0.966351,280
562096,711512,127,0.963928,280
559896,711512,128,0.964524,280
558320,711512,128,0.964952,280
561744,711512,128,0.967073,280
558024,711512,128,0.967992,280
555976,711512,129,0.968478,248
559048,711512,129,0.969835,248
561920,711512,129,0.969162,248
558160,711512,129,0.970033,248
557952,711512,129,0.970090,248
560584,711512,129,0.969485,248
562064,711512,129,0.969128,248
559328,711512,128,0.962303,248
555856,711512,128,0.963270,248
557512,711512,128,0.962808,248
554440,711512,129,0.963632,248
555440,711512,129,0.963355,248
552344,711512,129,0.964174,248
553176,711512,129,0.963948,248
550104,711512,129,0.964736,248
551880,711512,129,0.964280,248
555712,711512,129,0.963270,248
555728,711512,129,0.963252,248
557768,711512,129,0.962684,248
561520,711512,129,0.967089,248
557768,711512,129,0.962684,248
557928,711512,129,0.962627,248
556256,711512,128,0.963110,248
557720,711512,128,0.962698,248
555808,711512,128,0.963231,248
558200,711512,128,0.962565,248
554368,711512,128,0.963613,248
558464,711512,128,0.962491,248
556416,711512,127,0.963080,248
554152,711512,128,0.963682,248
550152,711512,129,0.964700,248
550312,711512,129,0.964648,248
547352,711512,129,0.961422,248
546520,711512,129,0.961654,248
544112,711512,129,0.962286,248
540872,711512,128,0.963113,248
542912,711512,128,0.962600,248
540056,711512,128,0.963309,248
542840,711512,128,0.962618,248
542824,711512,128,0.962634,248
546368,711512,128,0.963191,248
549072,711512,128,0.962487,248
552384,711512,128,0.961591,248
551952,711512,128,0.961722,248
555816,711512,128,0.960630,248
554144,711512,127,0.950651,248
550616,711512,127,0.951889,248
553080,711512,127,0.961426,248
555760,711512,127,0.960660,248
556240,711512,127,0.960508,248
552760,711512,127,0.936349,248
555800,711512,127,0.934916,248
556312,711512,127,0.934649,248
557048,711512,127,0.934272,248
555904,711512,127,0.934844,248
559464,711512,126,0.933094,272
556672,711512,127,0.934465,272
552968,711512,127,0.936221,272
550008,711512,127,0.937563,272
548488,711512,126,0.938261,272
545680,711512,126,0.939456,272
542464,711512,127,0.940749,272
546248,711512,127,0.961048,272
542928,711512,127,0.961921,272
542296,711512,127,0.962093,272
541136,711512,127,0.962394,272
537128,711512,126,0.963382,272
537112,711512,125,0.963408,272
538952,711512,125,0.962961,272
536720,711512,125,0.963500,272
537528,711512,125,0.963299,272
537600,711512,125,0.963271,272
535760,711512,125,0.963711,272
538320,711512,125,0.963101,272
537584,711512,125,0.963286,272
538560,711512,125,0.963043,272
538824,711512,125,0.962969,272
542760,711512,125,0.961988,272
539520,711512,125,0.959836,272
540888,711512,125,0.959462,272
542192,711512,125,0.959099,272
544344,711512,125,0.958495,272
540264,711512,125,0.959615,272
536928,711512,125,0.960489,272
540320,711512,125,0.959600,272
536896,711512,125,0.960497,272
538552,711512,125,0.960062,272
540880,711512,125,0.959439,272
539600,711512,125,0.959790,272
539632,711512,125,0.960290,272
536840,711512,125,0.961011,272
536368,711512,126,0.961128,272
539416,711512,126,0.960346,272
536736,711512,126,0.961037,272
536896,711512,126,0.960985,272
532976,711512,125,0.951181,272
529464,711512,124,0.952255,272
528824,711512,123,0.952469,272
532616,711512,123,0.951334,272
528832,711512,123,0.952467,272
529800,711512,123,0.952171,272
530328,711512,123,0.952002,272
529672,711512,124,0.952195,272
525616,711512,124,0.953364,272
527888,711512,124,0.952710,272
529144,711512,124,0.952335,272
526584,711512,124,0.953080,272
522928,711512,124,0.954100,272
523872,711512,124,0.953831,272
524288,711512,124,0.953704,272
528248,711512,124,0.952580,272
530000,711512,124,0.952056,272
534096,711512,124,0.950807,272
536400,711512,124,0.955328,272
537392,711512,124,0.955029,272
536920,711512,123,0.955193,272
540672,711512,123,0.954075,272
542368,711512,123,0.953544,272
539448,711512,124,0.954427,272
540560,711512,124,0.954080,272
539560,711512,125,0.954380,272
537520,711512,125,0.954992,272
537280,711512,125,0.955075,272
534184,711512,124,0.955977,272
535824,711512,124,0.955505,272
538568,711512,124,0.954701,272
541392,711512,124,0.958168,272
543032,711512,124,0.963512,272
542232,711512,124,0.963717,272
545960,711512,124,0.962786,272
542392,711512,123,0.963478,272
545360,711512,123,0.962732,272
542128,711512,122,0.963554,272
542776,711512,122,0.963385,272
539272,711512,121,0.964033,272
538056,711512,121,0.964326,272
535744,711512,120,0.940200,272
533528,711512,121,0.941029,272
534400,711512,121,0.940688,272
530304,711512,121,0.942195,272
528056,711512,122,0.942995,232
525648,711512,122,0.943830,232
524936,711512,122,0.944088,216
525496,711512,122,0.943886,216
525336,711512,122,0.943955,216
526400,711512,122,0.943582,216
527048,711512,122,0.943346,216
526312,711512,122,0.943612,216
526904,711512,122,0.943395,216
529416,711512,122,0.942511,216
527024,711512,122,0.943354,216
524456,711512,122,0.944231,216
521672,711512,122,0.945151,216
523632,711512,122,0.944502,216
521888,711512,122,0.945082,216
525616,711512,122,0.943846,216
523288,711512,122,0.944630,216
525384,711512,122,0.943923,216
525808,711512,122,0.943766,216
526088,711512,122,0.943655,216
523992,711512,122,0.944368,216
522736,711512,122,0.944793,216
520224,711512,122,0.945609,216
521616,711512,122,0.945153,216
525008,711512,122,0.944033,216
527464,711512,122,0.943188,216
528672,711512,122,0.942754,216
526536,711512,121,0.928130,216
527240,711512,121,0.927804,216
526632,711512,122,0.928068,216
523736,711512,121,0.929336,216
527016,711512,121,0.927922,216
530744,711512,121,0.926248,216
532744,711512,121,0.925308,216
533816,711512,121,0.924783,216
536000,711512,121,0.923715,216
533744,711512,121,0.924817,216
535672,711512,121,0.936418,216
533744,711512,121,0.924817,216
536200,711512,121,0.923618,216
535648,711512,121,0.923909,216
535808,711512,121,0.923808,216
535648,711512,122,0.923885,216
534672,711512,122,0.924377,216
533600,711512,122,0.924907,216
531040,711512,122,0.926114,216
531504,711512,122,0.925880,216
535144,711512,122,0.924151,216
538624,711512,122,0.922420,216
541536,711512,122,0.920905,216
539240,711512,121,0.922134,216
537552,711512,121,0.923002,216
541528,711512,121,0.920960,216
539184,711512,121,0.922186,216
535224,711512,122,0.924136,216
537872,711512,122,0.922819,216
535456,711512,123,0.924001,216
534768,711512,122,0.924377,216
535376,711512,122,0.924063,216
538216,711512,122,0.922648,216
541864,711512,122,0.920759,216
540208,711512,122,0.921641,216
541480,711512,122,0.920960,216
537752,711512,121,0.922903,216
536648,711512,121,0.923470,216
536576,711512,121,0.923528,216
533304,711512,120,0.925136,216
534976,711512,120,0.924324,216
532976,711512,120,0.925289,216
531536,711512,120,0.925975,216
534336,711512,120,0.924651,216
537144,711512,120,0.923274,216
541112,711512,120,0.921250,216
539432,711512,120,0.922134,216
542072,711512,120,0.920751,216
539560,711512,119,0.922093,216
540432,711512,119,0.921625,216
542808,711512,119,0.920363,216
542080,711512,118,0.920797,216
542832,711512,118,0.920376,216
540456,711512,118,0.921637,216
539456,711512,118,0.922170,216
538720,711512,118,0.922564,216
539048,711512,117,0.922384,248
542376,711512,117,0.920650,248
540936,711512,116,0.921448,248
539880,711512,117,0.921988,248
540280,711512,117,0.921760,248
536496,711512,118,0.923645,248
533200,711512,118,0.925237,248
533864,711512,118,0.924904,248
530112,711512,118,0.926649,248
528176,711512,117,0.927550,248
529760,711512,117,0.936786,248
532416,711512,117,0.935726,248
530088,711512,116,0.936678,248
533424,711512,116,0.935341,248
535512,711512,116,0.934467,248
536256,711512,116,0.934137,248
539128,711512,116,0.932891,248
540176,711512,116,0.932411,248
543608,711512,116,0.930841,248
542224,711512,116,0.931496,248
541352,711512,116,0.931910,248
541952,711512,116,0.931619,248
543672,711512,116,0.930812,248
543272,711512,116,0.931018,248
545728,711512,116,0.929848,248
544192,711512,117,0.930570,248
540984,711512,116,0.932074,248
541656,711512,116,0.931752,248
544448,711512,116,0.930451,248
544184,711512,116,0.930596,248
540848,711512,116,0.932135,248
536752,711512,116,0.933929,248
538432,711512,115,0.933192,296
541144,711512,115,0.931982,296
539768,711512,116,0.932591,296
537424,711512,116,0.933624,296
535152,711512,115,0.934616,296
538472,711512,115,0.933196,296
537912,711512,115,0.933457,296
538456,711512,114,0.933206,336
535192,711512,113,0.934622,336
539056,711512,113,0.932968,336
541168,711512,113,0.932017,336
542424,711512,113,0.931431,336
545592,711512,113,0.929939,336
542280,711512,114,0.931474,336
538848,711512,114,0.933016,336
536888,711512,114,0.933875,336
537920,711512,114,0.933416,336
540920,711512,114,0.932085,336
543232,711512,114,0.931018,336
542288,711512,114,0.931471,336
538896,711512,115,0.932974,336
536056,711512,115,0.934204,336
534016,711512,114,0.935084,336
529928,711512,114,0.936724,336
533456,711512,114,0.953544,336
529384,711512,114,0.954709,336
531632,711512,114,0.954067,336
532136,711512,114,0.953910,336
534984,711512,114,0.953068,336
537288,711512,114,0.952361,336
534112,711512,115,0.953311,336
534936,711512,115,0.953054,336
531792,711512,115,0.953981,336
534104,711512,115,0.953299,336
535392,711512,115,0.952904,336
531944,711512,114,0.953938,336
532376,711512,114,0.953800,336
529704,711512,113,0.954581,336
528896,711512,113,0.954817,336
530304,711512,113,0.954414,336
533904,711512,113,0.953372,336
530832,711512,113,0.954266,336
533064,711512,112,0.953628,344
531760,711512,113,0.954001,344
528832,711512,114,0.954819,344
531880,711512,114,0.956924,344
527792,711512,114,0.957999,344
528184,711512,114,0.957888,344
526792,711512,113,0.958263,344
527224,711512,113,0.958143,344
527864,711512,113,0.957969,344
527024,711512,113,0.958193,344
529120,711512,113,0.957648,344
526664,711512,113,0.958283,344
529368,711512,113,0.957584,344
527792,711512,113,0.957999,344
531480,711512,113,0.957031,344
528768,711512,113,0.957751,344
528544,711512,114,0.957812,328
529440,711512,114,0.957569,328
526984,711512,114,0.958207,328
527928,711512,114,0.957957,328
529104,711512,114,0.957644,328
526136,711512,113,0.958419,328
528072,711512,113,0.957920,328
527560,711512,113,0.958062,328
529656,711512,113,0.961908,328
526128,711512,114,0.962712,328
528016,711512,114,0.970739,328
525464,711512,115,0.971184,328
527016,711512,115,0.970906,328
526336,711512,116,0.971025,328
524544,711512,116,0.971341,328
527256,711512,116,0.970864,328
530272,711512,116,0.970317,328
527632,711512,116,0.970798,328
524120,711512,115,0.965610,328
521808,711512,115,0.966083,328
525640,711512,115,0.965299,328
523504,711512,115,0.965744,328
527000,711512,115,0.965015,328
524496,711512,116,0.965534,328
525560,711512,116,0.965305,328
526400,711512,116,0.965121,328
527112,711512,116,0.964961,328
525472,711512,117,0.965304,328
521784,711512,116,0.939641,328
523296,711512,116,0.939087,328
525664,711512,116,0.938210,328
523008,711512,117,0.939182,304
522240,711512,118,0.939455,304
523904,711512,118,0.938843,304
527000,711512,117,0.937701,312
523136,711512,117,0.939133,312
526464,711512,116,0.937908,344
523680,711512,115,0.938961,344
520040,711512,116,0.940243,344
522080,711512,116,0.939514,344
520304,711512,117,0.940135,344
519272,711512,117,0.940506,344
522728,711512,117,0.939285,344
524016,711512,117,0.938805,344
526128,711512,117,0.938015,344
524464,711512,117,0.938643,344
525920,711512,117,0.938092,344
522016,711512,117,0.939520,344
524648,711512,117,0.954453,344
522440,711512,117,0.955054,344
525816,711512,117,0.954135,344
524264,711512,117,0.954569,344
521952,711512,117,0.955195,344
525152,711512,117,0.954329,344
522688,711512,117,0.955001,344
522920,711512,117,0.954927,344
519344,711512,117,0.955866,344
515512,711512,117,0.956829,344
511648,711512,117,0.957758,344
510472,711512,117,0.958040,344
511832,711512,117,0.957715,344
511568,711512,118,0.957776,344
514792,711512,118,0.957003,344
513384,711512,118,0.957350,344
512872,711512,118,0.957483,344
515824,711512,118,0.956765,344
519416,711512,117,0.955860,392
522744,711512,117,0.954987,392
519288,711512,117,0.955892,392
515696,711512,118,0.956796,344
514568,711512,117,0.957091,344
510648,711512,116,0.958033,344
513848,711512,116,0.957274,344
517016,711512,116,0.956496,344
518920,711512,116,0.956010,344
518840,711512,117,0.956030,344
515192,711512,118,0.956929,344
517576,711512,118,0.956334,344
516904,711512,118,0.956512,344
514448,711512,118,0.957120,344
513704,711512,118,0.957309,344
512256,711512,119,0.957650,344
516224,711512,119,0.956690,344
517232,711512,119,0.956431,344
517072,711512,120,0.956470,344
513232,711512,120,0.957409,344
510232,711512,121,0.958106,344
513352,711512,121,0.957369,344
509584,711512,121,0.958254,344
512040,711512,121,0.957678,344
515360,711512,121,0.956877,344
511496,711512,122,0.957793,344
510360,711512,122,0.958066,344
508080,711512,121,0.947909,344
506816,711512,120,0.948288,344
502848,711512,120,0.949376,344
502952,711512,120,0.949335,344
503256,711512,120,0.951090,344
501104,711512,121,0.951637,344
502992,711512,121,0.951146,344
505504,711512,121,0.950481,344
506776,711512,121,0.950131,344
510768,711512,121,0.949028,344
512960,711512,121,0.948395,344
509864,711512,122,0.949268,336
510072,711512,122,0.949197,336
508408,711512,122,0.949667,336
510160,711512,122,0.949173,336
506168,711512,122,0.950269,336
508016,711512,122,0.949760,336
508576,711512,122,0.949595,336
505456,711512,122,0.950445,336
502016,711512,121,0.951360,336
499312,711512,121,0.952049,336
500008,711512,121,0.951865,336
503992,711512,121,0.950840,336
500400,711512,120,0.951779,336
500920,711512,120,0.951637,336
502448,711512,120,0.951238,336
506016,711512,120,0.950297,336
506736,711512,120,0.950092,336
510104,711512,120,0.949161,336
510608,711512,120,0.949008,336
507384,711512,120,0.949905,336
504184,711512,120,0.950766,336
507264,711512,120,0.949938,336
505464,711512,121,0.950417,336
506392,711512,120,0.950161,376
508608,711512,120,0.949549,376
509552,711512,120,0.949277,376
511072,711512,120,0.948840,376
509936,711512,119,0.949184,376
511256,711512,119,0.948801,376
509856,711512,119,0.949206,376
506416,711512,119,0.950154,376
506864,711512,119,0.950021,376
506040,711512,120,0.950242,376
508848,711512,120,0.949470,376
511456,711512,120,0.948732,376
507976,711512,121,0.949695,376
504408,711512,121,0.950659,376
501848,711512,121,0.951332,376
500096,711512,121,0.951785,376
502736,711512,121,0.951105,376
505256,711512,121,0.950436,376
506328,711512,121,0.950139,376
503664,711512,121,0.950853,376
504160,711512,121,0.950711,376
502704,711512,122,0.951088,376
502800,711512,122,0.951051,376
505304,711512,122,0.959550,376
505024,711512,122,0.959620,376
501464,711512,122,0.960386,352
498648,711512,122,0.960969,352
500600,711512,122,0.960563,352
502000,711512,122,0.960265,352
502784,711512,122,0.960091,352
498736,711512,123,0.960922,352
500768,711512,123,0.960499,352
499656,711512,124,0.960727,352
502544,711512,124,0.960121,352
500832,711512,124,0.960486,352
503112,711512,124,0.960002,352
501840,711512,125,0.960268,352
500184,711512,125,0.960619,352
500696,711512,125,0.960504,352
500440,711512,124,0.960577,352
501400,711512,124,0.960369,352
503736,711512,124,0.959870,352
501432,711512,125,0.960353,352
502688,711512,125,0.960081,352
501408,711512,125,0.960358,352
499192,711512,125,0.960821,352
499928,711512,125,0.960662,352
498408,711512,125,0.960979,352
499576,711512,125,0.960733,352
501952,711512,125,0.960235,352
498728,711512,125,0.960905,352
499984,711512,125,0.960640,352
497376,711512,125,0.961175,352
497912,711512,125,0.961059,352
494712,711512,125,0.961697,352
494384,711512,126,0.961766,320
496296,711512,126,0.961385,320
493520,711512,126,0.961932,320
492808,711512,127,0.962067,320
488712,711512,127,0.962837,320
486192,711512,127,0.963298,320
489296,711512,127,0.962730,320
487256,711512,127,0.963117,272
488560,711512,127,0.962873,272
490120,711512,127,0.962579,272
491936,711512,127,0.962232,272
489432,711512,127,0.954256,272
487112,711512,126,0.954793,272
485952,711512,126,0.955056,272
487648,711512,126,0.954675,272
487008,711512,125,0.954836,272
483040,711512,125,0.955699,272
481008,711512,125,0.956133,272
484488,711512,125,0.955392,272
487656,711512,125,0.954694,272
489920,711512,125,0.954179,272
492056,711512,125,0.953681,272
493552,711512,125,0.953322,272
492488,711512,125,0.953581,272
490392,711512,126,0.954061,272
489272,711512,126,0.954324,272
489672,711512,126,0.954224,272
486320,711512,126,0.954976,272
486992,711512,126,0.954819,272
489648,711512,126,0.954218,272
492176,711512,126,0.953631,272
494136,711512,126,0.953163,272
492952,711512,125,0.953462,272
495952,711512,124,0.952742,320
494776,711512,125,0.953023,320
498544,711512,125,0.952101,320
494800,711512,125,0.953017,320
492912,711512,125,0.953472,320
493576,711512,125,0.953306,320
491872,711512,124,0.953723,320
491168,711512,124,0.953896,320
492032,711512,124,0.953686,320
490984,711512,124,0.953937,320
491808,711512,124,0.953738,320
493528,711512,124,0.953328,320
497272,711512,124,0.952424,320
498944,711512,124,0.952002,320
498280,711512,124,0.952177,320
499760,711512,124,0.951799,320
496176,711512,124,0.934236,320
495424,711512,124,0.934502,320
499408,711512,124,0.933138,320
498976,711512,124,0.933303,320
500256,711512,124,0.932844,320
496800,711512,125,0.934027,320
494704,711512,125,0.934740,320
498144,711512,125,0.933571,320
497600,711512,126,0.933756,320
494560,711512,126,0.934787,320
497160,711512,126,0.947426,320
494336,711512,126,0.948186,320
496456,711512,126,0.947615,320
498712,711512,125,0.946998,352
500112,711512,125,0.946600,352
500608,711512,125,0.946449,352
498648,711512,125,0.947002,352
496768,711512,124,0.947536,352
493392,711512,124,0.948435,352
492368,711512,125,0.948711,304
494352,711512,125,0.948186,304
497960,711512,124,0.947224,320
500160,711512,124,0.946609,320
497856,711512,124,0.946514,320
494528,711512,124,0.947432,288
492888,711512,124,0.947875,288
489392,711512,124,0.948781,288
485408,711512,125,0.949763,288
484888,711512,126,0.949889,288
487080,711512,126,0.949344,288
486704,711512,125,0.949460,288
489592,711512,125,0.948731,288
490584,711512,125,0.948468,288
491752,711512,125,0.948872,288
494376,711512,125,0.948184,288
490632,711512,125,0.949155,288
494464,711512,125,0.948161,288
497528,711512,125,0.947336,288
500936,711512,125,0.946388,288
503160,711512,125,0.945747,288
500080,711512,126,0.946613,288
501784,711512,126,0.946124,288
498456,711512,127,0.947046,288
501272,711512,127,0.946254,288
497440,711512,127,0.947321,288
494728,711512,127,0.948055,288
493048,711512,128,0.948504,240
489232,711512,128,0.949480,240
490032,711512,128,0.949269,240
492160,711512,128,0.948719,240
492744,711512,128,0.948557,240
495480,711512,128,0.947831,240
494040,711512,128,0.948222,240
494304,711512,128,0.948140,240
490864,711512,128,0.949036,240
493408,711512,128,0.948373,240
490768,711512,128,0.949060,240
494856,711512,128,0.947996,240
491376,711512,127,0.944830,240
489848,711512,127,0.945258,240
493776,711512,127,0.944165,240
493216,711512,127,0.944335,240
494440,711512,127,0.943979,240
491624,711512,127,0.944776,240
494584,711512,127,0.943938,240
497240,711512,127,0.943163,240
496344,711512,127,0.943436,240
493376,711512,126,0.944304,240
496088,711512,126,0.943523,240
493768,711512,125,0.944208,240
496416,711512,125,0.943443,240
494832,711512,125,0.943909,240
491464,711512,125,0.944859,240
494040,711512,125,0.944132,240
497984,711512,125,0.942988,240
497488,711512,125,0.943147,240
494408,711512,125,0.944042,240
492560,711512,125,0.944571,240
491336,711512,125,0.944920,240
492392,711512,125,0.944617,240
494536,711512,125,0.944006,240
495648,711512,125,0.943677,240
493136,711512,126,0.944384,240
493936,711512,126,0.944148,240
495256,711512,126,0.943761,240
497296,711512,126,0.943161,240
495976,711512,127,0.943542,240
492648,711512,127,0.944493,240
489696,711512,127,0.945312,240
491696,711512,127,0.944756,240
487976,711512,126,0.945784,240
489472,711512,126,0.945372,240
490992,711512,126,0.944948,240
489688,711512,125,0.945327,240
490688,711512,125,0.945044,240
492040,711512,125,0.944661,240
489960,711512,125,0.945241,240
489696,711512,125,0.945325,240
488344,711512,125,0.945699,240
490752,711512,125,0.945040,240
489352,711512,126,0.945417,240
487992,711512,125,0.945805,240
489808,711512,125,0.945308,240
490712,711512,125,0.945051,240
486944,711512,126,0.946055,240
487528,711512,126,0.945889,240
484904,711512,126,0.946584,240
488752,711512,126,0.945565,240
492320,711512,126,0.944584,240
496240,711512,126,0.943466,240
494128,711512,126,0.944080,240
490152,711512,127,0.945176,240
488880,711512,128,0.945518,240
484896,711512,127,0.946586,240
482192,711512,127,0.947283,240
485096,711512,127,0.946534,240
486968,711512,127,0.946036,240
482888,711512,128,0.947084,240
485640,711512,128,0.956941,240
484416,711512,127,0.950581,240
484016,711512,127,0.950687,240
484984,711512,127,0.950446,240
488976,711512,127,0.949465,240
491656,711512,127,0.948780,240
489704,711512,127,0.949284,240
489016,711512,127,0.949467,240
492776,711512,127,0.948506,240
495768,711512,127,0.947712,240
499784,711512,127,0.953777,240
501736,711512,127,0.953294,240
499736,711512,127,0.953789,240
501608,711512,127,0.953325,240
500352,711512,127,0.953641,240
498776,711512,126,0.954040,240
500096,711512,126,0.953714,240
501752,711512,126,0.953302,240
501360,711512,126,0.953409,240
498296,711512,126,0.954153,240
498776,711512,126,0.954029,240
502608,711512,126,0.953092,240
502104,711512,127,0.953215,240
503616,711512,127,0.952830,240
500048,711512,127,0.953714,240
503232,711512,127,0.952925,240
502240,711512,127,0.953182,240
499432,711512,127,0.953873,240
497760,711512,128,0.954268,240
495384,711512,129,0.954818,240
495744,711512,129,0.954724,240
499240,711512,129,0.954763,240
503048,711512,129,0.953844,240
506456,711512,129,0.952988,240
504760,711512,129,0.953424,240
506504,711512,129,0.952976,240
505856,711512,128,0.953163,240
507408,711512,128,0.952759,240
506912,711512,127,0.952909,240
510280,711512,127,0.952028,240
506336,711512,127,0.953055,240
508624,711512,127,0.952460,240
505168,711512,127,0.953347,240
509032,711512,127,0.952354,240
506664,711512,126,0.952984,240
503400,711512,127,0.953794,240
501144,711512,128,0.954345,208
504616,711512,128,0.953491,208
507200,711512,128,0.952832,208
507896,711512,128,0.952643,208
507616,711512,128,0.952726,208
508552,711512,128,0.952474,208
506352,711512,128,0.953047,208
506856,711512,128,0.952907,208
504568,711512,128,0.953491,208
501936,711512,128,0.954144,208
502936,711512,128,0.953891,208
506296,711512,128,0.953049,208
505328,711512,128,0.953303,208
504728,711512,127,0.953476,208
505064,711512,127,0.953380,208
508432,711512,127,0.966133,208
505776,711512,126,0.966631,208
508312,711512,126,0.966164,208
507752,711512,126,0.966275,208
509040,711512,126,0.966030,208
507136,711512,126,0.966387,208
507488,711512,126,0.966314,208
505376,711512,126,0.966702,208
507352,711512,126,0.966339,208
505632,711512,125,0.966665,208
506352,711512,125,0.966528,208
502504,711512,124,0.954084,208
502024,711512,124,0.954211,208
498608,711512,123,0.955037,208
495200,711512,123,0.955821,208
492920,711512,124,0.956324,208
495552,711512,124,0.955732,208
494544,711512,124,0.955967,208
494008,711512,124,0.953166,208
496872,711512,124,0.952472,208
494344,711512,123,0.953099,208
498312,711512,123,0.952133,208
497240,711512,123,0.952406,208
500376,711512,123,0.951621,208
502344,711512,123,0.951110,208
502648,711512,123,0.951020,208
503552,711512,123,0.950774,208
504744,711512,123,0.950450,208
506920,711512,123,0.949858,208
503312,711512,123,0.950828,192
505760,711512,123,0.950173,192
502960,711512,122,0.950931,192
503488,711512,122,0.950782,192
501312,711512,122,0.951353,192
503824,711512,122,0.950695,192
502504,711512,123,0.951036,192
500944,711512,123,0.951446,192
499976,711512,123,0.951701,192
497104,711512,123,0.952420,192
496392,711512,123,0.952603,192
496504,711512,123,0.952565,192
500512,711512,123,0.951567,192
497040,711512,122,0.929791,192
500224,711512,122,0.928616,192
503512,711512,122,0.927361,192
501768,711512,122,0.928040,192
502896,711512,122,0.927596,192
504536,711512,122,0.926948,192
501168,711512,122,0.928247,192
497672,711512,122,0.929547,192
496176,711512,122,0.930099,192
500080,711512,122,0.949120,192
503984,711512,122,0.948058,192
507856,711512,122,0.946960,192
511360,711512,122,0.945923,192
510832,711512,122,0.946094,192
511192,711512,122,0.945973,192
507784,711512,122,0.946980,192
509280,711512,122,0.946535,192
505464,711512,123,0.947622,192
504672,711512,123,0.947855,192
503976,711512,123,0.948060,192
502664,711512,124,0.948418,192
506360,711512,124,0.947384,192
503224,711512,124,0.948266,192
504760,711512,124,0.947831,192
507424,711512,124,0.947069,192
505336,711512,125,0.947658,192
506152,711512,125,0.947416,192
502832,711512,126,0.948333,192
502248,711512,126,0.948504,192
498272,711512,125,0.949579,192
500720,711512,125,0.948926,192
504432,711512,124,0.947922,192
501112,711512,124,0.948834,192
497928,711512,124,0.949681,192
497208,711512,125,0.949865,192
494872,711512,125,0.950468,192
492464,711512,125,0.951073,192
490424,711512,124,0.951587,192
487576,711512,125,0.952257,192
487832,711512,125,0.952186,192
483840,711512,126,0.953097,192
487056,711512,126,0.952355,192
489248,711512,126,0.951832,192
491288,711512,126,0.951334,192
492416,711512,126,0.951050,192
495544,711512,126,0.950263,192
496432,711512,126,0.950026,192
499416,711512,126,0.949244,192
498584,711512,126,0.949474,192
499200,711512,126,0.949301,192
502768,711512,126,0.948337,192
503104,711512,126,0.948233,192
504128,711512,126,0.947939,192
501864,711512,126,0.948569,192
504728,711512,126,0.947773,192
502096,711512,125,0.948519,192
499208,711512,125,0.949299,192
499552,711512,125,0.949196,192
499800,711512,125,0.949118,192
497048,711512,126,0.949833,192
497080,711512,126,0.949812,192
494624,711512,126,0.950446,192
495656,711512,126,0.950174,192
494144,711512,126,0.950565,192
491872,711512,125,0.951147,192
493728,711512,125,0.950680,192
491280,711512,125,0.951290,192
490280,711512,126,0.951530,192
493520,711512,126,0.950732,192
497000,711512,126,0.955232,192
495712,711512,126,0.955535,192
492800,711512,126,0.956192,192
488944,711512,126,0.957029,192
490440,711512,126,0.956702,192
492512,711512,126,0.956244,192
488736,711512,125,0.957073,192
490832,711512,125,0.956618,192
492192,711512,125,0.956314,192
493120,711512,125,0.956101,192
492056,711512,126,0.956333,192
492184,711512,126,0.956295,192
488584,711512,126,0.957075,192
490624,711512,126,0.956632,192
489840,711512,126,0.956809,192
489632,711512,126,0.956864,192
488832,711512,127,0.957033,192
491328,711512,127,0.956491,192
488200,711512,127,0.957165,192
486224,711512,126,0.957594,192
483712,711512,126,0.958112,192
486936,711512,126,0.957448,192
488504,711512,126,0.957112,192
490784,711512,126,0.956618,192
487896,711512,126,0.957239,192
491376,711512,126,0.956491,192
487456,711512,126,0.957330,192
490512,711512,126,0.956676,192
491472,711512,126,0.956460,192
495336,711512,126,0.955598,192
493840,711512,125,0.955953,192
497240,711512,125,0.955177,192
496816,711512,125,0.955285,192
493992,711512,126,0.955919,192
492440,711512,126,0.956270,192
495352,711512,126,0.955616,192
494632,711512,126,0.955788,192
493960,711512,126,0.955947,192
494816,711512,126,0.955747,192
491816,711512,127,0.956416,144
494616,711512,127,0.955791,144
490856,711512,126,0.956633,144
494640,711512,126,0.962767,144
492984,711512,127,0.963075,144
494856,711512,127,0.962718,144
492384,711512,127,0.963186,144
493648,711512,127,0.962944,144
496480,711512,127,0.962401,144
498528,711512,126,0.961997,184
499464,711512,126,0.961804,184
499112,711512,126,0.961883,184
499760,711512,126,0.961745,184
497232,711512,127,0.962239,184
496536,711512,127,0.962382,184
500520,711512,127,0.961594,184
498448,711512,127,0.962013,184
500032,711512,127,0.961692,184
500752,711512,127,0.961538,184
499488,711512,127,0.961799,184
499464,711512,128,0.961804,184
500592,711512,128,0.961570,184
501848,711512,128,0.961308,184
501256,711512,128,0.961437,184
504448,711512,128,0.960774,184
501544,711512,129,0.961370,184
499448,711512,130,0.961788,184
495464,711512,130,0.962568,184
499104,711512,130,0.961856,184
501152,711512,130,0.961439,184
500296,711512,130,0.961620,184
498936,711512,130,0.961898,184
502752,711512,130,0.961124,184
500528,711512,130,0.961583,184
498488,711512,129,0.962005,184
501416,711512,129,0.961415,184
500936,711512,129,0.961521,184
498192,711512,129,0.962072,184
502072,711512,129,0.961292,184
504328,711512,129,0.960819,184
504568,711512,129,0.960759,184
505640,711512,129,0.960525,184
503784,711512,129,0.960922,184
502592,711512,129,0.961176,184
504984,711512,129,0.960672,184
506496,711512,129,0.966180,184
503952,711512,128,0.966653,184
506456,711512,128,0.966196,184
507072,711512,128,0.966075,184
503880,711512,128,0.966657,184
506280,711512,128,0.966219,184
503632,711512,128,0.966700,184
500720,711512,128,0.967213,184
498384,711512,128,0.967615,184
498736,711512,128,0.967548,184
494752,711512,128,0.963366,184
494032,711512,128,0.959650,184
497840,711512,128,0.958852,184
496840,711512,129,0.959062,184
494744,711512,129,0.959505,184
494712,711512,129,0.959521,184
495072,711512,129,0.959438,184
495520,711512,129,0.959336,184
496208,711512,129,0.959184,184
496552,711512,129,0.959102,184
499592,711512,129,0.958449,184
501792,711512,129,0.957960,184
500280,711512,129,0.958300,184
497240,711512,129,0.958958,184
498944,711512,129,0.958588,184
497128,711512,130,0.958972,184
493520,711512,129,0.959734,184
495208,711512,129,0.959380,184
492336,711512,129,0.959971,184
495456,711512,128,0.959334,208
497296,711512,128,0.958942,208
499144,711512,127,0.958548,216
498128,711512,127,0.958775,216
495016,711512,126,0.959443,216
495680,711512,126,0.959296,216
496920,711512,126,0.959029,216
495192,711512,126,0.959397,216
494832,711512,126,0.959480,216
491472,711512,125,0.956882,216
492200,711512,125,0.956716,216
491264,711512,124,0.954679,216
492288,711512,124,0.954437,216
492848,711512,124,0.954298,216
493016,711512,124,0.954249,216
490240,711512,123,0.954897,216
493144,711512,123,0.954231,216
491560,711512,123,0.954601,216
487472,711512,124,0.955504,216
489416,711512,124,0.955069,216
487296,711512,124,0.955542,216
485544,711512,123,0.955937,216
487824,711512,123,0.955438,216
484840,711512,123,0.956086,216
487296,711512,123,0.957767,216
491216,711512,123,0.962919,216
494200,711512,123,0.962354,216
491952,711512,123,0.962783,216
494808,711512,123,0.962238,216
493240,711512,122,0.962553,216
496472,711512,122,0.961928,216
493104,711512,122,0.962578,216
497112,711512,122,0.961804,216
494472,711512,122,0.962320,216
497856,711512,122,0.961658,216
496728,711512,121,0.961897,216
497920,711512,121,0.961655,216
496280,711512,120,0.953181,216
497160,711512,120,0.952960,216
495840,711512,119,0.953297,216
497480,711512,119,0.952895,216
496872,711512,118,0.953063,216
497024,711512,118,0.953015,216
493216,711512,118,0.953921,216
494944,711512,118,0.953508,216
493408,711512,119,0.953865,216
490128,711512,119,0.954621,216
493176,711512,119,0.953919,216
496456,711512,119,0.953140,216
494448,711512,119,0.953624,216
495472,711512,119,0.953373,216
491664,711512,119,0.954264,216
489384,711512,119,0.954797,168
489152,711512,118,0.951268,168
486464,711512,117,0.951923,168
485160,711512,117,0.952235,168
482296,711512,118,0.952882,168
482576,711512,118,0.952809,168
481960,711512,118,0.952957,168
478792,711512,118,0.953661,168
478512,711512,118,0.953731,168
474648,711512,117,0.954567,168
475488,711512,117,0.954382,168
476008,711512,117,0.954263,168
475672,711512,116,0.954354,168
478904,711512,116,0.953657,168
477248,711512,115,0.954032,168
474968,711512,115,0.954521,168
472392,711512,116,0.955049,168
470008,711512,116,0.955537,168
473712,711512,116,0.954780,168
475200,711512,116,0.954462,168
473328,711512,117,0.954849,168
474232,711512,117,0.954653,168
472848,711512,116,0.954957,168
469960,711512,115,0.955556,168
470600,711512,114,0.955421,208
468944,711512,114,0.955759,208
469376,711512,114,0.955664,208
472080,711512,114,0.955114,208
470952,711512,114,0.955351,208
473640,711512,114,0.954796,208
477360,711512,114,0.954010,208
475448,711512,114,0.954422,208
478160,711512,114,0.953839,208
482104,711512,114,0.952969,208
479888,711512,114,0.953467,208
481592,711512,114,0.953083,208
480928,711512,113,0.953250,208
479968,711512,114,0.953460,208
483448,711512,114,0.952680,208
482416,711512,115,0.952910,208
478632,711512,116,0.953738,208
475952,711512,115,0.954327,208
477728,711512,115,0.953942,208
478992,711512,115,0.953661,208
476392,711512,116,0.954214,208
475136,711512,117,0.954477,208
473152,711512,118,0.954886,208
472592,711512,117,0.955020,208
471928,711512,118,0.955155,208
475312,711512,118,0.966268,208
477848,711512,118,0.969234,208
477320,711512,117,0.969322,208
480064,711512,117,0.968922,208
479336,711512,118,0.969027,208
480728,711512,118,0.968818,208
476824,711512,117,0.962652,208
479064,711512,117,0.962254,208
478200,711512,118,0.962405,208
478824,711512,118,0.962288,208
480656,711512,118,0.961956,208
481072,711512,118,0.961873,208
480136,711512,119,0.962040,208
477328,711512,119,0.962540,208
478392,711512,119,0.967508,208
479224,711512,119,0.967375,208
480744,711512,119,0.967135,208
479840,711512,120,0.967274,208
481192,711512,120,0.967058,208
479256,711512,121,0.967356,208
481392,711512,121,0.967020,208
484184,711512,121,0.966572,208
488008,711512,121,0.965943,208
490040,711512,121,0.965595,208
493880,711512,121,0.964924,208
496080,711512,121,0.964525,208
500120,711512,121,0.963774,208
498752,711512,121,0.964038,208
501920,711512,121,0.963433,208
503080,711512,121,0.963201,208
503336,711512,121,0.963142,208
503544,711512,121,0.963093,208
502288,711512,121,0.963345,208
505736,711512,121,0.962661,208
503696,711512,121,0.963072,208
506376,711512,121,0.962533,208
503328,711512,121,0.963144,208
502160,711512,121,0.963378,208
503432,711512,120,0.963133,208
506176,711512,120,0.962583,208
504888,711512,121,0.962839,208
501960,711512,121,0.963417,208
501616,711512,122,0.963482,208
505248,711512,122,0.962768,208
506088,711512,122,0.962591,208
506144,711512,122,0.962570,208
504008,711512,122,0.963002,208
504912,711512,122,0.962815,208
504608,711512,122,0.962884,208
503216,711512,122,0.963166,208
502544,711512,121,0.963314,208
500304,711512,121,0.963749,208
498336,711512,121,0.964123,208
500904,711512,121,0.963636,208
503792,711512,121,0.963072,208
507744,711512,121,0.962276,208
505432,711512,120,0.962760,208
509144,711512,120,0.961999,208
510984,711512,120,0.961606,208
511224,711512,120,0.961545,208
507512,711512,120,0.962323,208
511200,711512,120,0.961550,208
510368,711512,120,0.961735,208
510760,711512,120,0.961643,208
510456,711512,119,0.961727,208
506440,711512,120,0.962549,208
504392,711512,120,0.962965,208
507200,711512,120,0.968585,208
504032,711512,121,0.969111,208
508016,711512,121,0.974612,208
510704,711512,121,0.974232,208
512608,711512,121,0.973953,208
512456,711512,120,0.973989,208
513016,711512,120,0.973901,208
512848,711512,120,0.973933,208
516576,711512,120,0.973647,208
514624,711512,120,0.969017,208
516600,711512,120,0.968662,208
514416,711512,119,0.969062,208
511432,711512,120,0.969569,208
508768,711512,121,0.970008,208
505552,711512,120,0.970537,208
508800,711512,120,0.970011,208
511328,711512,120,0.971300,208
515080,711512,120,0.970689,208
518720,711512,120,0.970069,208
517224,711512,120,0.970332,208
516344,711512,120,0.970487,208
516752,711512,120,0.970411,208
518768,711512,120,0.970061,208
517128,711512,120,0.970348,208
513400,711512,120,0.970970,208
517344,711512,120,0.973267,208
513480,711512,120,0.970735,208
514024,711512,120,0.970638,208
516776,711512,120,0.970172,208
515872,711512,120,0.970332,208
519952,711512,120,0.969626,208
516504,711512,120,0.970226,208
513472,711512,120,0.970736,208
515112,711512,119,0.970467,208
514496,711512,119,0.970576,208
516072,711512,119,0.970307,208
515720,711512,119,0.970374,208
515256,711512,118,0.970467,208
518960,711512,118,0.969832,208
521768,711512,118,0.969330,208
522992,711512,118,0.969101,208
520976,711512,118,0.969471,208
518176,711512,118,0.967776,208
517760,711512,117,0.967870,208
519880,711512,117,0.967468,208
517736,711512,118,0.967865,208
516568,711512,119,0.968077,208
514560,711512,119,0.962231,208
515656,711512,119,0.961988,208
515112,711512,119,0.962114,208
516176,711512,119,0.961877,208
517184,711512,118,0.961657,216
514472,711512,118,0.962248,216
513824,711512,117,0.962404,216
516424,711512,117,0.967622,216
515976,711512,117,0.967713,216
517672,711512,117,0.967393,216
514840,711512,117,0.967918,216
511440,711512,117,0.968525,216
514544,711512,117,0.967971,216
515576,711512,117,0.967777,216
515144,711512,118,0.967855,216
518944,711512,118,0.967146,216
522800,711512,118,0.966395,216
522448,711512,119,0.966464,216
519696,711512,119,0.967004,216
519640,711512,118,0.967033,216
522520,711512,118,0.966469,216
525144,711512,118,0.965937,216
526152,711512,118,0.965722,216
529688,711512,118,0.965509,216
531312,711512,118,0.974630,216
531912,711512,118,0.974528,216
529120,711512,118,0.974968,216
530808,711512,118,0.974701,216
528960,711512,119,0.974987,208
530064,711512,119,0.974810,208
527872,711512,119,0.975151,208
524328,711512,119,0.968156,208
523248,711512,119,0.968367,208
521760,711512,118,0.968658,208
523464,711512,118,0.968335,208
523784,711512,118,0.968267,208
521080,711512,119,0.968765,208
521664,711512,119,0.968650,208
523208,711512,119,0.968356,208
524888,711512,119,0.968032,208
523200,711512,119,0.968358,208
519632,711512,120,0.969008,208
520768,711512,120,0.968795,208
517888,711512,120,0.969316,208
514384,711512,120,0.969880,208
516232,711512,119,0.969560,240
518888,711512,119,0.969088,240
521872,711512,119,0.968541,240
518080,711512,119,0.969231,240
521328,711512,119,0.968641,240
520816,711512,119,0.968743,240
521864,711512,119,0.968543,240
518848,711512,118,0.951501,240
517152,711512,118,0.951981,240
518480,711512,118,0.951603,240
520120,711512,118,0.951132,240
519072,711512,118,0.951439,240
522224,711512,118,0.968486,240
521280,711512,118,0.968667,240
522360,711512,118,0.968460,240
521520,711512,118,0.968623,240
522024,711512,118,0.968522,240
519424,711512,118,0.961137,240
522528,711512,118,0.960420,240
521968,711512,118,0.960560,240
518032,711512,118,0.954614,240
515176,711512,119,0.955341,240
516576,711512,119,0.954975,240
515520,711512,119,0.955255,240
513816,711512,120,0.955679,240
516512,711512,120,0.954992,240
516456,711512,120,0.955018,240
518512,711512,120,0.954477,240
515704,711512,120,0.955208,240
516832,711512,120,0.954910,240
518568,711512,120,0.954450,240
521520,711512,120,0.953654,240
524472,711512,120,0.952830,240
522952,711512,120,0.953264,240
520672,711512,120,0.953895,240
522536,711512,120,0.953378,240
525848,711512,120,0.952442,240
523040,711512,120,0.953240,240
519792,711512,120,0.954128,240
522488,711512,120,0.953391,240
524296,711512,120,0.952879,240
522040,711512,120,0.953513,240
521536,711512,119,0.953676,240
523040,711512,119,0.953253,240
523136,711512,119,0.953214,240
520248,711512,120,0.953995,240
522808,711512,120,0.953291,240
520752,711512,121,0.953848,240
521088,711512,121,0.953745,240
518952,711512,121,0.954324,240
515720,711512,121,0.955168,240
517808,711512,121,0.954622,240
517448,711512,121,0.954727,240
514912,711512,121,0.955383,240
514808,711512,121,0.955421,240
518352,711512,121,0.959993,240
521656,711512,121,0.959211,240
523272,711512,121,0.958812,240
519792,711512,122,0.959638,240
523376,711512,122,0.958775,240
525768,711512,122,0.966348,240
523904,711512,122,0.966728,240
521448,711512,123,0.967204,240
522040,711512,123,0.967081,240
521016,711512,124,0.967277,240
524304,711512,124,0.966630,240
522744,711512,124,0.966945,240
526184,711512,124,0.972678,240
528808,711512,124,0.972233,240
527992,711512,124,0.972378,240
525360,711512,125,0.972812,240
528808,711512,125,0.972233,240
527712,711512,126,0.972417,240
531680,711512,125,0.971730,288
532024,711512,125,0.971662,288
528096,711512,124,0.958966,288
528808,711512,124,0.958776,288
528552,711512,125,0.958840,288
530168,711512,125,0.958419,288
528432,711512,125,0.958870,288
524392,711512,125,0.959867,288
526128,711512,125,0.959438,288
522248,711512,125,0.960371,288
520344,711512,124,0.946384,288
524080,711512,124,0.945183,288
527376,711512,124,0.944077,288
527648,711512,124,0.943969,288
526384,711512,123,0.944426,288
530064,711512,123,0.943154,288
529784,711512,123,0.943269,288
530264,711512,123,0.943085,288
528784,711512,123,0.943614,288
530064,711512,123,0.943154,288
527408,711512,123,0.944082,288
525720,711512,123,0.944662,288
529112,711512,123,0.958724,288
530336,711512,123,0.958401,288
528856,711512,123,0.958788,288
531512,711512,123,0.958098,288
527432,711512,123,0.959142,288
531424,711512,123,0.958121,288
527720,711512,123,0.959071,288
531072,711512,123,0.964041,288
527968,711512,123,0.964727,288
525224,711512,123,0.965314,288
523824,711512,123,0.965610,288
525312,711512,123,0.965295,288
526848,711512,123,0.964965,288
530424,711512,123,0.964184,288
528528,711512,123,0.964607,288
525088,711512,123,0.965342,288
526928,711512,123,0.964948,288
528480,711512,123,0.964607,288
527592,711512,123,0.964807,288
530576,711512,123,0.964150,288
526888,711512,124,0.964946,288
529552,711512,124,0.964364,288
526928,711512,124,0.964938,288
528480,711512,123,0.964603,304
528368,711512,122,0.964648,304
531016,711512,122,0.964060,304
529792,711512,122,0.964340,304
530192,711512,122,0.964242,304
529936,711512,122,0.964308,304
526584,711512,122,0.959370,304
530200,711512,122,0.958456,304
529752,711512,122,0.958582,304
525920,711512,122,0.959543,304
521912,711512,122,0.960501,304
519520,711512,123,0.961044,304
521344,711512,123,0.960620,304
521184,711512,123,0.960668,304
517544,711512,123,0.961493,304
513720,711512,123,0.948428,304
517360,711512,122,0.947347,352
521080,711512,122,0.946195,352
524280,711512,122,0.959936,352
527288,711512,122,0.959197,352
530096,711512,122,0.958483,352
530328,711512,122,0.958411,352
528136,711512,122,0.958976,352
528576,711512,122,0.958854,352
526736,711512,122,0.959321,352
527168,711512,122,0.959203,352
529248,711512,122,0.958673,352
528928,711512,122,0.958768,344
525728,711512,122,0.944657,344
528200,711512,121,0.943814,384
528400,711512,121,0.943729,384
524784,711512,121,0.944954,384
523648,711512,122,0.945323,384
526064,711512,122,0.944516,384
529080,711512,122,0.943479,384
526272,711512,122,0.944447,384
522352,711512,122,0.945738,384
519952,711512,122,0.946505,384
517456,711512,123,0.947265,384
518296,711512,123,0.946997,384
518696,711512,123,0.946861,384
518152,711512,122,0.947068,344
521848,711512,122,0.945911,344
517880,711512,122,0.947150,344
520528,711512,122,0.946324,344
516992,711512,122,0.947416,344
515920,711512,123,0.947734,344
514248,711512,123,0.948237,344
511008,711512,123,0.949170,344
513608,711512,123,0.948421,344
513192,711512,123,0.948554,344
509472,711512,123,0.949608,344
506864,711512,123,0.950326,344
506224,711512,123,0.950509,344
509360,711512,123,0.949652,344
511312,711512,123,0.949099,344
509688,711512,124,0.949549,344
508744,711512,125,0.949807,344
511064,711512,125,0.949155,344
513416,711512,125,0.948476,344
511712,711512,126,0.948960,344
513624,711512,126,0.948403,344
513104,711512,125,0.948579,344
509792,711512,125,0.949520,344
507952,711512,125,0.950035,344
511336,711512,125,0.949092,344
510344,711512,125,0.949381,344
513672,711512,125,0.948430,344
511224,711512,125,0.949137,344
508904,711512,125,0.949790,344
505264,711512,125,0.950774,344
506048,711512,125,0.950555,344
509824,711512,125,0.967396,344
510088,711512,125,0.967341,344
510448,711512,125,0.967268,344
512624,711512,125,0.966865,344
513376,711512,125,0.966717,344
516408,711512,125,0.966137,344
518280,711512,125,0.965765,344
516088,711512,125,0.966198,344
518096,711512,125,0.965801,344
515384,711512,125,0.966332,344
513664,711512,125,0.966664,344
513344,711512,125,0.966732,344
515968,711512,125,0.969210,344
513400,711512,125,0.969658,344
515912,711512,125,0.969220,344
517984,711512,125,0.968847,344
521048,711512,125,0.968283,344
523600,711512,125,0.967797,344
520368,711512,125,0.968408,344
521608,711512,125,0.968171,344
523640,711512,125,0.967780,344
524088,711512,125,0.967685,344
527704,711512,125,0.967065,344
524312,711512,124,0.961486,344
524552,711512,124,0.961420,344
522680,711512,125,0.961844,344
523568,711512,125,0.961633,344
519600,711512,126,0.962522,296
518672,711512,127,0.962730,256
518928,711512,127,0.962665,256
519144,711512,127,0.962608,256
515104,711512,127,0.963468,256
513752,711512,126,0.963763,256
516608,711512,126,0.963166,256
515328,711512,127,0.963432,256
514488,711512,127,0.963614,256
518320,711512,127,0.962805,256
514520,711512,127,0.963607,256
513408,711512,127,0.963842,256
513880,711512,127,0.963737,256
511488,711512,126,0.964234,256
514128,711512,126,0.969598,256
513184,711512,127,0.969758,256
511848,711512,127,0.969989,256
515600,711512,126,0.969349,288
517000,711512,126,0.969097,288
516200,711512,127,0.969236,288
517168,711512,127,0.969059,288
515112,711512,126,0.944889,288
512512,711512,127,0.945683,288
509776,711512,127,0.946507,288
507304,711512,128,0.947230,248
505352,711512,128,0.947792,248
506296,711512,128,0.947515,248
507216,711512,128,0.947242,248
506312,711512,128,0.947510,248
508656,711512,128,0.946830,248
505488,711512,128,0.947741,248
504248,711512,128,0.948097,248
506696,711512,128,0.947402,248
510408,711512,128,0.946320,248
509976,711512,129,0.946447,248
506240,711512,129,0.947531,248
510208,711512,129,0.946379,248
513376,711512,129,0.945419,248
513136,711512,129,0.945506,248
515912,711512,129,0.944638,248
519632,711512,129,0.964197,248
523648,711512,129,0.964330,248
520696,711512,130,0.964941,248
522632,711512,130,0.964532,248
525832,711512,130,0.963843,248
526256,711512,130,0.963740,248
522968,711512,130,0.964452,248
522560,711512,130,0.964547,248
519616,711512,130,0.965159,248
517264,711512,131,0.965626,248
517352,711512,131,0.965599,248
521368,711512,130,0.964794,248
522776,711512,129,0.964496,280
520032,711512,130,0.965059,280
517336,711512,130,0.965605,280
515464,711512,130,0.965977,280
517152,711512,130,0.965641,280
517168,711512,130,0.965629,280
514152,711512,131,0.966209,280
517416,711512,131,0.965571,280
519400,711512,131,0.965167,280
523064,711512,131,0.964405,280
521512,711512,132,0.964731,264
523320,711512,132,0.964345,264
521680,711512,131,0.963304,264
519128,711512,131,0.963853,264
520280,711512,131,0.963602,264
518664,711512,131,0.963949,264
518320,711512,132,0.964021,264
521072,711512,132,0.963434,264
521920,711512,132,0.963242,264
522896,711512,132,0.963021,264
526808,711512,132,0.963585,264
530384,711512,132,0.962771,264
528312,711512,131,0.963262,264
525688,711512,130,0.963860,264
529736,711512,130,0.966681,264
530136,711512,129,0.966599,264
526176,711512,129,0.967403,264
525232,711512,129,0.967596,264
524840,711512,130,0.967671,264
523816,711512,130,0.967876,264
525440,711512,130,0.967555,264
526376,711512,130,0.967364,264
530320,711512,130,0.966562,264
531968,711512,130,0.966209,264
528288,711512,129,0.957454,264
529720,711512,129,0.957068,264
527872,711512,130,0.957557,232
530120,711512,130,0.956958,232
528408,711512,130,0.957419,232
530192,711512,130,0.956939,232
526616,711512,130,0.957878,232
528376,711512,130,0.957415,232
525152,711512,130,0.958246,232
525136,711512,130,0.958262,232
525832,711512,130,0.958076,232
522880,711512,129,0.958827,232
524784,711512,129,0.958349,232
523384,711512,128,0.958717,232
525640,711512,128,0.958148,232
526784,711512,128,0.957848,232
526584,711512,129,0.957898,232
529872,711512,129,0.957036,232
526584,711512,129,0.957898,232
525032,711512,129,0.958300,232
525104,711512,129,0.958270,232
523480,711512,129,0.958682,232
526336,711512,129,0.957961,232
527712,711512,129,0.957598,232
524592,711512,129,0.958403,208
528120,711512,129,0.957500,208
526136,711512,129,0.958017,208
529552,711512,129,0.957127,208
526304,711512,129,0.957975,208
525328,711512,129,0.958232,208
528384,711512,129,0.957444,208
526208,711512,129,0.958011,208
530200,711512,129,0.956969,208
532616,711512,129,0.966094,208
531344,711512,129,0.966371,208
532384,711512,129,0.966143,208
529376,711512,129,0.965553,208
526208,711512,129,0.966217,208
529560,711512,129,0.965514,208
530872,711512,129,0.965224,208
529176,711512,128,0.965605,208
528272,711512,127,0.965814,208
528144,711512,127,0.965850,208
527040,711512,126,0.966097,208
526456,711512,126,0.966225,208
529752,711512,126,0.966758,208
531464,711512,126,0.966396,208
534808,711512,126,0.965676,208
530904,711512,127,0.966502,208
528856,711512,126,0.966461,168
525568,711512,126,0.967128,168
526672,711512,125,0.966902,208
528168,711512,125,0.966592,208
530408,711512,125,0.966123,208
528208,711512,125,0.966584,208
528400,711512,125,0.966536,208
526456,711512,125,0.966935,208
523408,711512,125,0.967538,208
526272,711512,125,0.966972,208
529448,711512,125,0.966321,208
526752,711512,126,0.966867,208
530232,711512,126,0.966149,208
526936,711512,125,0.955289,208
530480,711512,125,0.954302,208
528632,711512,125,0.954828,208
524800,711512,125,0.955869,208
524368,711512,124,0.956007,208
523720,711512,123,0.956200,208
522032,711512,123,0.956643,208
524184,711512,123,0.956080,208
524360,711512,123,0.956022,208
525264,711512,123,0.955772,208
525072,711512,123,0.955836,208
523672,711512,123,0.956212,208
523720,711512,123,0.956188,208
527528,711512,123,0.955168,208
527192,711512,123,0.955272,208
528304,711512,123,0.954958,208
526760,711512,123,0.955388,208
527560,711512,123,0.955160,208
530936,711512,123,0.954214,208
531568,711512,123,0.954021,208
531808,711512,123,0.953939,208
534096,711512,123,0.966896,208
530296,711512,122,0.956394,208
534048,711512,122,0.955352,208
533208,711512,122,0.955600,208
530432,711512,122,0.956370,208
529152,711512,122,0.956723,208
525280,711512,121,0.950749,208
525352,711512,121,0.950714,208
527352,711512,121,0.950106,208
527256,711512,122,0.950135,208
529464,711512,122,0.956628,208
526296,711512,123,0.957451,208
526840,711512,123,0.957299,208
530032,711512,123,0.956451,208
529688,711512,122,0.956569,208
529920,711512,122,0.956494,208
532560,711512,122,0.955766,208
529232,711512,122,0.956677,208
531984,711512,122,0.955924,208
527968,711512,123,0.956995,208
527368,711512,122,0.957176,208
527384,711512,122,0.957159,208
528840,711512,122,0.963340,208
526200,711512,122,0.963930,208
524888,711512,123,0.964211,208
524384,711512,123,0.964328,208
522824,711512,123,0.964664,208
522424,711512,124,0.964747,208
521344,711512,123,0.964988,208
518552,711512,123,0.965557,208
520160,711512,123,0.965227,208
521448,711512,122,0.964957,256
522560,711512,122,0.964719,256
523960,711512,122,0.964417,256
521448,711512,122,0.964947,256
521000,711512,121,0.965058,256
523320,711512,121,0.964571,256
522536,711512,122,0.964734,256
518584,711512,122,0.965541,256
515208,711512,122,0.960952,256
518312,711512,122,0.960249,256
519208,711512,122,0.960033,256
518944,711512,123,0.960094,256
522264,711512,122,0.959315,272
521200,711512,122,0.959578,272
522504,711512,122,0.959258,272
523416,711512,122,0.959028,272
524688,711512,122,0.958707,272
526656,711512,122,0.958207,272
523392,711512,123,0.959011,272
519864,711512,124,0.959845,272
522496,711512,124,0.959214,272
523016,711512,123,0.959088,280
525680,711512,123,0.964016,280
528408,711512,123,0.963409,280
526576,711512,123,0.963822,280
523096,711512,123,0.964573,280
523904,711512,123,0.964394,280
523648,711512,123,0.964458,280
522536,711512,123,0.964699,280
520288,711512,122,0.952876,280
516320,711512,122,0.953946,280
515312,711512,122,0.954219,280
514576,711512,122,0.954419,280
515112,711512,122,0.954270,280
518808,711512,122,0.953289,280
522168,711512,122,0.952359,280
522288,711512,122,0.952312,280
518576,711512,122,0.953338,280
520704,711512,122,0.952750,280
522032,711512,122,0.952370,280
523664,711512,122,0.951898,280
524824,711512,122,0.951552,280
524488,711512,122,0.951663,280
527264,711512,122,0.950839,280
526256,711512,122,0.951153,272
530264,711512,122,0.949936,272
526256,711512,122,0.951153,272
526280,711512,122,0.951132,272
522896,711512,122,0.952117,272
524808,711512,122,0.951559,272
522488,711512,122,0.952231,272
522400,711512,122,0.952269,272
520944,711512,122,0.952686,272
521896,711512,122,0.952410,272
518264,711512,121,0.953424,272
519496,711512,121,0.953080,272
519664,711512,121,0.953022,272
518152,711512,122,0.953428,272
521104,711512,121,0.952618,312
524216,711512,121,0.957937,312
523744,711512,121,0.958066,312
523200,711512,122,0.958200,312
523768,711512,122,0.958048,312
525576,711512,122,0.957583,312
522096,711512,121,0.958470,312
525856,711512,121,0.958911,312
523920,711512,121,0.959393,312
526288,711512,121,0.958805,312
524200,711512,121,0.959326,312
525888,711512,121,0.958903,312
524128,711512,120,0.959355,312
520512,711512,121,0.960206,312
524560,711512,121,0.959239,312
528440,711512,120,0.958267,360
526920,711512,120,0.958660,360
530952,711512,120,0.961320,360
528944,711512,120,0.961805,360
531920,711512,120,0.961088,360
530288,711512,120,0.961489,360
529000,711512,121,0.961803,312
529112,711512,121,0.961765,312
529672,711512,121,0.961623,312
527472,711512,122,0.962133,312
531248,711512,121,0.961238,360
530728,711512,120,0.961385,360
529568,711512,120,0.961670,360
526608,711512,121,0.962351,360
528056,711512,121,0.962010,360
526944,711512,122,0.962264,360
527240,711512,122,0.962186,360
527608,711512,122,0.962091,360
530144,711512,122,0.961489,360
526760,711512,123,0.962273,360
530504,711512,123,0.961393,360
527640,711512,122,0.962083,360
529152,711512,122,0.961722,360
528976,711512,122,0.961775,360
530776,711512,122,0.965629,360
527832,711512,121,0.966262,360
529144,711512,121,0.965982,360
526936,711512,122,0.966434,360
523576,711512,121,0.951172,360
525352,711512,121,0.950641,360
522160,711512,120,0.951590,360
521000,711512,120,0.951930,360
523472,711512,120,0.951216,360
522776,711512,119,0.951443,360
519712,711512,119,0.952313,360
520024,711512,119,0.952214,360
518624,711512,119,0.952610,360
518768,711512,118,0.952562,392
522456,711512,118,0.951525,392
521416,711512,118,0.951831,392
517664,711512,117,0.952886,392
520048,711512,117,0.952225,392
523312,711512,117,0.951294,392
521312,711512,117,0.951874,392
521472,711512,117,0.951816,392
522920,711512,117,0.951392,392
526888,711512,117,0.950219,392
526528,711512,117,0.950341,392
526288,711512,117,0.950426,392
529864,711512,117,0.949327,392
532160,711512,117,0.948589,392
529056,711512,117,0.949576,392
528184,711512,116,0.949872,392
527912,711512,116,0.949969,392
531664,711512,116,0.948793,392
531032,711512,116,0.949007,392
533168,711512,116,0.948312,392
531592,711512,117,0.948816,392
528536,711512,117,0.949779,392
530616,711512,117,0.949123,392
527072,711512,117,0.950221,392
527944,711512,117,0.949944,392
530232,711512,117,0.949227,392
533848,711512,117,0.948060,392
534464,711512,117,0.947843,392
533152,711512,117,0.948286,392
532464,711512,116,0.948538,392
531504,711512,115,0.948874,392
535584,711512,115,0.956154,392
536600,711512,115,0.955856,392
537624,711512,115,0.955552,392
537608,711512,115,0.955570,392
538520,711512,115,0.955295,392
536016,711512,114,0.955271,392
534888,711512,114,0.955603,392
535552,711512,114,0.955402,392
535688,711512,114,0.955350,392
533648,711512,114,0.955934,392
537272,711512,114,0.954897,392
535808,711512,114,0.955330,392
532976,711512,114,0.956132,392
534600,711512,114,0.955670,392
530904,711512,115,0.956678,392
529264,711512,115,0.957123,392
525560,711512,115,0.958081,392
526584,711512,115,0.957812,392
523040,711512,115,0.958701,392
520960,711512,115,0.959210,392
523992,711512,115,0.959177,392
524160,711512,115,0.959125,392
525400,711512,115,0.958811,392
521384,711512,115,0.959784,392
522448,711512,115,0.959523,392
524784,711512,115,0.958950,392
521736,711512,114,0.959702,392
520712,711512,114,0.959952,392
521624,711512,114,0.959728,392
523536,711512,114,0.959263,392
523568,711512,114,0.959244,392
521832,711512,113,0.959679,392
518536,711512,114,0.960439,392
519904,711512,114,0.960116,392
520232,711512,114,0.960030,392
517704,711512,114,0.960616,392
518120,711512,114,0.960511,392
514544,711512,114,0.953126,392
514712,711512,114,0.953070,392
513776,711512,114,0.953327,392
513336,711512,115,0.953441,392
515616,711512,115,0.952831,392
516144,711512,115,0.952678,392
514608,711512,116,0.953084,392
516416,711512,116,0.952592,392
514968,711512,116,0.952990,392
516504,711512,116,0.952568,392
513320,711512,116,0.953420,392
509600,711512,117,0.954363,392
512200,711512,117,0.953696,392
513256,711512,117,0.953412,392
510840,711512,117,0.954041,392
513024,711512,117,0.953472,392
511832,711512,117,0.953790,392
511536,711512,117,0.953877,392
510504,711512,117,0.954150,392
508720,711512,117,0.954605,392
507416,711512,117,0.954934,392
508616,711512,117,0.954630,392
505512,711512,116,0.954083,392
504872,711512,116,0.954260,352
508592,711512,116,0.954669,352
512680,711512,116,0.966684,352
515880,711512,116,0.966075,352
517608,711512,116,0.965732,352
520760,711512,116,0.965097,352
519504,711512,115,0.965368,352
518360,711512,115,0.965604,352
520256,711512,115,0.965218,352
520936,711512,115,0.965071,352
522744,711512,115,0.964691,352
521312,711512,116,0.964985,352
524880,711512,116,0.968461,352
523552,711512,117,0.968707,352
522640,711512,117,0.968883,352
523792,711512,117,0.968663,352
524864,711512,117,0.968455,352
523416,711512,118,0.968724,352
526528,711512,117,0.968138,360
526368,711512,118,0.968169,360
529744,711512,118,0.967502,360
528208,711512,118,0.967814,360
529648,711512,118,0.967521,360
529400,711512,117,0.967589,360
525680,711512,117,0.948516,360
521968,711512,116,0.949659,360
524488,711512,116,0.948894,360
525464,711512,116,0.948582,360
524176,711512,116,0.948988,360
520400,711512,117,0.950102,360
520544,711512,117,0.950046,360
523416,711512,117,0.949188,360
521808,711512,118,0.949664,360
522576,711512,118,0.949423,360
525912,711512,118,0.948400,360
522272,711512,118,0.949528,312
520152,711512,118,0.950159,312
516848,711512,118,0.951106,312
517928,711512,118,0.950791,312
514592,711512,118,0.951723,312
517056,711512,118,0.951035,312
517728,711512,118,0.950834,312
520680,711512,118,0.949979,312
518952,711512,118,0.950489,312
521040,711512,118,0.949875,312
518760,711512,117,0.950557,312
519032,711512,117,0.950466,312
515080,711512,117,0.951577,312
517152,711512,117,0.950995,312
513832,711512,117,0.951918,296
511080,711512,118,0.952644,296
513224,711512,118,0.952068,296
516488,711512,118,0.951170,296
514648,711512,118,0.951686,296
515432,711512,118,0.951460,296
514024,711512,118,0.951863,264
516736,711512,118,0.966742,264
513008,711512,118,0.967439,264
514784,711512,118,0.967106,264
512752,711512,118,0.967485,264
510120,711512,117,0.967969,264
512496,711512,117,0.967539,264
509512,711512,117,0.968074,264
507736,711512,117,0.968388,264
510504,711512,117,0.967901,264
511984,711512,117,0.967631,264
511624,711512,117,0.967704,264
508472,711512,117,0.968262,264
508400,711512,118,0.968275,264
506032,711512,118,0.968683,264
502728,711512,117,0.969241,264
503696,711512,117,0.969077,264
506120,711512,117,0.968669,264
508224,711512,117,0.968305,264
510856,711512,117,0.967839,264
507576,711512,117,0.957657,264
511224,711512,116,0.956806,280
508496,711512,116,0.957454,280
510712,711512,116,0.956927,280
513456,711512,116,0.956259,280
510808,711512,115,0.956916,280
514352,711512,115,0.956052,280
517096,711512,115,0.955356,280
516256,711512,115,0.955580,280
519560,711512,115,0.954723,280
516216,711512,115,0.955590,280
517032,711512,115,0.955372,280
516864,711512,114,0.955439,280
516960,711512,114,0.955402,280
515152,711512,115,0.955855,280
518968,711512,115,0.954877,280
517080,711512,115,0.955372,280
516232,711512,116,0.955586,280
517072,711512,116,0.955362,280
516120,711512,116,0.955614,280
519616,711512,116,0.954709,280
518600,711512,116,0.954984,280
521216,711512,116,0.954288,280
525016,711512,116,0.953243,280
524616,711512,116,0.953367,280
520896,711512,117,0.954373,280
521768,711512,117,0.954128,280
518816,711512,117,0.954916,280
519232,711512,117,0.954796,280
521256,711512,117,0.954252,280
518880,711512,117,0.954887,280
520696,711512,117,0.954400,280
518920,711512,116,0.954889,280
514976,711512,116,0.955898,280
511864,711512,117,0.956654,280
512392,711512,117,0.956516,280
512368,711512,118,0.956522,280
509680,711512,118,0.957169,280
506064,711512,117,0.958017,280
509336,711512,117,0.957260,280
509864,711512,117,0.957126,280
513544,711512,117,0.958417,280
516320,711512,117,0.957753,280
518912,711512,117,0.957114,280
515648,711512,117,0.957913,280
517744,711512,116,0.957403,312
515088,711512,117,0.958038,312
511008,711512,118,0.958977,312
510296,711512,118,0.959147,312
507672,711512,118,0.959735,312
509712,711512,118,0.959277,312
513352,711512,118,0.958443,312
514528,711512,118,0.958158,312
512656,711512,118,0.958603,312
510576,711512,117,0.959095,312
514304,711512,117,0.958233,312
515880,711512,117,0.957851,312
516824,711512,117,0.957614,312
512856,711512,118,0.958546,312
514120,711512,118,0.958242,312
512312,711512,117,0.958681,312
509720,711512,117,0.959275,312
509304,711512,118,0.959367,312
507936,711512,119,0.959667,312
510144,711512,119,0.959170,312
513952,711512,119,0.958292,312
514184,711512,119,0.958227,312
515120,711512,119,0.957996,312
513024,711512,120,0.958492,280
509760,711512,120,0.959241,280
507728,711512,120,0.959698,280
504064,711512,120,0.960489,280
504656,711512,120,0.960354,280
505504,711512,120,0.960165,280
506256,711512,120,0.959995,280
505232,711512,121,0.960213,280
504360,711512,121,0.960407,280
505488,711512,121,0.960159,280
507992,711512,121,0.972526,280
511008,711512,121,0.972064,280
508360,711512,120,0.972478,280
505248,711512,121,0.972935,272
502952,711512,121,0.965745,272
506896,711512,121,0.965011,272
504376,711512,121,0.965487,272
507920,711512,121,0.964818,272
510448,711512,121,0.964322,272
514528,711512,121,0.963497,272
513040,711512,120,0.963818,272
515992,711512,120,0.963205,272
512048,711512,119,0.964026,272
510248,711512,118,0.964398,272
513440,711512,117,0.963762,296
514136,711512,117,0.963611,296
510960,711512,117,0.956491,296
513072,711512,117,0.955970,296
511920,711512,118,0.956249,296
514848,711512,118,0.955520,296
514224,711512,118,0.955687,296
513472,711512,118,0.955884,296
514664,711512,118,0.955577,296
516464,711512,118,0.955113,296
515200,711512,118,0.955444,296
517752,711512,118,0.954784,296
516064,711512,118,0.955227,296
515088,711512,118,0.955484,296
518816,711512,118,0.955116,296
519288,711512,118,0.954982,296
515488,711512,118,0.955956,296
519472,711512,118,0.954935,296
515656,711512,117,0.955927,296
512800,711512,117,0.956635,296
513120,711512,117,0.956547,296
514768,711512,117,0.956134,296
512480,711512,118,0.956689,296
515688,711512,118,0.955895,296
515160,711512,117,0.956049,296
517528,711512,117,0.955445,296
517392,711512,117,0.955492,296
520160,711512,117,0.961791,296
517512,711512,116,0.951835,296
519576,711512,116,0.951250,296
515936,711512,117,0.952250,296
517160,711512,117,0.951905,296
513416,711512,117,0.952919,296
517088,711512,117,0.951925,296
515384,711512,118,0.952385,296
519416,711512,118,0.951268,296
518216,711512,119,0.951602,296
521320,711512,118,0.950724,312
520784,711512,117,0.950904,312
522136,711512,117,0.950502,312
519920,711512,117,0.951149,312
515976,711512,118,0.952235,312
519984,711512,118,0.963580,312
523992,711512,118,0.970364,312
523920,711512,118,0.970385,312
522016,711512,118,0.970723,312
523208,711512,118,0.970509,312
524608,711512,118,0.970256,312
523664,711512,119,0.970422,312
526312,711512,118,0.969944,360
525720,711512,118,0.970059,360
526208,711512,118,0.969963,360
525136,711512,118,0.970163,360
528880,711512,118,0.969474,360
527104,711512,118,0.969809,360
524688,711512,117,0.970259,360
524272,711512,117,0.970341,360
524880,711512,117,0.970225,360
525136,711512,117,0.970171,360
526304,711512,117,0.969954,360
522528,711512,118,0.970627,312
523656,711512,118,0.970423,312
520944,711512,118,0.962867,312
518280,711512,118,0.963442,312
515072,711512,118,0.964109,312
511720,711512,117,0.961049,312
509656,711512,117,0.961497,312
505576,711512,117,0.962342,312
506952,711512,117,0.962055,312
509616,711512,117,0.961495,312
513712,711512,117,0.960607,312
511064,711512,118,0.961189,264
506968,711512,118,0.962051,264
509496,711512,118,0.961520,264
510728,711512,118,0.961250,264
507000,711512,118,0.962035,264
506088,711512,119,0.962220,264
503528,711512,119,0.962738,264
507248,711512,119,0.961985,264
506072,711512,119,0.962233,264
505976,711512,120,0.962252,264
507328,711512,120,0.961968,264
505416,711512,120,0.962364,264
505176,711512,121,0.962412,264
508128,711512,121,0.961804,264
509368,711512,121,0.961537,264
509912,711512,121,0.961413,264
510280,711512,121,0.961325,264
509272,711512,121,0.961547,264
512120,711512,121,0.960932,264
512800,711512,121,0.960775,264
510696,711512,121,0.961237,264
510280,711512,121,0.961335,264
507896,711512,121,0.961842,264
506320,711512,121,0.962173,264
507952,711512,121,0.968170,264
512016,711512,121,0.967449,264
509224,711512,121,0.967951,264
506688,711512,121,0.968394,264
507072,711512,121,0.968321,264
510904,711512,121,0.967647,264
512976,711512,121,0.967267,264
515352,711512,121,0.966821,264
512488,711512,120,0.967364,264
515288,711512,120,0.966842,264
511912,711512,120,0.967467,264
514136,711512,120,0.967055,264
514840,711512,120,0.966916,264
518728,711512,120,0.969058,264
520448,711512,120,0.968741,264
518472,711512,119,0.969112,264
515336,711512,119,0.969664,264
517984,711512,119,0.969198,264
519544,711512,119,0.968913,264
516048,711512,119,0.969534,264
517168,711512,119,0.969332,264
514400,711512,120,0.969807,264
517584,711512,120,0.969251,264
513896,711512,120,0.969892,264
512664,711512,120,0.970105,264
509480,711512,120,0.970630,264
506944,711512,121,0.971030,264
506016,711512,120,0.971188,264
508208,711512,120,0.970840,264
511352,711512,120,0.970328,264
515224,711512,120,0.969675,264
518568,711512,120,0.969086,264
521552,711512,120,0.968540,264
518560,711512,121,0.969079,264
519840,711512,121,0.968842,264
516968,711512,122,0.969350,264
516080,711512,122,0.969512,264
517528,711512,122,0.969252,264
519872,711512,122,0.968828,264
519304,711512,122,0.968938,264
522160,711512,122,0.968411,264
520432,711512,121,0.968744,264
521448,711512,121,0.968551,264
518648,711512,120,0.947812,264
522656,711512,120,0.946571,264
522528,711512,121,0.946611,264
525472,711512,121,0.945658,264
521664,711512,120,0.946895,264
520760,711512,120,0.947188,264
522704,711512,120,0.946571,264
523984,711512,120,0.946152,264
520928,711512,120,0.947122,264
518312,711512,121,0.947912,264
522320,711512,121,0.946676,264
522992,711512,121,0.946450,264
522024,711512,120,0.946783,264
519936,711512,119,0.947453,264
520432,711512,119,0.947288,264
519200,711512,120,0.947661,264
517824,711512,120,0.948086,264
515352,711512,120,0.948820,264
518992,711512,120,0.947738,264
516040,711512,120,0.948622,264
513272,711512,120,0.949425,264
510808,711512,120,0.950120,264
514112,711512,120,0.949188,264
511464,711512,120,0.949941,264
514664,711512,120,0.949031,264
516080,711512,120,0.948610,264
518296,711512,119,0.947948,304
516880,711512,119,0.948380,304
520648,711512,119,0.953168,304
520552,711512,119,0.953207,304
518472,711512,119,0.953777,304
521528,711512,119,0.952942,304
522448,711512,118,0.952680,336
524536,711512,118,0.952081,336
525456,711512,118,0.951804,336
529416,711512,118,0.950625,336
527288,711512,117,0.951286,336
527528,711512,117,0.951202,336
523720,711512,116,0.952325,336
526816,711512,116,0.951425,336
524480,711512,116,0.952110,336
521280,711512,116,0.953014,336
521112,711512,117,0.953060,336
519488,711512,117,0.953511,336
520064,711512,117,0.953343,336
519240,711512,116,0.953590,336
523032,711512,116,0.958552,336
522008,711512,116,0.958811,336
524280,711512,116,0.958247,336
526528,711512,116,0.957672,336
522696,711512,116,0.958634,336
525184,711512,116,0.958010,336
525264,711512,116,0.957978,336
524112,711512,116,0.958276,336
526016,711512,115,0.957802,336
527352,711512,115,0.957450,336
526736,711512,115,0.957619,336
523432,711512,115,0.958455,336
527184,711512,115,0.957505,336
529752,711512,115,0.956826,336
528136,711512,115,0.957260,336
528056,711512,115,0.957293,336
527848,711512,114,0.957372,336
527816,711512,114,0.957392,336
528504,711512,114,0.957202,336
524472,711512,114,0.958235,336
524232,711512,114,0.958306,336
525008,711512,114,0.958102,336
521096,711512,114,0.959064,336
522936,711512,114,0.958611,336
521712,711512,114,0.958917,336
525200,711512,114,0.958054,336
528336,711512,114,0.970174,336
529656,711512,114,0.969925,336
531304,711512,114,0.969610,336
530496,711512,115,0.969761,336
529920,711512,115,0.969876,336
533464,711512,115,0.969200,336
530936,711512,115,0.967129,336
531408,711512,115,0.967024,336
533944,711512,115,0.966489,336
532104,711512,115,0.966882,336
535672,711512,115,0.966122,336
533072,711512,115,0.966682,336
531176,711512,116,0.967071,336
531400,711512,116,0.967016,336
527416,711512,115,0.961853,336
526352,711512,115,0.962107,336
523256,711512,115,0.962806,336
526120,711512,115,0.962160,336
526768,711512,115,0.962002,336
529960,711512,115,0.961249,336
529728,711512,116,0.961304,336
530304,711512,116,0.961156,336
533368,711512,116,0.960400,336
532896,711512,117,0.960516,336
535512,711512,117,0.959850,336
531968,711512,117,0.960743,336
530840,711512,117,0.961027,336
533704,711512,117,0.960317,336
534512,711512,117,0.960103,336
537288,711512,117,0.959380,336
535656,711512,118,0.959801,336
533288,711512,118,0.960408,336
533064,711512,118,0.960475,336
536128,711512,118,0.959693,336
539584,711512,118,0.958774,336
543648,711512,117,0.957645,368
539640,711512,118,0.958750,368
541400,711512,118,0.958259,368
540272,711512,117,0.958593,368
543856,711512,117,0.957586,368
543208,711512,117,0.957783,368
540984,711512,117,0.958412,368
544384,711512,117,0.957449,368
547272,711512,117,0.956593,368
544608,711512,117,0.957385,368
544888,711512,117,0.957291,368
543824,711512,116,0.957622,368
543040,711512,116,0.957857,368
545824,711512,116,0.966593,368
546472,711512,116,0.966434,368
543904,711512,116,0.967022,368
545464,711512,116,0.966663,368
541712,711512,117,0.967488,368
538688,711512,116,0.953819,368
535304,711512,115,0.940269,368
535792,711512,115,0.940066,368
535464,711512,115,0.940209,368
534936,711512,114,0.940444,368
537520,711512,114,0.939439,368
535408,711512,115,0.940248,368
531464,711512,115,0.941719,368
534064,711512,115,0.940752,368
534848,711512,115,0.940441,368
538544,711512,115,0.939001,368
538400,711512,114,0.939095,368
542440,711512,114,0.937447,368
542552,711512,114,0.937381,368
543648,711512,114,0.936902,368
542408,711512,114,0.937440,368
540584,711512,114,0.938206,368
542544,711512,114,0.937384,368
544240,711512,114,0.936652,368
540488,711512,114,0.938226,368
544400,711512,114,0.936584,368
543600,711512,115,0.936923,368
541352,711512,115,0.937875,368
544600,711512,115,0.958651,368
545744,711512,115,0.958318,368
542960,711512,115,0.957879,368
540888,711512,115,0.958464,368
537584,711512,116,0.959345,368
533840,711512,115,0.960323,368
534920,711512,115,0.960040,368
530928,711512,114,0.961045,368
532736,711512,114,0.960595,368
533376,711512,114,0.960426,368
536648,711512,114,0.959588,368
538440,711512,114,0.959108,368
534712,711512,115,0.960069,368
532896,711512,115,0.960532,368
533912,711512,115,0.960269,368
536696,711512,115,0.960725,368
533952,711512,114,0.960371,368
533112,711512,114,0.959144,368
531552,711512,115,0.959538,368
531960,711512,115,0.959423,368
534872,711512,115,0.958666,368
538680,711512,115,0.957635,368
538512,711512,115,0.957694,368
538768,711512,114,0.957615,400
535992,711512,115,0.958363,400
533864,711512,115,0.958931,400
537816,711512,115,0.957875,400
540720,711512,115,0.957060,400
538648,711512,116,0.957635,400
536432,711512,117,0.958244,360
536880,711512,117,0.958112,360
540760,711512,117,0.959656,360
539840,711512,117,0.959910,360
539856,711512,117,0.959894,360
539368,711512,117,0.960033,360
542032,711512,117,0.959316,360
540656,711512,118,0.959683,360
538696,711512,118,0.960207,360
534816,711512,118,0.961205,312
535808,711512,118,0.960949,312
536352,711512,118,0.960801,312
539672,711512,118,0.959942,312
536472,711512,118,0.960771,312
535392,711512,118,0.961051,312
532248,711512,118,0.961823,312
535760,711512,118,0.960961,312
532512,711512,118,0.941273,312
536200,711512,118,0.963651,312
535184,711512,118,0.963896,312
536416,711512,118,0.963601,312
537696,711512,118,0.963290,312
540408,711512,118,0.962628,312
538728,711512,118,0.963045,312
535240,711512,119,0.963861,312
531592,711512,119,0.964690,296
533720,711512,119,0.964209,296
529864,711512,119,0.965063,296
530736,711512,119,0.964866,296
533104,711512,119,0.964336,296
536824,711512,119,0.963476,296
535472,711512,120,0.963789,296
534656,711512,120,0.963987,296
535208,711512,120,0.963850,296
538872,711512,120,0.962980,296
538824,711512,120,0.963003,296
542536,711512,120,0.962080,296
539632,711512,120,0.962809,296
540720,711512,120,0.962531,296
537936,711512,120,0.959196,296
538824,711512,120,0.958949,296
538568,711512,120,0.959030,296
541904,711512,120,0.958113,296
540256,711512,120,0.958577,296
537592,711512,120,0.959299,296
538552,711512,120,0.959034,296
540616,711512,120,0.958467,296
537752,711512,121,0.959232,296
536656,711512,121,0.959530,296
540224,711512,121,0.958573,296
541912,711512,121,0.958097,296
541024,711512,121,0.958355,296
544288,711512,120,0.957433,328
540408,711512,120,0.957114,328
536416,711512,120,0.958219,328
539688,711512,120,0.957315,328
541752,711512,120,0.956719,328
540480,711512,120,0.957093,328
542440,711512,120,0.956522,328
540912,711512,120,0.956972,328
537232,711512,121,0.957987,328
539880,711512,121,0.957248,328
541664,711512,121,0.956731,328
540344,711512,120,0.957132,328
539576,711512,120,0.957359,328
535824,711512,120,0.958388,328
539360,711512,120,0.957419,328
542640,711512,120,0.972739,328
543120,711512,120,0.972643,328
542568,711512,120,0.972752,328
540776,711512,119,0.973089,328
540272,711512,119,0.973186,328
537632,711512,118,0.949317,328
536488,711512,119,0.949686,328
539192,711512,119,0.948788,328
535352,711512,120,0.950033,328
531592,711512,119,0.951223,328
533208,711512,119,0.950717,328
534216,711512,119,0.950390,328
534576,711512,119,0.950262,328
534048,711512,119,0.950442,328
529960,711512,119,0.951696,328
531216,711512,119,0.951307,328
528512,711512,119,0.952120,328
531040,711512,119,0.951360,328
535072,711512,119,0.950864,328
531344,711512,120,0.951995,328
532944,711512,120,0.951502,328
534288,711512,120,0.951077,328
531624,711512,120,0.951898,328
532152,711512,120,0.951726,328
533376,711512,120,0.951342,328
530624,711512,119,0.952194,328
528432,711512,119,0.952843,328
525744,711512,119,0.953613,328
527752,711512,119,0.953037,328
525120,711512,120,0.953772,328
527184,711512,120,0.953184,328
531224,711512,120,0.952002,328
531776,711512,120,0.955541,328
531232,711512,120,0.955704,328
533304,711512,120,0.955116,328
533400,711512,120,0.955076,328
529776,711512,121,0.956072,328
527224,711512,122,0.956748,328
529816,711512,122,0.956049,328
530736,711512,122,0.955787,328
528024,711512,122,0.956526,328
527752,711512,122,0.956610,328
527888,711512,122,0.956562,328
524696,711512,123,0.957391,304
526232,711512,123,0.956987,304
530216,711512,123,0.955921,304
528208,711512,123,0.956471,304
529248,711512,123,0.956182,304
528576,711512,124,0.956361,304
529296,711512,124,0.956156,304
528376,711512,124,0.956414,304
531904,711512,124,0.955446,304
531416,711512,125,0.955581,304
535256,711512,124,0.954499,304
534568,711512,125,0.954697,304
532760,711512,125,0.955222,304
534320,711512,125,0.954768,304
537880,711512,125,0.953715,304
533872,711512,126,0.954882,304
535880,711512,126,0.954291,304
533840,711512,126,0.954891,304
534480,711512,126,0.954695,304
534008,711512,125,0.954857,304
530480,711512,125,0.955850,304
532296,711512,125,0.955338,304
533096,711512,125,0.955101,304
532984,711512,124,0.955159,304
529528,711512,124,0.956120,304
526784,711512,123,0.956869,304
526000,711512,123,0.957083,304
527648,711512,123,0.956644,304
530320,711512,123,0.955919,304
528376,711512,124,0.956439,304
530104,711512,124,0.955965,304
531520,711512,124,0.964631,304
529280,711512,125,0.965115,304
528760,711512,125,0.965237,296
526416,711512,125,0.965736,296
526400,711512,126,0.965739,296
529976,711512,126,0.964978,296
531720,711512,126,0.964589,296
534184,711512,125,0.964036,312
533944,711512,124,0.964112,312
536152,711512,124,0.963596,312
536536,711512,124,0.963495,312
538176,711512,124,0.963097,312
535904,711512,125,0.963631,312
537600,711512,125,0.963222,312
535016,711512,125,0.963835,312
532552,711512,126,0.964394,296
530864,711512,126,0.964776,296
527920,711512,126,0.965414,296
531376,711512,126,0.964664,296
527328,711512,126,0.965537,296
529536,711512,126,0.965062,296
531480,711512,126,0.964631,296
535344,711512,126,0.967966,296
539032,711512,126,0.975820,296
535688,711512,127,0.976335,296
534720,711512,126,0.971338,296
532120,711512,127,0.971801,296
533056,711512,127,0.971627,296
533704,711512,127,0.971503,296
530064,711512,126,0.971813,296
534016,711512,126,0.971104,296
534656,711512,126,0.970978,296
533040,711512,126,0.971280,296
530552,711512,126,0.971728,296
532376,711512,126,0.971399,296
530120,711512,125,0.971026,296
533720,711512,125,0.970362,296
535456,711512,125,0.970026,296
534056,711512,126,0.970291,296
536232,711512,126,0.969869,296
534584,711512,126,0.970191,296
534176,711512,127,0.970268,296
538016,711512,127,0.969522,296
539760,711512,127,0.969165,296
536200,711512,127,0.969875,296
537552,711512,127,0.969603,296
536056,711512,127,0.969903,296
538984,711512,127,0.969320,296
537104,711512,127,0.969700,296
536872,711512,126,0.960898,296
539320,711512,126,0.960262,296
542712,711512,126,0.959352,296
540928,711512,126,0.959842,296
538336,711512,126,0.960528,296
541072,711512,126,0.959804,296
543816,711512,126,0.959051,296
540912,711512,125,0.959859,296
537984,711512,125,0.960630,296
541488,711512,124,0.959719,296
542968,711512,124,0.959309,296
539984,711512,123,0.960128,296
542672,711512,123,0.959402,296
539168,711512,124,0.960327,296
538232,711512,124,0.960579,296
534224,711512,124,0.961585,296
535768,711512,123,0.961208,296
532080,711512,123,0.962108,296
528384,711512,122,0.962979,296
530600,711512,122,0.962464,296
530568,711512,122,0.962482,296
529512,711512,121,0.961672,296
529952,711512,121,0.961557,296
528672,711512,122,0.961856,296
526600,711512,122,0.962341,296
529664,711512,122,0.961625,296
528384,711512,123,0.961923,296
532112,711512,123,0.961031,296
531552,711512,122,0.961189,296
527712,711512,121,0.957235,296
531184,711512,121,0.961288,296
532696,711512,121,0.960912,296
529112,711512,120,0.961787,296
526376,711512,120,0.962424,296
528520,711512,120,0.961925,296
529736,711512,120,0.961631,296
531696,711512,120,0.961154,296
531832,711512,120,0.961110,296
527792,711512,120,0.961249,296
527016,711512,121,0.961429,296
523952,711512,121,0.962138,296
521096,711512,120,0.962786,296
523488,711512,120,0.962252,296
523776,711512,120,0.962177,296
526448,711512,120,0.961561,296
522720,711512,120,0.940289,296
521504,711512,120,0.940728,296
521272,711512,120,0.940824,296
519856,711512,121,0.941307,296
523376,711512,121,0.940075,296
527208,711512,121,0.938676,296
524432,711512,122,0.939684,296
523824,711512,122,0.939917,296
524376,711512,122,0.939704,296
522224,711512,123,0.940462,296
523568,711512,123,0.939974,296
521192,711512,122,0.940835,296
518000,711512,122,0.941927,296
517520,711512,122,0.942101,296
515616,711512,123,0.942721,296
517648,711512,123,0.942043,296
513816,711512,123,0.943295,296
517296,711512,123,0.942159,296
515792,711512,124,0.942649,296
515152,711512,124,0.942870,296
517504,711512,124,0.942091,296
513936,711512,124,0.943257,296
515016,711512,123,0.942903,328
518992,711512,123,0.956901,328
517032,711512,123,0.957391,328
515792,711512,123,0.957700,328
519264,711512,123,0.956845,328
522720,711512,123,0.955960,328
520904,711512,123,0.956435,328
520264,711512,123,0.956608,328
521816,711512,123,0.956204,328
524872,711512,123,0.963416,328
526616,711512,123,0.963023,328
528704,711512,123,0.962544,328
530744,711512,123,0.962063,328
532464,711512,123,0.961646,328
530248,711512,123,0.962178,328
533728,711512,123,0.961342,328
536656,711512,123,0.960607,328
537864,711512,123,0.960288,328
541112,711512,123,0.970952,328
538056,711512,123,0.971533,328
541672,711512,123,0.970845,328
542816,711512,122,0.970615,368
539864,711512,123,0.971188,328
536936,711512,123,0.971737,328
533120,711512,123,0.967473,328
531152,711512,124,0.967868,328
532120,711512,124,0.967665,328
528408,711512,124,0.962141,328
525720,711512,124,0.962760,328
528456,711512,124,0.962130,328
532128,711512,124,0.967663,328
529280,711512,123,0.961951,328
531264,711512,123,0.961474,328
527592,711512,122,0.942801,328
528280,711512,122,0.942545,328
529112,711512,122,0.942237,328
525576,711512,121,0.943488,328
526448,711512,121,0.943176,328
522832,711512,121,0.944398,328
524216,711512,121,0.943927,328
520264,711512,122,0.945207,328
521024,711512,122,0.944950,328
519832,711512,122,0.945344,328
516440,711512,122,0.946407,328
516296,711512,122,0.946475,296
518016,711512,122,0.945935,296
514744,711512,122,0.946940,296
511768,711512,122,0.947823,296
509584,711512,122,0.948456,296
508232,711512,121,0.948858,296
511288,711512,121,0.947988,296
510968,711512,121,0.948092,296
514936,711512,121,0.965065,296
511672,711512,122,0.965698,264
511920,711512,122,0.965642,264
509856,711512,122,0.966037,264
506456,711512,121,0.958082,264
506200,711512,121,0.958157,232
502528,711512,121,0.958971,232
499600,711512,121,0.959600,232
500128,711512,120,0.959483,264
501936,711512,120,0.959091,264
498952,711512,120,0.959727,264
501240,711512,120,0.959239,264
502848,711512,120,0.958885,264
500192,711512,120,0.959459,264
503928,711512,120,0.958651,264
506960,711512,119,0.957975,288
509944,711512,119,0.957281,288
513664,711512,119,0.956386,288
517352,711512,119,0.955462,288
519992,711512,119,0.954772,288
518264,711512,119,0.955230,288
519464,711512,118,0.954915,312
518632,711512,118,0.955142,312
522416,711512,118,0.954137,312
525912,711512,118,0.962763,312
528960,711512,118,0.962062,312
531616,711512,118,0.961428,312
528048,711512,117,0.962282,312
530856,711512,117,0.961620,312
529664,711512,117,0.961910,312
529768,711512,117,0.961875,312
532120,711512,117,0.961308,312
528160,711512,117,0.962246,312
526592,711512,117,0.962611,312
527328,711512,116,0.962435,360
530336,711512,116,0.961731,360
531752,711512,116,0.961384,360
527744,711512,116,0.962330,360
524096,711512,116,0.963152,360
520376,711512,116,0.963954,360
521184,711512,116,0.963775,360
523800,711512,116,0.963206,360
527152,711512,116,0.965775,360
529128,711512,116,0.965353,360
528120,711512,116,0.965574,360
531744,711512,116,0.964792,360
528056,711512,116,0.954891,360
531360,711512,116,0.953957,360
529600,711512,116,0.954466,360
529680,711512,116,0.954430,360
526200,711512,116,0.955392,360
523584,711512,117,0.956079,360
519888,711512,117,0.957027,360
516976,711512,118,0.957736,360
513584,711512,118,0.958545,360
516672,711512,118,0.957809,360
516008,711512,119,0.957967,360
516928,711512,119,0.957736,360
517208,711512,119,0.957658,360
515984,711512,120,0.957950,360
518520,711512,120,0.957328,360
518992,711512,120,0.957201,360
519920,711512,120,0.956959,360
518952,711512,121,0.957199,360
522248,711512,121,0.956361,360
518336,711512,122,0.957338,360
521432,711512,122,0.956556,360
521968,711512,122,0.956408,360
521392,711512,122,0.956566,360
519104,711512,123,0.957138,360
522752,711512,123,0.956207,360
520104,711512,124,0.956878,360
518392,711512,125,0.957301,360
517856,711512,125,0.957443,360
519128,711512,125,0.957120,360
521424,711512,125,0.956534,360
524512,711512,125,0.968836,360
521464,711512,125,0.969399,360
525184,711512,125,0.968711,360
522832,711512,125,0.964591,360
525864,711512,125,0.963939,360
529832,711512,125,0.963050,360
529472,711512,125,0.963142,360
532904,711512,125,0.962341,360
530864,711512,125,0.962826,360
533432,711512,125,0.962216,360
530400,711512,125,0.962937,336
530832,711512,125,0.962828,336
527384,711512,125,0.963613,336
523688,711512,124,0.964427,336
520600,711512,124,0.956772,336
519728,711512,125,0.956989,336
518032,711512,126,0.957406,336
518232,711512,126,0.957346,336
519672,711512,126,0.956979,336
519928,711512,126,0.956904,336
522728,711512,126,0.956182,336
523816,711512,126,0.955888,336
523064,711512,125,0.956108,336
521648,711512,125,0.956483,336
517808,711512,126,0.957437,336
514240,711512,126,0.958298,336
515088,711512,126,0.958088,336
512136,711512,125,0.958794,336
513160,711512,125,0.958548,336
513552,711512,125,0.958447,336
512960,711512,126,0.958583,336
515232,711512,126,0.958043,336
511960,711512,127,0.958801,336
514480,711512,127,0.958208,336
513368,711512,127,0.958478,336
511624,711512,128,0.958878,336
509328,711512,128,0.959402,336
510144,711512,128,0.959210,336
509000,711512,128,0.959484,296
509816,711512,128,0.959292,296
511800,711512,128,0.958836,296
514656,711512,128,0.958165,296
517176,711512,128,0.957553,296
518864,711512,128,0.957130,296
518728,711512,129,0.957163,296
517248,711512,129,0.957536,296
518592,711512,129,0.957197,296
519976,711512,129,0.956842,296
517392,711512,128,0.957501,296
515568,711512,129,0.957938,296
515200,711512,129,0.958037,296
518960,711512,129,0.957118,296
521304,711512,129,0.956520,296
520136,711512,129,0.956826,296
522160,711512,129,0.956302,296
521240,711512,129,0.956556,264
523704,711512,129,0.955911,264
524576,711512,129,0.955670,264
521560,711512,128,0.956475,264
522216,711512,127,0.956300,296
519600,711512,127,0.956971,296
520640,711512,127,0.956699,296
519840,711512,127,0.956912,296
521056,711512,127,0.963953,296
517624,711512,127,0.964669,296
518456,711512,127,0.964491,296
514480,711512,127,0.965291,296
515352,711512,127,0.965112,296
514808,711512,128,0.965218,296
512520,711512,129,0.965660,296
512952,711512,129,0.965568,296
514080,711512,129,0.965341,296
513800,711512,129,0.965405,296
514680,711512,129,0.965224,296
514000,711512,129,0.965366,296
510456,711512,128,0.966057,296
511232,711512,128,0.965903,296
514928,711512,128,0.965185,296
510896,711512,128,0.965966,296
512872,711512,128,0.965583,296
510336,711512,128,0.966070,296
514152,711512,128,0.965337,296
513112,711512,128,0.965546,296
516488,711512,128,0.964877,296
512536,711512,128,0.965656,296
511840,711512,128,0.965798,296
513960,711512,128,0.965383,296
514864,711512,128,0.965198,296
514616,711512,128,0.965256,296
513720,711512,129,0.965429,296
515160,711512,129,0.965140,296
517096,711512,128,0.964749,328
516264,711512,128,0.964925,328
512216,711512,128,0.965720,328
512688,711512,128,0.965621,328
513648,711512,128,0.965428,328
511472,711512,128,0.965852,328
511960,711512,128,0.965751,328
510024,711512,129,0.966120,296
510520,711512,129,0.966018,296
509080,711512,129,0.966294,296
505624,711512,129,0.966924,296
502488,711512,129,0.967478,296
506416,711512,129,0.966784,296
503912,711512,130,0.967224,296
505896,711512,130,0.966868,296
507216,711512,130,0.966624,296
506112,711512,130,0.966837,256
505896,711512,131,0.966875,256
506984,711512,131,0.966672,256
505248,711512,131,0.966989,256
501752,711512,132,0.967593,256
503424,711512,132,0.967299,256
501624,711512,131,0.967623,256
500864,711512,130,0.967767,256
503680,711512,130,0.967280,256
504352,711512,130,0.967155,256
501152,711512,131,0.967703,256
497488,711512,130,0.968324,256
498328,711512,130,0.968180,256
501432,711512,130,0.967656,256
498864,711512,130,0.968092,256
499752,711512,130,0.967937,256
500968,711512,130,0.967726,256
504160,711512,130,0.967171,256
506000,711512,130,0.966839,256
505192,711512,130,0.966991,256
504064,711512,130,0.967196,256
506736,711512,130,0.966717,256
504672,711512,130,0.967090,256
505152,711512,130,0.966998,256
506704,711512,130,0.966714,256
505032,711512,130,0.967019,256
506776,711512,130,0.969885,256
505216,711512,129,0.970151,256
505928,711512,129,0.970029,256
505432,711512,129,0.970116,256
503712,711512,128,0.970403,256
503240,711512,128,0.970484,256
500376,711512,128,0.970930,256
496392,711512,127,0.971533,256
494480,711512,127,0.971814,256
492112,711512,126,0.969614,256
490568,711512,127,0.969845,256
489480,711512,127,0.970013,256
489840,711512,127,0.969953,256
489120,711512,127,0.970066,256
492728,711512,127,0.969520,256
492816,711512,127,0.969500,256
493000,711512,127,0.969464,256
494656,711512,127,0.969202,256
491984,711512,126,0.969626,256
492480,711512,126,0.969544,256
491240,711512,127,0.969731,256
490120,711512,127,0.969905,256
492344,711512,127,0.969564,256
495384,711512,127,0.969089,256
494168,711512,127,0.969285,256
497816,711512,127,0.968704,256
495296,711512,127,0.969110,256
493856,711512,127,0.969341,256
497200,711512,127,0.968810,256
499304,711512,127,0.968464,256
500320,711512,127,0.968663,256
503920,711512,127,0.968059,256
503248,711512,127,0.968180,256
505024,711512,127,0.967871,256
507312,711512,127,0.967467,256
510640,711512,127,0.966864,256
511136,711512,127,0.966765,256
507416,711512,126,0.967448,256
507160,711512,126,0.967502,256
503744,711512,125,0.964852,256
504376,711512,124,0.964726,296
502656,711512,123,0.965063,296
502896,711512,123,0.965010,296
501344,711512,124,0.965293,296
503832,711512,124,0.964828,296
507056,711512,124,0.969887,296
507728,711512,124,0.969770,296
506384,711512,124,0.969996,296
502320,711512,124,0.970647,264
505448,711512,124,0.972283,264
505664,711512,124,0.972244,264
502920,711512,124,0.972651,264
505184,711512,124,0.973124,264
502328,711512,125,0.973526,264
504880,711512,125,0.973160,264
502840,711512,125,0.973455,264
499800,711512,125,0.973879,264
500968,711512,125,0.973714,264
500008,711512,126,0.973845,264
499136,711512,127,0.973962,264
497584,711512,126,0.958224,264
494528,711512,127,0.958867,264
495248,711512,127,0.958707,264
498272,711512,127,0.958056,264
494520,711512,126,0.958875,232
493296,711512,126,0.959137,232
493448,711512,126,0.959096,232
493856,711512,126,0.959003,232
497712,711512,126,0.973214,232
497960,711512,126,0.973174,232
498712,711512,126,0.973063,232
498272,711512,126,0.973131,232
498960,711512,126,0.973029,232
498464,711512,126,0.973104,232
499544,711512,126,0.972947,232
496448,711512,125,0.973387,232
498080,711512,125,0.973157,232
494568,711512,125,0.973639,232
492544,711512,124,0.973917,232
491992,711512,124,0.973995,232
489960,711512,124,0.974261,232
488632,711512,123,0.974440,232
488680,711512,122,0.974434,232
490240,711512,122,0.974232,232
490448,711512,122,0.974199,232
493464,711512,122,0.973803,232
494840,711512,122,0.973615,232
493032,711512,123,0.973854,232
495976,711512,123,0.973457,232
494896,711512,122,0.973618,200
497632,711512,122,0.973243,200
495104,711512,122,0.973591,200
496600,711512,122,0.973383,200
494512,711512,123,0.973663,200
492288,711512,123,0.973961,200
494848,711512,123,0.973618,200
497048,711512,123,0.973316,200
493720,711512,123,0.973768,200
496248,711512,123,0.973424,200
492904,711512,124,0.973868,200
491688,711512,124,0.974032,200
488384,711512,125,0.974451,200
489056,711512,125,0.974361,200
485072,711512,126,0.974852,200
481104,711512,126,0.975253,200
481616,711512,126,0.975187,200
485152,711512,126,0.974760,200
482136,711512,125,0.969900,200
478856,711512,125,0.970368,200
480800,711512,125,0.970090,200
481224,711512,125,0.970023,200
477368,711512,125,0.962150,200
478392,711512,125,0.961961,200
478704,711512,125,0.961897,200
480360,711512,125,0.961592,200
477504,711512,126,0.962101,200
480816,711512,126,0.961501,200
480144,711512,126,0.961631,200
482200,711512,126,0.961248,200
482000,711512,127,0.961285,200
479328,711512,127,0.961777,200
477352,711512,127,0.962136,200
476008,711512,127,0.955967,200
474800,711512,127,0.956221,200
475792,711512,127,0.956011,200
476624,711512,127,0.955832,200
476544,711512,126,0.955868,200
479720,711512,125,0.955212,200
478880,711512,125,0.955397,200
482760,711512,125,0.954564,200
479000,711512,125,0.955372,200
482760,711512,125,0.954564,200
485200,711512,125,0.954021,200
488520,711512,125,0.953264,200
492528,711512,125,0.952318,200
491600,711512,126,0.952538,200
488944,711512,125,0.953178,200
488472,711512,124,0.953308,200
489792,711512,124,0.952993,200
490176,711512,124,0.952893,200
491648,711512,124,0.952538,200
487784,711512,123,0.953453,200
486088,711512,123,0.953845,200
489264,711512,123,0.953115,200
486320,711512,122,0.936099,200
483336,711512,122,0.937021,200
480784,711512,122,0.937792,200
476968,711512,121,0.938916,200
479408,711512,121,0.938206,200
482960,711512,121,0.937148,200
481872,711512,121,0.937486,200
483312,711512,121,0.937043,200
481816,711512,121,0.937502,200
480096,711512,121,0.938020,200
484064,711512,121,0.936831,200
485584,711512,121,0.943901,200
488048,711512,121,0.943215,200
490272,711512,121,0.942579,200
487384,711512,121,0.943398,200
487280,711512,122,0.943426,200
487640,711512,122,0.943314,200
486120,711512,122,0.936175,200
482584,711512,122,0.937260,200
479944,711512,122,0.938050,200
480160,711512,122,0.937974,200
477808,711512,122,0.938664,200
478496,711512,122,0.938454,200
480864,711512,122,0.937754,200
484368,711512,122,0.936696,200
485816,711512,122,0.936239,200
489184,711512,122,0.935171,200
486920,711512,122,0.935898,200
489992,711512,122,0.934914,200
486520,711512,122,0.936022,200
485288,711512,122,0.936416,200
484640,711512,122,0.936628,200
484456,711512,122,0.936698,200
486632,711512,122,0.936017,200
488496,711512,122,0.935420,200
486520,711512,122,0.936052,200
487280,711512,122,0.935801,200
488536,711512,122,0.935392,200
490256,711512,122,0.934829,200
489760,711512,122,0.935003,200
491120,711512,122,0.934550,200
487472,711512,122,0.935726,200
486480,711512,123,0.936034,200
487824,711512,123,0.935601,200
489248,711512,123,0.935136,200
488848,711512,123,0.935278,200
492568,711512,123,0.934062,200
490360,711512,123,0.934795,200
492392,711512,123,0.934120,200
488584,711512,124,0.935346,200
491800,711512,124,0.934298,200
490152,711512,124,0.934847,200
489280,711512,124,0.935141,200
493216,711512,124,0.933848,200
496680,711512,124,0.932665,200
495184,711512,124,0.933191,200
495744,711512,124,0.932985,200
492160,711512,123,0.934212,200
493088,711512,123,0.933891,200
492064,711512,122,0.934259,200
493680,711512,122,0.933710,200
492240,711512,122,0.934201,200
495272,711512,122,0.933177,200
493568,711512,122,0.933763,200
496888,711512,122,0.932627,200
496176,711512,122,0.932887,200
497992,711512,122,0.932246,200
494512,711512,122,0.933449,200
495184,711512,122,0.933207,200
494368,711512,123,0.933481,200
496504,711512,123,0.932742,200
493168,711512,123,0.933880,200
496896,711512,122,0.932624,200
493864,711512,121,0.933681,200
495744,711512,121,0.933034,200
492432,711512,121,0.934154,200
491624,711512,121,0.934433,200
492120,711512,121,0.934256,200
494056,711512,121,0.943563,200
492400,711512,121,0.944042,200
492776,711512,121,0.943923,200
491760,711512,122,0.944206,200
493912,711512,122,0.943590,200
490808,711512,122,0.944469,200
492632,711512,122,0.943950,200
488944,711512,122,0.944975,200
490944,711512,122,0.944418,200
488736,711512,123,0.945018,200
490664,711512,123,0.944482,200
490304,711512,124,0.944580,200
490848,711512,124,0.944418,200
489232,711512,124,0.944872,200
488480,711512,124,0.945087,200
492488,711512,124,0.943977,200
490144,711512,125,0.944624,200
491208,711512,125,0.944319,200
492512,711512,125,0.943944,200
492128,711512,124,0.944077,200
496008,711512,124,0.942963,200
494672,711512,123,0.943374,200
496584,711512,123,0.942809,200
495864,711512,124,0.943018,200
497776,711512,124,0.942446,200
496264,711512,124,0.942902,200
498520,711512,124,0.942226,200
498096,711512,123,0.942380,200
494904,711512,124,0.943308,200
495624,711512,124,0.943087,200
497696,711512,124,0.942470,200
495952,711512,124,0.942993,200
496200,711512,124,0.942907,200
492480,711512,124,0.943979,200
495312,711512,124,0.943163,200
494824,711512,125,0.943303,200
493800,711512,125,0.943608,200
495448,711512,125,0.943124,200
497144,711512,125,0.942618,200
493928,711512,125,0.943558,200
496128,711512,125,0.942914,200
493904,711512,125,0.943565,200
492552,711512,125,0.943959,200
496568,711512,125,0.942800,200
500504,711512,125,0.941616,200
497280,711512,126,0.942578,200
493824,711512,126,0.943588,200
494856,711512,126,0.943280,200
496760,711512,126,0.942716,200
494936,711512,126,0.943258,200
498064,711512,126,0.942333,200
497216,711512,127,0.942583,200
494384,711512,126,0.943429,200
496944,711512,126,0.942676,200
495288,711512,126,0.943170,200
496968,711512,126,0.951483,200
496280,711512,126,0.951665,200
499224,711512,126,0.950918,200
501112,711512,126,0.950423,200
498880,711512,126,0.951007,192
496968,711512,125,0.951509,192
496096,711512,125,0.951735,192
499728,711512,125,0.950817,192
499968,711512,125,0.950744,192
502632,711512,125,0.950042,192
501816,711512,124,0.950280,192
499832,711512,124,0.950803,192
502624,711512,124,0.950069,192
500256,711512,124,0.950695,192
501072,711512,124,0.950473,192
498008,711512,124,0.951263,192
500520,711512,124,0.950615,192
503728,711512,124,0.949766,192
503480,711512,124,0.949844,192
505528,711512,124,0.949283,192
504880,711512,124,0.949471,192
501704,711512,124,0.950322,192
498696,711512,123,0.951114,192
502776,711512,123,0.950055,192
503752,711512,123,0.949785,192
503640,711512,123,0.949827,192
506680,711512,123,0.948996,192
505424,711512,123,0.949350,192
503320,711512,123,0.949924,192
502936,711512,123,0.950038,192
502160,711512,124,0.950241,192
498680,711512,124,0.951142,192
501200,711512,124,0.950489,192
503296,711512,124,0.949931,192
502416,711512,125,0.950161,192
502280,711512,125,0.950209,192
498680,711512,125,0.951142,192
502392,711512,125,0.950180,192
506088,711512,125,0.961663,192
503944,711512,125,0.957967,192
500624,711512,125,0.958702,192
503640,711512,125,0.962168,192
499632,711512,125,0.962960,192
502656,711512,125,0.962363,192
506312,711512,125,0.961617,192
509024,711512,125,0.961042,192
511152,711512,125,0.960577,192
509472,711512,126,0.960937,192
510656,711512,126,0.960673,192
512880,711512,126,0.960178,192
509184,711512,127,0.960978,192
511400,711512,127,0.960492,192
511760,711512,127,0.960403,192
508464,711512,126,0.955107,192
504704,711512,125,0.943673,192
502960,711512,125,0.944204,192
504168,711512,125,0.943833,192
502472,711512,125,0.944347,192
503784,711512,125,0.943947,192
500680,711512,125,0.944869,176
498464,711512,125,0.945510,176
497080,711512,125,0.945907,176
496424,711512,125,0.946109,144
500320,711512,125,0.945008,144
500824,711512,125,0.944851,144
502816,711512,125,0.944260,144
503432,711512,125,0.944065,144
506160,711512,125,0.943235,144
509648,711512,125,0.942141,144
509680,711512,125,0.942116,144
505600,711512,125,0.943390,144
507904,711512,125,0.955243,144
504360,711512,124,0.956105,144
507816,711512,124,0.955275,144
505136,711512,124,0.955924,144
504464,711512,124,0.956092,144
502432,711512,124,0.956571,144
501088,711512,123,0.956896,144
499488,711512,122,0.957273,144
500808,711512,122,0.956970,144
504832,711512,122,0.956040,144
502176,711512,121,0.956673,144
499000,711512,121,0.957391,144
496536,711512,121,0.957934,144
498048,711512,121,0.957598,144
498736,711512,121,0.957438,144
502040,711512,121,0.956818,144
502440,711512,121,0.956717,144
501352,711512,121,0.956973,144
504800,711512,121,0.956175,144
506504,711512,121,0.955764,144
509016,711512,121,0.955149,144
505144,711512,121,0.956084,144
505024,711512,121,0.956123,144
507232,711512,121,0.955591,144
507288,711512,121,0.955566,144
505288,711512,120,0.944364,144
505992,711512,120,0.944141,144
503048,711512,120,0.945019,144
499776,711512,120,0.945962,144
499400,711512,120,0.946080,144
502520,711512,120,0.945185,144
504648,711512,120,0.944553,144
505728,711512,120,0.950232,144
502360,711512,120,0.951122,144
502632,711512,120,0.951040,144
502600,711512,120,0.951061,144
504816,711512,120,0.950473,144
501184,711512,120,0.951422,144
500704,711512,120,0.951555,144
500464,711512,121,0.951615,144
498040,711512,120,0.952239,144
495520,711512,121,0.952847,144
492808,711512,121,0.953495,144
490368,711512,121,0.954064,144
488384,711512,121,0.954519,144
485232,711512,120,0.955227,144
486624,711512,120,0.954916,144
490144,711512,120,0.954126,144
493288,711512,119,0.953400,168
492080,711512,119,0.953690,168
490632,711512,119,0.954032,168
491904,711512,119,0.953731,168
493296,711512,119,0.953398,168
496328,711512,119,0.952671,168
499368,711512,119,0.951918,168
497560,711512,119,0.952373,168
500008,711512,119,0.951759,168
501888,711512,119,0.951273,168
501480,711512,118,0.951401,168
505408,711512,118,0.950374,168
501888,711512,118,0.932685,168
500416,711512,117,0.933231,168
499656,711512,118,0.933493,168
501240,711512,118,0.932929,168
499360,711512,119,0.933578,168
497752,711512,119,0.934139,168
494032,711512,118,0.935397,168
490512,711512,118,0.936531,168
489128,711512,117,0.936990,168
491088,711512,117,0.936366,168
491040,711512,117,0.936396,168
491944,711512,117,0.936096,168
495360,711512,117,0.934981,168
495536,711512,117,0.934907,168
496952,711512,117,0.934423,168
497072,711512,117,0.934367,168
499480,711512,117,0.933537,168
502104,711512,116,0.932618,192
503624,711512,116,0.932061,192
501600,711512,116,0.932794,192
498928,711512,117,0.933717,192
498240,711512,117,0.933967,192
495776,711512,117,0.934805,192
496832,711512,117,0.934439,192
495792,711512,117,0.934799,192
493352,711512,117,0.935609,192
491792,711512,118,0.936106,192
488584,711512,118,0.937120,192
490872,711512,118,0.936396,192
486832,711512,118,0.937652,192
488248,711512,118,0.937208,192
490872,711512,118,0.936381,192
490912,711512,118,0.936353,192
491656,711512,118,0.936104,192
487632,711512,119,0.937352,192
485432,711512,119,0.938028,192
489008,711512,119,0.936931,192
491328,711512,119,0.936192,192
493104,711512,119,0.935611,192
493792,711512,119,0.935374,192
492160,711512,119,0.935913,192
494616,711512,119,0.935106,192
494496,711512,119,0.935161,192
496064,711512,119,0.934630,192
496600,711512,119,0.934436,192
500616,711512,119,0.933054,192
501184,711512,119,0.932839,192
500784,711512,120,0.932979,192
502992,711512,120,0.932184,192
499024,711512,121,0.933569,192
501048,711512,121,0.943635,192
497440,711512,120,0.944701,192
500008,711512,120,0.943952,192
498688,711512,120,0.944346,192
497248,711512,120,0.944769,192
500664,711512,120,0.943775,192
498704,711512,120,0.944355,192
501384,711512,120,0.943565,192
502712,711512,120,0.943157,192
501064,711512,120,0.943658,192
500704,711512,120,0.943778,192
502712,711512,120,0.943171,192
504800,711512,120,0.942527,192
503408,711512,120,0.942963,192
503816,711512,120,0.942826,192
500760,711512,120,0.943747,192
501384,711512,120,0.943550,192
499864,711512,120,0.944008,192
496560,711512,121,0.944948,192
493144,711512,121,0.945901,192
495264,711512,121,0.945308,192
496984,711512,121,0.944816,192
500568,711512,121,0.943775,192
498056,711512,122,0.944499,192
499456,711512,121,0.944091,216
497200,711512,120,0.944762,216
500264,711512,120,0.943871,216
498680,711512,121,0.944328,216
498760,711512,121,0.944291,216
497856,711512,121,0.944563,216
500184,711512,121,0.943880,216
498376,711512,120,0.944428,216
499760,711512,120,0.944017,216
497456,711512,120,0.944690,216
496400,711512,120,0.945000,216
492848,711512,120,0.945987,216
494664,711512,120,0.945480,216
496648,711512,120,0.944917,216
496992,711512,120,0.944807,216
494864,711512,121,0.945399,216
490832,711512,121,0.946499,216
494880,711512,121,0.945394,216
498648,711512,120,0.944326,256
494584,711512,120,0.945478,256
496656,711512,120,0.944890,256
492872,711512,120,0.945944,256
490648,711512,120,0.946550,256
488112,711512,121,0.947210,256
485824,711512,120,0.947817,256
489384,711512,120,0.946894,256
488976,711512,120,0.947012,256
492888,711512,120,0.945965,256
491072,711512,121,0.946450,256
489264,711512,121,0.946937,256
486136,711512,120,0.947762,256
486040,711512,120,0.947799,256
486872,711512,120,0.947576,256
488048,711512,120,0.947264,256
489568,711512,120,0.946858,256
492352,711512,120,0.946109,256
494224,711512,120,0.945590,256
490528,711512,120,0.946594,256
488968,711512,120,0.947014,256
488136,711512,120,0.947241,256
489704,711512,120,0.946823,256
486896,711512,119,0.947570,256
483128,711512,119,0.948531,216
486144,711512,119,0.947770,216
485832,711512,118,0.947873,216
482808,711512,118,0.936948,216
485536,711512,118,0.936106,216
484192,711512,119,0.936516,216
484272,711512,119,0.936478,216
487136,711512,119,0.935581,216
486416,711512,120,0.935805,216
484528,711512,120,0.936400,216
482616,711512,120,0.936991,216
478968,711512,120,0.938075,216
478688,711512,120,0.938170,216
476368,711512,121,0.938830,216
480088,711512,121,0.937750,216
479504,711512,121,0.937934,216
483496,711512,121,0.936741,216
481776,711512,121,0.937269,216
480032,711512,121,0.937795,216
476960,711512,122,0.938676,216
473488,711512,121,0.939669,216
476616,711512,121,0.938787,216
479896,711512,121,0.937834,216
478208,711512,122,0.938321,216
481056,711512,122,0.937481,216
480024,711512,122,0.937797,216
480352,711512,122,0.937687,216
481280,711512,122,0.937401,216
478656,711512,123,0.938172,192
476592,711512,123,0.938773,192
479048,711512,123,0.938059,192
481808,711512,123,0.937238,192
484816,711512,123,0.936319,192
482856,711512,124,0.936912,192
483544,711512,124,0.936691,192
483152,711512,124,0.936823,192
480088,711512,123,0.937757,192
484088,711512,123,0.936555,192
483640,711512,123,0.936705,192
482456,711512,123,0.937074,192
479720,711512,122,0.937906,192
479392,711512,122,0.938015,192
476272,711512,122,0.938917,192
472552,711512,122,0.939957,192
476040,711512,122,0.938982,192
476104,711512,122,0.938951,192
474592,711512,122,0.939385,192
477304,711512,122,0.938613,192
478656,711512,122,0.938213,192
475080,711512,122,0.939237,192
474000,711512,122,0.939548,192
470264,711512,121,0.940583,192
474216,711512,121,0.957702,192
474000,711512,121,0.957753,192
476856,711512,121,0.957188,192
480320,711512,121,0.956484,192
484168,711512,121,0.955676,192
484552,711512,121,0.955584,192
484928,711512,121,0.955494,192
483728,711512,121,0.955764,168
479712,711512,122,0.956593,168
478896,711512,122,0.956768,168
482024,711512,122,0.956119,168
483112,711512,122,0.955883,168
481248,711512,122,0.956280,168
485048,711512,122,0.955474,168
485456,711512,122,0.955376,168
484176,711512,122,0.955659,168
486736,711512,122,0.955100,168
483272,711512,122,0.955849,168
486544,711512,122,0.955142,168
490368,711512,122,0.954288,168
490664,711512,122,0.954211,168
490288,711512,122,0.954306,168
492040,711512,122,0.953898,168
490336,711512,123,0.954284,168
493792,711512,123,0.953483,168
497544,711512,123,0.952581,168
501336,711512,123,0.951634,168
502952,711512,123,0.951211,168
504112,711512,123,0.950900,168
503768,711512,124,0.950989,168
502776,711512,125,0.951244,168
505248,711512,125,0.950591,168
508248,711512,125,0.949777,168
505232,711512,124,0.950608,168
502960,711512,125,0.951197,168
502784,711512,124,0.942124,168
505384,711512,124,0.941309,168
506680,711512,124,0.940887,168
509024,711512,124,0.940120,168
511856,711512,124,0.949617,168
514632,711512,124,0.948820,168
515736,711512,124,0.948488,168
516312,711512,124,0.948306,168
517256,711512,124,0.948015,168
519904,711512,124,0.947206,168
516176,711512,124,0.948332,168
519264,711512,124,0.951956,168
518200,711512,125,0.952248,168
520048,711512,125,0.951725,168
519552,711512,124,0.951889,168
519616,711512,124,0.951858,168
519184,711512,124,0.951991,168
522464,711512,124,0.951055,168
521560,711512,123,0.951340,168
523400,711512,123,0.950799,168
520608,711512,123,0.951608,168
519696,711512,123,0.951876,168
522848,711512,123,0.950972,168
524160,711512,123,0.951714,168
521512,711512,123,0.952472,168
519584,711512,123,0.953013,168
522992,711512,123,0.952059,168
526720,711512,123,0.950971,168
522704,711512,124,0.952126,168
526000,711512,124,0.951168,168
524824,711512,125,0.951509,168
527728,711512,125,0.950644,168
527088,711512,125,0.950848,168
530064,711512,125,0.949936,168
528160,711512,126,0.950514,168
530496,711512,126,0.956975,168
529536,711512,125,0.957253,168
532720,711512,125,0.956392,168
531888,711512,125,0.956630,168
534536,711512,125,0.955892,168
534328,711512,125,0.955963,168
531648,711512,125,0.956707,168
529832,711512,125,0.957201,168
532608,711512,125,0.956448,168
532392,711512,126,0.956507,168
532544,711512,126,0.956452,168
533040,711512,126,0.956304,168
529104,711512,127,0.957353,168
529248,711512,126,0.957310,192
529312,711512,126,0.957280,192
526976,711512,126,0.950860,192
530896,711512,126,0.949657,192
528984,711512,125,0.950273,192
527664,711512,125,0.950684,192
523736,711512,126,0.951828,192
522792,711512,126,0.952108,192
522896,711512,126,0.952065,192
523560,711512,126,0.951864,192
522456,711512,126,0.952189,192
519624,711512,126,0.936388,192
520848,711512,126,0.935918,192
522296,711512,126,0.935357,192
521672,711512,126,0.935610,192
524080,711512,125,0.934693,192
520256,711512,125,0.936155,192
517928,711512,126,0.937004,192
519488,711512,126,0.936420,192
521232,711512,126,0.935757,192
518784,711512,125,0.936694,192
521088,711512,125,0.935829,192
522520,711512,125,0.935272,192
524304,711512,125,0.934569,192
521656,711512,125,0.935598,192
520576,711512,126,0.936001,192
524568,711512,126,0.934467,192
523480,711512,127,0.934887,192
524584,711512,127,0.934442,192
525208,711512,127,0.934179,192
524592,711512,127,0.934439,192
523912,711512,127,0.934721,192
522496,711512,128,0.935263,192
522744,711512,128,0.935150,192
525160,711512,128,0.934198,192
526800,711512,128,0.933529,192
523344,711512,129,0.934884,192
524264,711512,129,0.934510,192
521960,711512,129,0.935411,192
521480,711512,130,0.935592,192
519864,711512,130,0.936212,192
520440,711512,130,0.935981,192
519704,711512,129,0.936306,144
516640,711512,129,0.937429,144
517720,711512,129,0.937027,144
519520,711512,128,0.936373,144
517072,711512,127,0.937293,144
519208,711512,127,0.936505,144
517120,711512,126,0.937293,144
519512,711512,126,0.950465,144
517528,711512,126,0.951038,144
520328,711512,126,0.950231,144
523088,711512,126,0.949409,144
523264,711512,126,0.949343,144
519912,711512,125,0.950351,144
516120,711512,125,0.951428,144
516632,711512,125,0.951274,144
516360,711512,125,0.951362,144
516464,711512,125,0.951320,144
518512,711512,125,0.950736,144
516568,711512,125,0.951291,144
519008,711512,125,0.950595,144
515728,711512,125,0.951522,144
518944,711512,125,0.950613,144
518256,711512,125,0.950821,144
520072,711512,125,0.950291,144
517544,711512,124,0.951034,144
517120,711512,123,0.951179,144
521032,711512,123,0.950056,144
518512,711512,123,0.950790,144
521016,711512,123,0.950060,144
524408,711512,123,0.949042,144
521408,711512,123,0.949946,144
518376,711512,123,0.950828,144
521664,711512,123,0.949872,144
523112,711512,123,0.949431,144
523008,711512,123,0.949476,144
526864,711512,123,0.948290,144
526176,711512,124,0.948503,144
529144,711512,124,0.947556,144
528272,711512,123,0.947864,144
531056,711512,123,0.946953,144
529216,711512,123,0.947564,144
525224,711512,123,0.948824,144
528936,711512,123,0.970540,144
529384,711512,123,0.970450,144
527608,711512,124,0.970767,144
531616,711512,124,0.970033,144
529864,711512,124,0.970363,144
528432,711512,123,0.969279,144
529656,711512,123,0.969040,144
530048,711512,123,0.968957,144
526048,711512,122,0.951682,144
525512,711512,121,0.951864,144
524848,711512,121,0.952067,144
525544,711512,121,0.951854,144
528936,711512,121,0.950847,144
530480,711512,121,0.950366,144
527752,711512,122,0.951184,144
531432,711512,122,0.970085,144
528984,711512,122,0.970540,144
532192,711512,121,0.969953,144
528280,711512,121,0.967426,144
529856,711512,121,0.967102,144
526448,711512,121,0.964428,144
529664,711512,121,0.963718,144
529512,711512,122,0.963752,144
530168,711512,122,0.963595,144
530128,711512,122,0.963615,144
531216,711512,122,0.963360,144
527304,711512,122,0.958835,144
527560,711512,122,0.958760,144
523552,711512,121,0.936242,144
526640,711512,121,0.935042,144
524504,711512,121,0.935883,144
523760,711512,120,0.936200,144
524360,711512,120,0.935956,144
526552,711512,120,0.935095,144
523136,711512,121,0.936398,144
524752,711512,121,0.935770,144
524240,711512,120,0.936001,144
523568,711512,120,0.936272,144
521128,711512,120,0.937192,144
524304,711512,120,0.935995,144
526616,711512,120,0.935089,144
528032,711512,120,0.934514,144
526736,711512,120,0.935042,144
525568,711512,120,0.935513,144
523008,711512,120,0.936500,144
524416,711512,120,0.935953,144
526024,711512,120,0.935319,144
522072,711512,120,0.936829,144
520760,711512,121,0.937309,144
522472,711512,121,0.936663,144
524640,711512,121,0.935831,144
522584,711512,122,0.936604,144
524352,711512,122,0.935922,144
526864,711512,122,0.934936,144
525512,711512,121,0.935498,144
525760,711512,121,0.935384,144
522040,711512,120,0.936823,144
523696,711512,120,0.936188,144
522992,711512,120,0.936470,144
521456,711512,120,0.937055,144
520096,711512,120,0.937566,144
521992,711512,120,0.936858,144
523184,711512,120,0.936398,144
525640,711512,120,0.935448,144
524216,711512,120,0.936010,144
524704,711512,120,0.935807,144
521520,711512,121,0.936997,144
517664,711512,122,0.938380,144
519624,711512,122,0.937667,144
523248,711512,122,0.936320,144
520144,711512,121,0.937497,144
520056,711512,120,0.937563,144
516208,711512,120,0.938936,144
519936,711512,120,0.954439,144
523160,711512,120,0.953563,144
523232,711512,120,0.953530,144
520384,711512,120,0.954308,144
521624,711512,120,0.953965,144
517896,711512,121,0.954943,144
518504,711512,121,0.954774,144
516688,711512,122,0.955239,144
519720,711512,122,0.954445,144
517600,711512,123,0.954995,144
515816,711512,123,0.955459,144
515216,711512,123,0.955621,144
513256,711512,123,0.956116,144
517144,711512,123,0.955136,144
520040,711512,123,0.954373,144
520240,711512,123,0.954308,144
524016,711512,123,0.958335,144
520928,711512,123,0.959094,144
520400,711512,123,0.959230,144
523064,711512,123,0.958580,144
525496,711512,123,0.957968,144
521728,711512,123,0.958903,144
523984,711512,123,0.958343,144
521480,711512,123,0.958962,144
524424,711512,123,0.958235,144
521864,711512,124,0.958859,144
524712,711512,124,0.958151,144
521624,711512,124,0.958916,144
518000,711512,124,0.959777,144
521792,711512,124,0.958876,144
520224,711512,125,0.959249,144
518136,711512,125,0.959746,144
517248,711512,125,0.959960,144
516328,711512,124,0.960190,144
513728,711512,123,0.960787,144
509784,711512,123,0.961639,144
510512,711512,123,0.961476,144
510336,711512,124,0.961513,144
506416,711512,123,0.955371,144
508480,711512,123,0.954862,144
512448,711512,123,0.953860,144
513024,711512,123,0.953701,144
516368,711512,123,0.960181,144
515984,711512,122,0.960288,144
515472,711512,122,0.960413,144
517840,711512,122,0.965563,144
517344,711512,121,0.965678,144
520112,711512,121,0.965121,144
517992,711512,121,0.965552,144
521576,711512,121,0.964824,144
522672,711512,121,0.964589,144
519016,711512,120,0.951966,144
520456,711512,120,0.951553,144
522824,711512,120,0.964557,144
519792,711512,119,0.965195,144
517320,711512,120,0.965683,144
518424,711512,120,0.965457,144
515936,711512,120,0.965951,144
519056,711512,120,0.965332,144
521416,711512,120,0.964847,144
521056,711512,121,0.964920,144
522232,711512,121,0.964670,144
520816,711512,120,0.964979,144
523480,711512,120,0.964420,144
521736,711512,120,0.964791,144
524992,711512,120,0.964576,144
527432,711512,119,0.964046,184
530144,711512,119,0.963439,184
530072,711512,119,0.963465,184
531072,711512,119,0.963229,184
531224,711512,119,0.963184,184
530648,711512,119,0.963325,184
527144,711512,120,0.964098,184
525304,711512,121,0.964491,184
522528,711512,121,0.965078,184
523960,711512,121,0.964773,184
522016,711512,121,0.965182,184
518840,711512,120,0.955896,184
515984,711512,120,0.956618,184
518808,711512,120,0.955905,184
520056,711512,119,0.955575,232
521944,711512,119,0.955073,232
525296,711512,119,0.954165,232
522632,711512,119,0.954893,232
520752,711512,118,0.955408,232
521216,711512,118,0.955276,232
524448,711512,118,0.954408,232
523720,711512,118,0.954616,232
526528,711512,118,0.964241,232
524272,711512,119,0.964718,232
523584,711512,119,0.964871,232
519576,711512,118,0.965700,232
521832,711512,118,0.965239,232
520224,711512,118,0.965571,232
517712,711512,117,0.966082,232
519952,711512,117,0.965635,232
520944,711512,117,0.965428,232
522040,711512,117,0.965197,232
519032,711512,117,0.965806,232
517488,711512,117,0.966116,232
513888,711512,117,0.946511,232
512512,711512,117,0.946932,232
513232,711512,117,0.946706,232
515560,711512,117,0.945995,232
519592,711512,117,0.944728,232
520960,711512,117,0.944274,232
524696,711512,117,0.943025,232
525744,711512,117,0.942653,232
524088,711512,117,0.943230,232
520408,711512,117,0.944452,232
518768,711512,117,0.944989,232
520960,711512,116,0.944277,272
523032,711512,116,0.943584,272
521664,711512,116,0.944049,272
523960,711512,116,0.957102,272
525952,711512,116,0.956580,272
529336,711512,116,0.955672,272
527080,711512,116,0.956285,272
528712,711512,116,0.955839,272
524976,711512,116,0.956831,272
527176,711512,116,0.956248,272
525032,711512,116,0.956817,272
528656,711512,116,0.955854,272
524624,711512,116,0.956921,272
525568,711512,116,0.956667,272
521560,711512,116,0.957689,272
520120,711512,116,0.958053,272
524192,711512,116,0.957031,272
527568,711512,116,0.956144,272
525224,711512,116,0.956768,272
526680,711512,116,0.956378,272
524544,711512,116,0.956942,272
525944,711512,116,0.956570,272
521976,711512,116,0.957587,272
522056,711512,116,0.957555,272
520576,711512,116,0.957930,272
524208,711512,116,0.957015,272
521408,711512,116,0.957727,272
519200,711512,117,0.958263,272
521456,711512,117,0.957703,272
525160,711512,116,0.956766,296
522944,711512,117,0.957328,296
519688,711512,118,0.958128,296
519224,711512,118,0.958251,296
522520,711512,118,0.957434,296
526432,711512,118,0.956424,296
523904,711512,117,0.957098,296
522016,711512,118,0.957571,296
520920,711512,118,0.957852,296
520776,711512,119,0.957893,272
518928,711512,120,0.958339,272
521192,711512,120,0.957780,272
519624,711512,120,0.958172,272
518400,711512,120,0.958476,272
516144,711512,120,0.959015,272
517024,711512,120,0.958800,272
518904,711512,120,0.958345,272
516240,711512,121,0.958971,272
519720,711512,121,0.958138,272
520096,711512,121,0.958035,272
521408,711512,121,0.957703,272
520152,711512,122,0.958010,272
523920,711512,122,0.968778,272
525040,711512,122,0.968561,272
525776,711512,122,0.968414,272
528384,711512,122,0.973149,272
528320,711512,123,0.973159,272
531312,711512,123,0.972655,272
528080,711512,122,0.963709,272
530584,711512,122,0.963140,272
533600,711512,122,0.962432,272
531208,711512,122,0.962998,272
528816,711512,122,0.963547,272
524920,711512,122,0.964163,272
527856,711512,122,0.963517,272
528656,711512,122,0.963329,272
526312,711512,122,0.963854,272
529184,711512,122,0.963211,272
532176,711512,122,0.962516,272
528552,711512,123,0.963341,272
524800,711512,124,0.964158,272
526936,711512,124,0.963687,272
530872,711512,124,0.962795,272
529224,711512,123,0.963191,272
532008,711512,123,0.962543,272
528280,711512,124,0.963391,272
532000,711512,123,0.962543,280
529216,711512,123,0.963191,280
531888,711512,123,0.962569,280
528984,711512,122,0.963254,280
530416,711512,122,0.962919,280
526928,711512,121,0.963719,280
526080,711512,121,0.963913,280
528072,711512,121,0.963467,280
529968,711512,121,0.963032,280
526168,711512,121,0.963884,280
529512,711512,121,0.963135,280
525936,711512,121,0.963934,280
524488,711512,121,0.964254,280
526520,711512,121,0.963807,280
530016,711512,121,0.963021,280
528200,711512,121,0.963439,280
525168,711512,122,0.964099,280
522024,711512,122,0.964773,256
519728,711512,123,0.965239,256
521792,711512,123,0.964811,256
522576,711512,123,0.964639,256
524368,711512,123,0.964254,256
522040,711512,123,0.964750,256
521664,711512,123,0.964837,256
525352,711512,123,0.967582,256
523216,711512,123,0.967998,256
525408,711512,123,0.967571,256
521520,711512,123,0.963748,256
523528,711512,123,0.963309,256
521816,711512,123,0.963686,256
524904,711512,123,0.963009,256
522896,711512,123,0.963455,256
524936,711512,123,0.963002,256
527672,711512,123,0.962379,256
527264,711512,123,0.962483,256
523552,711512,123,0.963314,256
527088,711512,123,0.962522,256
528464,711512,123,0.962198,256
527344,711512,124,0.962454,256
528440,711512,124,0.962193,256
527312,711512,125,0.962450,256
523592,711512,126,0.963276,248
526272,711512,126,0.962675,248
528256,711512,126,0.962215,248
529544,711512,126,0.961906,248
526648,711512,126,0.962580,248
527488,711512,126,0.962379,248
524728,711512,125,0.963018,248
521784,711512,126,0.963653,248
518200,711512,126,0.964408,248
521752,711512,126,0.963660,248
525600,711512,126,0.962814,248
528072,711512,126,0.962246,248
527824,711512,126,0.962314,248
531056,711512,126,0.961550,248
530976,711512,127,0.961569,248
527352,711512,126,0.959245,248
525944,711512,126,0.959600,248
529256,711512,126,0.958771,248
533048,711512,126,0.957781,248
530840,711512,125,0.958381,248
534016,711512,125,0.957537,248
535704,711512,125,0.957068,248
534624,711512,124,0.957387,248
534096,711512,123,0.957562,216
536296,711512,123,0.956954,216
536600,711512,123,0.956857,216
533400,711512,123,0.957734,216
535520,711512,123,0.957153,216
532224,711512,124,0.958031,216
535528,711512,124,0.957138,216
534480,711512,124,0.957434,216
537104,711512,124,0.973479,216
535304,711512,125,0.973782,216
534728,711512,125,0.973885,216
536000,711512,125,0.973665,216
540096,711512,124,0.973319,256
537920,711512,124,0.973702,256
534152,711512,124,0.972471,256
535008,711512,124,0.972314,256
537184,711512,124,0.971918,256
536512,711512,123,0.972056,256
534520,711512,124,0.972407,256
532368,711512,123,0.972793,256
533568,711512,123,0.972580,256
532056,711512,123,0.972846,256
534416,711512,123,0.972434,256
537040,711512,123,0.971962,256
533792,711512,123,0.966719,256
530256,711512,123,0.967451,256
533440,711512,123,0.966792,256
534016,711512,123,0.966662,256
535536,711512,123,0.966330,256
532160,711512,124,0.967036,256
535152,711512,124,0.966401,256
533576,711512,124,0.966744,256
533184,711512,124,0.966835,256
529960,711512,123,0.962903,256
532568,711512,123,0.962290,256
530208,711512,124,0.962836,256
527600,711512,124,0.963432,256
528760,711512,124,0.963163,256
529840,711512,124,0.967514,256
529000,711512,124,0.967690,256
531760,711512,124,0.967128,256
529352,711512,124,0.967621,256
526920,711512,125,0.968094,256
525648,711512,126,0.968337,256
527712,711512,126,0.967932,256
527136,711512,126,0.968053,256
523256,711512,125,0.965129,256
521192,711512,124,0.965567,256
522048,711512,124,0.965385,256
525872,711512,124,0.964584,256
527112,711512,124,0.964310,256
531008,711512,124,0.963442,256
534968,711512,124,0.962515,256
538424,711512,124,0.965701,256
540504,711512,123,0.965224,296
538328,711512,123,0.965724,296
534752,711512,123,0.966508,296
538512,711512,123,0.968116,296
540072,711512,123,0.967781,296
536280,711512,123,0.963570,296
539528,711512,123,0.967895,296
536320,711512,124,0.968552,296
537584,711512,124,0.968287,296
536424,711512,124,0.968531,296
540120,711512,123,0.967761,344
537088,711512,124,0.968388,344
535192,711512,124,0.968777,344
532408,711512,124,0.969327,344
534944,711512,124,0.971964,344
531096,711512,124,0.972638,344
528832,711512,125,0.973015,344
529784,711512,125,0.972850,344
531872,711512,125,0.972490,344
533208,711512,125,0.972251,344
534152,711512,125,0.972078,344
533072,711512,126,0.972267,344
529856,711512,127,0.972814,344
526392,711512,127,0.964308,344
526912,711512,127,0.964186,344
524136,711512,126,0.941578,344
525696,711512,126,0.941016,344
529320,711512,126,0.939692,344
531624,711512,126,0.938812,344
528960,711512,126,0.939824,344
532384,711512,126,0.960162,344
531888,711512,125,0.960308,344
534944,711512,125,0.959528,344
534088,711512,125,0.959758,344
531264,711512,124,0.960485,344
531712,711512,124,0.960363,344
527888,711512,124,0.961293,344
526568,711512,124,0.961611,344
526016,711512,124,0.961748,344
528728,711512,124,0.961106,344
526744,711512,124,0.961581,344
524032,711512,124,0.962208,344
526768,711512,124,0.961575,344
527664,711512,124,0.961356,344
530208,711512,124,0.960741,344
528272,711512,124,0.961214,344
532152,711512,123,0.960269,384
533184,711512,123,0.960000,384
531088,711512,122,0.960541,384
534576,711512,122,0.959661,384
535592,711512,122,0.959388,384
533048,711512,122,0.960046,384
535928,711512,122,0.959301,384
532536,711512,123,0.960162,384
532936,711512,123,0.960050,384
530856,711512,124,0.960572,344
532448,711512,124,0.960169,344
530248,711512,124,0.960720,344
526320,711512,124,0.956906,344
525800,711512,125,0.957040,344
527776,711512,125,0.956513,344
531784,711512,125,0.955419,344
530624,711512,126,0.955737,344
531624,711512,126,0.955450,344
530336,711512,126,0.955816,344
532088,711512,126,0.955321,344
534120,711512,125,0.954742,368
532912,711512,125,0.955098,368
530880,711512,126,0.955667,344
533360,711512,126,0.959930,344
530184,711512,126,0.960724,344
533872,711512,126,0.968555,344
536648,711512,126,0.967986,344
534136,711512,125,0.968512,344
534992,711512,125,0.968332,344
532944,711512,125,0.968747,344
535752,711512,125,0.968179,344
532760,711512,125,0.968783,344
529136,711512,125,0.969482,344
526944,711512,125,0.969894,344
527976,711512,125,0.969697,344
529616,711512,125,0.971490,344
530488,711512,125,0.971329,344
530176,711512,125,0.971392,344
527464,711512,125,0.971869,344
531168,711512,125,0.971217,344
528368,711512,126,0.971706,344
529672,711512,126,0.971472,344
531328,711512,126,0.971171,344
528592,711512,126,0.971660,344
527592,711512,126,0.971839,344
525552,711512,126,0.967508,344
529448,711512,126,0.966724,344
531712,711512,125,0.966250,376
531968,711512,125,0.966186,376
531264,711512,124,0.966353,376
533776,711512,124,0.965812,376
530472,711512,123,0.958504,376
531080,711512,123,0.958335,376
530632,711512,124,0.958450,376
532416,711512,124,0.957976,376
529144,711512,125,0.958816,376
528200,711512,126,0.959052,376
525896,711512,127,0.959617,376
522960,711512,127,0.960326,376
524168,711512,127,0.960030,376
521800,711512,126,0.960606,376
522464,711512,126,0.960441,376
518552,711512,127,0.961329,376
519512,711512,127,0.961104,376
515576,711512,127,0.961752,376
512608,711512,126,0.962401,376
515064,711512,126,0.961872,376
514032,711512,126,0.962102,376
511256,711512,126,0.962691,376
509840,711512,126,0.962989,376
508568,711512,127,0.963244,376
512560,711512,127,0.962421,376
516312,711512,127,0.961840,376
517872,711512,127,0.961489,376
520120,711512,126,0.960981,408
520704,711512,126,0.960838,408
522016,711512,126,0.960526,408
518696,711512,126,0.961289,408
516072,711512,126,0.961874,408
517424,711512,126,0.961570,408
520200,711512,126,0.960941,408
520784,711512,126,0.960798,408
520968,711512,126,0.960745,408
519336,711512,125,0.961136,408
520000,711512,125,0.960976,408
517128,711512,124,0.954034,408
519832,711512,124,0.953303,408
518896,711512,124,0.953567,408
522776,711512,123,0.952500,440
521672,711512,124,0.952806,440
522240,711512,124,0.952636,440
520232,711512,123,0.942373,440
518712,711512,123,0.942891,440
522192,711512,123,0.941711,440
519584,711512,124,0.942588,440
518896,711512,124,0.942831,440
522032,711512,124,0.941766,440
524608,711512,124,0.940858,440
524048,711512,124,0.941071,440
525096,711512,124,0.940686,440
523648,711512,123,0.941226,440
525600,711512,123,0.940524,440
526720,711512,123,0.940106,440
525368,711512,123,0.940606,440
522280,711512,124,0.941681,440
519920,711512,124,0.942493,440
523056,711512,124,0.952435,440
522184,711512,124,0.952691,440
525144,711512,124,0.951843,440
521912,711512,123,0.952779,440
522064,711512,123,0.952724,440
523976,711512,123,0.952176,440
521520,711512,123,0.952874,440
522320,711512,123,0.952640,440
523080,711512,123,0.952415,440
521008,711512,123,0.953001,440
519288,711512,124,0.953467,440
523344,711512,124,0.960079,440
523496,711512,124,0.960032,440
521936,711512,125,0.960397,440
525400,711512,125,0.959566,440
522592,711512,125,0.959868,440
520400,711512,126,0.960388,400
522440,711512,126,0.959902,400
519256,711512,126,0.960649,400
519952,711512,126,0.960479,400
521264,711512,126,0.960166,400
518488,711512,125,0.960822,400
521872,711512,124,0.960037,440
518384,711512,124,0.960847,440
522160,711512,124,0.959970,440
520760,711512,124,0.960312,416
519456,711512,124,0.960622,416
516784,711512,125,0.961219,416
513360,711512,126,0.961958,416
516728,711512,125,0.961224,448
518968,711512,125,0.960714,448
516552,711512,124,0.961273,448
518976,711512,124,0.960723,448
514920,711512,124,0.938578,448
515728,711512,124,0.938282,448
519600,711512,124,0.959509,448
521960,711512,124,0.958938,448
520688,711512,124,0.959253,448
518640,711512,125,0.959732,448
516272,711512,125,0.960283,448
512712,711512,125,0.961078,448
513672,711512,125,0.960859,448
516992,711512,125,0.960109,448
520760,711512,125,0.959224,448
522008,711512,125,0.958915,448
519328,711512,125,0.959561,448
520376,711512,125,0.959304,448
517000,711512,125,0.960096,448
515608,711512,125,0.960421,448
518992,711512,125,0.959639,448
519536,711512,125,0.959501,448
517096,711512,126,0.960073,408
519592,711512,126,0.959486,408
518000,711512,127,0.959855,408
517848,711512,128,0.959890,408
520576,711512,128,0.959243,408
523024,711512,128,0.958644,408
522440,711512,127,0.958809,408
524152,711512,127,0.958379,408
520696,711512,126,0.957890,408
517376,711512,126,0.958698,408
519952,711512,126,0.958071,408
519768,711512,126,0.958127,408
521256,711512,126,0.957752,408
522080,711512,126,0.957537,408
518192,711512,126,0.958494,408
521432,711512,126,0.957697,408
520440,711512,126,0.957952,408
522992,711512,126,0.957308,408
522256,711512,125,0.957517,408
523896,711512,124,0.957102,416
520656,711512,124,0.957921,416
523288,711512,124,0.957256,416
521976,711512,125,0.957584,416
522624,711512,125,0.958774,416
521288,711512,125,0.959107,416
524744,711512,124,0.958256,456
521704,711512,125,0.958998,456
521464,711512,125,0.959067,456
519200,711512,125,0.959619,424
522184,711512,125,0.961620,424
523992,711512,125,0.961198,424
523624,711512,125,0.961293,424
523048,711512,125,0.961435,424
522384,711512,125,0.961596,424
523224,711512,125,0.961395,424
523448,711512,125,0.961333,424
524032,711512,125,0.961189,424
521400,711512,125,0.961795,424
519088,711512,124,0.962278,424
520144,711512,124,0.962037,424
520840,711512,124,0.961919,424
523704,711512,124,0.961264,424
519608,711512,124,0.962199,384
518560,711512,123,0.962447,384
518360,711512,122,0.962510,384
519400,711512,122,0.962275,384
523104,711512,122,0.961442,384
523296,711512,122,0.961388,384
521656,711512,123,0.961759,376
522952,711512,123,0.961457,376
518960,711512,123,0.943551,376
514912,711512,122,0.944864,376
518416,711512,122,0.943742,376
518768,711512,122,0.943613,376
516776,711512,121,0.944281,376
513144,711512,122,0.945405,376
517232,711512,122,0.944121,376
519456,711512,122,0.943389,376
517000,711512,122,0.944195,376
515104,711512,122,0.944804,376
518480,711512,122,0.943721,376
521824,711512,122,0.942606,376
520896,711512,122,0.942931,376
523040,711512,122,0.942195,376
519952,711512,121,0.943258,376
520024,711512,121,0.943219,376
519672,711512,121,0.943350,376
520304,711512,121,0.943127,376
518232,711512,120,0.943832,376
515456,711512,120,0.944725,376
514528,711512,120,0.945026,376
510656,711512,121,0.946192,376
513880,711512,121,0.945210,376
516768,711512,121,0.944298,376
518560,711512,121,0.943711,376
520696,711512,121,0.942998,376
517200,711512,121,0.944146,376
520944,711512,121,0.963927,376
517816,711512,121,0.964581,376
517568,711512,121,0.964640,376
519904,711512,121,0.964154,376
521256,711512,121,0.964886,376
519768,711512,121,0.965197,376
523768,711512,121,0.964365,376
522672,711512,122,0.964594,376
524336,711512,122,0.964235,376
520632,711512,122,0.965013,376
522520,711512,122,0.964616,376
522368,711512,121,0.964667,376
526016,711512,121,0.963885,376
525568,711512,122,0.963982,376
528864,711512,122,0.963248,376
525512,711512,122,0.963994,376
527592,711512,122,0.963531,376
527440,711512,123,0.963564,376
531304,711512,123,0.962683,376
529528,711512,123,0.963099,376
529456,711512,123,0.963126,376
531568,711512,123,0.962633,376
528584,711512,123,0.963321,376
530096,711512,122,0.962970,424
529696,711512,121,0.963083,424
532864,711512,121,0.962341,424
529848,711512,120,0.963059,424
532168,711512,120,0.962516,424
529016,711512,120,0.962661,424
532032,711512,120,0.961951,424
534360,711512,120,0.961381,424
533792,711512,120,0.961531,424
531552,711512,120,0.962075,424
535184,711512,120,0.961192,424
532736,711512,120,0.961796,424
529272,711512,120,0.962614,424
530896,711512,120,0.962229,424
532480,711512,120,0.961845,424
530472,711512,119,0.962338,424
528400,711512,119,0.962823,424
525088,711512,120,0.963555,424
524440,711512,121,0.963695,424
527872,711512,121,0.962931,424
525144,711512,121,0.963543,424
525400,711512,121,0.963477,424
526592,711512,121,0.963205,424
524968,711512,121,0.963571,424
523408,711512,120,0.963926,424
524928,711512,120,0.963590,424
526096,711512,120,0.963325,424
526152,711512,120,0.963302,424
522184,711512,121,0.964154,424
521264,711512,122,0.964346,424
522776,711512,122,0.964019,424
524072,711512,122,0.963733,424
524232,711512,122,0.963688,424
524528,711512,122,0.963614,424
522816,711512,121,0.964000,424
524464,711512,121,0.963638,424
521184,711512,121,0.964342,424
521840,711512,121,0.964196,424
518064,711512,122,0.964968,424
520608,711512,122,0.964442,424
517744,711512,122,0.965032,424
516784,711512,123,0.965223,424
517776,711512,123,0.965016,424
518304,711512,123,0.964901,424
515808,711512,122,0.943381,424
513448,711512,122,0.944140,424
517208,711512,122,0.942930,424
515224,711512,122,0.943582,424
519072,711512,122,0.942318,424
517456,711512,122,0.942865,424
521144,711512,122,0.963363,424
520344,711512,123,0.963533,424
522424,711512,123,0.963078,424
519656,711512,122,0.959719,424
523328,711512,122,0.962891,424
521136,711512,122,0.963375,424
522024,711512,122,0.963174,424
524688,711512,122,0.962581,424
521392,711512,122,0.963310,424
521480,711512,122,0.963281,424
519392,711512,123,0.963723,424
517880,711512,123,0.964046,424
521352,711512,123,0.963308,424
522976,711512,123,0.962947,424
519856,711512,124,0.963615,424
520808,711512,124,0.963404,424
517672,711512,123,0.942216,424
520456,711512,123,0.941267,424
520024,711512,122,0.941446,424
518968,711512,121,0.941833,424
519432,711512,121,0.941662,424
521552,711512,121,0.940924,424
519328,711512,122,0.941680,424
522344,711512,122,0.958593,424
519120,711512,122,0.959372,424
515408,711512,122,0.960232,424
518328,711512,122,0.959557,424
518472,711512,122,0.959512,424
515480,711512,123,0.960195,424
512696,711512,123,0.960820,424
513624,711512,123,0.960607,424
517424,711512,123,0.959743,424
514560,711512,123,0.960400,424
511392,711512,123,0.961101,424
511136,711512,124,0.961156,424
514488,711512,124,0.960416,424
511464,711512,125,0.961076,424
514856,711512,125,0.960324,424
513968,711512,125,0.960531,424
512768,711512,125,0.960804,424
513800,711512,125,0.960568,424
515840,711512,125,0.960103,424
518624,711512,125,0.959454,424
520960,711512,125,0.958892,424
518896,711512,125,0.959391,424
515448,711512,125,0.960191,424
514496,711512,124,0.960425,424
515912,711512,124,0.960098,424
515656,711512,124,0.960166,424
515432,711512,125,0.960216,424
516096,711512,125,0.960056,424
512624,711512,125,0.960836,424
511384,711512,124,0.961124,424
511464,711512,124,0.961096,424
511408,711512,123,0.961129,424
507472,711512,123,0.961963,424
508368,711512,123,0.961768,424
508280,711512,122,0.961806,424
512312,711512,122,0.960945,424
515736,711512,122,0.960180,424
517408,711512,122,0.959791,424
518880,711512,122,0.959440,424
520520,711512,122,0.959043,424
519136,711512,122,0.959380,424
518192,711512,121,0.959621,424
516608,711512,121,0.959995,424
517016,711512,121,0.959891,424
519824,711512,121,0.959230,424
521904,711512,121,0.958723,424
523584,711512,121,0.958302,424
522776,711512,121,0.958511,424
526704,711512,121,0.957519,424
524504,711512,122,0.958074,424
525728,711512,122,0.957755,424
523608,711512,122,0.958296,424
525048,711512,122,0.957926,424
523696,711512,123,0.958262,424
527208,711512,123,0.957366,424
525088,711512,122,0.957928,424
521320,711512,121,0.958875,424
520624,711512,122,0.959041,424
520696,711512,122,0.959012,424
524560,711512,122,0.958060,424
525728,711512,122,0.957755,424
523248,711512,123,0.958373,424
520112,711512,122,0.959151,424
518472,711512,122,0.959546,424
521600,711512,122,0.958796,424
522952,711512,122,0.958457,424
526736,711512,122,0.968473,424
526440,711512,122,0.968538,424
527256,711512,122,0.968374,424
526952,711512,121,0.968450,424
527048,711512,121,0.968423,424
525488,711512,121,0.968726,424
522704,711512,121,0.968166,424
519320,711512,121,0.966685,384
516744,711512,122,0.967171,384
518808,711512,122,0.966774,384
516728,711512,122,0.955114,384
518656,711512,122,0.954606,384
515776,711512,122,0.955355,384
518664,711512,122,0.954604,384
516104,711512,123,0.955260,384
519152,711512,123,0.954464,384
520432,711512,123,0.954114,384
524328,711512,123,0.953041,384
525592,711512,123,0.952672,384
522808,711512,122,0.953473,384
524168,711512,122,0.953085,384
520472,711512,121,0.953897,336
521912,711512,121,0.953496,336
520104,711512,120,0.954008,336
517768,711512,119,0.954645,336
519440,711512,119,0.954196,336
520560,711512,119,0.953886,336
520264,711512,120,0.953965,336
520824,711512,120,0.953803,336
520160,711512,120,0.953993,336
516872,711512,120,0.954863,336
520552,711512,120,0.953888,336
523096,711512,120,0.953185,336
521664,711512,120,0.953589,336
523408,711512,120,0.953099,336
520744,711512,121,0.953824,336
520200,711512,121,0.953982,336
522272,711512,121,0.953879,336
521864,711512,122,0.953989,336
520776,711512,122,0.954292,336
523424,711512,121,0.953575,352
526024,711512,121,0.952839,352
528016,711512,121,0.952256,352
525984,711512,121,0.952851,352
526008,711512,121,0.952830,352
523808,711512,121,0.953457,352
525272,711512,121,0.953037,352
523504,711512,122,0.953527,352
522704,711512,121,0.953771,352
525320,711512,121,0.953037,352
521840,711512,121,0.954004,352
525608,711512,121,0.965135,352
523096,711512,121,0.965660,352
526616,711512,121,0.964924,352
530064,711512,121,0.964172,352
526168,711512,121,0.965018,352
528224,711512,121,0.964572,352
524880,711512,122,0.965276,352
528504,711512,121,0.964511,352
524800,711512,121,0.965307,328
522256,711512,120,0.959948,328
524568,711512,120,0.965365,328
520888,711512,120,0.954045,328
521768,711512,120,0.953797,328
524376,711512,120,0.953069,328
521840,711512,120,0.953777,328
524976,711512,120,0.952902,328
521096,711512,121,0.953975,288
520200,711512,121,0.954226,288
520296,711512,121,0.954188,288
521544,711512,121,0.953842,288
520448,711512,122,0.954135,288
523456,711512,122,0.953308,288
522888,711512,122,0.953477,288
524656,711512,122,0.952976,288
521264,711512,121,0.953930,288
520480,711512,121,0.954152,288
521552,711512,121,0.953853,288
525328,711512,121,0.963004,288
524632,711512,122,0.963156,288
521288,711512,122,0.963883,288
519400,711512,122,0.964286,288
522640,711512,122,0.963597,288
518608,711512,123,0.964438,288
517680,711512,123,0.964636,288
518720,711512,123,0.964415,288
519400,711512,123,0.964266,288
522144,711512,123,0.963682,288
524560,711512,123,0.963151,288
522432,711512,123,0.963621,288
520792,711512,123,0.958685,288
520992,711512,123,0.958626,288
523432,711512,123,0.958019,288
523240,711512,123,0.958078,288
520688,711512,122,0.941051,288
519808,711512,121,0.932389,288
518968,711512,121,0.932734,288
516320,711512,122,0.933746,272
515368,711512,121,0.934136,272
513928,711512,122,0.934664,272
512616,711512,121,0.935173,272
511832,711512,121,0.935470,272
511944,711512,121,0.935413,272
511312,711512,122,0.935637,272
511424,711512,122,0.935580,272
507544,711512,122,0.936952,240
507432,711512,122,0.937006,240
504728,711512,121,0.937939,240
501808,711512,122,0.938884,240
500560,711512,123,0.939278,240
501616,711512,123,0.938929,240
502984,711512,123,0.938476,240
504632,711512,123,0.937923,240
507680,711512,123,0.936889,240
506032,711512,123,0.937460,240
506928,711512,123,0.937144,240
507472,711512,123,0.936944,240
506816,711512,124,0.937165,240
503032,711512,124,0.926501,240
500416,711512,125,0.927497,240
504016,711512,125,0.938094,240
504672,711512,125,0.937863,240
501152,711512,125,0.939016,240
505088,711512,125,0.937726,240
505976,711512,125,0.937415,240
506360,711512,125,0.937270,240
506280,711512,125,0.937313,240
502848,711512,125,0.938458,240
499800,711512,125,0.939442,240
503208,711512,125,0.938341,240
506072,711512,125,0.944729,240
505824,711512,125,0.944816,240
509632,711512,125,0.943658,240
513728,711512,125,0.942358,240
517408,711512,125,0.941136,240
518264,711512,125,0.940832,240
521768,711512,125,0.939606,240
524248,711512,125,0.938702,240
520624,711512,126,0.939990,240
519552,711512,126,0.940377,240
523376,711512,126,0.948065,240
524848,711512,126,0.947596,240
527288,711512,126,0.946810,240
529424,711512,126,0.946099,240
528392,711512,126,0.946453,240
529552,711512,126,0.946057,240
533648,711512,126,0.944654,240
529752,711512,126,0.945991,240
531272,711512,126,0.945467,240
530256,711512,125,0.945840,240
526576,711512,125,0.947052,240
525456,711512,124,0.947436,240
528248,711512,124,0.946531,240
528920,711512,124,0.946296,240
529192,711512,124,0.946191,240
527792,711512,125,0.946647,240
528064,711512,125,0.946544,240
525216,711512,124,0.947481,240
525680,711512,124,0.947321,240
524160,711512,124,0.947810,240
528152,711512,124,0.960699,240
526792,711512,123,0.961043,240
528832,711512,123,0.960547,240
524824,711512,122,0.936609,240
526920,711512,122,0.935791,240
525128,711512,121,0.936512,240
521200,711512,122,0.937962,240
522608,711512,122,0.937433,240
522080,711512,122,0.937643,240
525904,711512,122,0.936200,240
524872,711512,122,0.936609,240
527264,711512,122,0.935677,240
526208,711512,121,0.936120,240
527536,711512,121,0.935590,240
529768,711512,121,0.934691,240
525944,711512,121,0.913056,240
526776,711512,121,0.912596,240
524784,711512,121,0.913655,240
527688,711512,121,0.912114,240
523808,711512,121,0.914152,240
520792,711512,120,0.915701,240
517104,711512,120,0.917487,240
513168,711512,121,0.919290,240
515856,711512,121,0.918045,240
512256,711512,121,0.899554,240
514448,711512,121,0.898296,240
511560,711512,122,0.899912,240
509104,711512,122,0.901272,240
511912,711512,122,0.899718,240
514960,711512,122,0.897977,240
516016,711512,122,0.897341,240
512264,711512,121,0.899523,240
513808,711512,121,0.898631,240
512952,711512,122,0.899113,240
512296,711512,122,0.899505,240
514624,711512,122,0.898168,240
517832,711512,122,0.896278,240
515752,711512,122,0.897521,240
515856,711512,122,0.897434,240
516016,711512,122,0.897313,240
516472,711512,122,0.897020,240
515968,711512,122,0.897341,240
513680,711512,122,0.898677,240
516272,711512,122,0.897165,240
514200,711512,122,0.898382,240
512936,711512,123,0.899095,240
512952,711512,123,0.899059,240
513672,711512,123,0.898627,240
511344,711512,122,0.899978,240
512672,711512,122,0.899216,240
508680,711512,122,0.901422,240
512200,711512,122,0.899478,240
513000,711512,122,0.903713,240
510112,711512,121,0.905282,240
512592,711512,121,0.903956,240
511896,711512,121,0.904350,240
509768,711512,121,0.905484,240
511184,711512,121,0.904724,240
514176,711512,121,0.903106,240
511552,711512,121,0.904531,240
509496,711512,121,0.905624,240
513320,711512,121,0.903593,240
509544,711512,121,0.905600,240
508464,711512,121,0.906176,240
504776,711512,121,0.908034,240
505112,711512,121,0.907847,240
502688,711512,121,0.909041,240
504128,711512,121,0.908326,240
502064,711512,121,0.909338,240
502920,711512,121,0.908908,240
501944,711512,121,0.909395,240
503960,711512,121,0.908407,240
504296,711512,121,0.908221,240
508152,711512,121,0.906285,240
510072,711512,121,0.905278,240
506584,711512,121,0.907072,240
509192,711512,121,0.905731,240
509096,711512,121,0.905805,240
506288,711512,121,0.907243,240
509776,711512,121,0.905455,240
508552,711512,121,0.906107,240
511376,711512,121,0.904624,240
515040,711512,121,0.902636,240
514224,711512,121,0.903106,240
517512,711512,121,0.901266,240
514144,711512,121,0.903167,208
511128,711512,121,0.904795,208
509608,711512,121,0.905608,208
505608,711512,122,0.907619,208
509032,711512,122,0.924720,208
509872,711512,122,0.924355,208
511632,711512,122,0.923602,208
513152,711512,122,0.922937,208
509504,711512,122,0.924487,208
506288,711512,121,0.925825,208
504624,711512,120,0.926516,208
503576,711512,121,0.926922,208
505360,711512,121,0.926210,208
507960,711512,121,0.925155,208
508824,711512,121,0.924785,208
510256,711512,121,0.924177,208
509920,711512,121,0.924336,208
509024,711512,122,0.924704,208
510664,711512,122,0.924007,208
508872,711512,122,0.924766,208
509576,711512,122,0.924458,208
506784,711512,122,0.925608,208
510224,711512,122,0.924190,208
511584,711512,122,0.923602,208
508376,711512,122,0.924948,208
507512,711512,122,0.925317,208
504384,711512,123,0.926553,208
501968,711512,123,0.927499,208
504000,711512,123,0.926702,208
504344,711512,123,0.926550,208
503288,711512,123,0.926977,208
504144,711512,123,0.926628,208
507384,711512,123,0.925329,208
507696,711512,123,0.925184,208
504248,711512,123,0.926569,208
506752,711512,123,0.925563,208
506648,711512,123,0.925624,208
505024,711512,123,0.926285,208
508136,711512,123,0.925026,208
510104,711512,123,0.924200,208
509248,711512,123,0.924573,208
510776,711512,123,0.923921,208
509536,711512,124,0.924435,208
509936,711512,124,0.924250,208
509736,711512,124,0.924352,208
512880,711512,124,0.923012,208
511840,711512,124,0.923474,208
513512,711512,124,0.922741,208
510704,711512,124,0.923951,208
508560,711512,124,0.924854,208
506680,711512,124,0.925630,208
510616,711512,124,0.924007,208
508520,711512,125,0.924870,208
506408,711512,124,0.925758,208
504880,711512,124,0.926379,208
507688,711512,124,0.925246,208
509192,711512,124,0.924615,208
510664,711512,124,0.923987,208
513288,711512,124,0.922858,208
510960,711512,124,0.923864,208
509664,711512,124,0.924421,208
511112,711512,123,0.923817,216
512016,711512,123,0.923417,216
515776,711512,123,0.921772,216
512088,711512,123,0.923386,216
515312,711512,123,0.921976,216
511856,711512,123,0.923484,216
507768,711512,124,0.925172,216
506464,711512,124,0.925713,216
503840,711512,123,0.926780,216
506880,711512,122,0.925583,224
503832,711512,121,0.926817,224
505576,711512,121,0.926118,224
503824,711512,122,0.926801,224
505520,711512,122,0.926122,224
509264,711512,122,0.945210,224
511824,711512,122,0.944422,224
509280,711512,122,0.945205,224
512688,711512,122,0.944156,224
508824,711512,122,0.945341,224
512048,711512,122,0.944354,224
514576,711512,122,0.943551,224
513064,711512,122,0.944055,176
511888,711512,123,0.944417,176
513952,711512,123,0.943763,176
512304,711512,124,0.944275,176
510136,711512,124,0.944949,176
510856,711512,124,0.944717,176
512296,711512,124,0.944263,176
515192,711512,124,0.943340,176
515136,711512,125,0.943358,176
511896,711512,124,0.940385,176
511952,711512,124,0.940351,176
513072,711512,124,0.939964,176
509848,711512,124,0.941035,176
506344,711512,124,0.942156,176
504704,711512,125,0.942659,176
504976,711512,125,0.942562,176
503984,711512,125,0.942878,176
505640,711512,125,0.942359,176
506232,711512,125,0.942161,176
504688,711512,126,0.942635,176
505488,711512,126,0.942376,176
508880,711512,126,0.941299,176
507416,711512,126,0.941777,176
507304,711512,125,0.941842,176
506632,711512,124,0.942082,176
508088,711512,124,0.941611,176
507544,711512,124,0.941797,176
508792,711512,124,0.941388,176
509120,711512,124,0.941269,176
511968,711512,124,0.940329,176
511904,711512,123,0.940382,176
513088,711512,123,0.939974,176
511968,711512,123,0.940361,176
511248,711512,122,0.940628,176
514984,711512,122,0.943452,176
512272,711512,122,0.944314,176
508984,711512,122,0.945322,176
505176,711512,123,0.946429,176
507560,711512,123,0.945727,176
506520,711512,123,0.946043,176
507048,711512,123,0.945876,176
504448,711512,124,0.946621,176
505752,711512,124,0.946237,176
504736,711512,124,0.946540,176
504336,711512,123,0.946680,176
507936,711512,123,0.945631,176
507832,711512,123,0.945676,176
511496,711512,123,0.944567,176
514336,711512,123,0.943672,176
512976,711512,123,0.944112,176
510784,711512,124,0.944783,176
511672,711512,124,0.944498,176
508168,711512,124,0.945563,176
504776,711512,124,0.946556,176
506600,711512,124,0.946020,176
506016,711512,125,0.946188,176
505488,711512,125,0.946353,176
505392,711512,125,0.946394,176
508648,711512,125,0.945436,176
508376,711512,125,0.945530,176
507000,711512,125,0.945946,176
510056,711512,125,0.945031,176
508888,711512,125,0.945393,176
510088,711512,125,0.945021,176
510152,711512,125,0.944988,176
513128,711512,125,0.944065,176
514080,711512,125,0.943753,176
514320,711512,125,0.943662,176
515736,711512,125,0.951447,176
515280,711512,125,0.951585,176
516464,711512,125,0.951247,176
518384,711512,125,0.950698,176
514536,711512,125,0.951773,176
517512,711512,125,0.950943,176
515640,711512,125,0.951473,176
518440,711512,125,0.950682,176
521560,711512,125,0.949771,176
524312,711512,125,0.948938,176
522176,711512,126,0.949576,176
522304,711512,126,0.949524,176
521600,711512,126,0.949746,176
519608,711512,127,0.950323,176
515944,711512,126,0.951377,176
519648,711512,126,0.950325,176
520224,711512,126,0.950146,176
521200,711512,126,0.949849,176
520592,711512,126,0.950039,176
520016,711512,126,0.950220,176
523112,711512,126,0.949299,176
526136,711512,126,0.948365,176
523608,711512,125,0.949165,176
526624,711512,125,0.948229,176
525736,711512,126,0.948503,176
523000,711512,125,0.949361,176
523824,711512,125,0.949100,176
524064,711512,124,0.949018,208
521008,711512,123,0.949951,208
519080,711512,122,0.950533,208
521416,711512,122,0.949846,208
520616,711512,122,0.950093,208
518976,711512,122,0.950576,208
521024,711512,122,0.949974,208
519568,711512,122,0.950408,208
516112,711512,122,0.951399,168
519600,711512,122,0.950410,168
516456,711512,122,0.951304,168
513432,711512,122,0.952135,168
515712,711512,122,0.951508,168
513952,711512,123,0.951984,168
514048,711512,123,0.951945,168
517200,711512,123,0.959204,168
521232,711512,123,0.958236,168
520040,711512,123,0.958535,168
516248,711512,123,0.959434,168
514016,711512,123,0.959950,168
510768,711512,123,0.960673,168
510936,711512,123,0.960626,168
508248,711512,123,0.961208,168
506560,711512,123,0.961568,168
504888,711512,122,0.961928,168
506024,711512,122,0.961688,168
503888,711512,122,0.962129,168
505776,711512,122,0.961738,168
505440,711512,122,0.961816,168
504760,711512,122,0.961964,168
501504,711512,123,0.962608,168
502128,711512,123,0.962477,168
502904,711512,123,0.962315,168
499928,711512,123,0.962903,168
498456,711512,123,0.963192,168
501920,711512,123,0.962518,168
499192,711512,123,0.963053,168
495640,711512,122,0.963733,168
494288,711512,122,0.963988,168
496928,711512,122,0.963496,168
499344,711512,122,0.963033,168
497672,711512,122,0.963357,168
494656,711512,122,0.963921,168
496872,711512,121,0.963515,168
494072,711512,121,0.964035,168
498112,711512,121,0.963284,168
501648,711512,121,0.962599,168
502200,711512,121,0.962482,168
503176,711512,121,0.962280,168
501392,711512,121,0.962639,168
501080,711512,121,0.962709,168
499640,711512,122,0.962986,168
499784,711512,122,0.962949,168
495752,711512,122,0.963713,168
494560,711512,122,0.963939,168
497480,711512,122,0.963393,168
495448,711512,122,0.963777,168
495992,711512,122,0.963669,168
498024,711512,122,0.965613,168
494128,711512,123,0.966284,168
492928,711512,123,0.966494,168
494552,711512,123,0.966213,168
493224,711512,123,0.966445,168
494584,711512,123,0.966207,168
493400,711512,123,0.966415,168
494760,711512,123,0.966177,168
495664,711512,123,0.966015,168
498928,711512,123,0.965436,168
497184,711512,123,0.965752,168
496024,711512,123,0.965961,168
495896,711512,123,0.965991,168
497480,711512,123,0.965708,168
494976,711512,122,0.966157,168
492928,711512,121,0.965722,168
496816,711512,121,0.965037,168
496272,711512,121,0.965142,168
496112,711512,121,0.965178,168
496496,711512,121,0.965102,168
499272,711512,121,0.966610,168
502432,711512,121,0.966051,168
503168,711512,121,0.965911,168
503256,711512,121,0.965887,168
501192,711512,120,0.966269,168
500808,711512,119,0.966353,168
498568,711512,118,0.965609,168
500176,711512,118,0.965315,168
503080,711512,118,0.964778,168
501832,711512,118,0.965016,168
501936,711512,118,0.964988,168
500520,711512,118,0.965253,168
497912,711512,119,0.965716,168
498288,711512,119,0.965641,168
496784,711512,120,0.965904,168
496440,711512,120,0.965971,168
495848,711512,119,0.961366,168
492440,711512,119,0.962028,168
492288,711512,119,0.962066,168
492000,711512,119,0.962129,168
495304,711512,119,0.961490,168
492440,711512,120,0.962037,168
495272,711512,120,0.961487,168
493616,711512,121,0.961806,168
495416,711512,121,0.961450,168
496248,711512,121,0.961279,168
498408,711512,121,0.960841,168
502144,711512,120,0.960078,168
502784,711512,119,0.959938,200
499024,711512,119,0.960721,200
499536,711512,119,0.960608,200
501384,711512,119,0.960219,200
502312,711512,119,0.960017,200
506232,711512,119,0.959171,200
509136,711512,119,0.961075,200
507824,711512,119,0.961360,200
510448,711512,119,0.960796,200
509472,711512,119,0.961014,200
512056,711512,119,0.960449,200
508136,711512,119,0.961295,200
512000,711512,119,0.960461,200
513216,711512,119,0.960184,200
511448,711512,119,0.960581,200
512248,711512,119,0.960397,200
515000,711512,119,0.959776,200
513552,711512,119,0.960112,192
515864,711512,119,0.959582,192
516584,711512,119,0.959407,192
516896,711512,119,0.959324,192
513592,711512,119,0.960082,192
512328,711512,118,0.960381,192
512184,711512,117,0.960434,192
508424,711512,116,0.961256,192
510776,711512,116,0.960748,192
509608,711512,117,0.960997,192
510448,711512,117,0.960808,192
513360,711512,117,0.960165,192
517280,711512,117,0.959269,192
518816,711512,117,0.958900,192
522272,711512,117,0.958059,192
523040,711512,116,0.957866,208
525552,711512,116,0.957224,208
526904,711512,116,0.956864,208
525624,711512,116,0.957205,208
525544,711512,116,0.957238,208
522704,711512,116,0.957961,208
523952,711512,116,0.957640,208
525496,711512,116,0.957238,208
523456,711512,115,0.957775,208
519976,711512,115,0.958633,208
520856,711512,115,0.958411,208
519448,711512,116,0.958747,208
523528,711512,116,0.966591,208
524192,711512,116,0.966451,208
526888,711512,116,0.968300,208
526056,711512,116,0.968466,208
529080,711512,116,0.967877,208
524984,711512,117,0.968658,208
527784,711512,117,0.968119,208
525744,711512,117,0.968516,208
526232,711512,117,0.968415,208
525992,711512,117,0.968469,208
525904,711512,117,0.967683,208
529192,711512,117,0.971362,208
525232,711512,117,0.972044,208
526944,711512,117,0.971748,208
525504,711512,117,0.971999,208
527864,711512,117,0.971591,208
527400,711512,116,0.971687,208
528368,711512,116,0.971513,208
528776,711512,116,0.971434,208
528000,711512,115,0.971585,208
527672,711512,114,0.971657,208
529648,711512,114,0.971307,208
527632,711512,114,0.962604,208
527560,711512,115,0.962620,208
524864,711512,115,0.963228,208
526704,711512,115,0.962812,208
523728,711512,116,0.963463,208
526936,711512,116,0.962750,208
527816,711512,116,0.962541,208
530440,711512,116,0.961927,208
533160,711512,116,0.961270,208
530144,711512,116,0.961996,208
528080,711512,116,0.962481,208
530280,711512,116,0.961965,208
533544,711512,116,0.961177,208
531224,711512,117,0.961732,208
530504,711512,117,0.961912,208
529552,711512,118,0.962133,208
528672,711512,118,0.962347,208
530752,711512,118,0.965099,208
527400,711512,118,0.965813,208
531056,711512,118,0.965033,208
529696,711512,118,0.965334,208
531240,711512,118,0.964994,208
532648,711512,118,0.964677,208
531024,711512,119,0.965030,208
533072,711512,119,0.964573,208
535200,711512,119,0.964085,208
539104,711512,119,0.963165,208
538104,711512,119,0.963413,208
541048,711512,119,0.962694,208
540560,711512,118,0.962837,208
536792,711512,119,0.963731,208
535688,711512,118,0.964007,208
537872,711512,118,0.963491,208
539040,711512,118,0.963203,208
540664,711512,118,0.962800,208
540648,711512,117,0.962827,208
539088,711512,118,0.963203,208
541952,711512,118,0.962495,208
543120,711512,118,0.962192,208
542632,711512,118,0.962326,208
543448,711512,118,0.962109,208
540040,711512,117,0.962975,208
542760,711512,117,0.963728,208
541944,711512,117,0.963935,208
542088,711512,117,0.963889,208
539840,711512,117,0.964436,176
541496,711512,117,0.964037,176
541088,711512,117,0.964145,176
540816,711512,116,0.964231,176
537664,711512,117,0.964955,176
533584,711512,117,0.955111,176
533856,711512,117,0.955021,176
532608,711512,116,0.955397,176
530152,711512,116,0.956079,176
533648,711512,116,0.955107,176
532296,711512,117,0.955483,176
533224,711512,117,0.955212,176
536368,711512,117,0.954303,176
539552,711512,117,0.953343,176
541712,711512,117,0.952665,176
540576,711512,117,0.953031,176
543144,711512,117,0.952214,176
542320,711512,117,0.952489,176
538736,711512,116,0.953618,176
534936,711512,115,0.942261,176
537712,711512,115,0.953937,176
533968,711512,114,0.946233,176
535840,711512,114,0.945579,176
536816,711512,114,0.945224,176
534176,711512,114,0.946147,176
533272,711512,115,0.946450,176
536208,711512,115,0.954377,176
533376,711512,116,0.955183,176
536448,711512,116,0.954293,176
532688,711512,116,0.955374,176
531720,711512,116,0.955654,176
534152,711512,116,0.954965,176
531736,711512,117,0.955637,176
531872,711512,117,0.955586,176
528408,711512,117,0.956530,176
532232,711512,117,0.955487,176
529272,711512,117,0.956302,176
527616,711512,117,0.956750,176
528328,711512,117,0.956551,176
526304,711512,117,0.944713,176
526576,711512,117,0.944607,176
527480,711512,117,0.944289,176
528440,711512,117,0.943949,176
525872,711512,118,0.944808,176
522488,711512,118,0.945914,176
524272,711512,118,0.945329,176
525888,711512,118,0.944786,176
524456,711512,118,0.945270,176
524832,711512,118,0.945132,176
525968,711512,118,0.944744,176
526008,711512,118,0.944715,176
524576,711512,118,0.945200,176
528392,711512,118,0.943917,176
529640,711512,118,0.943473,176
529032,711512,118,0.943698,176
530216,711512,118,0.943273,176
528328,711512,118,0.943938,176
530256,711512,118,0.943259,176
527032,711512,119,0.944359,176
524408,711512,119,0.945239,176
526040,711512,119,0.944689,176
522264,711512,119,0.945924,176
522432,711512,119,0.945856,176
524704,711512,119,0.945111,176
521320,711512,119,0.946206,176
520808,711512,119,0.946381,176
522880,711512,119,0.958148,176
523544,711512,119,0.957972,176
521464,711512,119,0.958492,176
519840,711512,120,0.958881,176
523656,711512,120,0.957944,176
527056,711512,120,0.957072,176
525448,711512,121,0.957483,176
524864,711512,121,0.957643,176
528848,711512,121,0.956604,176
525360,711512,121,0.957518,176
526944,711512,121,0.957101,176
530280,711512,121,0.956210,176
527232,711512,121,0.957027,176
524752,711512,121,0.957671,176
521624,711512,120,0.958465,176
524944,711512,120,0.957635,176
524224,711512,119,0.957839,176
520480,711512,120,0.958751,176
520952,711512,120,0.958627,176
520152,711512,121,0.958818,176
523280,711512,121,0.958049,176
524280,711512,120,0.957799,184
521544,711512,120,0.958483,184
524336,711512,120,0.962707,184
526816,711512,120,0.962141,184
529488,711512,120,0.961512,184
528768,711512,119,0.960488,184
531704,711512,119,0.959758,184
528792,711512,119,0.960482,184
530608,711512,119,0.960029,184
528688,711512,120,0.960496,184
531568,711512,120,0.959780,184
530240,711512,119,0.960131,184
531088,711512,119,0.959911,184
529248,711512,119,0.960372,184
527064,711512,119,0.960904,184
531088,711512,119,0.959923,184
527264,711512,119,0.960857,184
526096,711512,119,0.961141,184
523760,711512,119,0.961687,184
527104,711512,119,0.960906,184
524720,711512,120,0.961458,184
527784,711512,120,0.960734,184
530808,711512,120,0.959992,184
534000,711512,120,0.962995,184
534384,711512,120,0.962894,184
534360,711512,120,0.962911,184
530728,711512,121,0.963739,184
527784,711512,121,0.964394,184
531616,711512,121,0.963540,184
528192,711512,121,0.956315,184
531360,711512,121,0.955448,184
531752,711512,121,0.955327,184
533632,711512,121,0.954787,184
532304,711512,121,0.955173,184
535832,711512,120,0.954160,216
533320,711512,119,0.954907,216
531704,711512,119,0.955371,216
533896,711512,119,0.954744,216
534752,711512,119,0.954486,216
531680,711512,119,0.955364,216
532960,711512,119,0.954995,216
532336,711512,120,0.955169,216
534168,711512,120,0.954639,216
530376,711512,120,0.955708,216
529520,711512,121,0.955940,216
531880,711512,121,0.955282,216
534416,711512,121,0.954555,216
530712,711512,121,0.955604,216
531096,711512,121,0.955485,216
528936,711512,122,0.956071,216
530184,711512,122,0.963674,216
529912,711512,121,0.963756,216
530840,711512,120,0.963545,232
529320,711512,120,0.963894,232
530184,711512,120,0.963692,232
527912,711512,120,0.964201,232
530840,711512,120,0.963545,232
529024,711512,120,0.963959,232
530136,711512,120,0.963702,232
527200,711512,120,0.964355,232
524224,711512,121,0.964982,232
522016,711512,121,0.965443,232
521352,711512,120,0.965596,232
519816,711512,120,0.965910,232
523056,711512,120,0.965252,232
525464,711512,120,0.964743,232
526264,711512,120,0.964564,232
530272,711512,120,0.963683,232
532304,711512,120,0.963213,232
531920,711512,121,0.963301,232
529488,711512,121,0.963857,232
529112,711512,121,0.963950,232
531656,711512,121,0.963372,232
530888,711512,122,0.963549,216
532040,711512,122,0.963277,216
528744,711512,121,0.964034,216
528432,711512,121,0.964113,216
532256,711512,121,0.963250,216
535784,711512,121,0.962416,216
538960,711512,121,0.961630,216
542552,711512,121,0.974882,216
541080,711512,120,0.957797,216
538056,711512,120,0.958632,216
536808,711512,121,0.958962,216
539232,711512,121,0.958303,216
536824,711512,121,0.958957,216
532816,711512,121,0.959994,216
534512,711512,121,0.959555,216
533584,711512,122,0.959794,200
534640,711512,122,0.959514,200
537520,711512,122,0.958753,200
539456,711512,122,0.958221,200
540696,711512,122,0.957868,200
537408,711512,122,0.958770,200
540784,711512,122,0.957843,200
536920,711512,122,0.958899,200
534016,711512,121,0.955806,200
535696,711512,121,0.955321,200
535888,711512,121,0.955253,200
535512,711512,122,0.955359,200
532176,711512,122,0.956297,200
535736,711512,122,0.959208,200
537160,711512,122,0.958823,200
534224,711512,123,0.959583,200
531888,711512,122,0.960192,200
533384,711512,122,0.959808,200
529360,711512,122,0.960806,200
533032,711512,122,0.966439,200
534504,711512,122,0.966117,200
531944,711512,122,0.966665,200
533224,711512,121,0.966393,224
531400,711512,121,0.966782,224
530544,711512,120,0.966976,224
530160,711512,120,0.967064,224
532000,711512,120,0.966678,224
529152,711512,119,0.965912,224
531776,711512,119,0.965348,224
533288,711512,119,0.965010,224
533592,711512,119,0.964933,224
529728,711512,119,0.965772,224
532688,711512,119,0.965131,224
530064,711512,119,0.965701,224
527984,711512,120,0.966133,224
527600,711512,121,0.966211,224
528440,711512,121,0.966029,224
530896,711512,121,0.965505,224
529200,711512,122,0.965862,224
528560,711512,123,0.966001,192
527344,711512,123,0.966260,192
529656,711512,123,0.965774,192
529792,711512,123,0.965735,192
533032,711512,123,0.965031,192
536152,711512,123,0.964326,192
533112,711512,124,0.965005,184
533176,711512,124,0.964981,184
530416,711512,124,0.965585,184
533520,711512,124,0.964905,184
531064,711512,124,0.965447,184
528248,711512,123,0.966057,184
524392,711512,123,0.966842,184
522320,711512,123,0.967253,184
521200,711512,122,0.967484,184
523752,711512,122,0.966986,184
523880,711512,122,0.966952,184
525328,711512,122,0.966657,184
526888,711512,122,0.966335,184
528744,711512,122,0.965945,184
525840,711512,122,0.966546,184
528680,711512,122,0.965958,184
525920,711512,121,0.944455,184
521936,711512,121,0.945762,184
519656,711512,120,0.946503,184
517976,711512,120,0.947030,184
517000,711512,121,0.947323,184
515064,711512,121,0.947909,184
516272,711512,121,0.947540,184
520264,711512,121,0.967660,184
518968,711512,122,0.967900,184
521856,711512,122,0.967351,184
524216,711512,122,0.967122,184
526752,711512,122,0.966612,184
528648,711512,122,0.966218,184
524976,711512,123,0.966955,184
528232,711512,123,0.966293,184
526824,711512,124,0.966579,184
530440,711512,124,0.965826,184
527000,711512,125,0.966533,184
530776,711512,125,0.965745,184
532816,711512,125,0.965299,184
530008,711512,124,0.965916,184
530304,711512,124,0.965844,184
528992,711512,124,0.966127,184
526568,711512,124,0.966630,184
525744,711512,123,0.966813,184
527208,711512,123,0.966511,184
525696,711512,124,0.966813,184
528352,711512,124,0.966269,184
528832,711512,124,0.966160,184
531128,711512,124,0.965671,184
528136,711512,124,0.952145,184
528544,711512,124,0.952013,184
525288,711512,124,0.952957,184
528400,711512,124,0.952055,184
525864,711512,124,0.952795,184
529304,711512,124,0.951790,184
525472,711512,125,0.952892,184
525600,711512,125,0.952843,184
524744,711512,125,0.953096,184
528232,711512,125,0.966264,184
525344,711512,125,0.966854,184
524064,711512,126,0.967110,160
525096,711512,126,0.966898,160
521656,711512,126,0.967572,160
522280,711512,126,0.967444,160
523808,711512,126,0.967141,160
523152,711512,126,0.967277,160
521712,711512,127,0.967552,160
524504,711512,127,0.968809,160
527440,711512,127,0.968247,160
526880,711512,127,0.968363,160
530624,711512,127,0.967624,160
528232,711512,126,0.968113,160
531160,711512,126,0.971135,160
529128,711512,126,0.971501,160
528288,711512,126,0.971655,160
528152,711512,126,0.971686,160
530952,711512,126,0.971189,160
529704,711512,127,0.971409,160
530232,711512,127,0.971308,160
532240,711512,127,0.970941,160
534696,711512,127,0.972452,160
533768,711512,127,0.972621,160
537816,711512,127,0.971899,160
534256,711512,127,0.951827,160
534936,711512,127,0.951605,160
533408,711512,127,0.952083,160
534960,711512,127,0.951597,160
532240,711512,126,0.952445,160
532176,711512,126,0.952478,160
528472,711512,126,0.953561,160
529600,711512,126,0.953227,160
530904,711512,126,0.952837,160
534216,711512,126,0.951839,160
531592,711512,126,0.952636,160
534424,711512,126,0.951776,160
531368,711512,126,0.952701,160
528184,711512,126,0.953628,160
524088,711512,125,0.954778,160
526024,711512,125,0.954241,160
529072,711512,125,0.953377,160
529176,711512,125,0.953334,160
527248,711512,124,0.953903,160
529576,711512,124,0.953234,160
527568,711512,124,0.953814,160
530416,711512,124,0.966858,160
528440,711512,124,0.967266,160
532368,711512,124,0.969741,160
529160,711512,124,0.970341,160
529344,711512,124,0.970299,160
526720,711512,124,0.970776,160
525304,711512,123,0.971039,160
522368,711512,123,0.971545,160
526032,711512,123,0.970913,160
526504,711512,123,0.970823,160
523384,711512,123,0.968353,160
520840,711512,124,0.968820,160
523048,711512,124,0.968406,160
522312,711512,125,0.968542,160
525568,711512,125,0.970977,160
521976,711512,125,0.971594,160
522520,711512,125,0.971496,160
525152,711512,125,0.971041,160
522560,711512,126,0.971481,160
519520,711512,125,0.969785,160
518072,711512,125,0.970043,160
515272,711512,125,0.970522,160
517560,711512,125,0.970130,160
520544,711512,125,0.969606,160
523168,711512,125,0.969128,160
521696,711512,125,0.969402,160
523592,711512,124,0.969057,176
523864,711512,124,0.968998,176
527376,711512,124,0.971325,176
524344,711512,123,0.971856,176
526672,711512,123,0.971455,176
523680,711512,123,0.971967,176
523384,711512,122,0.972031,176
519960,711512,122,0.972591,176
523800,711512,122,0.971963,176
527064,711512,122,0.971404,176
527144,711512,122,0.971382,176
525096,711512,122,0.971739,176
521360,711512,123,0.972353,176
525344,711512,123,0.971689,176
527432,711512,123,0.971324,176
524896,711512,124,0.971756,176
524952,711512,124,0.971739,176
522200,711512,124,0.972201,176
524592,711512,124,0.971799,176
520848,711512,124,0.972420,176
517024,711512,124,0.956814,176
514216,711512,124,0.957503,176
517584,711512,124,0.956676,176
521184,711512,124,0.955757,176
524032,711512,124,0.954999,176
521288,711512,124,0.955730,176
523536,711512,124,0.955131,176
522632,711512,124,0.955381,176
523496,711512,124,0.955142,176
521360,711512,124,0.955712,176
519816,711512,124,0.956118,176
523816,711512,124,0.955069,176
521456,711512,125,0.955687,176
522200,711512,125,0.955482,176
518360,711512,125,0.956472,176
519200,711512,125,0.956250,176
520176,711512,125,0.955991,176
516680,711512,126,0.956863,176
519520,711512,126,0.956145,176
517272,711512,126,0.956718,176
514248,711512,126,0.957461,176
515592,711512,126,0.957127,176
517272,711512,126,0.956706,176
515992,711512,125,0.957042,176
516176,711512,125,0.956986,176
513816,711512,126,0.957552,176
514832,711512,126,0.957299,176
513280,711512,125,0.957690,176
515344,711512,125,0.957187,176
513984,711512,124,0.957535,176
511312,711512,123,0.958181,176
512048,711512,123,0.958000,176
512528,711512,123,0.957877,176
510088,711512,123,0.958450,176
510696,711512,123,0.958300,176
508760,711512,123,0.958749,176
505920,711512,122,0.959395,176
505736,711512,122,0.959446,176
508960,711512,122,0.958726,176
508280,711512,122,0.958888,176
508432,711512,122,0.958844,176
508784,711512,122,0.958754,176
512176,711512,122,0.957971,176
508984,711512,123,0.958699,176
505312,711512,124,0.959506,176
508720,711512,123,0.958751,208
506888,711512,124,0.959157,208
508096,711512,124,0.960566,208
512192,711512,124,0.964881,208
512128,711512,125,0.964894,208
511520,711512,125,0.965020,208
509480,711512,126,0.965409,208
511808,711512,126,0.964956,208
514936,711512,126,0.964331,208
518592,711512,126,0.963573,208
517968,711512,126,0.963713,208
516288,711512,127,0.964058,208
518936,711512,127,0.963501,208
520544,711512,127,0.963150,208
516472,711512,127,0.964011,208
515632,711512,127,0.964191,208
517624,711512,127,0.963774,208
515296,711512,127,0.964258,208
511696,711512,127,0.964977,208
512136,711512,126,0.964889,224
512512,711512,126,0.964807,224
513872,711512,126,0.964530,224
510552,711512,126,0.965185,224
507144,711512,127,0.965829,192
510408,711512,127,0.965209,192
507280,711512,127,0.965804,192
505480,711512,127,0.966141,192
502368,711512,128,0.966693,192
500168,711512,127,0.967089,192
502128,711512,127,0.966743,192
504840,711512,127,0.966256,192
508088,711512,127,0.965654,192
510632,711512,127,0.965166,192
512776,711512,127,0.964742,192
510920,711512,127,0.965111,192
510080,711512,127,0.965281,192
509536,711512,126,0.965402,192
508112,711512,127,0.965668,192
504296,711512,126,0.956047,192
502712,711512,126,0.956423,192
500424,711512,126,0.956951,192
504144,711512,126,0.956093,192
507288,711512,125,0.955339,240
510752,711512,125,0.954480,240
508440,711512,126,0.955049,240
510824,711512,126,0.954450,240
510024,711512,125,0.954061,240
506208,711512,124,0.952756,240
507800,711512,124,0.952338,240
510416,711512,124,0.951643,240
513088,711512,123,0.950913,288
515984,711512,123,0.950097,288
518032,711512,123,0.949500,288
521040,711512,123,0.948602,288
517512,711512,123,0.949658,256
513472,711512,122,0.950817,256
516224,711512,122,0.950038,256
516080,711512,122,0.950093,256
517080,711512,121,0.949802,280
519272,711512,121,0.949156,280
517712,711512,121,0.949622,280
518056,711512,121,0.949509,280
514280,711512,121,0.950588,280
517800,711512,121,0.949583,280
515472,711512,120,0.950270,280
514416,711512,120,0.944405,280
518256,711512,120,0.943169,280
520840,711512,120,0.942301,280
518208,711512,120,0.943185,280
518760,711512,120,0.942989,280
517896,711512,120,0.943286,280
521432,711512,120,0.942103,280
518888,711512,120,0.942963,280
519288,711512,120,0.942816,280
516904,711512,120,0.943605,280
513448,711512,120,0.944704,280
510728,711512,121,0.945528,280
508760,711512,120,0.946137,280
508592,711512,121,0.946186,280
511280,711512,120,0.945382,312
513320,711512,120,0.944748,312
510968,711512,119,0.945490,312
513952,711512,119,0.944568,312
518032,711512,119,0.966816,312
517680,711512,119,0.966891,312
515096,711512,119,0.967380,312
513136,711512,118,0.947968,312
510272,711512,118,0.948795,312
509088,711512,118,0.949137,312
512384,711512,118,0.948198,312
514656,711512,118,0.947526,312
515608,711512,118,0.947231,312
512288,711512,117,0.947034,312
513688,711512,117,0.946607,312
511360,711512,117,0.947304,312
513784,711512,117,0.946579,312
516232,711512,117,0.945826,312
515304,711512,117,0.946123,312
514920,711512,118,0.946239,312
512944,711512,117,0.946856,312
513008,711512,117,0.946823,312
515432,711512,117,0.946084,312
518200,711512,117,0.945218,312
517944,711512,118,0.945298,312
518800,711512,118,0.945015,312
518400,711512,118,0.945155,312
518744,711512,117,0.945042,328
515008,711512,118,0.946193,328
515448,711512,118,0.946046,328
516272,711512,118,0.945780,328
518064,711512,118,0.945210,328
520360,711512,118,0.944468,328
517880,711512,118,0.945268,328
516672,711512,118,0.945657,328
513424,711512,118,0.946652,328
510872,711512,118,0.947412,328
514224,711512,118,0.947575,328
515352,711512,118,0.947229,328
518616,711512,118,0.946228,328
520032,711512,118,0.945774,328
515936,711512,119,0.947026,328
515176,711512,119,0.947267,328
516880,711512,119,0.946743,328
518688,711512,119,0.946176,328
516064,711512,120,0.946974,328
514472,711512,121,0.947446,328
517072,711512,121,0.946656,328
518248,711512,121,0.946282,328
515120,711512,121,0.947241,328
514848,711512,122,0.947321,328
517952,711512,122,0.946373,328
521336,711512,122,0.945301,328
521240,711512,122,0.945347,328
518280,711512,122,0.946287,328
521688,711512,122,0.945204,328
519696,711512,122,0.945849,328
521696,711512,122,0.945202,328
523568,711512,122,0.944581,328
521088,711512,122,0.945395,328
517824,711512,121,0.946442,328
517784,711512,121,0.946468,328
513784,711512,121,0.947676,328
510952,711512,122,0.948488,328
514776,711512,122,0.947371,328
515128,711512,122,0.947253,328
514992,711512,121,0.947321,328
514040,711512,121,0.947615,328
517176,711512,121,0.946668,328
518008,711512,121,0.946400,328
520840,711512,121,0.945504,328
519032,711512,121,0.946085,328
521376,711512,121,0.959257,328
525072,711512,121,0.958349,328
521456,711512,121,0.959238,328
525392,711512,121,0.958270,328
523032,711512,120,0.958872,328
525008,711512,120,0.958377,328
525528,711512,120,0.958236,328
524568,711512,120,0.958486,328
522872,711512,120,0.958911,328
524128,711512,120,0.958594,328
523752,711512,120,0.958697,328
525208,711512,120,0.958327,328
527696,711512,120,0.957689,328
525192,711512,120,0.958331,328
525256,711512,120,0.958304,328
523048,711512,120,0.958856,328
521504,711512,120,0.959238,328
524840,711512,120,0.958418,328
524776,711512,120,0.958446,328
522000,711512,121,0.959120,328
523144,711512,121,0.958833,328
520432,711512,121,0.959491,328
522688,711512,121,0.958943,328
524720,711512,121,0.958436,328
528320,711512,121,0.957516,328
524384,711512,121,0.958519,328
521224,711512,121,0.959293,328
520600,711512,120,0.959463,328
523648,711512,120,0.958723,328
526568,711512,120,0.957987,328
525456,711512,120,0.958278,328
526296,711512,120,0.958056,328
525440,711512,121,0.958270,328
527296,711512,121,0.957791,328
524232,711512,122,0.958556,328
526384,711512,122,0.958009,328
528512,711512,122,0.957454,328
527632,711512,122,0.957693,328
526784,711512,123,0.957908,328
527440,711512,123,0.957729,328
525696,711512,123,0.958182,328
527368,711512,123,0.957748,328
528904,711512,123,0.957340,328
528000,711512,124,0.957574,328
530704,711512,124,0.956854,328
529968,711512,124,0.957062,328
528728,711512,124,0.957398,328
532080,711512,124,0.973700,328
530128,711512,123,0.965930,328
527528,711512,123,0.966475,328
523624,711512,122,0.965473,328
524520,711512,122,0.965280,328
520696,711512,121,0.959533,328
521800,711512,121,0.959261,328
519328,711512,121,0.959851,328
522504,711512,121,0.959093,328
524344,711512,121,0.958635,328
527240,711512,121,0.957901,328
524064,711512,121,0.958704,328
526304,711512,121,0.958138,328
528736,711512,121,0.957506,328
527288,711512,122,0.957877,328
526456,711512,122,0.958099,328
527392,711512,122,0.957851,328
528864,711512,122,0.957850,328
526832,711512,122,0.958377,328
526672,711512,122,0.958429,328
530096,711512,122,0.957544,328
533120,711512,122,0.956728,328
530432,711512,123,0.957452,296
530560,711512,123,0.957406,296
526568,711512,123,0.958439,296
525112,711512,123,0.958811,296
524480,711512,122,0.958999,256
523376,711512,122,0.959277,256
521400,711512,122,0.959756,256
523696,711512,122,0.959200,256
526256,711512,122,0.958563,256
528024,711512,122,0.958107,256
527552,711512,123,0.958227,256
527896,711512,123,0.958128,256
530616,711512,123,0.965833,256
530552,711512,124,0.965846,256
527016,711512,124,0.963887,256
528640,711512,124,0.963520,256
531336,711512,124,0.962901,256
535424,711512,124,0.961927,256
534120,711512,123,0.962262,256
530720,711512,124,0.963052,256
529472,711512,124,0.963345,256
533320,711512,124,0.962451,256
535384,711512,124,0.961948,256
538832,711512,124,0.961085,256
535656,711512,124,0.961882,256
538688,711512,124,0.963662,256
538024,711512,125,0.963817,256
534912,711512,125,0.964540,256
538200,711512,125,0.973181,256
540912,711512,125,0.973957,256
540640,711512,124,0.974020,256
539640,711512,125,0.974193,232
543544,711512,125,0.975919,232
540280,711512,126,0.976434,232
538808,711512,127,0.976659,232
542680,715432,127,0.976659,232
546568,719368,127,0.976659,232
542488,719368,128,0.974228,232
544640,719368,128,0.973865,232
548376,719368,128,0.976367,232
545032,719368,127,0.970674,232
542200,719368,128,0.971198,232
543872,719368,128,0.970882,232
547792,719368,128,0.976771,232
544896,719368,128,0.976491,232
541024,719368,128,0.972662,232
543016,719368,128,0.972308,232
547024,719368,128,0.976158,232
546472,719368,127,0.976258,232
550488,723432,127,0.976258,232
549320,723432,128,0.976437,232
550800,723432,128,0.976203,232
547392,723432,127,0.969010,232
548256,723432,127,0.968830,232
544264,723432,127,0.969614,232
541472,723432,127,0.970142,232
538544,723432,127,0.966349,232
540744,723432,127,0.965889,232
544640,723432,127,0.969543,232
540816,723432,127,0.970261,232
539184,723432,128,0.970554,232
541584,723432,128,0.970113,232
539008,723432,128,0.970585,232
539272,723432,128,0.970530,232
536560,723432,128,0.971013,232
533976,723432,129,0.971451,232
537600,723432,129,0.970825,232
537880,723432,129,0.970767,232
538064,723432,129,0.970727,232
542160,723432,129,0.969980,232
540032,723432,128,0.970385,232
542728,723432,128,0.969884,232
538744,723432,128,0.963871,232
540640,723432,127,0.963450,248
537152,723432,128,0.964211,248
538824,723432,128,0.963840,248
535304,723432,128,0.954406,248
538704,723432,128,0.963866,248
537000,723432,128,0.964243,248
533896,723432,129,0.964893,248
537280,723432,129,0.964173,248
537152,723432,129,0.964211,248
540416,723432,129,0.963489,248
542112,723432,129,0.963098,248
538592,723432,128,0.963901,248
535056,723432,129,0.964653,248
534344,723432,129,0.964810,248
535480,723432,129,0.964564,248
537224,723432,129,0.964185,248
537576,723432,129,0.964099,248
534696,723432,129,0.964718,248
536424,723432,129,0.964345,248
536240,723432,129,0.964394,248
537376,723432,129,0.964142,248
536240,723432,129,0.964394,248
532848,723432,129,0.965107,248
529456,723432,129,0.965791,248
527616,723432,128,0.966164,248
528352,723432,127,0.966023,248
527320,723432,127,0.966230,248
524024,723432,128,0.966845,248
527208,723432,128,0.966242,248
526744,723432,128,0.966339,248
526944,723432,128,0.966292,248
530016,723432,128,0.965691,248
531408,723432,128,0.965406,248
533248,723432,128,0.965025,248
537216,723432,128,0.964187,248
534824,723432,129,0.964691,248
538824,723432,129,0.965565,248
537240,723432,128,0.965911,248
536032,723432,128,0.966164,248
532792,723432,129,0.966802,248
534408,723432,129,0.966477,248
536136,723432,129,0.966124,248
537320,723432,129,0.965875,248
534424,723432,129,0.966465,248
534808,723432,129,0.966379,248
533192,723432,129,0.966706,248
531128,723432,130,0.967101,248
534568,723432,130,0.966427,248
535616,723432,130,0.966209,248
533160,723432,130,0.966702,248
531696,723432,129,0.967002,248
530024,723432,129,0.967327,248
527728,723432,129,0.967759,248
523760,723432,128,0.960890,248
527048,723432,128,0.960156,248
529536,723432,128,0.959580,248
530696,723432,128,0.959300,248
532336,723432,128,0.958902,248
531808,723432,128,0.959038,248
529896,723432,128,0.959497,248
529624,723432,128,0.959571,248
530968,723432,128,0.959248,248
531192,723432,128,0.959184,248
534168,723432,128,0.958460,248
537336,723432,128,0.957662,248
536928,723432,128,0.957777,248
539776,723432,128,0.957036,248
535688,723432,129,0.958075,248
535384,723432,128,0.958174,248
536320,723432,128,0.957930,248
539024,723432,128,0.957231,248
535088,723432,127,0.958247,248
531744,723432,126,0.959076,248
529048,723432,127,0.959703,248
531864,723432,127,0.959036,248
528736,723432,127,0.959775,248
528512,723432,127,0.959837,248
527616,723432,127,0.960051,248
529472,723432,127,0.959617,248
532656,723432,127,0.958860,248
530984,723432,128,0.959255,248
528560,723432,128,0.959826,248
528176,723432,128,0.959924,248
527016,723432,128,0.960196,248
527040,723432,128,0.960180,248
525912,723432,128,0.960441,248
529008,723432,128,0.959735,248
529328,723432,128,0.959650,248
527240,723432,128,0.960135,248
527504,723432,128,0.961823,248
529200,723432,128,0.961444,248
532656,723432,128,0.960660,248
535376,723432,128,0.960017,248
537584,723432,128,0.959478,248
536688,723432,128,0.959705,248
538360,723432,128,0.959289,248
541776,723432,128,0.958423,248
541232,723432,128,0.958574,248
537632,723432,128,0.959478,248
539936,723432,128,0.958899,248
536560,723432,128,0.957501,248
540328,723432,128,0.956515,248
542944,723432,128,0.955799,248
540064,723432,128,0.956585,248
541368,723432,128,0.956226,248
538104,723432,128,0.957096,248
541960,723432,128,0.956067,248
539040,723432,128,0.956853,248
541344,723432,128,0.956232,248
539448,723432,129,0.956734,248
541976,723432,129,0.956049,248
541792,723432,129,0.956112,248
544552,723432,129,0.955342,248
544488,723432,129,0.955374,248
546904,723432,129,0.954677,248
545048,723432,129,0.955217,248
541352,723432,129,0.956243,248
543720,723432,129,0.955586,248
542360,723432,129,0.955971,248
544464,723432,129,0.955380,248
546296,723432,129,0.954851,248
543288,723432,130,0.955692,248
546632,723432,130,0.954741,248
543448,723432,130,0.955648,248
545864,723432,129,0.954969,264
545520,723432,129,0.955080,264
545640,723432,129,0.955032,264
544488,723432,129,0.955369,264
543968,723432,129,0.955527,264
545632,723432,129,0.955048,264
544456,723432,130,0.955378,264
544656,723432,130,0.955309,264
543816,723432,130,0.955556,264
544448,723432,130,0.957713,264
541224,723432,130,0.958560,264
544304,723432,130,0.959647,264
547296,723432,130,0.958867,264
544680,723432,131,0.959540,264
546288,723432,131,0.959117,264
543800,723432,131,0.959761,264
541376,723432,130,0.960382,264
543480,723432,130,0.959853,264
539560,723432,130,0.960818,264
535552,723432,130,0.961757,264
534080,723432,131,0.962086,264
537664,723432,131,0.961262,264
537536,723432,131,0.961303,264
535384,723432,130,0.961816,264
536472,723432,130,0.961559,264
540088,723432,130,0.960703,264
538192,723432,129,0.961177,248
535592,723432,128,0.960094,248
536200,723432,128,0.959939,248
534856,723432,129,0.960256,248
532080,723432,129,0.960905,248
530048,723432,129,0.961370,248
531408,723432,129,0.961056,248
530104,723432,129,0.961357,248
529184,723432,129,0.961570,248
529080,723432,129,0.961603,248
530416,723432,129,0.961299,248
534400,723432,129,0.960384,248
533096,723432,129,0.960696,248
531240,723432,129,0.961126,248
532192,723432,129,0.960901,248
528768,723432,128,0.961681,248
532512,723432,128,0.960840,248
534280,723432,128,0.960423,248
537872,723432,128,0.959562,248
541936,723432,128,0.958542,248
539120,723432,128,0.959257,248
538648,723432,129,0.959373,248
538720,723432,129,0.959344,248
538976,723432,129,0.959269,248
539592,723432,129,0.959106,248
541080,723432,129,0.958722,248
544440,723432,129,0.957845,248
542144,723432,129,0.958452,248
539072,723432,128,0.959246,248
537864,723432,128,0.959552,248
539096,723432,128,0.959240,248
540408,723432,128,0.958903,248
543136,723432,128,0.958197,248
540432,723432,128,0.958897,248
541024,723432,128,0.958736,248
540760,723432,129,0.958803,248
544352,723432,129,0.957868,248
546568,723432,129,0.957265,248
547808,723432,129,0.956914,248
544456,723432,129,0.957828,248
544600,723432,129,0.957777,248
543256,723432,129,0.958141,248
545736,723432,129,0.957476,248
543608,723432,129,0.958050,248
546736,723432,129,0.967133,248
546472,723432,130,0.967187,248
548320,723432,130,0.966789,248
547344,723432,130,0.967006,248
549064,723432,130,0.966631,248
545216,723432,129,0.959583,248
547624,723432,129,0.958951,248
543968,723432,129,0.959897,248
546312,723432,129,0.959291,248
544592,723432,129,0.959740,248
545432,723432,129,0.959516,248
543552,723432,129,0.960000,248
546344,723432,128,0.959287,280
545904,723432,128,0.959416,264
547248,723432,128,0.959057,264
547192,723432,128,0.959084,264
547384,723432,128,0.959022,264
544120,723432,129,0.959855,264
542336,723432,130,0.960296,264
540488,723432,130,0.960754,264
542864,723432,129,0.960170,296
544288,723432,129,0.959805,296
545920,723432,129,0.959379,296
542776,723432,129,0.960180,296
543616,723432,129,0.959960,296
540216,723432,130,0.960788,296
543776,723432,130,0.959908,296
541776,723432,131,0.960401,296
538392,723432,131,0.961218,296
541984,723432,131,0.960350,296
544888,723432,131,0.959617,296
541720,723432,131,0.960415,296
538264,723432,131,0.961248,296
537920,723432,131,0.961343,280
538944,723432,131,0.961093,280
540696,723432,131,0.960666,280
543984,723432,131,0.959849,280
543832,723432,131,0.959899,280
539912,723432,131,0.960864,280
536880,723432,132,0.961571,280
540400,723432,132,0.960737,280
542632,723432,132,0.960184,280
542672,723432,132,0.960162,280
539080,723432,132,0.961038,280
541232,723432,132,0.960513,280
537768,723432,131,0.960013,280
539400,723432,131,0.959607,280
537776,723432,132,0.960000,280
536384,723432,132,0.960342,280
532760,723432,131,0.961200,280
534904,723432,131,0.960699,280
531808,723432,130,0.961425,280
533256,723432,129,0.961093,304
537008,723432,129,0.960212,304
534600,723432,129,0.960786,304
534920,723432,129,0.960701,304
531736,723432,129,0.961435,304
530848,723432,129,0.961643,304
533728,723432,129,0.960986,304
534560,723432,129,0.960784,304
536728,723432,129,0.960267,304
536248,723432,129,0.960391,304
535592,723432,129,0.960556,304
532864,723432,129,0.961193,304
532544,723432,129,0.961276,304
535808,723432,129,0.963215,304
536592,723432,129,0.963033,304
535112,723432,128,0.963377,304
534248,723432,128,0.963572,304
538176,723432,128,0.971392,304
534272,723432,128,0.972054,304
531288,723432,127,0.972550,304
534576,723432,127,0.972012,304
538456,723432,126,0.971353,344
539912,723432,126,0.971092,344
542808,723432,126,0.973826,344
545392,723432,126,0.973394,344
544032,723432,126,0.973627,344
544424,723432,126,0.973554,344
543176,723432,126,0.973774,296
542344,723432,126,0.973916,296
545952,723432,126,0.973316,296
549496,723432,126,0.972699,296
546840,723432,125,0.973174,296
548904,723432,125,0.972811,296
546800,723432,125,0.973181,296
545104,723432,124,0.964525,296
545624,723432,124,0.964399,296
546704,723432,124,0.964145,296
543256,723432,125,0.964910,296
546248,723432,125,0.964237,296
544456,723432,126,0.964637,296
546096,723432,126,0.964261,296
545144,723432,126,0.964484,296
541904,723432,125,0.965211,296
539256,723432,126,0.965767,296
542688,723432,126,0.965033,296
545848,723432,126,0.964327,296
545008,723432,125,0.964536,296
543336,723432,125,0.964913,296
546144,723432,125,0.964282,296
546920,723432,125,0.964096,296
545520,723432,125,0.964422,296
548240,723432,125,0.963793,296
549912,723432,125,0.963391,296
546176,723432,125,0.964264,296
547344,723432,125,0.963988,296
544360,723432,125,0.964668,296
541560,723432,124,0.965294,296
539928,723432,124,0.965648,296
538760,723432,124,0.965899,296
539864,723432,124,0.965661,296
537648,723432,124,0.966125,296
537456,723432,124,0.966174,296
540800,723432,124,0.965475,296
543760,723432,124,0.964831,296
540272,723432,123,0.963412,296
540856,723432,123,0.963271,296
538096,723432,124,0.963879,296
542144,723432,124,0.965180,296
542184,723432,124,0.965161,296
544592,723432,123,0.964628,344
544616,723432,123,0.964612,344
542936,723432,123,0.954323,344
542832,723432,122,0.954380,344
544800,723432,122,0.953805,344
543840,723432,123,0.954081,344
547680,723432,123,0.952945,344
547864,723432,123,0.952876,344
547664,723432,123,0.952950,344
546432,723432,124,0.953316,344
547496,723432,124,0.960051,344
543888,723432,124,0.960958,344
546768,723432,124,0.960235,344
545632,723432,125,0.960518,344
548232,723432,125,0.959851,344
547568,723432,124,0.960045,344
549456,723432,124,0.959547,344
550624,723432,124,0.959228,344
548856,723432,124,0.959703,344
545424,723432,124,0.960582,344
548920,723432,124,0.959686,344
545480,723432,123,0.951552,344
548768,723432,123,0.950517,344
548328,723432,124,0.950656,344
549688,723432,124,0.950209,344
553312,723432,124,0.949002,344
551544,723432,123,0.949622,344
550088,723432,124,0.950096,344
548040,723432,124,0.950762,344
546704,723432,123,0.951207,344
550440,723432,123,0.950013,344
547768,723432,122,0.950907,296
548992,723432,122,0.950507,296
551024,723432,122,0.949839,296
555120,723432,122,0.948453,296
559048,723432,122,0.947048,296
558728,723432,121,0.947199,296
562760,723432,121,0.950745,296
560456,723432,122,0.951530,296
563504,723432,122,0.950469,296
562768,723432,123,0.950726,296
558768,723432,123,0.952089,296
555256,723432,123,0.929468,296
551208,723432,123,0.931345,296
548832,723432,124,0.932402,264
545544,723432,124,0.933814,264
542552,723432,125,0.935032,264
543576,723432,125,0.934601,264
540216,723432,125,0.935952,264
539360,723432,125,0.936301,264
541624,723432,125,0.935400,264
541272,723432,125,0.935558,264
540432,723432,125,0.935905,264
538912,723432,125,0.936509,264
541816,723432,125,0.953418,264
540392,723432,125,0.953833,264
540944,723432,125,0.953665,264
543440,723432,125,0.952937,264
542576,723432,125,0.953200,264
543560,723432,125,0.952902,264
544624,723432,125,0.952575,264
547224,723432,125,0.951780,264
551064,723432,125,0.950563,264
549168,723432,125,0.951184,248
546120,723432,126,0.952120,248
548448,723432,126,0.951394,248
552216,723432,126,0.950181,248
552400,723432,126,0.950105,248
550728,723432,125,0.950676,248
550208,723432,124,0.950872,248
551528,723432,124,0.950435,248
553904,723432,124,0.949640,248
551648,723432,125,0.950380,248
554968,723432,125,0.949267,248
551368,723432,125,0.950471,248
553152,723432,125,0.949874,248
551008,723432,124,0.950602,248
554944,723432,124,0.949292,248
552632,723432,125,0.950060,248
554112,723432,125,0.949555,248
553520,723432,126,0.949752,248
554696,723432,126,0.957484,248
557504,723432,126,0.956661,248
558104,723432,126,0.956470,248
560944,723432,126,0.955596,248
564672,723432,125,0.954413,256
561920,723432,124,0.955321,256
558336,723432,124,0.956427,256
562360,723432,124,0.963428,256
562824,723432,124,0.963297,256
560072,723432,124,0.964006,256
556784,723432,124,0.964816,256
555144,723432,125,0.965201,256
551648,723432,125,0.966004,256
549440,723432,125,0.966497,256
551984,723432,125,0.965930,256
553640,723432,125,0.965546,256
551752,723432,125,0.965981,256
551896,723432,125,0.965939,256
549056,723432,125,0.966569,256
550192,723432,125,0.966314,256
549912,723432,125,0.966385,256
548240,723432,125,0.966753,256
549568,723432,125,0.966459,256
547648,723432,125,0.966878,256
547168,723432,126,0.966979,256
548648,723432,126,0.966656,256
546384,723432,126,0.967142,256
548288,723432,126,0.966733,256
548048,723432,126,0.966801,224
549576,723432,126,0.966464,224
549408,723432,126,0.966511,224
546808,723432,126,0.967071,224
545744,723432,127,0.967290,224
548808,723432,127,0.966639,224
544712,723432,127,0.967501,224
541632,723432,127,0.968122,224
543872,723432,127,0.967670,224
544544,723432,127,0.967525,224
544760,723432,127,0.967472,224
543280,723432,127,0.960563,224
546464,723432,127,0.959760,224
545584,723432,126,0.960006,224
545192,723432,126,0.960116,224
548336,723432,126,0.959304,224
546728,723432,127,0.959717,224
547584,723432,127,0.959486,224
545088,723432,127,0.960130,224
543912,723432,128,0.960421,224
544216,723432,128,0.960334,224
541112,723432,128,0.961096,224
543440,723432,128,0.960524,224
546904,723432,128,0.959648,224
550496,723432,128,0.958698,224
551480,723432,128,0.958420,224
552304,723432,128,0.958183,224
555624,723432,128,0.957239,224
557176,723432,128,0.956776,224
559920,723432,128,0.955943,224
561744,723432,128,0.955367,224
559592,723432,128,0.956043,224
557760,723432,128,0.956604,224
559568,723432,128,0.956050,224
557424,723432,128,0.956703,224
556440,723432,127,0.957018,224
560432,723432,127,0.974641,224
561152,723432,127,0.974506,224
558568,723432,127,0.964305,224
562496,723432,127,0.974265,224
559616,723432,126,0.952446,224
558256,723432,126,0.952903,224
556352,723432,126,0.953521,224
552792,723432,127,0.954608,224
551568,723432,127,0.954984,224
555096,723432,127,0.975568,224
558208,723432,127,0.975042,224
556400,723432,127,0.975354,224
554768,723432,127,0.975629,224
557880,723432,126,0.975106,272
556240,723432,126,0.969800,272
559120,723432,126,0.969194,272
555240,723432,127,0.969999,232
555968,723432,127,0.969843,232
556864,723432,127,0.969651,232
560160,723432,127,0.972928,232
560504,723432,127,0.972855,232
560928,723432,127,0.972766,232
557760,723432,127,0.969066,232
560688,723432,127,0.968427,232
562912,723432,127,0.967922,232
559616,723432,127,0.968660,232
563376,723432,127,0.967817,232
561648,723432,126,0.963927,232
562488,723432,126,0.963702,232
560744,723432,126,0.964153,232
563384,723432,126,0.963472,232
562832,723432,127,0.963614,232
563040,723432,127,0.963548,232
559624,723432,127,0.964418,232
558168,723432,126,0.964794,232
560328,723432,126,0.964256,232
560464,723432,126,0.964211,232
557120,723432,126,0.965032,232
557480,723432,126,0.964935,232
554672,723432,126,0.965602,232
552800,723432,126,0.966036,232
550560,723432,126,0.966539,232
552312,723432,126,0.966144,232
554896,723432,126,0.965550,232
554040,723432,125,0.965768,232
555352,723432,125,0.965456,232
557464,723432,125,0.964950,232
557160,723432,125,0.965034,232
558696,723432,125,0.964655,232
558488,723432,125,0.964717,232
556192,723432,125,0.965273,232
559824,723432,125,0.964392,232
557784,723432,124,0.964908,232
561400,723432,124,0.968303,232
562080,723432,124,0.968141,232
558152,723432,124,0.964428,232
560296,723432,124,0.963889,232
557968,723432,123,0.964484,232
560816,723432,123,0.963771,232
558096,723432,123,0.964453,232
554504,723432,124,0.965301,232
556680,723432,124,0.964781,232
554488,723432,125,0.965294,232
551608,723432,125,0.965956,232
552520,723432,125,0.965742,232
549776,723432,125,0.966358,232
551080,723432,125,0.966062,232
553608,723432,125,0.965484,232
551168,723432,125,0.966043,232
550496,723432,124,0.966211,232
550920,723432,124,0.966108,232
550840,723432,124,0.966136,232
547944,723432,124,0.966770,232
549176,723432,124,0.966497,232
546744,723432,123,0.967032,232
549536,723432,123,0.966430,232
546200,723432,123,0.967145,232
548680,723432,123,0.966614,232
551488,723432,123,0.965993,232
554464,723432,123,0.965310,232
550744,723432,123,0.966157,232
552656,723432,123,0.965722,232
550440,723432,123,0.961879,232
551272,723432,123,0.961661,232
550496,723432,124,0.961853,232
552224,723432,124,0.961410,232
555360,723432,124,0.965080,232
551376,723432,123,0.959396,232
553664,723432,123,0.958769,232
552008,723432,122,0.959241,232
553768,723432,121,0.958767,232
550656,723432,121,0.959611,232
546928,723432,122,0.960564,224
546088,723432,121,0.960796,224
543896,723432,122,0.961329,224
541104,723432,122,0.961998,224
544760,723432,121,0.961130,232
548312,723432,121,0.960239,232
550904,723432,121,0.959558,232
549664,723432,120,0.959905,232
547320,723432,119,0.950706,232
545080,723432,119,0.937141,232
548296,723432,119,0.935835,232
551168,723432,119,0.934620,232
551112,723432,119,0.934664,232
548880,723432,118,0.935635,232
548272,723432,119,0.935884,232
546112,723432,119,0.936772,232
549424,723432,119,0.935411,232
547272,723432,119,0.936309,232
549592,723432,119,0.950531,232
551088,723432,119,0.950036,232
555056,723432,119,0.948702,232
557720,723432,119,0.947759,232
559504,723432,119,0.947103,232
561752,723432,119,0.946256,232
562536,723432,119,0.945943,232
561712,723432,119,0.946271,232
562168,723432,119,0.946082,232
560512,723432,119,0.946717,232
556992,723432,119,0.947999,232
555856,723432,119,0.948411,232
557448,723432,119,0.947838,232
558504,723432,119,0.947446,232
557504,723432,119,0.947821,224
553912,723432,119,0.949076,224
557984,723432,119,0.955471,224
556200,723432,119,0.956018,224
554528,723432,118,0.956533,224
557728,723432,118,0.955577,224
559160,723432,118,0.955128,224
559264,723432,118,0.955081,224
561344,723432,118,0.954417,224
560200,723432,118,0.954791,224
560664,723432,118,0.954631,224
557792,723432,118,0.955529,224
560152,723432,118,0.954791,224
556840,723432,118,0.955814,224
558504,723432,117,0.955313,224
556976,723432,118,0.955774,224
558712,723432,118,0.955235,224
555568,723432,119,0.956176,224
557424,723432,119,0.965571,224
555728,723432,120,0.965962,224
558000,723432,120,0.965425,224
554072,723432,120,0.963635,224
555232,723432,120,0.963342,224
552032,723432,120,0.964120,224
553480,723432,120,0.963766,224
551152,723432,120,0.964325,224
548304,723432,121,0.964972,224
548936,723432,121,0.964820,224
551032,723432,121,0.964330,224
549304,723432,122,0.964726,224
550000,723432,122,0.964557,224
549168,723432,123,0.964746,224
549960,723432,123,0.964555,224
549832,723432,123,0.964595,224
553488,723432,123,0.963729,224
551736,723432,123,0.964155,224
548360,723432,122,0.964949,224
550840,723432,122,0.964375,224
554320,723432,122,0.963541,224
553136,723432,122,0.963836,224
554232,723432,122,0.963562,224
550616,723432,121,0.956362,224
547360,723432,122,0.957262,224
545696,723432,123,0.957708,224
548752,723432,123,0.956869,224
549504,723432,123,0.956647,224
552488,723432,123,0.955785,224
552448,723432,123,0.955811,224
554416,723432,123,0.955219,224
552984,723432,124,0.955641,224
552384,723432,125,0.955815,224
556232,723432,125,0.954658,224
558360,723432,125,0.953985,224
556328,723432,125,0.954629,224
553504,723432,125,0.955489,224
556352,723432,125,0.954621,224
559904,723432,125,0.953495,224
559072,723432,124,0.953681,224
555416,723432,125,0.954815,216
552392,723432,124,0.955738,216
552696,723432,124,0.955636,216
551536,723432,125,0.955971,216
555408,723432,125,0.954925,216
554184,723432,126,0.955290,216
552688,723432,127,0.955729,216
552760,723432,127,0.955695,216
554272,723432,127,0.955236,216
556688,723432,127,0.954491,216
558184,723432,127,0.954012,216
555392,723432,127,0.954896,184
551368,723432,127,0.956091,184
553440,723432,127,0.955477,184
551360,723432,127,0.956094,184
552648,723432,127,0.955709,184
552456,723432,127,0.955778,184
554416,723432,127,0.955188,184
551800,723432,127,0.955968,184
553728,723432,127,0.955392,184
554336,723432,127,0.955198,184
551920,723432,127,0.955919,184
553584,723432,127,0.955420,184
553368,723432,126,0.955512,184
556208,723432,126,0.954648,184
554616,723432,126,0.955143,184
553312,723432,126,0.955543,184
556032,723432,126,0.954716,184
556816,723432,126,0.954462,184
555104,723432,126,0.954997,184
551280,723432,126,0.956130,184
552856,723432,126,0.955662,184
556056,723432,126,0.971247,184
552856,723432,126,0.955662,184
554504,723432,126,0.955162,184
551240,723432,127,0.956114,184
549384,723432,128,0.956638,184
546904,723432,128,0.957332,184
547072,723432,128,0.957273,184
545728,723432,129,0.957634,184
546800,723432,129,0.957334,184
542904,723432,130,0.958360,184
541240,723432,130,0.958796,184
537400,723432,130,0.959752,184
539352,723432,130,0.959266,184
541192,723432,130,0.958796,184
538824,723432,130,0.959395,184
540144,723432,130,0.959058,184
539720,723432,131,0.959163,184
540872,723432,131,0.958864,184
538024,723432,131,0.959578,184
541328,723432,131,0.958749,184
543104,723432,131,0.958284,184
546800,723432,131,0.957295,184
548440,723432,131,0.956833,184
545632,723432,131,0.957608,184
546840,723432,131,0.957271,184
545768,723432,131,0.957572,184
546240,723432,131,0.957433,184
543104,723432,131,0.958271,184
539736,723432,130,0.959147,184
542904,723432,130,0.958335,184
544992,723432,130,0.957778,184
541104,723432,129,0.958806,184
542976,723432,129,0.958317,184
539928,723432,128,0.959111,184
540248,723432,128,0.959020,184
540112,723432,129,0.959054,184
536376,723432,129,0.959973,184
534208,723432,129,0.960493,184
537816,723432,129,0.959628,184
534048,723432,128,0.960541,184
536480,723432,128,0.959960,184
536672,723432,128,0.959903,184
537864,723432,128,0.959605,184
534480,723432,128,0.960419,184
536992,723432,128,0.959815,184
535024,723432,127,0.960303,184
538928,723432,127,0.959358,184
538784,723432,128,0.959393,184
542032,723432,128,0.958571,184
540480,723432,128,0.958974,184
541288,723432,128,0.958759,184
539920,723432,128,0.959113,184
543768,723432,128,0.958124,184
541896,723432,127,0.958630,184
537848,723432,128,0.959632,184
540688,723432,128,0.958922,184
541360,723432,128,0.958741,184
540424,723432,127,0.959000,184
541936,723432,127,0.958607,184
540624,723432,127,0.958950,184
543152,723432,127,0.960968,184
540432,723432,128,0.961613,184
544088,723432,128,0.960729,184
541944,723432,128,0.961257,184
539744,723432,128,0.961784,184
538616,723432,129,0.962044,184
542480,723432,129,0.963100,184
546264,723432,129,0.962208,184
544480,723432,129,0.962640,184
545096,723432,129,0.962484,184
547568,723432,129,0.961883,184
544904,723432,129,0.962529,184
545040,723432,129,0.962486,184
541104,723432,129,0.963399,184
542992,723432,129,0.962961,184
542640,723432,129,0.963052,184
546224,723432,129,0.973055,184
542232,723432,129,0.968115,184
541512,723432,128,0.968274,184
538248,723432,128,0.968904,184
539360,723432,128,0.968687,184
543248,723432,128,0.967924,184
545512,723432,128,0.967458,184
541880,723432,128,0.968193,184
543200,723432,128,0.972181,184
539544,723432,128,0.962836,184
536280,723432,129,0.963555,184
534792,723432,128,0.963895,184
532728,723432,128,0.964337,184
534728,723432,128,0.963908,184
531200,723432,128,0.960232,184
530568,723432,127,0.960398,184
531528,723432,127,0.960168,184
527744,723432,127,0.961028,184
531384,723432,127,0.960201,184
532712,723432,127,0.964340,184
535448,723432,127,0.964368,184
534192,723432,127,0.964640,184
534288,723432,127,0.964610,184
533272,723432,127,0.964830,184
529368,723432,127,0.965621,184
533016,723432,127,0.967812,184
536904,723432,127,0.967059,184
535168,723432,127,0.967405,184
535272,723432,127,0.967375,184
538560,723432,126,0.966723,224
535720,723432,126,0.967291,224
532504,723432,125,0.965971,224
535544,723432,125,0.965351,224
532552,723432,124,0.965971,224
529264,723432,124,0.966617,224
532632,723432,124,0.967904,224
531136,723432,123,0.968197,224
534472,723432,123,0.967567,224
536968,723432,123,0.967076,224
533648,723432,124,0.967713,224
534776,723432,124,0.967490,224
535368,723432,124,0.967368,224
536496,723432,124,0.967140,224
536072,723432,124,0.967232,224
532232,723432,125,0.967960,224
530456,723432,125,0.968295,224
531424,723432,125,0.968109,224
529576,723432,125,0.968454,224
530624,723432,125,0.968255,224
533408,723432,125,0.967731,224
535920,723432,125,0.967243,224
535024,723432,125,0.967425,224
531776,723432,126,0.968035,224
530488,723432,126,0.968280,224
529072,723432,125,0.968007,224
531704,723432,125,0.967513,224
529632,723432,126,0.967896,224
533320,723432,126,0.967198,224
534744,723432,126,0.966914,224
535640,723432,126,0.966730,224
533800,723432,126,0.967097,224
537328,723432,126,0.966395,224
535376,723432,126,0.966791,224
532088,723432,127,0.967430,184
536128,723432,127,0.966641,184
539736,723432,127,0.965903,184
538896,723432,127,0.966085,184
538640,723432,127,0.966147,184
540184,723432,127,0.965820,184
542264,723432,127,0.965373,184
538600,723432,127,0.966146,184
538280,723432,126,0.966230,184
541776,723432,126,0.969663,184
540328,723432,126,0.969938,184
536816,723432,127,0.970566,184
534504,723432,127,0.970973,184
535904,723432,127,0.970725,184
533272,723432,127,0.971181,184
536728,723432,127,0.970581,184
532864,723432,127,0.963353,184
528848,723432,128,0.964188,184
525352,723432,128,0.964894,184
522856,723432,128,0.965384,184
524664,723432,128,0.965028,184
521816,723432,128,0.965580,184
523792,723432,128,0.965196,184
527224,723432,128,0.964515,184
530656,723432,128,0.963807,184
529160,723432,127,0.964135,184
528024,723432,126,0.964384,184
529160,723432,126,0.964145,184
528360,723432,126,0.964316,184
531240,723432,126,0.963716,184
530432,723432,125,0.963629,184
531976,723432,125,0.963295,184
533392,723432,125,0.962982,184
536616,723432,125,0.962263,184
538896,723432,125,0.961735,184
535008,723432,124,0.952242,184
536192,723432,124,0.951894,184
538576,723432,124,0.951191,184
539816,723432,124,0.950811,184
536976,723432,124,0.951656,184
540960,723432,124,0.950468,184
544416,723432,124,0.960397,184
541296,723432,123,0.961174,184
538920,723432,123,0.961740,184
540016,723432,123,0.961475,184
539288,723432,124,0.961644,184
541384,723432,124,0.961142,184
543800,723432,124,0.960548,184
540920,723432,124,0.961252,184
541896,723432,124,0.961008,184
538888,723432,124,0.947716,184
539496,723432,124,0.947508,184
539360,723432,124,0.947567,184
538120,723432,124,0.947971,184
538168,723432,124,0.947941,184
538504,723432,124,0.947821,184
536392,723432,125,0.948475,184
538664,723432,125,0.947756,184
536184,723432,124,0.948553,184
532568,723432,124,0.949645,184
528584,723432,124,0.950795,184
530944,723432,124,0.950115,184
527096,723432,123,0.939990,184
530704,723432,123,0.938732,184
533592,723432,123,0.937684,184
537040,723432,123,0.936387,184
536016,723432,124,0.936772,184
533408,723432,124,0.937750,184
535472,723432,124,0.936975,184
539312,723432,124,0.935496,184
536800,723432,124,0.921263,184
538264,723432,124,0.920549,184
535984,723432,124,0.921643,184
538408,723432,123,0.920492,208
535480,723432,123,0.921887,208
539544,723432,123,0.944794,208
539496,723432,123,0.944826,208
536968,723432,124,0.945655,208
541024,723432,124,0.944295,208
538048,723432,124,0.945304,208
534728,723432,124,0.946385,208
533944,723432,123,0.946660,208
531456,723432,123,0.947439,208
534240,723432,123,0.946568,208
535720,723432,123,0.946086,208
538104,723432,123,0.945301,208
541144,723432,123,0.944271,208
542640,723432,123,0.943741,208
538752,723432,123,0.945072,208
541160,723432,123,0.944249,208
538840,723432,124,0.945027,208
541656,723432,124,0.944063,208
537616,723432,124,0.945429,208
539840,723432,124,0.944679,208
536096,723432,124,0.945920,208
537688,723432,124,0.945390,208
535648,723432,124,0.946063,208
534824,723432,124,0.946340,208
538272,723432,124,0.945215,208
538912,723432,124,0.944988,208
537368,723432,125,0.945494,208
534440,723432,125,0.946445,208
532136,723432,125,0.947174,208
531024,723432,125,0.947526,208
528800,723432,125,0.948202,208
532864,723432,125,0.946965,208
534888,723432,125,0.946319,208
536808,723432,125,0.945691,208
533888,723432,126,0.946618,208
536648,723432,126,0.945728,208
537704,723432,126,0.945369,208
534856,723432,127,0.946284,208
533456,723432,127,0.946738,208
536040,723432,127,0.945908,208
538064,723432,127,0.945236,208
539200,723432,127,0.944844,208
537472,723432,127,0.945429,208
539432,723432,127,0.944767,208
538960,723432,127,0.944940,208
539184,723432,126,0.944850,256
537376,723432,126,0.945461,256
535416,723432,125,0.946122,256
532304,723432,126,0.947108,208
535776,723432,126,0.950924,208
537536,723432,126,0.950394,208
538056,723432,126,0.950225,208
535528,723432,126,0.950982,208
537152,723432,126,0.950494,208
533816,723432,126,0.951473,208
533208,723432,125,0.951671,208
534312,723432,125,0.951345,208
535840,723432,125,0.960212,208
532288,723432,125,0.961041,208
529840,723432,125,0.961596,208
531104,723432,125,0.961307,208
533104,723432,125,0.960845,208
529656,723432,125,0.954052,208
533632,723432,125,0.952972,208
530728,723432,125,0.953769,208
528504,723432,125,0.954364,208
527312,723432,126,0.954670,208
526160,723432,126,0.954974,208
526528,723432,126,0.954869,208
522464,723432,126,0.955886,208
524600,723432,126,0.955352,208
527280,723432,126,0.954666,208
531144,723432,126,0.953646,208
533800,723432,126,0.952913,208
532664,723432,126,0.953237,208
535824,723432,126,0.960204,208
535744,723432,126,0.960235,208
538240,723432,126,0.959627,208
534936,723432,126,0.960424,208
536000,723432,126,0.960163,208
532024,723432,126,0.961090,208
530528,723432,126,0.961434,208
530616,723432,126,0.961404,208
528056,723432,126,0.961973,208
528808,723432,126,0.961801,208
529776,723432,126,0.961579,208
525848,723432,126,0.962432,208
529128,723432,126,0.961721,208
527344,723432,127,0.962105,208
529256,723432,127,0.961682,208
528200,723432,127,0.961922,208
530744,723432,127,0.961355,208
530384,723432,127,0.961445,208
528472,723432,127,0.961873,208
524632,723432,127,0.962695,208
522216,723432,127,0.963201,192
519408,723432,126,0.963777,192
520200,723432,126,0.963612,192
520080,723432,125,0.963654,192
519168,723432,125,0.963842,192
522472,723432,125,0.963179,192
524960,723432,125,0.964436,192
522864,723432,125,0.964855,192
524776,723432,125,0.964473,192
525000,723432,125,0.964419,192
521312,723432,125,0.965142,192
521944,723432,125,0.965013,192
523400,723432,125,0.964723,192
521304,723432,125,0.965134,192
523528,723432,125,0.967563,192
525800,723432,125,0.967143,192
526552,723432,125,0.966996,192
525288,723432,125,0.967236,192
526792,723432,125,0.966951,192
523728,723432,125,0.967518,192
523384,723432,125,0.967589,192
525400,723432,125,0.967216,192
523128,723432,125,0.967634,192
525704,723432,125,0.967160,192
528192,723432,125,0.966689,192
526864,723432,126,0.966938,192
524952,723432,126,0.967298,192
526880,723432,126,0.966935,192
529104,723432,125,0.966510,224
528920,723432,125,0.966555,224
530944,723432,125,0.966156,224
530872,723432,126,0.966170,224
532008,723432,126,0.965939,224
529240,723432,126,0.966485,224
530880,723432,126,0.966159,224
528160,723432,125,0.961812,224
530272,723432,125,0.961339,224
526960,723432,125,0.962069,224
527568,723432,125,0.961929,224
526504,723432,125,0.962166,224
526304,723432,125,0.962219,224
527512,723432,125,0.961951,224
528368,723432,125,0.961756,224
525784,723432,125,0.962318,224
523256,723432,125,0.962852,224
525256,723432,125,0.964298,224
522216,723432,125,0.964902,224
524248,723432,125,0.964498,224
528088,723432,125,0.963717,224
527112,723432,125,0.963926,224
529456,723432,125,0.963434,224
527480,723432,125,0.963851,224
530552,723432,125,0.963204,224
530184,723432,125,0.963292,224
531128,723432,125,0.963082,224
530824,723432,124,0.963167,224
532552,723432,124,0.962788,224
528968,723432,125,0.963545,224
529152,723432,125,0.963497,224
528960,723432,124,0.962376,224
532200,723432,124,0.962863,224
528544,723432,124,0.952355,224
525944,723432,125,0.953047,224
529992,723432,125,0.951948,224
533848,723432,125,0.950851,224
532384,723432,125,0.951282,224
535832,723432,125,0.950274,224
535496,723432,125,0.950387,224
537600,723432,125,0.949749,224
537144,723432,125,0.949900,224
538072,723432,125,0.949607,224
535168,723432,125,0.950483,224
531888,723432,125,0.951435,224
533792,723432,125,0.950881,224
533160,723432,125,0.951075,224
534976,723432,125,0.950539,224
536688,723432,125,0.950021,224
532624,723432,125,0.951214,224
529640,723432,125,0.952057,224
529712,723432,125,0.952024,224
532656,723432,125,0.951191,224
531424,723432,125,0.951551,224
535128,723432,125,0.950481,224
531360,723432,125,0.951569,224
528624,723432,126,0.952320,224
531240,723432,126,0.951589,224
532240,723432,126,0.951295,224
529016,723432,125,0.952214,224
527376,723432,125,0.952668,224
527472,723432,125,0.952630,224
528600,723432,125,0.952314,224
525624,723432,125,0.953118,224
528384,723432,125,0.967644,224
525440,723432,125,0.968183,224
527616,723432,125,0.967784,224
524152,723432,125,0.968410,224
527384,723432,125,0.968457,224
524336,723432,124,0.969006,224
528136,723432,124,0.968332,224
527040,723432,124,0.968535,224
526968,723432,123,0.968565,224
526872,723432,123,0.968590,224
526960,723432,123,0.968566,224
529728,723432,123,0.968061,224
532016,723432,123,0.967630,224
529840,723432,124,0.968032,224
531192,723432,124,0.967775,224
528792,723432,123,0.968231,224
531760,723432,123,0.967678,224
531144,723432,123,0.967801,224
531912,723432,123,0.967650,224
529480,723432,123,0.968106,224
528384,723432,124,0.968304,224
529480,723432,124,0.968098,224
526640,723432,123,0.968623,224
526752,723432,123,0.968594,224
530240,723432,122,0.967959,272
526616,723432,122,0.968618,272
522688,723432,123,0.969294,272
524488,723432,123,0.968980,272
525336,723432,123,0.968825,272
523064,723432,123,0.967068,272
524760,723432,123,0.966750,272
521688,723432,123,0.967315,272
524072,723432,123,0.969043,272
523136,723432,122,0.969219,272
526888,723432,122,0.968562,272
524784,723432,122,0.968937,272
520984,723432,122,0.969586,272
519440,723432,121,0.969855,272
520000,723432,121,0.969756,272
517280,723432,121,0.970201,272
520064,723432,121,0.969745,272
522464,723432,121,0.969340,272
525104,723432,121,0.970794,272
523600,723432,121,0.971043,272
524680,723432,121,0.971306,272
521624,723432,121,0.965295,272
519560,723432,121,0.965690,272
518048,723432,121,0.965976,272
518136,723432,121,0.965951,272
519600,723432,121,0.965673,272
516072,723432,122,0.966314,272
513672,723432,122,0.966745,272
511856,723432,122,0.967065,272
514560,723432,122,0.966590,272
516576,723432,122,0.966224,272
514648,723432,123,0.966566,272
511968,723432,123,0.967038,272
514832,723432,123,0.966534,272
512808,723432,122,0.966902,272
511728,723432,122,0.967095,272
509320,723432,123,0.967500,272
508184,723432,124,0.967687,272
508888,723432,124,0.967563,272
509128,723432,124,0.967516,272
505272,723432,123,0.952876,272
502112,723432,123,0.953620,272
505808,723432,123,0.952750,272
504488,723432,123,0.953071,272
506248,723432,123,0.952645,272
509168,723432,123,0.951928,272
512880,723432,123,0.966882,272
514696,723432,123,0.966557,272
513048,723432,123,0.966853,272
513680,723432,123,0.966735,272
514976,723432,123,0.966500,272
517824,723432,123,0.965981,272
517208,723432,123,0.966102,272
514320,723432,124,0.966615,272
517816,723432,124,0.965983,272
521464,723432,124,0.965298,272
523432,723432,124,0.964912,272
522328,723432,123,0.965143,272
524784,723432,123,0.964658,272
523024,723432,122,0.965019,272
519184,723432,122,0.965750,272
522680,723432,122,0.965085,272
524088,723432,122,0.964804,272
522608,723432,123,0.965089,272
519376,723432,123,0.965706,272
522136,723432,123,0.968766,272
523744,723432,123,0.968481,272
522664,723432,123,0.968676,272
526712,723432,123,0.967956,272
523424,723432,122,0.968553,272
524392,723432,122,0.968376,272
522728,723432,122,0.968673,272
525576,723432,122,0.968168,272
524368,723432,122,0.968389,272
523736,723432,123,0.968499,272
521600,723432,123,0.968874,272
521576,723432,123,0.968886,272
518128,723432,124,0.969460,272
520512,723432,124,0.969057,272
521112,723432,124,0.968948,272
524928,723432,124,0.968282,272
521968,723432,123,0.968811,272
522560,723432,123,0.968702,272
524976,723432,123,0.968274,272
522336,723432,123,0.968740,272
518792,723432,123,0.969343,272
517664,723432,122,0.969543,272
516560,723432,122,0.969729,272
516736,723432,122,0.969693,272
520344,723432,122,0.969094,272
520664,723432,122,0.969032,272
522656,723432,122,0.968686,272
524760,723432,122,0.968312,272
521096,723432,122,0.968951,272
522328,723432,122,0.968734,272
519944,723432,123,0.969136,272
520784,723432,123,0.968988,272
518312,723432,123,0.958351,272
520136,723432,123,0.957929,272
518376,723432,123,0.958337,272
520432,723432,123,0.957862,272
516776,723432,123,0.958691,272
513016,723432,123,0.959510,272
515920,723432,123,0.958878,272
516512,723432,123,0.958738,272
514976,723432,123,0.959082,272
512520,723432,123,0.959614,272
514056,723432,123,0.967574,272
516088,723432,123,0.967217,272
515088,723432,122,0.967406,272
517256,723432,122,0.967022,272
516072,723432,122,0.967237,272
520072,723432,122,0.966520,272
518008,723432,122,0.966898,272
514912,723432,122,0.967445,272
516080,723432,122,0.967235,272
514872,723432,122,0.967452,272
515168,723432,122,0.967393,272
511528,723432,121,0.968022,272
515120,723432,121,0.967409,272
516840,723432,121,0.967103,272
513088,723432,122,0.967746,272
512232,723432,122,0.967897,272
510880,723432,122,0.966358,272
511672,723432,122,0.966212,272
512736,723432,121,0.966022,288
508984,723432,121,0.954323,288
509112,723432,121,0.954282,288
512336,723432,121,0.953506,288
510304,723432,121,0.954002,288
512336,723432,121,0.953506,288
511368,723432,121,0.953750,288
511736,723432,121,0.953650,288
508952,723432,121,0.954319,288
508360,723432,121,0.954468,288
506096,723432,121,0.954997,288
508768,723432,121,0.954373,288
511152,723432,121,0.953801,288
513384,723432,121,0.953252,288
511280,723432,121,0.953771,288
515040,723432,121,0.965601,288
513312,723432,120,0.960048,288
511344,723432,119,0.960474,288
512592,723432,119,0.960208,288
515560,723432,119,0.959575,288
513528,723432,119,0.960013,288
517184,723432,119,0.959225,288
516960,723432,120,0.959274,288
520480,723432,120,0.958487,288
518904,723432,120,0.958849,288
520080,723432,120,0.958577,288
517296,723432,119,0.959211,288
521280,723432,119,0.958317,288
518312,723432,119,0.958990,288
515432,723432,119,0.959622,288
518880,723432,119,0.958865,288
519216,723432,119,0.958780,288
518080,723432,118,0.959051,288
521648,723432,118,0.958244,288
517576,723432,118,0.959161,288
514056,723432,118,0.959923,288
515832,723432,118,0.959537,288
518720,723432,118,0.958900,288
514720,723432,118,0.959773,288
517672,723432,118,0.959130,288
515872,723432,118,0.959529,288
515728,723432,118,0.959570,288
512080,723432,118,0.960343,288
513544,723432,118,0.960030,288
515624,723432,118,0.959581,288
519528,723432,118,0.958721,288
516744,723432,117,0.959352,288
518072,723432,117,0.959053,288
517288,723432,116,0.959244,288
520776,723432,116,0.958463,288
518280,723432,117,0.959018,288
521176,723432,117,0.960579,288
517568,723432,118,0.961337,288
514432,723432,118,0.949072,288
516544,723432,118,0.948489,288
520280,723432,118,0.947434,288
518584,723432,118,0.947926,288
516560,723432,119,0.948484,288
519560,723432,119,0.947638,288
519392,723432,118,0.947713,288
520584,723432,118,0.947362,288
523704,723432,118,0.946443,288
519856,723432,117,0.947582,288
521528,723432,117,0.947091,288
520216,723432,117,0.947480,288
520528,723432,117,0.947378,288
516792,723432,117,0.948434,288
513032,723432,118,0.949442,288
516984,723432,118,0.969616,288
521032,723432,118,0.968940,288
519120,723432,118,0.969267,288
517800,723432,119,0.969484,288
515872,723432,119,0.969802,288
514032,723432,119,0.970100,288
518120,723432,119,0.969439,288
516128,723432,118,0.969776,288
512080,723432,117,0.963640,288
513656,723432,117,0.963332,288
515408,723432,117,0.962985,288
516560,723432,117,0.962750,288
517632,723432,117,0.962527,288
520416,723432,117,0.961953,288
518664,723432,117,0.962320,288
522072,723432,117,0.961609,288
518376,723432,118,0.962368,288
520104,723432,118,0.962007,288
516456,723432,119,0.962742,288
513488,723432,119,0.963328,288
509880,723432,118,0.963163,288
506432,723432,118,0.963810,288
506744,723432,118,0.963745,288
505768,723432,118,0.963931,288
505696,723432,118,0.963952,288
508560,723432,118,0.963419,288
505864,723432,118,0.963922,288
508864,723432,118,0.963363,288
509792,723432,118,0.963180,288
508608,723432,118,0.963410,288
506024,723432,118,0.963131,288
508920,723432,118,0.962578,288
507976,723432,119,0.962757,288
511424,723432,119,0.962086,288
511336,723432,119,0.962112,288
513048,723432,119,0.961766,288
514536,723432,119,0.961458,288
518144,723432,119,0.960705,288
521552,723432,119,0.959965,288
522024,723432,119,0.959851,288
519408,723432,119,0.960427,288
516224,723432,120,0.961094,288
512160,723432,120,0.956909,288
514496,723432,120,0.956370,288
511128,723432,121,0.957128,288
509104,723432,121,0.957580,288
510784,723432,121,0.957203,288
512168,723432,121,0.956886,288
513144,723432,121,0.956656,288
509736,723432,121,0.957422,288
512112,723432,121,0.956888,288
510192,723432,122,0.957312,288
513368,723432,122,0.956594,288
517232,723432,122,0.955690,288
513368,723432,122,0.956594,288
511192,723432,122,0.957092,288
508648,723432,122,0.957658,288
508304,723432,123,0.957732,288
512344,723432,123,0.956836,288
515800,723432,123,0.956037,288
516840,723432,123,0.955782,288
515216,723432,122,0.956183,288
513888,723432,122,0.956498,288
515608,723432,122,0.956092,288
514824,723432,121,0.956295,288
515704,723432,121,0.956081,288
516344,723432,121,0.955921,288
514920,723432,121,0.956262,288
515368,723432,121,0.956148,288
516256,723432,121,0.955930,288
512808,723432,122,0.956721,288
515808,723432,122,0.956024,288
513432,723432,122,0.956580,288
512688,723432,122,0.956759,288
509216,723432,122,0.939570,288
511048,723432,122,0.938984,288
512848,723432,122,0.948012,288
509496,723432,122,0.948916,288
507504,723432,122,0.949443,288
506896,723432,121,0.949623,288
504808,723432,122,0.950148,288
502984,723432,121,0.950621,288
505952,723432,121,0.949874,288
509344,723432,121,0.948993,288
510424,723432,121,0.948698,288
509952,723432,121,0.948835,288
513648,723432,121,0.947834,288
515232,723432,121,0.947386,288
515560,723432,121,0.947282,288
517992,723432,121,0.946583,288
514992,723432,121,0.947439,288
518584,723432,121,0.946413,288
515768,723432,121,0.947224,288
512376,723432,121,0.948166,288
508680,723432,121,0.949153,288
512072,723432,121,0.948247,288
511280,723432,122,0.948459,288
511992,723432,122,0.948256,288
510120,723432,123,0.948753,288
508512,723432,123,0.949184,288
510304,723432,123,0.948704,288
509552,723432,123,0.948914,288
510048,723432,123,0.948772,288
507536,723432,124,0.949423,288
511008,723432,124,0.948505,288
508592,723432,124,0.949151,288
509088,723432,124,0.949010,288
505592,723432,124,0.949916,288
508368,723432,124,0.949197,288
512376,723432,124,0.948127,288
511696,723432,124,0.948322,288
514776,723432,124,0.947472,288
511328,723432,124,0.948420,288
509600,723432,124,0.948889,288
512208,723432,123,0.948185,336
509288,723432,123,0.948970,336
509312,723432,123,0.948952,336
510864,723432,123,0.948531,336
510768,723432,124,0.948556,336
514016,723432,124,0.947668,336
514704,723432,124,0.947466,336
516288,723432,124,0.947011,336
514680,723432,123,0.947486,336
511288,723432,123,0.948418,336
510304,723432,122,0.948704,336
513408,723432,122,0.947861,336
512176,723432,121,0.948219,336
513616,723432,121,0.947817,336
515024,723432,121,0.947417,336
514528,723432,121,0.947567,336
513464,723432,121,0.947876,320
515248,723432,121,0.947373,320
518208,723432,121,0.962624,320
519176,723432,121,0.962419,320
517144,723432,122,0.962826,320
519160,723432,122,0.962413,320
517104,723432,122,0.962834,320
515280,723432,123,0.963191,320
517424,723432,123,0.962761,320
518928,723432,123,0.962450,320
517216,723432,124,0.962792,320
520744,723432,124,0.962070,320
518360,723432,123,0.959787,320
521984,723432,123,0.958980,320
519496,723432,123,0.959541,320
521952,723432,122,0.958987,368
519104,723432,123,0.959616,368
521480,723432,123,0.959082,368
520016,723432,123,0.959417,368
521536,723432,123,0.959070,368
518048,723432,123,0.959854,320
522088,723432,123,0.958957,320
519600,723432,124,0.959508,320
522624,723432,123,0.958829,352
522440,723432,123,0.958881,352
523256,723432,123,0.961549,352
519648,723432,123,0.962307,352
520512,723432,123,0.962121,352
517744,723432,124,0.962681,352
514840,723432,124,0.963261,352
514504,723432,125,0.963325,352
513664,723432,125,0.963496,352
512912,723432,125,0.963648,352
515416,723432,125,0.963158,352
511464,723432,126,0.963911,352
510496,723432,126,0.964099,352
513888,723432,126,0.963453,352
510584,723432,126,0.946844,352
507736,723432,126,0.947624,352
511584,723432,126,0.946570,352
507992,723432,126,0.947556,352
509840,723432,126,0.947047,352
512112,723432,126,0.946410,352
512824,723432,126,0.946198,352
511288,723432,127,0.946625,352
509800,723432,126,0.947058,352
508832,723432,125,0.947345,352
508160,723432,125,0.947537,352
511880,723432,125,0.946514,352
509272,723432,126,0.947239,304
511504,723432,126,0.946618,304
511328,723432,126,0.946680,304
509536,723432,126,0.947181,304
506896,723432,126,0.947897,304
508712,723432,126,0.947403,304
505608,723432,126,0.948233,304
506416,723432,126,0.948010,304
507912,723432,126,0.947603,304
505912,723432,126,0.948142,304
502024,723432,127,0.949134,304
505616,723432,127,0.948206,304
507456,723432,127,0.947711,304
508616,723432,127,0.947390,304
510504,723432,127,0.946866,304
508744,723432,126,0.947368,304
508856,723432,126,0.947326,304
512888,723432,126,0.946207,304
515280,723432,126,0.945515,304
515808,723432,126,0.948395,304
516208,723432,126,0.948272,304
513448,723432,127,0.949018,304
515576,723432,127,0.948432,304
519472,723432,127,0.947334,304
520128,723432,127,0.947134,304
518112,723432,127,0.947718,304
518480,723432,127,0.947601,304
517768,723432,127,0.947814,304
520856,723432,127,0.946924,304
520216,723432,126,0.947136,304
517544,723432,127,0.947890,304
518664,723432,127,0.947563,304
518112,723432,127,0.947731,304
521576,723432,127,0.946730,304
522888,723432,127,0.946331,304
521736,723432,127,0.946683,304
525808,723432,127,0.945455,304
524304,723432,128,0.945910,304
524280,723432,129,0.945917,304
526248,723432,129,0.945306,304
529560,723432,129,0.944257,304
528392,723432,129,0.944641,304
531704,723432,129,0.943566,304
530896,723432,129,0.943843,304
531008,723432,129,0.943792,304
529488,723432,129,0.944295,304
532920,723432,129,0.943166,304
530440,723432,129,0.943990,304
533096,723432,129,0.943108,304
529024,723432,129,0.944442,304
530968,723432,129,0.955274,304
528808,723432,129,0.955836,304
531704,723432,129,0.955084,304
528856,723432,130,0.955811,304
529832,723432,130,0.955553,304
528392,723432,130,0.955928,304
530208,723432,130,0.955457,304
529160,723432,130,0.955735,304
532536,723432,130,0.954854,304
529880,723432,130,0.955553,304
532744,723432,130,0.954799,304
530744,723432,131,0.955319,304
532952,723432,131,0.954732,304
530056,723432,132,0.955483,304
526000,723432,132,0.956506,304
525760,723432,131,0.956588,304
526176,723432,131,0.956475,304
522320,723432,131,0.957407,304
521688,723432,131,0.957565,304
525176,723432,131,0.973039,304
526672,723432,131,0.972805,304
530368,723432,131,0.972221,304
530608,723432,131,0.972175,304
526896,723432,130,0.957244,304
525600,723432,131,0.957553,304
525496,723432,130,0.957601,304
528832,723432,130,0.956785,304
532144,723432,130,0.955943,304
531560,723432,129,0.956116,304
533336,723432,129,0.955649,304
532272,723432,129,0.955935,304
535392,723432,129,0.955110,304
535280,723432,129,0.955153,304
533008,723432,130,0.955746,304
536232,723432,130,0.954887,304
538600,723432,130,0.954230,304
534568,723432,129,0.954071,304
537160,723432,129,0.953347,304
540768,723432,129,0.952307,304
539728,723432,129,0.952621,304
543608,723432,129,0.969200,304
540128,723432,129,0.969860,304
536088,723432,129,0.963476,304
532680,723432,128,0.963151,304
528832,723432,127,0.952255,304
531808,723432,127,0.951421,304
532024,723432,127,0.951347,304
530184,723432,127,0.951873,304
533832,723432,127,0.950833,304
535848,723432,127,0.950232,304
539816,723432,127,0.949020,304
536288,723432,127,0.950102,304
536512,723432,127,0.950021,304
534552,723432,128,0.950597,304
532136,723432,128,0.951302,304
534296,723432,128,0.950671,304
534336,723432,128,0.950646,304
532888,723432,128,0.951082,280
534064,723432,128,0.950731,280
532248,723432,128,0.951264,280
530168,723432,128,0.951857,280
526992,723432,127,0.952743,280
528184,723432,127,0.952411,280
530736,723432,127,0.951700,280
534240,723432,127,0.950694,280
531784,723432,127,0.951421,232
528448,723432,127,0.952353,232
530632,723432,127,0.951743,232
534456,723432,127,0.950646,232
532344,723432,127,0.951264,232
535656,723432,127,0.950296,232
534248,723432,128,0.950706,232
532752,723432,128,0.951148,232
532144,723432,128,0.951334,232
533088,723432,128,0.951053,232
535616,723432,128,0.950307,232
538968,723432,128,0.949288,232
537792,723432,128,0.949660,232
540896,723432,128,0.966510,232
539176,723432,128,0.966868,232
542688,723432,128,0.966140,232
542448,723432,128,0.966200,232
542960,723432,128,0.966083,232
541992,723432,129,0.966285,232
542904,723432,129,0.966085,232
542016,723432,128,0.966290,232
541832,723432,128,0.966338,232
539704,723432,128,0.966781,232
539304,723432,127,0.966881,232
540344,723432,127,0.966662,232
540520,723432,127,0.966616,232
544248,723432,127,0.965832,232
545896,723432,127,0.965467,232
543536,723432,127,0.965982,232
543888,723432,127,0.965898,232
543096,723432,126,0.966085,232
543128,723432,126,0.966563,232
541240,723432,127,0.966949,232
544488,723432,127,0.966269,232
540672,723432,128,0.967053,232
538896,723432,129,0.967406,232
540992,723432,129,0.966979,232
538288,723432,129,0.967525,232
537536,723432,129,0.967680,232
536408,723432,130,0.967897,232
532816,723432,130,0.968576,232
533744,723432,130,0.968396,232
535112,723432,130,0.968133,232
535544,723432,130,0.968042,232
534776,723432,130,0.968196,232
536256,723432,130,0.967907,232
534840,723432,130,0.968184,232
534800,723432,130,0.968200,232
534928,723432,130,0.968167,232
536848,723432,130,0.967794,232
535432,723432,129,0.968082,232
535832,723432,129,0.967997,232
539280,723432,129,0.967321,232
536160,723432,128,0.960689,232
539112,723432,128,0.959977,232
539584,723432,128,0.959851,232
538504,723432,127,0.960135,232
535216,723432,127,0.960918,232
536616,723432,127,0.960582,232
537776,723432,127,0.960297,232
534320,723432,126,0.949962,232
534008,723432,126,0.950068,232
534952,723432,126,0.949776,232
536688,723432,126,0.949244,232
534672,723432,126,0.949859,232
530800,723432,126,0.950988,232
529208,723432,127,0.951432,232
529464,723432,127,0.951347,232
528672,723432,128,0.951566,232
528016,723432,128,0.951759,232
524976,723432,129,0.952574,232
526280,723432,128,0.952227,232
527448,723432,128,0.951900,232
526744,723432,128,0.952103,232
529392,723432,128,0.951367,232
532136,723432,128,0.950581,232
532736,723432,128,0.950395,232
534480,723432,128,0.949873,232
533096,723432,127,0.949513,232
535896,723432,127,0.948662,232
534344,723432,128,0.949129,232
530376,723432,128,0.950300,232
531448,723432,128,0.949979,232
527936,723432,128,0.950986,232
529472,723432,128,0.950543,232
527088,723432,129,0.951206,232
530600,723432,129,0.950209,232
529024,723432,129,0.950669,232
526616,723432,129,0.951362,184
527072,723432,129,0.951224,184
527680,723432,129,0.951043,184
529224,723432,128,0.950611,192
528136,723432,128,0.950928,192
527208,723432,127,0.951211,192
529328,723432,127,0.950608,192
533048,723432,127,0.950317,192
533008,723432,127,0.950342,192
534848,723432,127,0.949791,192
533952,723432,126,0.950082,192
536008,723432,126,0.949460,192
534208,723432,127,0.949993,192
537056,723432,127,0.966389,192
534104,723432,127,0.966979,192
537536,723432,127,0.966292,192
535888,723432,127,0.966630,192
535928,723432,127,0.966613,192
532320,723432,128,0.967311,192
534856,723432,128,0.966814,192
534040,723432,128,0.966982,192
536256,723432,128,0.966539,192
535312,723432,128,0.966734,192
534720,723432,128,0.966859,192
536536,723432,128,0.966492,192
540512,723432,128,0.965672,192
538280,723432,128,0.966142,192
534928,723432,129,0.966809,192
536432,723432,129,0.966504,192
537312,723432,129,0.966318,192
533608,723432,129,0.967056,192
530472,723432,129,0.967658,192
533648,723432,129,0.967048,192
537464,723432,129,0.966287,192
533424,723432,128,0.950114,192
532264,723432,127,0.932781,192
533912,723432,127,0.932114,192
535472,723432,127,0.931469,192
535448,723432,126,0.931518,192
536776,723432,126,0.930957,192
533696,723432,126,0.932218,192
535432,723432,126,0.931505,192
535400,723432,126,0.931537,192
536880,723432,126,0.930915,192
534120,723432,127,0.932031,192
533672,723432,127,0.932228,192
537040,723432,127,0.930849,192
539680,723432,126,0.929737,208
537776,723432,126,0.930558,208
541040,723432,126,0.929154,208
538040,723432,125,0.930468,208
538760,723432,125,0.930146,208
538432,723432,125,0.930304,208
541632,723432,125,0.928918,208
541160,723432,124,0.929164,208
541456,723432,124,0.929015,208
539376,723432,124,0.929927,208
536152,723432,123,0.931304,208
533936,723432,123,0.932212,208
536752,723432,123,0.931059,208
540664,723432,123,0.929399,208
540856,723432,123,0.929295,208
537856,723432,123,0.912357,208
536816,723432,124,0.912899,208
538664,723432,124,0.911906,208
536440,723432,125,0.913085,176
540520,723432,124,0.910904,224
538688,723432,125,0.911885,224
542520,723432,125,0.933665,224
540296,723432,125,0.934580,224
538800,723432,125,0.935187,224
537624,723432,124,0.935679,224
538480,723432,124,0.935331,224
539208,723432,124,0.935028,224
536312,723432,123,0.936179,224
538480,723432,123,0.935331,224
538776,723432,123,0.935197,224
541192,723432,123,0.934222,224
540072,723432,123,0.934688,224
541560,723432,123,0.934074,224
537904,723432,123,0.935535,224
539768,723432,123,0.934789,224
536808,723432,123,0.935955,224
539256,723432,123,0.934990,224
535824,723432,122,0.936345,224
533232,723432,123,0.937305,224
535640,723432,123,0.936396,224
536536,723432,123,0.936040,224
533640,723432,124,0.937121,224
537448,723432,124,0.935673,224
533840,723432,124,0.937047,224
535264,723432,124,0.936501,224
531952,723432,124,0.937734,224
535904,723432,124,0.936261,224
533984,723432,124,0.936994,224
535544,723432,124,0.936396,224
531712,723432,124,0.915432,224
532984,723432,124,0.914783,224
528936,723432,125,0.916742,224
530080,723432,125,0.916175,224
525984,723432,125,0.918116,224
524560,723432,125,0.918784,224
527184,723432,125,0.917563,224
524440,723432,124,0.918859,224
526952,723432,124,0.917693,224
524720,723432,123,0.918755,224
527912,723432,123,0.917269,224
528032,723432,123,0.917190,224
525584,723432,123,0.918342,224
527976,723432,123,0.917216,224
526224,723432,123,0.918050,224
529808,723432,123,0.916351,224
529208,723432,123,0.916659,224
532464,723432,123,0.915063,224
532272,723432,123,0.915181,224
532632,723432,122,0.915000,232
529320,723432,123,0.916602,232
531184,723432,123,0.915685,232
529992,723432,122,0.916305,232
531536,723432,121,0.915537,280
528584,723432,121,0.916973,280
531536,723432,121,0.915537,280
527560,723432,121,0.917451,280
528640,723432,121,0.916924,280
526456,723432,120,0.917984,280
528920,723432,120,0.916814,280
526904,723432,120,0.917777,280
528312,723432,120,0.925336,280
527792,723432,120,0.925575,280
527336,723432,120,0.925786,280
523728,723432,120,0.927281,280
523600,723432,119,0.927370,280
524144,723432,119,0.927133,280
524400,723432,119,0.927011,280
523760,723432,119,0.927287,280
525464,723432,119,0.926579,280
527856,723432,119,0.925568,280
530360,723432,119,0.924482,280
528832,723432,120,0.925136,280
531192,723432,120,0.924100,280
528104,723432,121,0.925424,280
527224,723432,121,0.925813,280
528784,723432,121,0.925136,280
525664,723432,120,0.926477,280
527240,723432,120,0.925806,280
529016,723432,120,0.925037,280
525488,723432,119,0.926549,280
524320,723432,119,0.927043,280
524064,723432,119,0.927165,280
523696,723432,119,0.927332,280
521336,723432,119,0.928283,280
525096,723432,119,0.926768,280
526952,723432,119,0.925986,280
530128,723432,119,0.924623,280
530728,723432,119,0.924343,280
531584,723432,119,0.923949,280
529440,723432,119,0.924898,280
531288,723432,119,0.924079,280
528824,723432,119,0.925160,280
530096,723432,119,0.924596,280
527560,723432,119,0.925692,280
531592,723432,119,0.923946,280
530736,723432,119,0.924340,280
526920,723432,119,0.925979,280
529544,723432,119,0.924853,280
531088,723432,119,0.924166,280
529440,723432,118,0.924918,280
531160,723432,118,0.924155,280
530664,723432,118,0.924392,280
531864,723432,118,0.923847,280
531752,723432,119,0.923896,280
532760,723432,119,0.923430,280
530976,723432,119,0.924235,280
531176,723432,119,0.924127,280
529872,723432,120,0.924692,280
528544,723432,121,0.925258,280
524720,723432,120,0.926881,280
525280,723432,120,0.926634,280
521248,723432,120,0.928261,280
519528,723432,120,0.928944,280
521808,723432,120,0.928042,280
518496,723432,120,0.929336,280
521168,723432,120,0.928292,280
522952,723432,120,0.927571,280
524784,723432,120,0.926816,280
528688,723432,120,0.925177,280
524704,723432,120,0.926849,280
521440,723432,121,0.928148,280
517984,723432,121,0.929493,280
515640,723432,121,0.930383,280
519240,723432,121,0.929017,280
519928,723432,121,0.932709,280
520784,723432,121,0.932378,280
517296,723432,121,0.933651,280
519720,723432,121,0.932767,280
516936,723432,122,0.933761,280
514072,723432,122,0.934771,280
516984,723432,122,0.933744,280
519520,723432,122,0.932822,280
517976,723432,123,0.933379,272
518976,723432,123,0.933004,272
518872,723432,122,0.933076,272
521032,723432,122,0.932273,272
517600,723432,122,0.933530,272
515216,723432,122,0.934381,272
515352,723432,122,0.934317,272
517640,723432,122,0.933498,272
516568,723432,122,0.933893,272
515568,723432,122,0.934259,272
518176,723432,122,0.933325,272
519968,723432,122,0.932662,272
519424,723432,122,0.932877,272
523176,723432,122,0.931474,272
524080,723432,122,0.931114,272
522368,723432,121,0.931795,272
521288,723432,121,0.932214,272
519960,723432,121,0.932717,272
517712,723432,121,0.933541,272
516832,723432,121,0.928944,272
515152,723432,122,0.929572,272
518952,723432,122,0.928117,272
519128,723432,122,0.928031,272
517336,723432,122,0.928736,272
518584,723432,122,0.928241,272
522632,723432,122,0.926630,272
526632,723432,122,0.924966,272
527792,723432,122,0.924455,272
530992,723432,122,0.923045,272
528568,723432,122,0.924133,248
526232,723432,122,0.925144,248
525880,723432,122,0.925311,248
527880,723432,122,0.924448,248
525880,723432,122,0.925311,248
528160,723432,122,0.924329,248
530992,723432,122,0.923077,248
533640,723432,122,0.937596,248
533328,723432,123,0.937710,248
531208,723432,122,0.938503,248
528800,723432,122,0.939360,248
526744,723432,123,0.940058,248
528424,723432,123,0.939472,248
524472,723432,124,0.940796,248
524960,723432,124,0.940620,248
523496,723432,124,0.941114,248
524032,723432,124,0.940924,248
522488,723432,124,0.941439,248
522968,723432,124,0.941269,248
523872,723432,124,0.940961,248
524912,723432,124,0.940604,248
525080,723432,124,0.940533,248
522232,723432,125,0.941460,248
524968,723432,125,0.940554,248
522168,723432,125,0.941480,248
522728,723432,125,0.941285,248
520568,723432,124,0.942003,248
520344,723432,124,0.942089,248
519072,723432,124,0.942500,248
519672,723432,124,0.942299,248
521736,723432,124,0.941634,248
518960,723432,124,0.942519,248
522192,723432,124,0.941488,248
519328,723432,124,0.942405,248
516424,723432,124,0.943307,248
513320,723432,124,0.944238,248
516904,723432,124,0.943162,248
517168,723432,124,0.943068,248
517728,723432,124,0.942883,248
520528,723432,124,0.942001,248
518024,723432,125,0.942778,248
518672,723432,125,0.942564,248
517952,723432,126,0.942785,248
518120,723432,126,0.942719,248
515096,723432,126,0.943655,216
512296,723432,126,0.944488,216
509048,723432,125,0.945435,216
511208,723432,125,0.944814,216
511952,723432,125,0.944587,216
514856,723432,125,0.943727,216
514728,723432,125,0.943779,216
515760,723432,125,0.943458,216
513896,723432,124,0.944038,216
515360,723432,124,0.943591,216
512656,723432,124,0.944398,216
514752,723432,124,0.943772,216
511864,723432,124,0.944626,216
514392,723432,124,0.943878,216
513792,723432,124,0.944068,216
516128,723432,124,0.943362,216
513552,723432,123,0.944152,216
515160,723432,123,0.943665,216
511256,723432,124,0.944800,216
513424,723432,124,0.944161,216
512368,723432,123,0.944495,216
514264,723432,123,0.943930,216
511360,723432,123,0.944784,216
509880,723432,123,0.945216,216
507256,723432,124,0.945943,216
508176,723432,124,0.945677,216
507320,723432,123,0.939428,216
509720,723432,123,0.938669,216
513584,723432,123,0.937416,216
515432,723432,123,0.936791,216
514504,723432,124,0.937098,216
512864,723432,123,0.937666,216
514784,723432,123,0.937022,216
516640,723432,123,0.936385,216
514824,723432,123,0.937009,216
513336,723432,123,0.937513,216
515968,723432,123,0.936627,216
519048,723432,123,0.935562,216
515616,723432,122,0.936761,216
511528,723432,122,0.938112,216
514368,723432,122,0.937175,216
518416,723432,122,0.949469,216
516528,723432,122,0.949987,216
514168,723432,121,0.940999,216
510824,723432,120,0.939122,216
514768,723432,120,0.937846,216
515136,723432,119,0.937718,240
517760,723432,119,0.936830,240
515328,723432,119,0.937655,240
513792,723432,119,0.938171,240
515256,723432,119,0.937679,240
513888,723432,120,0.938125,240
517088,723432,120,0.937056,240
516728,723432,120,0.937195,232
519160,723432,120,0.936358,232
521288,723432,120,0.935605,232
520640,723432,119,0.935864,232
522816,723432,119,0.935082,232
522128,723432,120,0.935326,232
525544,723432,120,0.934079,232
523016,723432,120,0.935011,232
523176,723432,120,0.934936,232
520896,723432,119,0.935775,232
522176,723432,119,0.935309,232
520328,723432,120,0.935956,232
518200,723432,121,0.936684,232
521152,723432,121,0.935652,232
520248,723432,121,0.935983,232
521464,723432,121,0.942424,232
519192,723432,121,0.943142,232
522320,723432,121,0.942155,232
523256,723432,121,0.941842,232
519312,723432,121,0.939346,232
517456,723432,121,0.939961,232
521240,723432,121,0.938710,232
518632,723432,121,0.939582,232
522312,723432,121,0.938350,232
525984,723432,121,0.937070,232
522360,723432,122,0.938318,232
519232,723432,122,0.939372,232
520136,723432,122,0.939060,232
520752,723432,122,0.938840,232
519624,723432,122,0.939228,232
521576,723432,122,0.938566,232
520096,723432,122,0.939073,232
517752,723432,122,0.939851,232
519584,723432,122,0.939241,232
518120,723432,122,0.939732,232
522112,723432,122,0.942205,232
519904,723432,122,0.942909,232
520000,723432,122,0.942865,232
520136,723432,122,0.942808,232
517464,723432,123,0.943622,232
520832,723432,123,0.942577,232
518816,723432,123,0.943213,232
521504,723432,123,0.942366,232
520040,723432,123,0.942837,232
519192,723432,122,0.943128,232
522472,723432,122,0.942091,232
525424,723432,122,0.941124,232
522784,723432,123,0.941982,216
524240,723432,123,0.949819,216
523336,723432,123,0.950081,216
524264,723432,123,0.949812,216
523552,723432,124,0.950009,216
520584,723432,125,0.950813,216
524032,723432,125,0.949863,216
523736,723432,125,0.949958,216
527800,723432,125,0.948797,216
527912,723432,125,0.948750,216
525992,723432,125,0.949314,216
529160,723432,125,0.948387,216
526880,723432,126,0.949047,216
524064,723432,126,0.949854,216
526360,723432,126,0.949196,216
524232,723432,127,0.949794,216
523304,723432,126,0.950077,216
526432,723432,126,0.949189,216
528528,723432,126,0.948571,216
527360,723432,126,0.948924,216
530224,723432,126,0.948072,216
532408,723432,126,0.947400,216
530240,723432,125,0.948082,216
530864,723432,125,0.947881,216
530176,723432,125,0.948101,216
531968,723432,125,0.947549,216
529576,723432,125,0.948278,216
531472,723432,125,0.947699,216
529288,723432,125,0.948363,216
528728,723432,125,0.948541,216
532088,723432,125,0.947527,216
529672,723432,124,0.948278,216
531560,723432,124,0.947701,216
534224,723432,124,0.946870,216
532256,723432,123,0.947505,216
532904,723432,123,0.947293,216
532000,723432,123,0.947583,216
529464,723432,124,0.948339,216
533128,723432,124,0.947224,216
534008,723432,124,0.946937,216
530768,723432,124,0.947939,216
532568,723432,124,0.958099,216
530672,723432,124,0.958567,216
530072,723432,125,0.958709,216
531104,723432,125,0.958452,216
532728,723432,125,0.958049,216
529864,723432,125,0.958746,216
531528,723432,125,0.958339,216
528272,723432,126,0.959107,216
525624,723432,126,0.959722,216
527792,723432,126,0.959218,216
527496,723432,126,0.959297,216
530152,723432,126,0.958667,216
526792,723432,126,0.959458,216
530888,723432,126,0.958492,216
531552,723432,126,0.958322,216
531136,723432,126,0.958433,216
534064,723432,125,0.957715,240
530864,723432,125,0.958504,240
531632,723432,125,0.958308,240
528456,723432,125,0.959070,240
528344,723432,125,0.959107,240
532232,723432,125,0.962899,240
535960,723432,125,0.962070,240
533568,723432,125,0.962610,240
531136,723432,125,0.963144,240
530880,723432,125,0.963208,240
531024,723432,125,0.963167,240
531264,723432,125,0.963106,240
528848,723432,125,0.963622,240
528608,723432,125,0.963682,240
530312,723432,125,0.963317,240
526648,723432,125,0.964081,240
529896,723432,125,0.972816,240
532344,723432,125,0.972423,240
528312,723432,126,0.973053,240
530664,723432,126,0.972681,240
532088,723432,126,0.972449,240
530888,723432,126,0.972646,240
533080,723432,126,0.972289,240
529768,723432,126,0.964919,240
531672,723432,126,0.964523,240
528832,723432,125,0.965115,240
531336,723432,125,0.964602,240
528832,723432,126,0.965105,240
532080,723432,126,0.964440,240
528800,723432,127,0.965102,240
531128,723432,127,0.964625,240
527328,723432,128,0.965382,240
528168,723432,128,0.965208,240
526768,723432,129,0.965482,240
523176,723432,128,0.966182,240
525536,723432,128,0.965728,240
523752,723432,128,0.966075,240
526680,723432,128,0.965508,240
527744,723432,128,0.965291,240
525896,723432,128,0.965659,240
528040,723432,128,0.965233,240
525616,723432,129,0.965704,240
522392,723432,128,0.966328,240
520672,723432,129,0.966642,240
522416,723432,129,0.966314,240
526440,723432,129,0.965545,240
528872,723432,129,0.965059,240
526440,723432,129,0.965545,240
528704,723432,129,0.965092,240
526864,723432,128,0.965472,240
524864,723432,128,0.965865,240
524696,723432,129,0.965897,240
525352,723432,129,0.965763,240
528592,723432,128,0.965131,256
528824,723432,128,0.965075,256
526168,723432,128,0.965604,256
523304,723432,128,0.966155,256
524728,723432,128,0.965879,256
526368,723432,128,0.966049,256
523128,723432,128,0.966664,256
525296,723432,128,0.966252,256
521600,723432,127,0.966950,256
524144,723432,127,0.966476,256
521976,723432,128,0.966874,256
520416,723432,129,0.967154,256
520464,723432,129,0.967137,256
522440,723432,129,0.966772,256
520704,723432,129,0.967094,256
519080,723432,129,0.967390,256
520584,723432,129,0.967116,256
520768,723432,129,0.967074,256
516744,723432,129,0.967362,256
516864,723432,129,0.967333,256
516376,723432,129,0.967425,256
516672,723432,129,0.967366,256
516272,723432,129,0.967443,256
519736,723432,129,0.966825,256
517936,723432,130,0.967145,256
519976,723432,130,0.966774,256
518312,723432,130,0.967079,256
516360,723432,130,0.967428,256
512992,723432,130,0.968008,256
513200,723432,130,0.967966,256
515368,723432,130,0.967591,256
511360,723432,130,0.968270,256
507456,723432,130,0.968906,256
508152,723432,130,0.968788,256
511904,723432,130,0.968173,256
508040,723432,130,0.968806,256
509592,723432,130,0.968550,256
512376,723432,130,0.968087,256
510544,723432,131,0.968388,256
510080,723432,131,0.968471,256
513200,723432,131,0.967950,256
514008,723432,131,0.967806,256
510280,723432,131,0.968431,256
512872,723432,131,0.967996,256
509792,723432,130,0.968518,256
511656,723432,130,0.968206,256
508224,723432,130,0.968769,256
511072,723432,130,0.968302,256
509256,723432,131,0.968596,256
510168,723432,131,0.968441,256
509104,723432,131,0.968621,256
509976,723432,131,0.968473,256
506328,723432,130,0.967817,256
506672,723432,130,0.967754,256
503424,723432,130,0.968282,256
502864,723432,130,0.968377,256
503112,723432,130,0.968331,256
507032,723432,130,0.967695,256
505448,723432,130,0.967960,256
504680,723432,130,0.968090,256
502784,723432,129,0.968405,256
503664,723432,129,0.969492,256
499936,723432,129,0.970054,256
499800,723432,128,0.970088,256
501064,723432,128,0.969896,256
497184,723432,128,0.962109,256
495040,723432,127,0.962513,256
494000,723432,127,0.962706,256
492224,723432,126,0.963034,256
489536,723432,125,0.963511,256
490136,723432,125,0.963401,256
491984,723432,125,0.963076,256
489624,723432,125,0.963488,256
491416,723432,125,0.963174,256
493592,723432,125,0.962786,256
497072,723432,125,0.962155,256
498512,723432,125,0.961883,256
502096,723432,125,0.961200,256
500000,723432,125,0.961606,256
499840,723432,125,0.961645,256
499280,723432,124,0.961767,256
500408,723432,124,0.961547,256
502816,723432,124,0.961081,256
504376,723432,124,0.960769,256
502560,723432,125,0.961121,256
503024,723432,125,0.961022,256
507000,723432,125,0.960230,256
503416,723432,125,0.960946,256
507496,723432,125,0.960130,256
510520,723432,125,0.959500,256
508968,723432,125,0.959830,256
508792,723432,125,0.959876,256
506160,723432,125,0.960417,256
507200,723432,125,0.960199,256
509912,723432,125,0.959636,256
510920,723432,125,0.959416,256
510320,723432,125,0.959551,256
514216,723432,125,0.958714,256
512176,723432,125,0.959162,256
513552,723432,125,0.958858,256
511040,723432,124,0.959411,256
512904,723432,124,0.959007,256
510360,723432,125,0.959543,256
511472,723432,124,0.959300,304
510816,723432,124,0.959448,304
512632,723432,124,0.959055,304
509120,723432,124,0.959799,304
510648,723432,124,0.959473,304
509576,723432,125,0.959695,304
511144,723432,125,0.959359,304
508312,723432,125,0.959181,304
510872,723432,125,0.958632,304
507400,723432,125,0.959370,304
508752,723432,125,0.959080,304
508608,723432,126,0.959110,304
509720,723432,125,0.958873,320
507552,723432,124,0.959345,320
507736,723432,124,0.959297,320
503848,723432,124,0.960094,320
502016,723432,125,0.960454,320
503856,723432,125,0.960083,320
500728,723432,124,0.960713,320
504672,723432,124,0.959930,320
505184,723432,124,0.959817,320
503904,723432,124,0.960083,320
503992,723432,124,0.960056,320
503744,723432,124,0.960115,320
500496,723432,123,0.960023,320
501960,723432,123,0.959726,320
498392,723432,124,0.960421,320
494944,723432,124,0.961080,320
495120,723432,124,0.961038,320
494984,723432,123,0.961081,320
498336,723432,123,0.960441,320
502240,723432,123,0.959670,320
503240,723432,123,0.959461,320
501832,723432,124,0.959742,320
498904,723432,123,0.942245,320
501008,723432,123,0.941636,320
504016,723432,123,0.940748,320
503136,723432,123,0.941020,320
504232,723432,123,0.940684,320
503072,723432,123,0.941039,320
504624,723432,123,0.940568,320
503728,723432,122,0.940861,320
507168,723432,122,0.939818,320
503616,723432,122,0.940894,320
505024,723432,122,0.940463,320
504840,723432,121,0.940547,320
507160,723432,121,0.939835,320
504888,723432,121,0.940532,320
508936,723432,121,0.939290,320
505240,723432,120,0.940442,320
501864,723432,119,0.941459,320
498968,723432,119,0.942294,320
501424,723432,119,0.941585,320
503392,723432,119,0.941002,320
501296,723432,119,0.941622,320
497904,723432,119,0.942590,320
495520,723432,119,0.943256,320
492016,723432,119,0.944201,320
492216,723432,119,0.944136,320
490112,723432,119,0.944694,320
486872,723432,120,0.945518,304
486312,723432,120,0.945670,304
489672,723432,120,0.944811,304
489736,723432,120,0.944783,304
492240,723432,119,0.944123,344
493368,723432,119,0.943813,344
494216,723432,119,0.947821,344
491880,723432,119,0.948405,344
493760,723432,119,0.947934,344
495368,723432,119,0.947523,344
493528,723432,119,0.947991,344
496096,723432,119,0.947340,344
496376,723432,119,0.947257,344
496080,723432,120,0.947332,344
499960,723432,119,0.946336,344
496040,723432,120,0.947342,344
497544,723432,120,0.946948,344
494080,723432,121,0.947819,344
496680,723432,121,0.947156,344
492784,723432,121,0.948138,344
491040,723432,121,0.948572,344
491856,723432,121,0.948364,344
492912,723432,121,0.948095,344
488832,723432,121,0.949086,344
491568,723432,121,0.948422,344
491272,723432,120,0.948516,344
488608,723432,121,0.949150,344
487912,723432,120,0.949335,344
491752,723432,120,0.948412,344
490816,723432,120,0.948649,344
491488,723432,120,0.948476,344
488288,723432,120,0.949248,344
484824,723432,120,0.950056,344
486064,723432,120,0.949763,344
488376,723432,120,0.949216,344
486768,723432,120,0.949601,344
484920,723432,119,0.950045,344
488864,723432,119,0.949124,344
492824,723432,119,0.948163,344
494904,723432,119,0.947639,344
494256,723432,120,0.947800,344
496528,723432,120,0.947219,344
495600,723432,121,0.947453,344
495912,723432,121,0.947362,344
496608,723432,121,0.947174,344
494768,723432,120,0.947661,344
493912,723432,119,0.947897,344
495016,723432,119,0.947611,344
490968,723432,120,0.948601,344
495016,723432,120,0.947599,344
494400,723432,120,0.947764,344
495616,723432,120,0.947449,344
495432,723432,120,0.947507,344
499136,723432,120,0.946551,344
499840,723432,120,0.946355,344
496912,723432,121,0.947116,320
494320,723432,121,0.947778,320
491928,723432,122,0.948364,320
491256,723432,122,0.948538,320
493136,723432,122,0.948070,320
497032,723432,122,0.947085,320
496056,723432,122,0.947344,320
493600,723432,122,0.947967,320
492024,723432,122,0.948364,320
491400,723432,122,0.948526,320
488896,723432,123,0.949131,280
489680,723432,123,0.948935,280
491456,723432,123,0.948499,280
494416,723432,123,0.947764,280
495872,723432,123,0.947389,280
495408,723432,123,0.947517,280
491992,723432,123,0.948370,280
489432,723432,123,0.948994,280
488008,723432,122,0.949350,280
488520,723432,122,0.949219,280
491120,723432,122,0.948591,280
493864,723432,122,0.947912,280
490912,723432,123,0.948630,280
492536,723432,123,0.948226,280
494496,723432,123,0.947732,280
495208,723432,123,0.947543,280
496592,723432,123,0.947183,280
496392,723432,124,0.947233,280
495696,723432,124,0.947421,280
498568,723432,124,0.960822,280
500536,723432,124,0.960435,280
503280,723432,124,0.959887,280
501112,723432,124,0.960323,280
501208,723432,124,0.960295,280
499504,723432,125,0.960625,280
500104,723432,125,0.960500,280
496624,723432,125,0.961169,280
499216,723432,125,0.960671,280
497704,723432,124,0.960976,280
499360,723432,124,0.960652,280
495872,723432,124,0.961318,280
498400,723432,124,0.960835,280
496024,723432,125,0.961281,280
493264,723432,126,0.961786,280
490064,723432,126,0.962363,280
487800,723432,125,0.962772,280
491256,723432,125,0.962162,280
493120,723432,125,0.961820,280
491680,723432,125,0.962087,280
492376,723432,125,0.961954,280
495656,723432,125,0.961349,280
495544,723432,124,0.961387,280
496872,723432,124,0.961132,280
497960,723432,124,0.960918,280
495800,723432,124,0.961331,280
499280,723432,123,0.960668,328
497656,723432,122,0.960994,328
496656,723432,122,0.961190,328
494864,723432,122,0.961530,328
495432,723432,122,0.961417,328
498248,723432,122,0.960882,328
495720,723432,123,0.961355,328
495024,723432,123,0.961492,328
495168,723432,123,0.961456,328
493704,723432,123,0.961732,328
493096,723432,123,0.961850,328
496928,723432,123,0.961139,328
496416,723432,123,0.961244,328
496816,723432,123,0.961160,328
499168,723432,123,0.960707,328
495448,723432,122,0.961423,328
495736,723432,122,0.961361,328
498112,723432,122,0.960908,328
497072,723432,123,0.961103,328
496896,723432,124,0.961136,328
495520,723432,123,0.961409,328
493232,723432,122,0.961843,328
497192,723432,122,0.961108,328
494448,723432,122,0.961623,328
493208,723432,121,0.961865,328
495264,723432,121,0.961483,328
499040,723432,121,0.960768,328
501256,723432,121,0.960333,328
504784,723432,121,0.959625,328
503128,723432,121,0.959965,328
504024,723432,121,0.959777,328
502464,723432,121,0.960096,328
506248,723432,121,0.959327,328
508512,723432,121,0.958849,328
504552,723432,121,0.959671,328
506608,723432,121,0.959244,328
505048,723432,121,0.959571,328
502136,723432,121,0.960161,328
503528,723432,121,0.959876,328
506872,723432,121,0.959189,328
508944,723432,121,0.958748,328
507488,723432,122,0.959052,328
507688,723432,122,0.959001,328
505912,723432,123,0.959367,328
508160,723432,123,0.958892,328
507312,723432,124,0.959069,328
506800,723432,124,0.959184,328
505488,723432,124,0.959463,328
508264,723432,124,0.958881,328
511192,723432,124,0.965435,328
511864,723432,124,0.965306,328
509984,723432,124,0.965649,328
512968,723432,124,0.965106,328
509824,723432,124,0.965685,280
510824,723432,124,0.965500,280
507656,723432,124,0.966063,280
504536,723432,125,0.966591,280
506368,723432,125,0.966274,280
509576,723432,124,0.965719,288
509208,723432,124,0.965792,288
510912,723432,124,0.965483,288
510648,723432,124,0.965539,288
508816,723432,124,0.965869,288
511152,723432,124,0.965449,288
515040,723432,124,0.965070,288
513152,723432,125,0.965414,288
510376,723432,125,0.965916,288
510528,723432,125,0.965881,288
509928,723432,126,0.965986,288
509328,723432,126,0.966098,288
513184,723432,126,0.965408,288
516016,723432,126,0.964880,288
517568,723432,126,0.964580,288
514120,723432,125,0.955929,288
516624,723432,125,0.955332,288
512840,723432,124,0.956234,288
510872,723432,124,0.956688,288
513944,723432,124,0.955981,288
517096,723432,124,0.960598,288
516584,723432,124,0.960715,288
518144,723432,124,0.960377,288
515432,723432,125,0.960944,288
513792,723432,125,0.961289,288
514424,723432,125,0.961151,288
517448,723432,125,0.960514,288
513672,723432,125,0.961304,288
517704,723432,125,0.960460,288
515960,723432,125,0.960835,288
512120,723432,124,0.961634,288
515464,723432,124,0.960947,288
514272,723432,124,0.961201,288
513176,723432,124,0.961433,288
514272,723432,124,0.961201,288
516600,723432,123,0.960720,296
518832,723432,123,0.960239,296
514864,723432,122,0.961089,296
517136,723432,122,0.964994,296
513792,723432,122,0.965615,296
512760,723432,122,0.965808,296
512832,723432,122,0.965787,296
516648,723432,122,0.965085,296
514240,723432,122,0.965535,296
517392,723432,122,0.964947,296
514800,723432,122,0.965433,296
518080,723432,122,0.964818,296
514192,723432,122,0.964914,296
516128,723432,122,0.964546,296
512128,723432,122,0.950900,296
510776,723432,122,0.951254,296
510600,723432,122,0.951310,296
507648,723432,122,0.952049,296
510240,723432,122,0.951400,296
511632,723432,122,0.951038,296
511864,723432,122,0.950967,296
514264,723432,122,0.950338,296
513784,723432,122,0.950475,296
516648,723432,122,0.949709,296
515256,723432,122,0.950091,296
518656,723432,122,0.949167,296
517104,723432,122,0.949600,296
517160,723432,122,0.949572,296
513480,723432,123,0.950541,296
514264,723432,123,0.950325,296
510232,723432,123,0.951366,296
511288,723432,123,0.951089,296
507472,723432,123,0.952045,296
507072,723432,122,0.952165,296
505648,723432,122,0.952518,296
503456,723432,123,0.953035,296
503712,723432,123,0.952964,296
503456,723432,123,0.953035,296
503968,723432,123,0.952904,296
501632,723432,124,0.953444,296
501672,723432,124,0.953857,296
499992,723432,123,0.954257,296
499944,723432,123,0.954278,296
497200,723432,124,0.954881,296
494576,723432,125,0.955443,296
491624,723432,126,0.956059,296
494464,723432,126,0.955457,296
492400,723432,127,0.955889,296
492864,723432,127,0.955783,296
496072,723432,127,0.955094,296
493824,723432,127,0.955582,296
490296,723432,126,0.956331,296
493552,723432,126,0.955649,296
494944,723432,126,0.955345,296
495936,723432,126,0.955123,296
497824,723432,125,0.954714,296
498968,723432,124,0.954461,304
500264,723432,124,0.954162,304
501912,723432,124,0.953779,304
502456,723432,124,0.953644,304
500904,723432,124,0.954007,304
504496,723432,124,0.953172,304
503384,723432,124,0.953452,256
507144,723432,124,0.952556,256
504872,723432,124,0.953106,256
505200,723432,124,0.953018,256
502600,723432,125,0.953622,256
505560,723432,125,0.952922,256
504448,723432,125,0.953198,240
502272,723432,124,0.953722,240
503608,723432,124,0.953404,240
502280,723432,124,0.953721,240
498232,723432,125,0.954626,240
501440,723432,125,0.953901,240
499368,723432,126,0.954365,240
502528,723432,126,0.953642,240
499960,723432,125,0.954244,240
499432,723432,125,0.954372,240
497728,723432,125,0.954758,240
494992,723432,124,0.955367,240
496680,723432,124,0.954995,240
494992,723432,124,0.955367,240
495184,723432,124,0.955316,240
497984,723432,124,0.954702,240
494128,723432,124,0.955540,240
490960,723432,124,0.956207,240
489864,723432,123,0.956449,240
492816,723432,123,0.955834,240
493168,723432,123,0.955751,240
490576,723432,123,0.956295,240
486496,723432,123,0.940938,192
483488,723432,123,0.941751,192
485440,723432,123,0.941221,192
488712,723432,122,0.940329,208
492336,723432,122,0.939301,208
488392,723432,123,0.940404,208
485144,723432,122,0.941309,208
488336,723432,122,0.940433,208
488464,723432,122,0.940384,208
486232,723432,121,0.941018,208
487280,723432,121,0.940721,208
489296,723432,121,0.940155,208
490392,723432,121,0.939836,208
492400,723432,120,0.939264,224
493544,723432,120,0.938922,224
496728,723432,120,0.937975,224
495272,723432,121,0.938405,224
495568,723432,121,0.938304,224
493720,723432,121,0.938857,224
496184,723432,121,0.938122,224
495128,723432,121,0.938447,224
494584,723432,121,0.938620,224
498392,723432,121,0.937476,224
500032,723432,121,0.936961,224
497664,723432,121,0.937695,224
498192,723432,121,0.937522,224
494232,723432,120,0.938723,224
496784,723432,120,0.950436,224
494832,723432,120,0.950907,224
492048,723432,120,0.951559,224
494648,723432,120,0.950950,224
496376,723432,120,0.950533,224
496152,723432,120,0.950608,176
498576,723432,120,0.950017,176
495784,723432,120,0.950695,176
498240,723432,120,0.950099,176
496992,723432,120,0.950409,176
500648,723432,120,0.949511,176
497440,723432,120,0.950302,176
493848,723432,120,0.951158,176
497272,723432,120,0.950342,176
499816,723432,120,0.949716,176
498760,723432,120,0.949985,176
502168,723432,120,0.949133,176
501536,723432,121,0.949291,176
498560,723432,121,0.950033,176
498592,723432,121,0.950014,176
494600,723432,122,0.950961,176
494208,723432,121,0.951074,176
497464,723432,121,0.950296,176
496072,723432,122,0.950627,176
499504,723432,122,0.949792,176
499160,723432,123,0.949876,176
496632,723432,123,0.950495,176
497520,723432,123,0.950272,176
498488,723432,123,0.950027,176
502208,723432,123,0.949099,176
499992,723432,122,0.941993,176
496016,723432,122,0.943108,176
498088,723432,122,0.942526,176
500104,723432,122,0.941948,176
497080,723432,122,0.942804,176
498336,723432,121,0.942455,184
496520,723432,120,0.942982,184
495640,723432,120,0.943234,184
494664,723432,121,0.943497,184
497920,723432,121,0.942597,184
496184,723432,122,0.943074,184
494104,723432,123,0.943634,184
490952,723432,124,0.944463,184
491456,723432,124,0.944320,184
494000,723432,124,0.951098,184
496888,723432,124,0.950409,184
494600,723432,123,0.950970,184
491368,723432,122,0.951733,184
495400,723432,122,0.950795,184
493424,723432,123,0.951254,184
490232,723432,123,0.951988,184
491920,723432,123,0.951597,184
493208,723432,123,0.951292,184
491704,723432,122,0.951657,184
491424,723432,122,0.951731,184
490136,723432,122,0.952031,184
492968,723432,122,0.951380,184
492616,723432,121,0.951483,184
493936,723432,121,0.951169,184
494608,723432,121,0.951002,184
493392,723432,121,0.951294,184
496272,723432,121,0.950612,184
497264,723432,121,0.950365,184
496672,723432,121,0.950517,184
498416,723432,121,0.950089,184
497424,723432,121,0.950339,184
498800,723432,121,0.949996,184
494888,723432,121,0.950937,184
498480,723432,121,0.950073,184
501552,723432,121,0.949309,184
502048,723432,121,0.949173,184
505088,723432,121,0.948389,184
504968,723432,120,0.948445,184
504824,723432,120,0.948494,184
504920,723432,120,0.948457,184
503176,723432,120,0.948914,184
501080,723432,119,0.949462,184
503984,723432,119,0.948721,184
503024,723432,119,0.948976,184
501648,723432,119,0.949333,184
502096,723432,119,0.949209,184
503400,723432,119,0.948869,184
500856,723432,119,0.949517,184
503096,723432,119,0.948946,184
503872,723432,119,0.948737,184
507848,723432,119,0.947976,184
509064,723432,119,0.947641,184
506192,723432,119,0.948409,184
507728,723432,119,0.947995,184
505128,723432,119,0.948683,184
507528,723432,119,0.948048,184
506744,723432,119,0.948265,184
504192,723432,119,0.948934,184
504480,723432,119,0.948849,184
507336,723432,119,0.952949,184
506824,723432,119,0.953082,184
510456,723432,119,0.952195,184
509296,723432,119,0.952490,184
507432,723432,119,0.952949,184
509616,723432,119,0.952412,184
510504,723432,119,0.952183,184
509832,723432,119,0.952360,184
512488,723432,119,0.951691,184
509608,723432,119,0.952414,184
508392,723432,118,0.952731,184
511816,723432,118,0.951883,184
509488,723432,119,0.952457,176
507920,723432,118,0.952857,176
509512,723432,118,0.952463,176
510872,723432,118,0.952118,176
511856,723432,117,0.951871,192
509840,723432,117,0.952379,192
511176,723432,117,0.952040,192
509536,723432,117,0.952453,192
508000,723432,117,0.952834,192
510904,723432,117,0.952118,192
512496,723432,117,0.951711,192
512304,723432,117,0.951771,192
510848,723432,117,0.952144,192
512904,723432,117,0.951621,192
513376,723432,117,0.951490,192
511688,723432,117,0.951925,192
512272,723432,117,0.955041,192
511456,723432,117,0.955241,192
514008,723432,116,0.954633,240
513016,723432,116,0.954878,240
516392,723432,116,0.954060,240
515144,723432,116,0.954373,240
513088,723432,117,0.954861,240
516744,723432,117,0.953975,240
518952,723432,117,0.953417,240
515248,723432,116,0.954348,240
517424,723432,116,0.953808,240
514048,723432,116,0.954635,240
511696,723432,116,0.955197,240
509272,723432,115,0.955772,240
508248,723432,115,0.956012,240
504656,723432,116,0.956799,240
500680,723432,116,0.949606,240
499464,723432,116,0.949915,240
500096,723432,116,0.949749,240
497544,723432,116,0.937884,240
501488,723432,116,0.936670,240
504360,723432,116,0.935751,240
507304,723432,116,0.934781,240
509792,723432,116,0.946895,240
506040,723432,116,0.947907,240
506664,723432,116,0.947731,240
506704,723432,116,0.947707,240
502808,723432,115,0.948737,240
503704,723432,115,0.948497,240
506544,723432,115,0.947749,240
510640,723432,115,0.946638,240
510328,723432,116,0.946723,240
511584,723432,116,0.946364,240
507744,723432,116,0.927747,240
504304,723432,116,0.929000,240
506888,723432,116,0.928059,240
510464,723432,115,0.926733,256
507624,723432,115,0.927803,256
510288,723432,115,0.926799,256
508744,723432,115,0.927410,208
512488,723432,115,0.925983,208
511952,723432,115,0.926206,208
509552,723432,115,0.927128,208
508192,723432,115,0.927648,208
510248,723432,115,0.926868,208
510528,723432,115,0.926745,208
514328,723432,115,0.925270,208
511368,723432,116,0.926410,208
514184,723432,116,0.925308,208
511368,723432,116,0.926410,208
513352,723432,116,0.925631,208
512256,723432,117,0.926053,208
514408,723432,117,0.925201,208
512136,723432,116,0.926118,208
508328,723432,116,0.927563,208
506144,723432,116,0.928374,208
507752,723432,116,0.927774,208
506968,723432,116,0.928076,208
508080,723432,116,0.927654,208
505840,723432,116,0.928483,208
508048,723432,116,0.927665,208
506464,723432,116,0.928259,208
508400,723432,116,0.927536,208
506248,723432,116,0.928336,208
510016,723432,116,0.926937,208
509800,723432,115,0.927054,208
512504,723432,115,0.926013,208
513768,723432,115,0.925507,208
511112,723432,115,0.926543,208
511368,723432,115,0.926428,208
515456,723432,115,0.946599,208
514488,723432,115,0.946883,208
515600,723432,115,0.946559,208
512000,723432,115,0.947566,208
510872,723432,116,0.947870,208
511584,723432,116,0.947666,208
508680,723432,116,0.948451,208
511864,723432,116,0.947590,208
513800,723432,116,0.947048,208
510528,723432,117,0.947941,192
510496,723432,117,0.947962,192
514224,723432,117,0.946935,192
515888,723432,117,0.946455,192
515848,723432,118,0.946466,192
513640,723432,117,0.947109,192
513816,723432,117,0.947048,192
512496,723432,117,0.947423,192
513168,723432,117,0.947226,192
510312,723432,117,0.948011,192
511992,723432,117,0.947547,192
515424,723432,117,0.946586,192
511928,723432,117,0.947564,192
514360,723432,117,0.946883,192
510704,723432,117,0.947894,192
507448,723432,117,0.948764,192
510536,723432,117,0.947939,192
506864,723432,118,0.948902,192
507304,723432,118,0.948776,192
511104,723432,118,0.947761,192
508840,723432,118,0.948376,192
512592,723432,118,0.947357,192
510736,723432,119,0.947860,192
513400,723432,119,0.947123,192
510512,723432,119,0.947920,192
508952,723432,119,0.948346,192
509832,723432,119,0.948101,192
510016,723432,118,0.948041,232
508112,723432,118,0.948556,232
509432,723432,118,0.948196,232
509144,723432,119,0.948272,232
512048,723432,119,0.947482,232
509720,723432,118,0.948133,232
513528,723432,118,0.947090,232
509648,723432,118,0.948152,232
512232,723432,118,0.947445,232
508336,723432,118,0.948497,232
511160,723432,118,0.947735,232
509384,723432,118,0.948222,232
512592,723432,118,0.947347,232
508544,723432,117,0.948455,232
509648,723432,117,0.948152,232
508808,723432,116,0.948399,232
512328,723432,116,0.947445,232
511800,723432,116,0.947601,232
509488,723432,117,0.948220,232
512384,723432,117,0.947430,232
514768,723432,117,0.946758,232
512592,723432,117,0.947373,232
514744,723432,117,0.946765,232
514456,723432,118,0.946846,232
514160,723432,117,0.946954,232
516168,723432,117,0.946378,232
516488,723432,117,0.946273,232
513328,723432,118,0.947158,232
513368,723432,118,0.947134,232
513048,723432,118,0.947235,232
512896,723432,118,0.947290,232
511192,723432,118,0.947765,232
509120,723432,117,0.948342,232
511408,723432,117,0.947720,232
510296,723432,118,0.948018,232
