used_memory,heap_memory,free_blocks,external_fragmentation,internal_fragmentation
1936,1984,0,0.000000,0
5632,5728,0,0.000000,0
7168,7312,0,0.000000,0
8664,8856,0,0.000000,0
7168,8856,1,0.000000,0
5232,8856,2,0.435897,0
3696,8856,2,0.385965,0
0,8856,1,0.000000,0
4048,8856,1,0.000000,0
7648,8856,1,0.000000,0
7864,8856,1,0.000000,0
9544,10584,1,0.000000,0
9328,10584,1,0.000000,0
12736,14040,1,0.000000,0
9136,14040,1,0.000000,0
7456,14040,1,0.000000,0
10112,14040,1,0.000000,0
13320,14040,1,0.000000,0
10112,14040,1,0.000000,0
6704,14040,1,0.000000,0
7424,14040,1,0.000000,0
9864,14040,1,0.000000,0
10168,14040,1,0.000000,0
6120,14040,2,0.469602,0
8336,14040,2,0.332340,0
11184,14040,2,0.278317,0
8336,14040,2,0.332340,0
7616,14040,3,0.411301,0
9536,14040,3,0.566990,0
7320,14040,3,0.365915,0
4880,14040,3,0.543733,0
5256,14040,3,0.571023,0
4952,14040,3,0.588182,0
8472,14040,3,0.319572,0
12536,18152,3,0.319572,0
12936,18152,3,0.349498,0
14912,18152,3,0.414493,0
12256,18152,3,0.494876,0
8736,18152,3,0.299380,0
12088,18152,3,0.480114,0
13832,18152,3,0.579167,0
15088,18152,3,0.552050,0
17480,20592,3,0.552050,0
19776,22936,3,0.552050,0
21312,24520,3,0.552050,0
23880,27136,3,0.552050,0
19816,27136,3,0.334537,0
19920,27136,3,0.342365,0
22968,27136,3,0.654118,0
26720,30936,3,0.654118,0
29304,33568,3,0.654118,0
29336,33568,3,0.657831,0
33240,37520,3,0.657831,0
33208,37520,3,0.654118,0
34440,38800,3,0.654118,0
37624,42032,3,0.654118,0
36392,42032,4,0.734024,0
34000,42032,4,0.488688,0
32464,42032,5,0.579926,0
33360,42032,5,0.651357,0
32960,42032,5,0.670611,0
37032,46152,5,0.670611,0
37424,46152,5,0.709072,0
40808,49584,5,0.709072,0
40968,49584,5,0.728832,0
40864,49584,6,0.732558,0
37680,49584,6,0.586667,0
35112,49584,6,0.667263,0
31360,49584,6,0.538104,0
31640,49584,6,0.548555,0
34200,49584,6,0.648739,0
37752,49584,6,0.582022,0
41664,49584,6,0.698810,0
45256,53224,6,0.698810,0
44880,53224,7,0.714769,0
42320,53224,8,0.734880,0
43504,53224,8,0.759734,0
41584,53224,8,0.705928,0
42080,53224,8,0.744923,0
45184,56376,8,0.744923,0
49200,60440,8,0.744923,0
45848,60440,8,0.714976,0
48016,60440,8,0.772299,0
44912,60440,9,0.780419,0
44952,60440,9,0.785308,0
44968,60440,9,0.788902,0
44072,60440,10,0.801613,0
42888,60440,10,0.816783,0
38984,60440,11,0.804956,0
42616,60440,11,0.819295,0
42456,60440,11,0.821567,0
46096,64128,11,0.821567,0
46528,64128,11,0.840637,0
42936,64128,12,0.817257,0
42544,64128,11,0.820492,0
43416,64128,11,0.813150,0
47408,68168,11,0.813150,0
43392,68168,11,0.719340,0
44032,68168,11,0.741239,0
44744,68168,11,0.767033,0
41696,68168,11,0.795958,0
39952,68168,10,0.809979,0
41496,68168,10,0.802097,0
43760,68168,10,0.842952,0
39688,68168,10,0.828690,0
39048,68168,11,0.832658,0
42448,68168,11,0.851472,0
43448,68168,11,0.848893,0
42952,68168,11,0.852365,0
46832,72096,11,0.852365,0
49192,72096,11,0.849568,0
49176,72096,12,0.849681,0
45624,72096,11,0.694257,0
45800,72096,11,0.700550,0
45624,72096,11,0.694257,0
46488,72096,11,0.720613,0
47440,72096,11,0.751911,0
46440,72096,11,0.762712,0
48296,72096,11,0.828221,0
44912,72096,10,0.678415,0
46448,72096,10,0.723072,0
42816,72096,10,0.759804,0
40960,72096,10,0.775229,0
44472,72096,10,0.781049,0
46592,72096,10,0.836789,0
42712,72096,11,0.859568,0
44488,72096,11,0.850631,0
46824,72096,11,0.849780,0
44656,72096,12,0.862422,0
46768,72096,12,0.864407,0
48040,72096,12,0.860682,0
51264,75368,12,0.860682,0
51336,75368,12,0.862094,0
50464,75368,11,0.760291,0
46824,75368,11,0.793258,0
42832,75368,11,0.714286,0
40472,75368,11,0.662578,0
41904,75368,11,0.693431,0
44704,75368,11,0.761681,0
48056,75368,11,0.782895,0
51976,75368,11,0.837908,0
54944,75368,11,0.835274,0
52360,75368,11,0.810423,0
53448,75368,11,0.847566,0
52192,75368,11,0.795804,0
48792,75368,12,0.823853,0
50128,75368,12,0.854502,0
48696,75368,13,0.862903,0
47360,75368,13,0.833486,0
50264,75368,13,0.853650,0
51688,75368,13,0.862868,0
51408,75368,14,0.864610,0
54832,78840,14,0.864610,0
55488,78840,14,0.865017,0
58752,82152,14,0.865017,0
58816,82152,14,0.869582,0
57728,82152,15,0.875941,0
60800,85272,15,0.875941,0
59256,85272,15,0.873494,0
59360,85272,15,0.879084,0
62288,88248,15,0.879084,0
62440,88248,15,0.882473,0
65072,88248,15,0.871982,0
67040,88248,15,0.858294,0
64928,88248,15,0.845451,0
68824,92192,15,0.845451,0
71136,92192,15,0.856775,0
70424,92192,15,0.862382,0
68304,92192,16,0.875929,0
66336,92192,16,0.886549,0
69104,95008,16,0.886549,0
72192,98144,16,0.886549,0
69856,98144,15,0.830357,0
66432,98144,16,0.850109,0
66584,98144,16,0.855930,0
63952,98144,16,0.868038,0
66536,98144,16,0.882964,0
63448,98144,17,0.894138,0
62584,98144,17,0.897041,0
63056,98144,17,0.905670,0
64456,98144,17,0.907185,0
65728,98144,17,0.907635,0
62824,98144,17,0.867558,0
60056,98144,18,0.877830,0
59984,98144,19,0.878076,0
63216,98144,19,0.914778,0
65232,98144,19,0.908995,0
67968,98144,18,0.903356,32
66544,98144,18,0.883242,32
69448,98144,18,0.897891,32
72224,100968,18,0.897891,32
73544,100968,18,0.892258,32
74848,100968,18,0.902764,32
75944,100968,18,0.902798,32
76920,100968,18,0.900376,32
75968,100968,17,0.804729,32
73000,100968,18,0.827641,32
77008,100968,18,0.860264,32
79648,100968,18,0.887883,32
81456,100968,18,0.901773,32
85528,105088,18,0.901773,32
85640,105088,18,0.904209,32
84240,105088,19,0.911686,32
84832,105088,19,0.908881,32
87912,108216,19,0.908881,32
87800,108216,18,0.823583,32
88272,108216,18,0.848799,32
90296,108216,18,0.894313,32
91904,109872,18,0.894313,32
93472,109872,17,0.881824,40
91664,109872,17,0.863086,40
88400,109872,17,0.769996,40
91304,109872,17,0.866255,40
92960,109872,17,0.886193,40
95424,112384,17,0.886193,40
96584,112384,17,0.889241,40
93808,112384,17,0.785308,40
94856,112384,17,0.845212,40
97784,115360,17,0.845212,40
94856,115360,18,0.830712,40
92880,115360,18,0.827743,40
91224,115360,18,0.841705,40
94352,115360,18,0.835948,40
93920,115360,17,0.840662,40
94800,115360,17,0.872536,40
98384,118992,17,0.872536,40
101576,122232,17,0.872536,40
105032,125736,17,0.872536,40
101840,125736,18,0.845349,40
100232,125736,19,0.856526,40
97496,125736,20,0.872402,8
96616,125736,20,0.876966,8
96552,125736,20,0.877495,8
93200,125736,21,0.886017,8
95424,125736,21,0.882370,8
92960,125736,20,0.761045,8
93848,125736,20,0.785814,8
95952,125736,20,0.849369,8
91880,125736,20,0.793543,8
94568,125736,20,0.856816,8
97368,125736,20,0.856507,8
94288,125736,20,0.761743,8
96840,125736,20,0.838891,8
95568,125736,20,0.846769,8
99048,125736,20,0.863962,8
102952,129688,20,0.863962,8
104688,129688,20,0.872325,8
103368,129688,21,0.879652,8
105240,129688,21,0.886148,8
106120,129688,21,0.896784,8
108592,132208,21,0.896784,8
109840,132208,21,0.896903,8
113008,135424,21,0.896903,8
112120,135424,21,0.901778,8
109432,135424,22,0.880427,8
112816,138856,22,0.880427,8
115024,138856,22,0.903877,8
114432,138856,23,0.906610,8
112864,138856,24,0.913183,0
109632,138856,24,0.866313,0
111480,138856,24,0.918237,0
115560,142984,24,0.918237,0
117760,145232,24,0.918237,0
118264,145232,24,0.932139,0
120232,147248,24,0.932139,0
117432,147248,24,0.840135,0
118536,147248,24,0.878973,0
117488,147248,25,0.883857,0
114688,147248,25,0.860911,0
118776,151384,25,0.860911,0
117528,151384,25,0.866897,0
115264,151384,24,0.851441,0
112624,151384,23,0.862986,0
111968,151384,23,0.865672,0
111088,151384,22,0.869226,0
113768,151384,22,0.880094,0
117560,151384,22,0.867810,0
117664,151384,22,0.867940,0
120232,151384,22,0.860046,0
123928,151384,22,0.873320,0
125528,151384,22,0.905415,0
123424,151384,22,0.847976,0
123864,151384,22,0.865346,0
126168,151384,22,0.902385,0
122472,151384,22,0.847081,0
122368,151384,21,0.806736,0
124352,151384,21,0.876839,0
124200,151384,22,0.877634,0
126848,151384,22,0.899424,0
128328,151384,22,0.892295,0
129648,151384,22,0.912171,0
133256,155040,22,0.912171,0
134944,156776,22,0.912171,0
135104,156776,22,0.920613,0
138936,160656,22,0.920613,0
142584,164352,22,0.920613,0
142480,164352,21,0.902765,0
143952,164352,21,0.914230,0
141728,164352,21,0.805223,0
143328,164352,21,0.883099,0
141728,164352,22,0.893133,0
145416,168088,22,0.893133,0
143392,168088,22,0.849363,0
144968,168088,22,0.895641,0
148592,171760,22,0.895641,0
145688,171760,22,0.845735,0
142000,171760,23,0.856654,0
143472,171760,23,0.859551,0
144080,171760,23,0.883492,0
145808,171760,23,0.900441,0
142880,171760,24,0.881477,0
141400,171760,24,0.888381,0
142944,171760,24,0.912013,0
139816,171760,24,0.810469,0
135896,171760,24,0.832117,0
138424,171760,24,0.819502,0
141568,171760,24,0.893911,0
141792,171760,24,0.903356,0
143032,171760,24,0.911351,0
143280,171760,24,0.913907,0
143872,171760,24,0.915306,0
144984,171760,24,0.916279,0
141376,171760,25,0.861060,0
141152,171760,26,0.862248,0
142600,171760,26,0.914480,0
143504,171760,26,0.921159,0
144976,171760,26,0.928006,0
143432,171760,26,0.877057,0
140264,171760,27,0.882597,0
137040,171760,27,0.879693,0
139480,171760,27,0.885912,0
138504,171760,28,0.889786,0
138936,171760,28,0.896405,0
140808,171760,28,0.897965,0
139904,171760,28,0.901524,0
140384,171760,28,0.919307,0
136376,171760,28,0.858552,0
132472,171760,29,0.874453,0
130488,171760,30,0.881238,0
131288,171760,30,0.891144,0
131992,171760,30,0.899977,0
132832,171760,30,0.907901,0
131736,171760,29,0.911001,0
135760,175832,29,0.911001,0
139640,179760,29,0.911001,0
141096,179760,29,0.908469,0
142216,179760,29,0.919863,0
143888,179760,29,0.930376,0
145464,179760,29,0.928163,0
144352,179760,29,0.930890,0
144416,179760,29,0.934314,0
146184,179760,29,0.930427,0
148888,182512,29,0.930427,0
152216,185888,29,0.930427,0
155208,188928,29,0.930427,0
158416,192184,29,0.930427,0
161880,195696,29,0.930427,0
161632,195696,30,0.931025,0
165648,199760,30,0.931025,0
168736,202896,30,0.931025,0
167200,202896,30,0.916229,0
164112,202896,31,0.907964,0
166096,202896,31,0.919036,0
165504,202896,31,0.920647,0
169504,206944,31,0.920647,0
168344,206944,32,0.923409,0
171376,210024,32,0.923409,0
167464,210024,32,0.874678,0
166144,210024,32,0.843718,0
163112,210024,33,0.855086,0
160408,210024,34,0.863915,0
159928,210024,35,0.865371,0
159456,210024,35,0.866913,0
160128,210024,35,0.880888,0
163680,210024,35,0.926164,0
160096,210024,35,0.914623,0
156008,210024,36,0.916202,0
152360,210024,37,0.922032,0
149152,210024,38,0.926528,0
149296,210024,38,0.929736,0
146984,210024,37,0.925470,0
142968,210024,38,0.930308,0
144280,210024,38,0.933633,0
144608,210024,38,0.935214,0
147040,210024,38,0.933814,0
149408,210024,38,0.933961,0
149344,210024,39,0.934037,0
151768,210024,39,0.931102,0
151968,210024,39,0.935494,0
150232,210024,38,0.914731,0
151888,210024,38,0.935650,0
154488,210024,38,0.935922,0
157640,210024,38,0.935302,0
159024,210024,38,0.935024,0
159872,210024,38,0.934076,0
162368,210024,38,0.935607,0
162592,210024,38,0.938830,0
162792,210024,38,0.941358,0
164352,210024,38,0.942203,0
165616,210024,38,0.946047,0
169448,213904,38,0.946047,0
169744,213904,38,0.946189,0
171488,213904,38,0.945299,0
168920,213904,39,0.934127,0
170504,213904,39,0.946670,0
172288,213904,39,0.944144,0
171680,213904,39,0.934321,0
171736,213904,39,0.937015,0
173720,213904,39,0.941716,0
171280,213904,38,0.853237,0
174392,213904,38,0.933924,0
178232,217792,38,0.933924,0
174768,217792,38,0.904679,0
178328,221400,38,0.904679,0
180512,221400,38,0.936362,0
178640,221400,38,0.920035,0
178792,221400,38,0.925088,0
177688,221400,38,0.926746,0
174128,221400,39,0.913441,0
170288,221400,39,0.834548,0
173528,221400,39,0.900307,0
176888,221400,39,0.928184,0
175200,221400,39,0.931296,0
175376,221400,39,0.931512,0
176808,221400,39,0.934084,0
177656,221400,39,0.941051,0
174200,221400,39,0.904883,0
173352,221400,40,0.906812,0
171768,221400,40,0.910313,0
172688,221400,40,0.931060,0
171840,221400,40,0.932485,0
167960,221400,41,0.917880,0
170552,221400,41,0.934362,0
172552,221400,41,0.939662,0
174184,221400,41,0.938160,0
175296,221400,41,0.944411,0
176808,221400,41,0.948008,0
179992,224632,41,0.948008,0
181496,224632,41,0.947115,0
185368,228552,41,0.947115,0
187432,230664,41,0.947115,0
191328,234608,41,0.947115,0
187816,234608,41,0.886676,0
191096,234608,41,0.947448,0
194344,237904,41,0.947448,0
194168,237904,42,0.947698,0
190088,237904,43,0.900720,0
191776,237904,43,0.940447,0
191984,237904,43,0.946604,0
191760,237904,43,0.946973,0
191560,237904,44,0.947241,0
192728,237904,44,0.949531,0
194480,237904,44,0.947484,0
195712,237904,44,0.950794,0
192640,237904,44,0.884792,0
188744,237904,44,0.877385,0
187272,237904,43,0.881764,0
188432,237904,43,0.896403,0
191472,237904,43,0.899435,0
188568,237904,43,0.906409,0
185424,237904,44,0.912846,0
188096,237904,44,0.917566,0
186248,237904,44,0.919088,0
187216,237904,44,0.919220,0
183736,237904,45,0.925156,0
183032,237904,45,0.926326,0
183752,237904,45,0.926483,0
183832,237904,45,0.928995,0
184920,237904,45,0.931759,0
182720,237904,45,0.934934,0
184440,237904,45,0.932978,0
184984,237904,45,0.934900,0
185576,237904,45,0.938747,0
187760,237904,45,0.939287,0
186088,237904,46,0.941555,0
184824,237904,46,0.943219,0
184352,237904,46,0.943853,0
186664,237904,46,0.942847,0
188736,237904,46,0.944149,0
187304,237904,47,0.945986,0
187624,237904,47,0.948675,0
187800,237904,47,0.953623,0
188952,237904,47,0.952481,0
187648,237904,46,0.954023,0
191336,241640,46,0.954023,0
187336,241640,46,0.891864,0
189152,241640,46,0.928534,0
187336,241640,46,0.891864,0
190776,241640,46,0.954612,0
189032,241640,45,0.935195,0
188592,241640,45,0.935882,0
185944,241640,45,0.935817,0
184312,241640,44,0.938015,0
183152,241640,44,0.939464,0
181696,241640,43,0.909214,0
179392,241640,43,0.913056,0
178960,241640,43,0.913800,0
176464,241640,44,0.917475,0
173312,241640,45,0.921691,0
176552,241640,45,0.937825,0
176768,241640,45,0.942083,0
175656,241640,44,0.926280,0
179536,241640,44,0.939241,0
181336,241640,44,0.941176,0
181136,241640,45,0.941395,0
179632,241640,44,0.887188,0
176960,241640,43,0.885266,0
176904,241640,44,0.885377,0
178968,241640,44,0.888620,0
179024,241640,44,0.890270,0
182224,241640,44,0.913545,0
180648,241640,43,0.916201,0
184072,241640,43,0.937814,0
185584,241640,43,0.936174,0
183896,241640,44,0.938283,0
180904,241640,44,0.885571,0
183096,241640,44,0.923812,0
185792,241640,44,0.939912,0
184872,241640,44,0.930853,0
180976,241640,45,0.927841,0
183608,241640,45,0.932491,0
180496,241640,46,0.936352,0
182552,241640,46,0.940520,0
186000,245136,46,0.940520,0
185408,245136,47,0.941185,0
181616,245136,46,0.924225,0
184000,245136,46,0.942760,0
187240,248424,46,0.942760,0
188712,248424,46,0.944142,0
192336,252096,46,0.944142,0
190320,252096,45,0.895051,0
190264,252096,46,0.895158,0
188296,252096,46,0.898864,0
191240,252096,46,0.946410,0
189464,252096,46,0.917657,0
189912,252096,46,0.925878,0
189704,252096,46,0.926219,0
190704,252096,46,0.944005,0
191608,252096,46,0.945994,0
190808,252096,47,0.946788,0
190648,252096,46,0.947037,0
187288,252096,46,0.928385,0
185104,252096,46,0.931034,0
185120,252096,46,0.932023,0
188984,252096,46,0.948601,0
186792,252096,47,0.950526,0
187248,252096,47,0.950510,0
189512,252096,47,0.949318,0
189968,252096,47,0.949725,0
187440,252096,46,0.941079,0
186984,252096,46,0.941588,0
189032,252096,46,0.948514,0
189408,252096,46,0.950272,0
191352,252096,46,0.954079,0
188408,252096,47,0.948147,0
188256,252096,47,0.948329,0
184872,252096,46,0.883684,0
186256,252096,46,0.905123,0
187160,252096,46,0.919961,0
187544,252096,46,0.926856,0
187528,252096,47,0.926877,0
183840,252096,48,0.931273,0
183000,252096,47,0.932306,0
185200,252096,47,0.938566,0
188080,252096,47,0.940319,0
189800,252096,47,0.946798,0
191576,252096,47,0.953805,0
194512,255080,47,0.953805,0
190648,255080,46,0.927617,0
192184,255080,46,0.953908,0
190384,255080,46,0.955383,0
186360,255080,47,0.934845,0
188024,255080,47,0.957101,0
192016,259120,47,0.957101,0
195936,263088,47,0.957101,0
195792,263088,47,0.956574,0
197056,263088,47,0.956286,0
199664,265744,47,0.956286,0
201520,265744,47,0.956650,0
201952,265744,47,0.958970,0
205040,268880,47,0.958970,0
208936,272824,47,0.958970,0
212968,276904,47,0.958970,0
210672,276904,47,0.920799,0
207392,276904,46,0.901837,0
207016,276904,47,0.902427,0
206568,276904,47,0.903193,0
205480,276904,48,0.904833,0
209032,276904,48,0.923067,0
206968,276904,49,0.925600,0
207072,276904,49,0.927850,0
209360,276904,49,0.958272,0
210536,276904,49,0.960798,0
213192,279608,49,0.960798,0
213432,279608,49,0.962650,0
216648,282872,49,0.962650,0
213448,282872,48,0.910041,0
212944,282872,49,0.910767,0
214024,282872,49,0.927510,0
216472,282872,49,0.962762,0
220536,286984,49,0.962762,0
222816,289312,49,0.962762,0
225600,292144,49,0.962762,0
225272,292144,48,0.963028,0
226368,292144,48,0.962576,0
224984,292144,47,0.921240,0
227624,292144,47,0.961782,0
227936,292144,47,0.962811,0
229744,292144,47,0.962281,0
231448,292144,47,0.961788,0
234904,295648,47,0.961788,0
234592,295648,47,0.959196,0
236904,298008,47,0.959196,0
240424,301576,47,0.959196,0
238216,301576,46,0.923929,0
239024,301576,46,0.938367,0
235032,301576,47,0.932072,0
236064,301576,47,0.941478,0
234552,301576,46,0.935105,0
238272,301576,46,0.939202,0
241904,305256,46,0.939202,0
241752,305256,46,0.939420,0
237856,305256,47,0.934657,0
237560,305256,47,0.935032,0
238864,305256,47,0.942405,0
241240,305256,47,0.948178,0
242296,305256,47,0.953819,0
246184,309192,47,0.953819,0
243872,309192,48,0.955679,0
246584,311952,48,0.955679,0
243128,311952,48,0.904505,0
247128,311952,48,0.955255,0
248896,311952,48,0.960465,0
249632,311952,48,0.961811,0
245712,311952,48,0.900797,0
249648,311952,48,0.961799,0
248480,311952,48,0.942585,0
250680,311952,48,0.961058,0
250504,311952,48,0.961222,0
252104,311952,48,0.960915,0
255672,315568,48,0.960915,0
257400,315568,48,0.959846,0
261080,319296,48,0.959846,0
258368,319296,49,0.948558,0
261688,322664,49,0.948558,0
264744,325768,49,0.948558,0
262144,325768,48,0.903421,0
264640,325768,48,0.946891,0
264784,325768,48,0.948519,0
265696,325768,48,0.949420,0
261864,325768,48,0.894101,0
265464,325768,48,0.949646,0
268816,329168,48,0.949646,0
269344,329168,48,0.956400,0
265792,329168,49,0.935334,0
265648,329168,50,0.935503,0
269376,332944,50,0.935503,0
271328,332944,50,0.957793,0
272496,332944,50,0.960660,0
275856,336352,50,0.960660,0
272176,336352,51,0.933737,0
276208,340432,51,0.933737,0
278048,340432,51,0.961974,0
276992,340432,52,0.962708,0
275720,340432,52,0.963587,0
277696,340432,52,0.963111,0
279616,340432,52,0.961870,0
278464,340432,52,0.952810,0
278528,340432,52,0.954819,0
275648,340432,52,0.934199,0
278304,340432,52,0.955009,0
276744,340432,51,0.927418,0
273528,340432,52,0.931428,0
277336,340432,52,0.940839,0
277648,340432,52,0.947111,0
280632,343464,52,0.947111,0
284240,347120,52,0.947111,0
284960,347120,52,0.954914,0
282680,347120,53,0.956766,0
278648,347120,53,0.919318,0
279152,347120,53,0.927913,0
281768,347120,53,0.957429,0
283632,347120,53,0.958137,0
287712,351248,53,0.958137,0
286616,351248,53,0.958999,0
283960,351248,53,0.936754,0
287296,351248,53,0.958491,0
286912,351248,54,0.958779,0
285600,351248,54,0.947064,0
289616,355312,54,0.947064,0
290400,355312,54,0.959169,0
290632,355312,54,0.960547,0
288912,355312,54,0.939157,0
291976,355312,54,0.959569,0
288456,355312,54,0.907656,0
289488,355312,54,0.924944,0
286904,355312,54,0.928273,0
287512,355312,54,0.938650,0
291440,359288,54,0.938650,0
288000,359288,55,0.942048,0
291080,359288,55,0.941687,0
293176,359288,55,0.946243,0
290112,359288,55,0.941828,0
290456,359288,55,0.948026,0
288192,359288,56,0.949929,0
289824,359288,56,0.949195,0
286016,359288,56,0.937633,0
285208,359288,57,0.938410,0
287104,359288,57,0.951393,0
285472,359288,57,0.952039,0
287824,359288,57,0.950830,0
287088,359288,57,0.951443,0
283456,359288,57,0.937673,0
286384,359288,57,0.951980,0
283032,359288,58,0.949964,0
286512,362816,58,0.949964,0
288992,362816,58,0.952594,0
285664,362816,57,0.887108,0
287736,362816,57,0.915704,0
290456,362816,57,0.951492,0
288144,362816,57,0.929253,0
290104,362816,57,0.951762,0
287448,362816,57,0.934964,0
283728,362816,57,0.925985,0
282552,362816,56,0.927310,0
284784,362816,56,0.937573,0
285856,362816,56,0.939258,0
286368,362816,56,0.947092,0
288696,362816,56,0.950957,0
286056,362816,56,0.940932,0
286712,362816,56,0.950857,0
289776,362816,56,0.950088,0
286224,362816,56,0.945621,0
289008,362816,56,0.950683,0
286960,362816,55,0.908752,0
287552,362816,55,0.917577,0
291112,362816,55,0.949018,0
294728,366480,55,0.949018,0
297456,366480,55,0.948656,0
298712,366480,55,0.950392,0
295992,366480,55,0.909091,0
299560,366480,55,0.949658,0
297488,366480,56,0.951413,0
298520,366480,56,0.962714,0
295736,366480,56,0.921035,0
298272,366480,56,0.961643,0
294792,366480,57,0.943951,0
295408,366480,57,0.954155,0
292224,366480,57,0.939619,0
294584,366480,57,0.954762,0
297824,369768,57,0.954762,0
300224,369768,57,0.962408,0
302864,372456,57,0.962408,0
300920,372456,57,0.955075,0
300408,372456,58,0.955444,0
303632,375728,58,0.955444,0
301712,375728,58,0.956809,0
299080,375728,57,0.936478,0
295152,375728,58,0.939995,0
296592,375728,58,0.943433,0
299624,375728,58,0.958168,0
301776,375728,58,0.956858,0
303992,375728,58,0.963681,0
305256,375728,58,0.964083,0
306032,375728,58,0.963722,0
306600,375728,58,0.964696,0
310456,379632,58,0.964696,0
313440,382664,58,0.964696,0
314752,382664,58,0.964142,0
311328,382664,58,0.925558,0
307704,382664,59,0.929716,0
304672,382664,59,0.932902,0
305456,382664,59,0.941485,0
307688,382664,59,0.942512,0
304752,382664,59,0.902583,0
300672,382664,60,0.908110,0
302640,382664,60,0.934302,0
304744,382664,60,0.939773,0
305744,382664,60,0.944105,0
307256,382664,60,0.953451,0
310392,385848,60,0.953451,0
308552,385848,60,0.945094,0
308728,385848,60,0.948263,0
304664,385848,60,0.931746,0
307288,385848,60,0.949355,0
308912,385848,60,0.954453,0
311960,388944,60,0.954453,0
314872,388944,60,0.961640,0
311248,388944,60,0.940190,0
307232,388944,60,0.942027,0
311232,388944,60,0.940204,0
313440,388944,60,0.962485,0
316888,392440,60,0.962485,0
318504,392440,60,0.965791,0
317888,392440,60,0.963898,0
318920,392440,60,0.965565,0
321048,392440,59,0.964337,40
317968,392440,60,0.951779,40
320616,392440,60,0.964561,40
322992,394864,60,0.964561,40
326360,398280,60,0.964561,40
323120,398280,60,0.933110,40
323608,398280,60,0.940934,40
321552,398280,60,0.942816,40
320520,398280,60,0.943736,40
317536,398280,61,0.946131,40
315936,398280,61,0.947368,40
312576,398280,62,0.949723,40
315200,398280,62,0.952176,40
318960,402088,62,0.952176,40
321128,402088,62,0.952148,40
317528,402088,62,0.948337,40
313960,402088,62,0.930718,40
310400,402088,62,0.933011,40
310560,402088,62,0.933630,40
310816,402088,62,0.935167,40
309576,402088,62,0.920453,40
307616,402088,63,0.922313,40
311384,402088,63,0.936706,40
315312,402088,63,0.949811,40
313360,402088,63,0.951097,40
316472,402088,63,0.955123,40
319560,402088,63,0.958403,40
322128,402088,63,0.960995,40
318272,402088,64,0.947161,40
318888,402088,64,0.955858,40
320040,402088,64,0.962088,40
318144,402088,64,0.945028,40
317488,402088,65,0.945518,40
318584,402088,65,0.960423,40
315856,402088,65,0.957847,40
313704,402088,65,0.959043,40
313728,402088,65,0.959934,40
315104,402088,65,0.962234,40
312672,402088,64,0.933211,40
316560,402088,64,0.961522,40
315776,402088,65,0.961922,40
312168,402088,65,0.949115,40
314088,402088,65,0.962755,40
315568,402088,65,0.963273,40
316552,402088,65,0.963837,40
317080,402088,65,0.966043,40
321008,406064,65,0.966043,40
319744,406064,65,0.966635,40
323488,409856,65,0.966635,40
322504,409856,65,0.963627,40
323568,409856,65,0.966599,40
324176,409856,65,0.968988,40
322448,409856,65,0.969710,40
319384,409856,65,0.952568,40
316136,409856,65,0.954071,40
316176,409856,65,0.954409,40
313088,409856,65,0.956076,40
311936,409856,65,0.956682,40
310632,409856,66,0.957321,40
311888,409856,66,0.957325,40
311296,409856,66,0.957637,40
312056,409856,66,0.961297,40
311600,409856,66,0.961521,40
311864,409856,66,0.963314,40
308624,409856,67,0.964099,40
309472,409856,67,0.964276,40
310496,409856,67,0.965473,40
310432,409856,68,0.965499,40
311552,409856,68,0.966688,40
314064,409856,68,0.968989,40
312808,409856,68,0.964432,40
316768,413864,68,0.964432,40
315688,413864,69,0.964874,40
314216,413864,69,0.965477,40
311848,413864,69,0.951526,40
308608,413864,69,0.948718,40
306424,413864,69,0.949905,40
308640,413864,69,0.953202,40
306072,413864,70,0.954444,40
302192,413864,69,0.919632,40
305368,413864,69,0.950037,40
304248,413864,69,0.950628,40
301264,413864,69,0.949347,40
298784,413864,69,0.950576,40
301824,413864,69,0.951835,40
305848,413864,69,0.954594,40
307672,413864,69,0.963869,40
307184,413864,70,0.964053,40
303616,413864,69,0.930193,40
302592,413864,70,0.930905,40
306680,413864,70,0.964259,40
304464,413864,70,0.950950,40
301240,413864,71,0.952505,40
301600,413864,71,0.956340,40
304336,413864,71,0.965092,40
306656,413864,71,0.965147,40
310720,417976,71,0.965147,40
313832,417976,71,0.965339,40
311448,417976,72,0.966205,40
308808,417976,71,0.915383,40
309080,417976,71,0.918377,40
310600,417976,71,0.933339,40
310944,417976,71,0.937156,40
313888,417976,71,0.967092,40
317408,421544,71,0.967092,40
320736,424920,71,0.967092,40
320696,424920,71,0.967123,40
321112,424920,71,0.967217,40
323280,424920,71,0.968983,40
321408,424920,71,0.964335,40
321192,424920,70,0.964456,40
324384,424920,70,0.968632,40
327104,424920,70,0.969663,40
326560,424920,70,0.969870,40
330152,428560,70,0.969870,40
333152,431608,70,0.969870,40
332832,431608,69,0.965807,40
333080,431608,69,0.969085,40
335664,431608,69,0.968975,40
335640,431608,70,0.968983,40
338208,431608,70,0.968286,40
335736,431608,70,0.950772,40
338240,431608,70,0.968274,40
337672,431608,69,0.963687,40
336888,431608,70,0.964029,40
334784,431608,71,0.964914,40
335824,431608,71,0.969200,40
337112,431608,71,0.968801,40
336264,431608,72,0.969116,40
340208,435600,72,0.969116,40
337696,435600,72,0.966423,40
334960,435600,73,0.967453,40
332600,435600,73,0.957395,40
336464,435600,72,0.966898,80
336696,435600,72,0.968713,80
338704,435600,72,0.969271,80
342184,439128,72,0.969271,80
342904,439128,72,0.969370,80
345576,441848,72,0.969370,80
341688,441848,72,0.940741,80
342240,441848,72,0.947158,80
342936,441848,72,0.955238,80
342216,441848,72,0.955628,80
345568,441848,72,0.969356,80
347288,441848,72,0.968895,80
348248,441848,72,0.968609,80
350176,441848,72,0.968233,80
347136,441848,71,0.924983,80
348456,441848,71,0.940490,80
345088,441848,72,0.942849,80
348648,441848,72,0.958604,80
351896,441848,72,0.967514,80
355192,445192,72,0.967514,80
352280,445192,73,0.964039,80
348952,445192,74,0.960524,80
347376,445192,73,0.961292,80
350208,445192,73,0.964956,80
353632,448664,73,0.964956,80
356080,448664,73,0.968536,80
358920,451552,73,0.968536,80
361600,454280,73,0.968536,80
358976,454280,73,0.941877,80
360728,454280,73,0.962687,80
359208,454280,74,0.963370,80
357552,454280,74,0.949939,80
359232,454280,74,0.963359,80
360840,454280,74,0.968910,80
362392,454280,74,0.968487,80
360912,454280,75,0.969061,80
359880,454280,74,0.964043,80
363088,457536,74,0.964043,80
363440,457536,74,0.968750,80
364064,457536,74,0.969082,80
367272,460792,74,0.969082,80
367840,460792,74,0.969441,80
369000,460792,74,0.969984,80
369720,460792,74,0.970199,80
368112,460792,74,0.962148,80
369608,460792,74,0.970242,80
368576,460792,75,0.970627,80
367512,460792,74,0.945751,80
369080,460792,74,0.965013,80
365872,460792,75,0.961140,80
367832,460792,75,0.965534,80
366360,460792,75,0.966173,80
367168,460792,75,0.971136,80
370496,464168,75,0.971136,80
371272,464168,75,0.971238,80
370664,464168,76,0.971454,80
373744,467296,76,0.971454,80
369816,467296,76,0.940401,80
373160,467296,76,0.971658,80
372000,467296,76,0.970236,80
369552,467296,75,0.925277,80
365792,467296,75,0.928469,80
365240,467296,76,0.928909,80
368776,467296,76,0.954938,80
364776,467296,76,0.930162,80
368056,467296,76,0.955312,80
367528,467296,76,0.955606,80
370496,467296,76,0.964827,80
370744,467296,76,0.966797,80
371312,467296,76,0.967989,80
369488,467296,77,0.968674,80
372272,470128,77,0.968674,80
371552,470128,77,0.968953,80
373064,470128,77,0.968948,80
369784,470128,78,0.962636,80
368816,470128,78,0.963063,80
369400,470128,78,0.969966,80
367272,470128,79,0.970687,40
365952,470128,80,0.971109,40
362912,470128,79,0.930458,40
362288,470128,79,0.930948,40
365224,470128,79,0.960986,40
366920,470128,79,0.970816,40
365240,470128,79,0.961585,40
362888,470128,79,0.956654,40
360168,470128,79,0.957883,40
357952,470128,80,0.958817,40
359696,470128,80,0.963776,40
360896,470128,80,0.971077,40
364888,474168,80,0.971077,40
362464,474168,81,0.971783,40
362216,474168,81,0.970420,40
363520,474168,81,0.971480,40
361824,474168,81,0.963891,40
359272,474168,81,0.964807,40
362864,474168,80,0.964089,56
362784,474168,79,0.961731,56
365616,474168,79,0.970896,56
369496,478096,79,0.970896,56
371384,478096,79,0.972166,56
375432,482192,79,0.972166,56
375488,482192,79,0.972815,56
376024,482192,79,0.973072,56
376896,482192,79,0.973409,56
372904,482192,80,0.958699,56
374984,482192,80,0.973934,56
371896,482192,80,0.954538,56
370384,482192,79,0.955274,56
373336,482192,79,0.955210,56
377248,482192,79,0.973308,56
374632,482192,80,0.972442,56
377536,485144,80,0.972442,56
373944,485144,80,0.958526,56
370864,485144,81,0.959783,56
369560,485144,82,0.960292,56
367960,485144,82,0.960918,56
368400,485144,82,0.965422,56
372248,489040,82,0.965422,56
375696,489040,82,0.967560,56
376440,489040,82,0.969146,56
378288,489040,82,0.973286,56
379184,489040,82,0.974511,56
378944,489040,83,0.974574,56
381792,491936,83,0.974574,56
383000,491936,83,0.974325,56
381904,491936,83,0.972980,56
378904,491936,83,0.968530,56
381064,491936,83,0.973211,56
384392,495312,83,0.973211,56
384136,495312,84,0.973281,56
388072,499296,84,0.973281,56
386784,499296,83,0.950116,56
389184,499296,83,0.972989,56
391968,502128,83,0.972989,56
395184,505392,83,0.972989,56
398184,508440,83,0.972989,56
397768,508440,83,0.973117,56
394320,508440,84,0.965880,56
396096,508440,84,0.973557,56
396704,508440,84,0.974436,56
394032,508440,85,0.973609,56
397128,511584,85,0.973609,56
399960,514464,85,0.973609,56
400904,514464,85,0.974864,56
401840,514464,85,0.975179,56
405232,517904,85,0.975179,56
405744,517904,85,0.975444,56
405808,517904,85,0.976552,56
405048,517904,86,0.976731,56
404984,517904,86,0.975631,56
405368,517904,86,0.976656,56
406960,517904,86,0.976345,56
407504,517904,86,0.977109,56
406032,517904,86,0.976161,56
404144,517904,86,0.972074,56
407728,521536,86,0.972074,56
408576,521536,86,0.976411,56
407376,521536,87,0.976692,56
405624,521536,88,0.977091,56
402512,521536,87,0.945342,56
399584,521536,86,0.946864,56
397296,521536,87,0.947961,56
397472,521536,87,0.949881,56
398952,521536,87,0.957979,56
402712,521536,87,0.961854,56
405352,521536,87,0.977152,56
406600,521536,87,0.977413,56
409528,524512,87,0.977413,56
408808,524512,88,0.977572,56
409624,524512,88,0.978092,56
407248,524512,89,0.977050,56
405584,524512,88,0.964212,56
409424,528400,88,0.964212,56
409936,528400,88,0.969368,56
412976,528400,88,0.976623,56
409392,528400,89,0.965939,56
411232,528400,89,0.977007,56
409752,528400,90,0.977332,56
409240,528400,91,0.977442,56
413256,532464,91,0.977442,56
411488,532464,91,0.969611,56
413384,532464,91,0.977414,56
411184,532464,91,0.975504,56
414456,535784,91,0.975504,56
416120,535784,91,0.977529,56
419344,539056,91,0.977529,56
419720,539056,91,0.978958,56
420312,539056,91,0.979211,56
422760,541552,91,0.979211,56
423528,541552,91,0.979125,56
420256,541552,92,0.969457,56
423544,544888,92,0.969457,56
421312,544888,92,0.970094,56
418528,544888,93,0.970836,56
419080,544888,93,0.975052,56
422592,548448,93,0.975052,56
424512,548448,93,0.975626,56
424928,548448,93,0.978307,56
421000,548448,93,0.957220,56
418600,548448,94,0.958108,56
419368,548448,94,0.964923,56
419312,548448,95,0.964940,56
423048,548448,95,0.978377,56
421736,548448,95,0.972301,56
421192,548448,94,0.968564,56
423032,548448,94,0.971990,56
426160,551624,94,0.971990,56
424568,551624,93,0.958082,56
424336,551624,93,0.958186,56
423520,551624,93,0.958503,56
423856,551624,93,0.961744,56
426360,551624,93,0.971964,56
424696,551624,93,0.972390,56
423144,551624,93,0.972776,56
423520,551624,93,0.976398,56
423856,551624,93,0.976811,56
424712,551624,93,0.977549,56
425776,551624,93,0.978473,56
424528,551624,93,0.978720,56
423856,551624,93,0.978855,56
422896,551624,93,0.979041,56
421128,551624,93,0.979369,56
421360,551624,93,0.979801,56
422808,551624,93,0.979887,56
419584,551624,93,0.953490,56
420312,551624,93,0.959811,56
424240,551624,93,0.979624,56
426000,551624,93,0.979436,56
428384,554056,93,0.979436,56
431280,557000,93,0.979436,56
429536,557000,94,0.979754,56
431816,557000,93,0.980419,64
434296,559528,93,0.980419,64
431912,559528,94,0.978922,64
431384,559528,95,0.979020,64
428984,559528,94,0.959906,64
431344,559528,94,0.979036,64
428304,559528,94,0.972536,64
430632,559528,94,0.979167,64
433232,562176,94,0.979167,64
431072,562176,93,0.958659,64
427552,562176,94,0.959870,64
429856,562176,94,0.970133,64
431416,562176,94,0.978735,64
429920,562176,93,0.967210,64
430712,562176,93,0.974154,64
429264,562176,92,0.966865,64
425728,562176,93,0.967824,64
423720,562176,93,0.968357,64
426624,562176,93,0.970821,64
422608,562176,94,0.967923,64
418840,562176,94,0.966330,64
420512,562176,94,0.968451,64
418208,562176,94,0.962792,64
421496,562176,94,0.968206,64
424352,562176,94,0.971347,64
425800,562176,94,0.975195,64
427240,562176,94,0.977280,64
429048,562176,94,0.977869,64
430216,562176,94,0.979685,64
431600,562176,94,0.980607,64
431952,562176,94,0.981233,64
431056,562176,94,0.977538,64
431128,562176,94,0.978546,64
431552,562176,94,0.981290,64
432248,562176,94,0.981586,64
433728,562176,94,0.981479,64
432984,562176,94,0.981607,64
433416,562176,94,0.981951,64
433536,562176,94,0.982065,64
434944,562176,94,0.981832,64
438224,565504,94,0.981832,64
438656,565504,94,0.981898,64
435408,565504,94,0.954406,64
436312,565504,94,0.962366,64
437368,565504,94,0.971764,64
439792,565504,94,0.981696,64
437728,565504,94,0.974301,64
440416,565504,94,0.981592,64
438344,565504,94,0.967449,64
439328,565504,94,0.976441,64
436904,565504,94,0.971880,64
440320,568968,94,0.971880,64
437680,568968,93,0.952309,64
440848,568968,93,0.971760,64
439592,568968,93,0.972082,64
439488,568968,93,0.972119,64
439976,568968,93,0.976692,64
437136,568968,94,0.975683,64
433048,568968,94,0.949524,64
430360,568968,94,0.950640,64
427224,568968,94,0.951879,64
428712,568968,94,0.963547,64
430664,568968,94,0.964059,64
432720,568968,94,0.976107,64
430552,568968,94,0.975434,64
433352,568968,94,0.975982,64
433672,568968,94,0.976374,64
431832,568968,94,0.970646,64
428880,568968,95,0.971339,64
431480,568968,95,0.975882,64
430632,568968,94,0.956090,64
431312,568968,94,0.961767,64
429800,568968,94,0.962247,64
431504,568968,94,0.966608,64
430824,568968,95,0.966792,64
430216,568968,94,0.963040,64
430392,568968,94,0.964785,64
432272,568968,94,0.966397,64
428536,568968,94,0.967411,64
425640,568968,94,0.968158,64
425784,568968,94,0.968610,64
429672,568968,94,0.968645,64
431136,568968,94,0.968259,64
428600,568968,94,0.967126,64
430560,568968,94,0.968407,64
433064,568968,94,0.975556,64
435760,568968,94,0.975124,64
436680,568968,94,0.975738,64
437184,568968,94,0.977202,64
437312,568968,94,0.977512,64
441344,573048,94,0.977512,64
439616,573048,93,0.975421,64
443456,576936,93,0.975421,64
439528,576936,93,0.961483,64
439568,576936,93,0.962176,64
439792,576936,93,0.964326,64
443328,576936,93,0.975428,64
446968,580624,93,0.975428,64
448112,580624,93,0.977639,64
451712,584272,93,0.977639,64
451488,584272,94,0.977682,64
449528,584272,94,0.973093,64
449712,584272,94,0.974990,64
447208,584272,95,0.975505,64
446296,584272,95,0.975697,64
446576,584272,95,0.978318,64
450264,588008,95,0.978318,64
451192,588008,95,0.978407,64
450856,588008,96,0.978467,64
454760,591960,96,0.978467,64
451432,591960,97,0.973337,64
450432,591960,97,0.973559,64
451688,591960,97,0.976429,64
448448,591960,98,0.974648,64
450416,591960,98,0.976658,64
448952,591960,98,0.969394,64
446360,591960,98,0.966507,64
442720,591960,99,0.967419,64
445568,591960,99,0.970187,64
447624,591960,99,0.971690,64
448096,591960,99,0.975636,64
447936,591960,99,0.975675,64
447760,591960,100,0.975709,64
444160,591960,100,0.948761,64
446112,591960,100,0.963348,64
448320,591960,100,0.977032,64
447808,591960,101,0.977124,64
451392,595592,101,0.977124,64
452008,595592,101,0.979511,64
450968,595592,101,0.976702,64
448168,595592,101,0.976963,64
445960,595592,100,0.967145,64
446248,595592,100,0.969577,64
446872,595592,100,0.974479,64
450544,599312,100,0.974479,64
447448,599312,101,0.975060,64
451096,603008,101,0.975060,64
450032,603008,101,0.975263,64
454016,607040,101,0.975263,64
452640,607040,100,0.975525,64
450936,607040,100,0.975831,64
450512,607040,100,0.975912,64
451592,607040,100,0.977264,64
450424,607040,99,0.971054,64
448704,607040,99,0.971413,64
449040,607040,99,0.974033,64
452216,607040,99,0.975214,64
451160,607040,100,0.975401,64
450160,607040,100,0.975584,64
450920,607040,100,0.977380,64
454520,610688,100,0.977380,64
458360,614576,100,0.977380,64
461760,618024,100,0.977380,64
462888,618024,100,0.977764,64
459920,618024,100,0.961363,64
456632,618024,101,0.962236,64
458648,618024,101,0.976079,64
459920,618024,101,0.976870,64
459488,618024,101,0.976948,64
463472,622056,101,0.976948,64
466936,625568,101,0.976948,64
463320,625568,100,0.956213,64
462416,625568,100,0.956496,64
460880,625568,100,0.956959,64
458232,625568,100,0.957724,64
456616,625568,100,0.958183,64
455232,625568,101,0.958558,64
455936,625568,101,0.963242,64
452992,625568,101,0.961597,64
454272,625568,101,0.963635,64
455920,625568,101,0.969475,64
453136,625568,101,0.970027,64
454480,625568,101,0.974137,64
454688,625568,101,0.974456,64
453248,625568,102,0.974691,64
452328,625568,101,0.965608,64
450840,625568,102,0.965930,64
451328,625568,102,0.969198,64
449816,625568,102,0.969498,64
446488,625568,103,0.970120,64
449600,625568,103,0.975275,64
450656,625568,103,0.976361,64
450584,625568,103,0.976378,64
448136,625568,102,0.959238,64
451856,625568,102,0.976195,64
455672,629432,102,0.976195,64
455392,629432,103,0.976237,64
457552,629432,103,0.976824,64
459440,629432,103,0.978402,64
460600,629432,103,0.978388,64
463848,629432,103,0.977912,64
467536,633168,103,0.977912,64
471128,636808,103,0.977912,64
468624,636808,102,0.964990,64
464864,636808,101,0.965855,64
465080,636808,101,0.967492,64
463232,636808,101,0.967883,64
464976,636808,101,0.970234,64
464544,636808,101,0.970325,64
460640,636808,102,0.971048,64
463720,636808,102,0.974443,64
466952,636808,102,0.974626,64
465176,636808,102,0.969013,64
466992,636808,102,0.974619,64
468088,636808,102,0.978359,64
466224,636808,102,0.978627,64
466280,636808,102,0.978716,64
465928,636808,102,0.976188,64
466536,636808,102,0.978784,64
465776,636808,102,0.977759,64
467128,636808,102,0.978702,64
467872,636808,102,0.979063,64
468536,636808,102,0.979175,64
469712,636808,102,0.979484,64
470976,636808,102,0.979732,64
474280,640160,102,0.979732,64
473016,640160,101,0.970004,64
471920,640160,101,0.970229,64
473152,640160,101,0.974114,64
474840,640160,101,0.978213,64
476552,640160,101,0.979419,64
479416,640160,101,0.979503,64
479040,640160,101,0.979563,64
482544,643712,101,0.979563,64
479920,643712,100,0.960150,64
483816,643712,100,0.979388,64
486480,643712,100,0.979730,64
482832,643712,101,0.974762,64
483984,643712,101,0.980076,64
480152,643712,101,0.969298,64
482848,643712,101,0.980233,64
482664,643712,101,0.980264,64
485312,643712,101,0.980115,64
486248,643712,101,0.979976,64
488976,643712,101,0.981079,64
489464,643712,101,0.981644,64
493168,647464,101,0.981644,64
489568,647464,102,0.974526,64
491576,647464,102,0.981847,64
495440,651376,102,0.981847,64
497696,651376,102,0.981659,64
494280,651376,103,0.975665,64
494704,651376,103,0.978957,64
492200,651376,103,0.975908,64
489416,651376,102,0.967854,64
491720,651376,102,0.975997,64
490792,651376,101,0.976168,64
487208,651376,101,0.960715,64
487736,651376,101,0.964478,64
489056,651376,101,0.973534,64
492040,651376,101,0.975943,64
490600,651376,102,0.976184,64
490176,651376,102,0.976262,64
490640,651376,102,0.976288,64
493912,651376,102,0.977207,64
492104,651376,103,0.977496,64
488400,651376,104,0.974675,64
488648,651376,104,0.976651,64
492432,655208,104,0.976651,64
488840,655208,105,0.975982,64
492032,655208,105,0.976707,64
490064,655208,105,0.977024,64
487416,655208,105,0.977434,64
491032,658872,105,0.977434,64
494768,662656,105,0.977434,64
495088,662656,105,0.978494,64
495776,662656,105,0.978602,64
497528,662656,105,0.979476,64
500056,662656,105,0.979937,64
498904,662656,105,0.975140,64
496696,662656,105,0.968000,64
497560,662656,105,0.973961,64
498024,662656,105,0.975281,64
498776,662656,105,0.977217,64
496696,662656,104,0.962458,64
498048,662656,104,0.971590,64
498728,662656,104,0.976407,64
494888,662656,105,0.974513,64
494680,662656,105,0.974556,64
490816,662656,105,0.971737,64
490952,662656,105,0.972893,64
491032,662656,105,0.973699,64
487608,662656,106,0.974269,64
488000,662656,106,0.975620,64
490648,662656,106,0.976590,64
490232,662656,107,0.976653,64
486696,662656,107,0.976021,64
485792,662656,107,0.976164,64
487360,662656,107,0.977084,64
487792,662656,107,0.978029,64
490120,662656,107,0.977951,64
491456,662656,107,0.978272,64
492688,662656,107,0.979400,64
494688,662656,107,0.980608,64
496608,662656,107,0.980782,64
499992,666088,107,0.980782,64
499656,666088,108,0.980825,64
501400,666088,108,0.980646,64
498552,666088,109,0.981013,64
497832,666088,109,0.981110,64
497328,666088,109,0.981179,64
498488,666088,109,0.981027,64
501808,669456,109,0.981027,64
504568,669456,109,0.983001,64
502864,669456,109,0.978585,64
499560,669456,109,0.975697,64
500000,669456,109,0.978831,64
497336,669456,109,0.979202,64
493400,669456,108,0.950840,64
493256,669456,109,0.950884,64
491440,669456,109,0.951454,64
488912,669456,110,0.952206,64
487680,669456,110,0.952578,64
489392,669456,110,0.962881,64
485704,669456,110,0.963714,64
482872,669456,110,0.964331,64
483336,669456,110,0.965645,64
484336,669456,110,0.967051,64
487872,669456,110,0.970620,64
491960,669456,110,0.970310,64
490208,669456,110,0.970641,64
489152,669456,111,0.970831,64
492120,669456,111,0.970831,64
493928,669456,111,0.979651,64
495288,669456,111,0.979519,64
497720,669456,111,0.979293,64
493760,669456,112,0.974954,64
496608,669456,112,0.979435,64
496800,669456,112,0.980952,64
497840,669456,112,0.981753,64
496096,669456,113,0.981957,64
495560,669456,113,0.982025,64
498600,672544,113,0.982025,64
499560,672544,113,0.983712,64
497560,672544,113,0.980007,64
495584,672544,112,0.980267,64
494456,672544,112,0.980212,64
496848,672544,112,0.980109,64
498792,672544,112,0.982008,64
501104,672544,112,0.983554,64
499184,672544,112,0.983556,64
501640,672544,112,0.983496,64
500016,672544,112,0.977681,64
499488,672544,113,0.977757,64
497680,672544,114,0.978013,64
500384,672544,114,0.983630,64
502704,672544,114,0.983533,64
505712,675600,114,0.983533,64
503792,675600,114,0.981043,64
506576,675600,114,0.983439,64
505504,675600,114,0.978992,64
501768,675600,115,0.976060,64
503336,675600,115,0.979280,64
499744,675600,116,0.977171,48
499120,675600,117,0.977261,48
497344,675600,118,0.977513,48
500752,675600,118,0.979617,48
504128,679024,118,0.979617,48
505272,679024,118,0.983928,48
505624,679024,118,0.983887,48
502416,679024,118,0.974889,48
503848,679024,118,0.984069,48
500800,679024,118,0.966158,48
502160,679024,118,0.974721,48
501672,679024,118,0.974806,48
501824,679024,118,0.976030,48
501080,679024,117,0.968358,48
498760,679024,117,0.968819,48
502088,679024,117,0.976005,48
500088,679024,117,0.976310,48
502392,679024,117,0.979235,48
506208,682888,117,0.979235,48
503560,682888,117,0.976212,48
505464,682888,117,0.979332,48
504112,682888,118,0.979506,48
505912,682888,118,0.984098,48
504736,682888,117,0.979382,48
502040,682888,117,0.972612,48
505088,682888,117,0.979337,48
501200,682888,117,0.975438,48
497480,682888,117,0.964439,48
497560,682888,117,0.965176,48
498912,682888,117,0.973313,48
494976,682888,117,0.964670,48
492880,682888,117,0.965110,48
496952,682888,117,0.973632,48
493440,682888,117,0.974179,48
493896,682888,117,0.976487,48
492416,682888,117,0.976695,48
493608,682888,117,0.976899,48
497304,682888,117,0.976574,48
494624,682888,117,0.970565,48
491928,682888,117,0.971031,48
493392,682888,117,0.977115,48
494832,682888,117,0.978795,48
495624,682888,117,0.979304,48
495184,682888,117,0.979364,48
491776,682888,117,0.979175,48
493088,682888,117,0.979616,48
495088,682888,117,0.980547,48
494768,682888,117,0.980589,48
493768,682888,118,0.980703,48
492976,682888,118,0.979030,48
491528,682888,117,0.968756,48
490080,682888,116,0.969031,48
490504,682888,116,0.971650,48
494040,682888,116,0.974048,48
497472,682888,116,0.978474,48
500056,682888,116,0.979973,48
502248,682888,116,0.981860,48
501760,682888,116,0.981920,48
500720,682888,116,0.982039,48
503448,682888,116,0.981731,48
499608,682888,117,0.976787,48
502984,682888,117,0.981778,48
503128,682888,117,0.982102,48
500296,682888,116,0.956876,48
503960,682888,116,0.978935,48
500584,682888,117,0.979367,48
504136,686488,117,0.979367,48
503744,686488,118,0.979416,48
501440,686488,118,0.977169,48
501120,686488,117,0.977226,48
499200,686488,116,0.972166,48
501664,686488,116,0.977158,48
503256,686488,116,0.979495,48
505944,686488,116,0.979249,48
508448,686488,116,0.981915,48
507672,686488,116,0.982008,48
510256,686488,116,0.982265,48
509384,686488,115,0.982372,48
506064,686488,115,0.974967,48
508224,686488,115,0.982500,48
511472,689784,115,0.982500,48
507528,689784,115,0.966676,48
505776,689784,114,0.967047,48
508248,689784,114,0.978068,48
509640,689784,114,0.981766,48
505824,689784,115,0.977033,48
506184,689784,115,0.979438,48
502864,689784,116,0.979842,48
504512,689784,116,0.980163,48
503048,689784,117,0.980335,48
502688,689784,116,0.978073,48
501328,689784,117,0.978248,48
497936,689784,117,0.969900,48
496136,689784,117,0.968398,48
498728,689784,117,0.969763,48
502656,689784,117,0.980392,48
501792,689784,118,0.980492,48
497944,689784,119,0.977889,48
501536,689784,119,0.980516,48
500832,689784,120,0.980596,48
499872,689784,120,0.980709,48
501400,689784,120,0.982642,48
504776,693208,120,0.982642,48
500936,693208,120,0.968856,48
504856,693208,120,0.982634,48
504048,693208,121,0.982716,48
506728,693208,121,0.982674,48
509080,693208,121,0.983049,48
511240,693208,121,0.982870,48
509184,693208,121,0.979136,48
510360,693208,121,0.982961,48
508392,693208,121,0.975302,48
508200,693208,122,0.975331,48
510016,693208,122,0.982997,48
513104,696344,122,0.982997,48
515104,696344,122,0.982930,48
516944,696344,122,0.982879,48
516176,696344,122,0.982965,48
517152,696344,122,0.983503,48
515224,696344,123,0.983698,48
512496,696344,123,0.968522,48
515576,696344,123,0.983663,48
516080,696344,123,0.983805,48
513624,696344,122,0.972438,48
515072,696344,122,0.981359,48
513232,696344,121,0.965434,48
509360,696344,121,0.966236,48
510824,696344,121,0.974962,48
508920,696344,121,0.975250,48
512600,696344,121,0.975176,48
509872,696344,120,0.957785,48
513160,696344,120,0.976746,48
509072,696344,120,0.971501,48
507928,696344,121,0.971693,48
504424,696344,121,0.969190,48
506536,696344,121,0.971922,48
509032,696344,121,0.977314,48
508952,696344,121,0.977331,48
508912,696344,122,0.977336,48
507656,696344,122,0.977509,48
509176,696344,122,0.977679,48
510920,696344,122,0.980881,48
514432,699904,122,0.980881,48
516248,699904,122,0.981633,48
517256,699904,122,0.982099,48
513960,699904,122,0.970060,48
517016,699904,122,0.982125,48
513424,699904,122,0.977141,48
515376,699904,122,0.982301,48
511688,699904,122,0.967967,48
510096,699904,122,0.968272,48
512656,699904,122,0.977434,48
515224,699904,122,0.982317,48
511936,699904,123,0.980633,48
512520,699904,123,0.982595,48
511824,699904,122,0.976415,48
512328,699904,122,0.979597,48
510608,699904,122,0.976956,48
510704,699904,122,0.977779,48
507776,699904,122,0.977515,48
505464,699904,122,0.977816,48
506024,699904,122,0.978377,48
506824,699904,122,0.980239,48
505304,699904,122,0.978238,48
503840,699904,123,0.978417,48
504048,699904,123,0.979827,48
507792,703696,123,0.979827,48
504344,703696,123,0.979024,48
504192,703696,123,0.979047,48
504136,703696,124,0.979054,48
505176,703696,124,0.980125,48
505040,703696,123,0.980151,48
501360,703696,122,0.969057,48
504928,703696,122,0.980168,48
501928,703696,123,0.980492,48
501424,703696,124,0.980545,48
503296,703696,124,0.981043,48
500432,703696,124,0.980477,48
501224,703696,124,0.981256,48
502280,703696,124,0.981972,48
505288,703696,124,0.983353,48
507256,703696,124,0.983434,48
508624,703696,124,0.983347,48
506864,703696,124,0.981321,48
507096,703696,124,0.982862,48
503184,703696,123,0.968934,48
507016,703696,123,0.982874,48
506512,703696,122,0.977078,48
504528,703696,122,0.973270,48
506576,703696,122,0.977070,48
510368,703696,122,0.982551,48
508696,703696,122,0.980413,48
510568,703696,122,0.982531,48
509176,703696,122,0.979634,48
506320,703696,121,0.975018,48
508800,703696,121,0.979683,48
512360,703696,120,0.982356,80
511184,703696,120,0.978995,80
511208,703696,120,0.979399,80
509640,703696,120,0.978770,80
513256,703696,120,0.979154,80
509872,703696,120,0.979561,80
508536,703696,120,0.979721,80
505936,703696,121,0.980014,80
509288,703696,121,0.980128,80
508352,703696,121,0.980238,80
508960,703696,121,0.981297,80
510256,703696,121,0.982294,80
511432,703696,121,0.982446,80
508424,703696,121,0.981349,80
508808,703696,121,0.982706,80
508200,703696,122,0.982766,80
508800,703696,122,0.983336,80
508072,703696,121,0.983414,80
510904,703696,121,0.983552,80
509336,703696,121,0.983567,80
507336,703696,120,0.978601,80
506400,703696,121,0.978713,80
504520,703696,120,0.974752,80
502192,703696,120,0.975078,80
503544,703696,120,0.979058,80
506136,703696,120,0.980710,80
509936,707544,120,0.980710,80
512192,707544,120,0.982084,80
509000,707544,120,0.969021,80
510592,707544,120,0.977906,80
511888,707544,120,0.982110,80
510656,707544,120,0.982238,80
513576,707544,120,0.983530,80
513088,707544,121,0.983576,80
510592,707544,120,0.964185,80
514136,707544,120,0.983482,80
510944,707544,120,0.965951,80
512184,707544,120,0.972969,80
512808,707544,120,0.976671,80
510504,707544,120,0.973894,80
512120,707544,120,0.976762,80
510168,707544,119,0.977027,80
511744,707544,119,0.977358,80
510760,707544,120,0.977482,80
510664,707544,121,0.977494,80
512176,707544,121,0.983029,80
514064,707544,121,0.983480,80
510784,707544,121,0.966814,80
507728,707544,121,0.967381,80
509256,707544,121,0.972425,80
508576,707544,121,0.972535,80
508224,707544,122,0.972589,80
507760,707544,121,0.972673,80
506072,707544,120,0.972939,80
504800,707544,120,0.973132,80
501568,707544,120,0.973600,80
504888,707544,120,0.976452,80
506880,707544,120,0.976627,80
503712,707544,120,0.977031,80
506344,707544,120,0.977917,80
508632,707544,120,0.979533,80
509808,707544,120,0.980239,80
512584,707544,120,0.980602,80
514864,707544,120,0.983414,80
514112,707544,121,0.983485,80
515816,707544,121,0.983456,80
516616,707544,121,0.983514,80
516016,707544,121,0.982376,80
516224,707544,121,0.983551,80
515888,707544,121,0.983357,80
516088,707544,121,0.983564,80
513384,707544,122,0.983817,80
511392,707544,122,0.975554,80
514968,707544,122,0.983670,80
515528,707544,122,0.983797,80
513272,707544,121,0.970570,80
515392,707544,121,0.982664,80
514008,707544,121,0.982806,80
516280,707544,121,0.983731,80
513344,707544,121,0.978463,80
509808,707544,121,0.972436,80
506696,707544,121,0.969237,80
509680,707544,121,0.972456,80
512040,707544,121,0.978622,80
512480,707544,121,0.981322,80
508696,707544,121,0.972421,80
510848,707544,121,0.981492,80
509840,707544,121,0.981601,80
511088,707544,121,0.982948,80
508608,707544,121,0.975222,80
511512,707544,121,0.982908,80
511264,707544,121,0.982936,80
513568,707544,121,0.983982,80
513392,707544,120,0.973602,80
517184,707544,120,0.983650,80
516024,707544,120,0.978598,80
516736,707544,120,0.982905,80
515224,707544,121,0.983053,80
512896,707544,121,0.983281,80
514928,707544,121,0.983861,80
510944,707544,122,0.977677,80
510256,707544,121,0.977775,80
511216,707544,121,0.978412,80
510784,707544,120,0.978476,80
509984,707544,120,0.978577,80
510304,707544,120,0.980586,80
511984,707544,120,0.980893,80
515448,711056,120,0.980893,80
516472,711056,120,0.983135,80
512680,711056,120,0.974220,80
513080,711056,120,0.976647,80
512848,711056,121,0.976677,80
511608,711056,122,0.976837,80
514880,711056,122,0.983281,80
514976,711056,122,0.983852,80
513936,711056,123,0.983946,80
510456,711056,123,0.979389,80
511928,711056,123,0.984124,80
511888,711056,122,0.984136,80
513680,711056,122,0.984196,80
510432,711056,123,0.982198,80
511872,711056,123,0.984350,80
509096,711056,123,0.980673,80
510184,711056,123,0.984495,80
508976,711056,123,0.984601,80
509320,711056,123,0.984655,80
511960,711056,123,0.984515,80
511456,711056,124,0.984558,80
509200,711056,123,0.969556,80
508024,711056,123,0.969757,80
509616,711056,123,0.978435,80
511160,711056,123,0.979612,80
509000,711056,123,0.979856,80
512320,711056,123,0.982893,80
515096,711056,123,0.984242,80
514640,711056,124,0.984282,80
516880,711056,124,0.984169,80
516168,711056,125,0.984233,80
512952,711056,125,0.969572,80
516656,711056,125,0.984189,80
517752,711056,125,0.984131,80
514288,711056,125,0.966646,80
516952,711056,125,0.981563,80
513384,711056,124,0.965128,80
514088,711056,124,0.969191,80
510576,711056,125,0.969785,80
507464,711056,124,0.970308,80
509600,711056,124,0.972705,80
512096,711056,124,0.980558,80
510384,711056,124,0.975132,80
512768,711056,124,0.980485,80
509104,711056,125,0.980047,80
511888,711056,125,0.980575,80
509728,711056,125,0.979236,80
506880,711056,125,0.978699,80
508384,711056,125,0.979387,80
512000,711056,125,0.980563,80
509168,711056,125,0.980868,80
505792,711056,125,0.976170,80
507032,711056,125,0.981088,80
508560,711056,125,0.981969,80
506448,711056,126,0.982174,80
506720,711056,126,0.982573,80
503144,711056,126,0.977040,80
500840,711056,126,0.977321,80
504352,711056,126,0.982797,80
501992,711056,126,0.973535,80
502256,711056,126,0.975130,80
500472,711056,125,0.971671,80
501680,711056,125,0.975211,80
499072,711056,125,0.975551,80
499888,711056,125,0.976147,80
496536,711056,126,0.976555,80
494552,711056,126,0.976795,80
494904,711056,126,0.978770,80
498608,711056,126,0.978401,80
499512,711056,126,0.979951,80
496928,711056,126,0.974867,80
497280,711056,126,0.976863,80
495264,711056,127,0.977100,80
493072,711056,127,0.976274,80
490168,711056,128,0.976615,80
493568,711056,128,0.977295,80
493808,711056,128,0.978711,80
493224,711056,128,0.978778,80
495768,711056,128,0.980328,80
496032,711056,128,0.981884,80
492712,711056,128,0.981469,80
493928,711056,128,0.982076,80
490848,711056,128,0.974145,80
489584,711056,128,0.974313,80
491176,711056,128,0.982246,80
493488,711056,128,0.982116,80
491216,711056,128,0.982322,80
493664,711056,128,0.983146,80
490104,711056,129,0.982259,48
492224,711056,129,0.983265,48
490088,711056,130,0.983442,48
493664,714680,130,0.983442,48
491848,714680,130,0.982301,48
489896,714680,129,0.967047,48
488248,714680,130,0.967308,48
492328,714680,130,0.982263,48
493008,714680,130,0.983499,48
492648,714680,129,0.973752,48
496408,714680,129,0.983223,48
497168,714680,129,0.983717,48
494184,714680,129,0.980912,48
490856,714680,129,0.975345,48
494768,714680,129,0.980857,48
494328,714680,130,0.980899,48
496784,714680,130,0.983749,48
496976,714680,130,0.984091,48
495032,714680,131,0.984244,48
495872,714680,131,0.984494,48
494168,714680,131,0.984629,48
494408,714680,131,0.984924,48
494144,714680,132,0.984944,48
495096,714680,132,0.984988,48
493224,714680,132,0.982330,48
492608,714680,132,0.982388,48
490144,714680,133,0.982599,48
487480,714680,134,0.982821,48
487352,714680,133,0.977093,48
491312,714680,133,0.982503,48
488624,714680,132,0.979424,48
489736,714680,132,0.982641,48
487304,714680,132,0.982502,48
489568,714680,132,0.982655,48
489592,714680,132,0.982998,48
486216,714680,132,0.975312,48
483176,714680,132,0.975670,48
483984,714680,132,0.977231,48
486880,714680,132,0.979319,48
484520,714680,132,0.976606,48
483240,714680,133,0.976747,48
481888,714680,133,0.976899,48
480912,714680,133,0.977009,48
478536,714680,133,0.975024,48
481944,714680,133,0.976898,48
482584,714680,133,0.979407,48
484392,714680,133,0.979566,48
486912,714680,133,0.979621,48
489792,714680,133,0.982977,48
490016,714680,133,0.984275,48
492720,714680,133,0.984692,48
496120,718128,133,0.984692,48
494776,718128,132,0.984799,48
497992,721392,132,0.984799,48
496784,721392,133,0.984889,48
499064,721392,133,0.985266,48
497256,721392,133,0.982790,48
500824,725008,133,0.982790,48
497256,725008,134,0.982931,48
497504,725008,134,0.983060,48
497152,725008,135,0.983088,48
494568,725008,134,0.976994,48
492096,725008,135,0.977259,48
492496,725008,135,0.979307,48
489440,725008,136,0.979599,48
492360,725008,136,0.983467,48
493952,725008,136,0.984583,48
491832,725008,137,0.984736,48
493664,725008,137,0.985617,48
496400,725008,137,0.985694,48
495840,725008,138,0.985732,48
496224,725008,138,0.985969,48
494784,725008,138,0.986068,48
491168,725008,139,0.983176,48
490728,725008,139,0.983214,48
486848,725008,139,0.971333,48
485680,725008,138,0.971497,48
484776,725008,138,0.971619,48
487264,725008,138,0.980751,48
487920,725008,138,0.982814,48
486376,725008,139,0.982935,48
486392,725008,139,0.983221,48
488216,725008,139,0.983407,48
485296,725008,139,0.974866,48
483888,725008,139,0.975031,48
485648,725008,139,0.983024,48
486744,725008,139,0.983519,48
487216,725008,139,0.983955,48
491272,729112,139,0.983955,48
488376,729112,139,0.978217,48
489344,729112,139,0.982718,48
490680,729112,139,0.983994,48
487128,729112,140,0.984070,48
487936,729112,140,0.984189,48
485352,729112,140,0.983769,48
483192,729112,139,0.977270,48
483560,729112,139,0.979064,48
486648,729112,139,0.983675,48
486176,729112,139,0.983713,48
483584,729112,140,0.983899,48
486600,729112,140,0.983821,48
489240,729112,140,0.984095,48
488216,729112,139,0.971487,48
488576,729112,139,0.973277,48
487624,729112,139,0.973397,48
486256,729112,140,0.973559,48
487840,729112,140,0.980708,48
486280,729112,141,0.980842,48
486016,729112,142,0.980865,48
482120,729112,142,0.974214,48
483216,729112,142,0.979126,48
480512,729112,142,0.979376,48
480040,729112,142,0.979423,48
483320,729112,142,0.981096,48
485456,729112,142,0.983263,48
484368,729112,142,0.983347,48
482472,729112,141,0.968601,48
483400,729112,141,0.972769,48
484480,729112,141,0.977631,48
484360,729112,140,0.972588,48
486928,729112,140,0.977391,48
483312,729112,140,0.976628,48
486304,729112,140,0.977454,48
482392,729112,140,0.977775,48
483208,729112,140,0.977761,48
483240,729112,140,0.978106,48
484544,729112,140,0.981380,48
484896,729112,140,0.983123,48
481352,729112,140,0.978317,48
483640,729112,140,0.983217,48
482136,729112,140,0.982629,48
481016,729112,139,0.982721,48
484352,729112,139,0.983171,48
483784,729112,139,0.983217,48
485672,729112,139,0.983250,48
487016,729112,139,0.983791,48
486592,729112,139,0.983825,48
490544,733112,139,0.983825,48
490160,733112,139,0.983857,48
492032,733112,139,0.983897,48
491792,733112,140,0.983914,48
491360,733112,139,0.983953,48
489832,733112,139,0.982996,48
491064,733112,139,0.983974,48
491120,733112,139,0.984074,48
492944,733112,139,0.984120,48
492136,733112,139,0.984001,48
495664,733112,138,0.983924,72
494368,733112,137,0.983516,72
494664,733112,137,0.984001,72
494264,733112,138,0.984030,72
497384,733112,138,0.983981,72
495952,733112,137,0.983580,72
494984,733112,137,0.983656,72
498088,733112,137,0.983566,72
498472,733112,137,0.983904,72
496512,733112,136,0.971345,72
496976,733112,136,0.973634,72
494096,733112,136,0.973984,72
490520,733112,137,0.974400,72
490608,733112,137,0.974993,72
491664,733112,137,0.978069,72
489032,733112,137,0.978330,72
490344,733112,137,0.979949,72
488512,733112,137,0.980116,72
490064,733112,137,0.984044,72
486784,733112,137,0.979177,72
486224,733112,138,0.979228,72
487832,733112,138,0.984201,72
488688,733112,138,0.984244,72
485512,733112,138,0.979673,72
488048,733112,138,0.984289,72
485080,733112,138,0.976185,72
484808,733112,138,0.976218,72
486048,733112,138,0.981730,72
484728,733112,138,0.981838,72
481824,733112,137,0.966451,72
479320,733112,137,0.966815,72
480192,733112,137,0.970614,72
482440,733112,137,0.980227,72
482664,733112,137,0.981378,72
484544,733112,137,0.981849,72
482392,733112,137,0.977328,72
483336,733112,137,0.981528,72
479888,733112,137,0.979960,72
483856,733112,137,0.981487,72
483288,733112,136,0.977799,72
487152,733112,136,0.981222,72
484104,733112,135,0.969142,72
484920,733112,135,0.972793,72
480992,733112,134,0.970451,72
484088,733112,134,0.972897,72
481000,733112,134,0.973261,72
477880,733112,134,0.973619,72
480016,733112,134,0.979108,72
482000,733112,134,0.981646,72
481600,733112,135,0.981678,72
480808,733112,135,0.981743,72
477376,733112,134,0.970340,72
474384,733112,134,0.970716,72
471168,733112,135,0.971103,72
468600,733112,134,0.971416,72
470312,733112,134,0.974059,72
468784,733112,135,0.974220,72
470904,733112,135,0.978227,72
467496,733112,134,0.969212,72
466888,733112,133,0.969300,72
465448,733112,134,0.969477,72
463416,733112,133,0.969736,72
466232,733112,133,0.975406,72
462416,733112,133,0.971314,72
460432,733112,133,0.971543,72
462336,733112,133,0.975791,72
466264,733112,133,0.978655,72
464952,733112,133,0.978771,72
465616,733112,133,0.978775,72
466632,733112,133,0.978748,72
469424,733112,133,0.980035,72
465912,733112,132,0.976177,72
468400,733112,132,0.980122,72
469824,733112,132,0.980623,72
465960,733112,133,0.980928,32
464800,733112,132,0.972511,32
465720,733112,132,0.976291,32
466760,733112,132,0.980576,32
469856,733112,132,0.980620,32
469760,733112,133,0.980628,32
472152,733112,133,0.981060,32
471072,733112,132,0.981151,32
470296,733112,132,0.981215,32
472576,733112,132,0.982389,32
474256,733112,132,0.982429,32
477272,733112,132,0.982438,32
478368,733112,132,0.982353,32
478712,733112,132,0.982764,32
476216,733112,132,0.979021,32
479216,733112,132,0.982728,32
477344,733112,132,0.982867,32
477464,733112,132,0.982889,32
473632,733112,131,0.964311,32
476816,733112,131,0.977420,32
480632,733112,131,0.982657,32
478064,733112,131,0.982849,32
478376,733112,131,0.983467,32
477016,733112,130,0.972422,32
475008,733112,131,0.972654,32
477344,733112,131,0.982429,32
478176,733112,131,0.983481,32
476496,733112,131,0.982088,32
480224,733112,131,0.983336,32
480080,733112,131,0.983350,32
479736,733112,131,0.983378,32
480152,733112,131,0.983379,32
480768,733112,131,0.983742,32
478320,733112,130,0.972778,32
482288,733112,130,0.983639,32
479552,733112,131,0.983830,32
480504,733112,131,0.983863,32
477504,733112,131,0.978907,32
477160,733112,130,0.978946,32
478632,733112,130,0.979929,32
476312,733112,129,0.969864,32
477480,733112,129,0.974836,32
476784,733112,129,0.974915,32
477624,733112,129,0.978568,32
480152,733112,129,0.979799,32
479296,733112,129,0.979877,32
482352,733112,129,0.983742,32
481968,733112,129,0.983772,32
481376,733112,128,0.977958,32
482600,733112,128,0.983317,32
483936,733112,128,0.983633,32
483728,733112,129,0.983648,32
484656,733112,129,0.983683,32
483064,733112,129,0.983799,32
482144,733112,130,0.983863,32
480024,733112,130,0.976171,32
479672,733112,131,0.976207,32
481320,733112,131,0.983302,32
483424,733112,131,0.983770,32
480408,733112,132,0.983979,32
478056,733112,131,0.976504,32
475792,733112,132,0.976727,32
478808,733112,132,0.984091,32
476808,733112,131,0.973842,32
477096,733112,131,0.975219,32
473912,733112,132,0.975547,32
477888,733112,132,0.984153,32
480000,733112,132,0.984348,32
481152,733112,132,0.984850,32
483640,733112,132,0.984753,32
482808,733112,132,0.982015,32
484072,733112,132,0.984724,32
485456,733112,132,0.984803,32
483744,733112,132,0.982701,32
482272,733112,132,0.982814,32
485416,733112,132,0.983587,32
487632,733112,132,0.984658,32
487168,733112,132,0.984692,32
485784,733112,132,0.984613,32
482440,733112,131,0.978226,32
484728,733112,131,0.984687,32
486368,733112,131,0.984749,32
489104,733112,131,0.984738,32
486200,733112,130,0.970193,32
485400,733112,130,0.970303,32
487432,733112,130,0.979187,32
488520,733112,130,0.984108,32
484904,733112,129,0.973954,32
486848,733112,129,0.982472,32
486384,733112,129,0.982511,32
483280,733112,129,0.976596,32
485464,733112,129,0.982582,32
488600,733112,129,0.984106,32
486696,733112,130,0.984239,32
488488,733112,130,0.984783,32
485696,733112,130,0.976969,32
483664,733112,131,0.977171,32
482488,733112,132,0.977287,32
482912,733112,132,0.979278,32
481616,733112,133,0.979393,32
485512,733112,133,0.984978,32
488456,733112,133,0.984850,32
488432,733112,134,0.984851,32
486752,733112,135,0.984963,32
488920,733112,135,0.984957,32
492296,733112,134,0.984871,48
495744,736608,134,0.984871,48
492568,736608,134,0.978235,48
494712,736608,134,0.984941,48
494424,736608,134,0.984964,48
498072,740304,134,0.984964,48
497416,740304,134,0.984369,48
499984,740304,134,0.984834,48
496088,740304,134,0.978714,48
497088,740304,134,0.983283,48
496216,740304,135,0.983348,48
497184,740304,135,0.985020,48
496952,740304,134,0.975783,48
495312,740304,134,0.975963,48
493520,740304,134,0.976157,48
493784,740304,134,0.977494,48
496312,740304,134,0.984055,48
498352,740304,134,0.984228,48
496064,740304,133,0.963364,48
493784,740304,133,0.963738,48
491256,740304,133,0.964143,48
490104,740304,133,0.964329,48
491432,740304,133,0.970091,48
487872,740304,132,0.970558,48
487784,740304,132,0.970575,48
484704,740304,132,0.970963,48
486816,740304,132,0.978388,48
485672,740304,131,0.978502,48
489768,740304,131,0.978462,48
493680,740304,131,0.978334,48
494608,740304,131,0.979192,48
492656,740304,131,0.979373,48
494656,740304,131,0.979575,48
497216,740304,131,0.979551,48
496984,740304,130,0.979581,48
498072,740304,130,0.980478,48
496480,740304,130,0.980620,48
497592,740304,130,0.982304,48
496016,740304,131,0.982428,48
497464,740304,131,0.983630,48
497152,740304,130,0.983660,48
497544,740304,130,0.983770,48
493472,740304,129,0.963650,48
490984,740304,129,0.964049,48
493040,740304,129,0.972912,48
496016,740304,129,0.983884,48
492312,740304,128,0.979134,48
491296,740304,128,0.979230,48
494096,740304,128,0.984026,48
497656,740304,128,0.984233,48
496752,740304,127,0.978159,48
497296,740304,127,0.980736,48
495016,740304,127,0.980934,48
499000,740304,127,0.984141,48
498416,740304,126,0.983081,48
498880,740304,126,0.984153,48
502424,743896,126,0.984153,48
498512,743896,126,0.977983,48
500296,743896,126,0.984303,48
497024,743896,126,0.984531,48
498264,743896,126,0.984514,48
494232,743896,125,0.966503,48
497736,743896,125,0.981569,48
499856,743896,125,0.984404,48
497008,743896,125,0.982327,48
497504,743896,125,0.984565,48
494864,743896,124,0.976221,48
493632,743896,124,0.976352,48
491520,743896,124,0.976570,48
491784,743896,124,0.977873,48
493624,743896,124,0.983830,48
495432,743896,124,0.984707,48
495256,743896,124,0.984722,48
495816,743896,124,0.984786,48
493584,743896,123,0.969395,48
497136,743896,123,0.984667,48
493056,743896,123,0.978302,48
493376,743896,123,0.979852,48
490040,743896,122,0.970201,48
492984,743896,122,0.979890,48
490504,743896,122,0.980106,48
494128,743896,122,0.981034,48
490792,743896,122,0.981307,48
490472,743896,123,0.981333,48
490416,743896,124,0.981337,48
491232,743896,124,0.982804,48
494960,743896,124,0.982835,48
493872,743896,124,0.982919,48
496440,743896,124,0.984608,48
498904,743896,124,0.984544,48
496760,743896,124,0.978575,48
497040,743896,124,0.979980,48
496960,743896,124,0.979991,48
499032,743896,124,0.984535,48
498424,743896,123,0.984583,48
501360,743896,123,0.984413,48
497832,743896,122,0.972590,24
498784,743896,122,0.976875,24
497200,743896,123,0.977036,24
495064,743896,122,0.974346,24
495568,743896,122,0.976682,24
498272,743896,122,0.976927,24
494544,743896,121,0.965929,24
492800,743896,120,0.966198,24
491832,743896,121,0.966337,24
493632,743896,121,0.974027,24
492968,743896,120,0.974112,24
494144,743896,120,0.977357,24
491056,743896,121,0.977655,24
494296,743896,121,0.978927,24
495688,743896,121,0.979108,24
498848,743896,121,0.982550,24
498224,743896,120,0.982605,24
500288,743896,120,0.984322,24
498400,743896,121,0.984452,24
497160,743896,122,0.984536,24
499256,743896,122,0.984566,24
497088,743896,122,0.984716,24
499808,743896,122,0.984706,24
498192,743896,121,0.974315,24
494376,743896,120,0.962866,24
492664,743896,121,0.963138,24
495240,743896,121,0.974094,24
494576,743896,122,0.974168,24
498600,743896,122,0.974269,24
498968,743896,122,0.976055,24
497152,743896,121,0.973318,24
500656,743896,121,0.975881,24
502088,743896,121,0.982336,24
503312,743896,121,0.984465,24
501368,743896,122,0.984599,24
503632,743896,122,0.984511,24
502816,743896,123,0.984568,24
501720,743896,124,0.984643,24
503248,743896,124,0.984571,24
503048,743896,124,0.984588,24
506296,743896,124,0.985013,24
508832,743896,124,0.984871,24
506152,743896,124,0.976313,24
507360,743896,124,0.981931,24
506520,743896,125,0.982000,24
509152,743896,125,0.984845,24
505904,743896,125,0.984381,24
509176,743896,125,0.984843,24
507368,743896,125,0.983653,24
504728,743896,124,0.972525,24
501712,743896,123,0.972192,24
502464,743896,123,0.972809,24
501520,743896,122,0.972935,24
499912,743896,122,0.973134,24
500728,743896,122,0.975873,24
500704,743896,122,0.975881,24
496736,743896,121,0.971493,24
493008,743896,121,0.971955,24
494008,743896,121,0.976346,24
497640,743896,121,0.976210,24
494264,743896,122,0.976558,8
497928,743896,122,0.976878,8
501552,743896,122,0.976785,8
499512,743896,121,0.969939,8
500280,743896,121,0.973446,8
498456,743896,121,0.973665,8
500520,743896,121,0.976896,8
504208,743896,121,0.978636,8
503152,743896,120,0.978746,8
506200,743896,120,0.979102,8
509424,743896,120,0.981373,8
510304,743896,120,0.981998,8
507160,743896,119,0.971185,8
505824,743896,118,0.968285,8
503856,743896,118,0.968572,8
506016,743896,118,0.971348,8
507472,743896,118,0.978033,8
505584,743896,118,0.978226,8
501624,743896,118,0.978615,8
504160,743896,118,0.978438,8
507392,743896,118,0.978151,8
506200,743896,119,0.978270,8
509472,743896,119,0.982076,8
507080,743896,119,0.978328,8
505968,743896,119,0.978443,8
506088,743896,119,0.979190,8
509672,743896,119,0.980246,8
508856,743896,119,0.980325,8
509872,743896,119,0.982042,8
508536,743896,120,0.982153,8
506984,743896,121,0.982279,8
510304,743896,121,0.982670,8
513488,743896,121,0.983198,8
510256,743896,121,0.977814,8
510456,743896,121,0.978940,8
512968,743896,121,0.983235,8
509952,743896,121,0.972060,8
510344,743896,121,0.974045,8
506840,743896,121,0.968292,8
507656,743896,121,0.972127,8
505552,743896,121,0.972400,8
503984,743896,120,0.972607,8
506864,743896,120,0.974469,8
508552,743896,120,0.982070,8
507456,743896,120,0.982164,8
509440,743896,120,0.982181,8
505408,743896,120,0.974238,8
509048,743896,120,0.982213,8
506736,743896,120,0.982405,8
503464,743896,120,0.972851,8
505584,743896,120,0.982424,8
501600,743896,119,0.972690,8
505624,743896,119,0.982425,8
507040,743896,119,0.982380,8
505864,743896,120,0.982475,8
507208,743896,120,0.983534,8
506816,743896,119,0.979701,8
504816,743896,119,0.978623,8
508512,743896,119,0.979542,8
512568,743896,119,0.983124,8
510776,743896,119,0.983268,8
511712,743896,119,0.983341,8
509472,743896,119,0.980191,8
508248,743896,119,0.980306,8
512224,743896,119,0.981508,8
511832,743896,120,0.981542,8
509944,743896,120,0.981707,8
512504,743896,120,0.983283,8
513952,743896,120,0.984524,8
511888,743896,120,0.981499,8
508944,743896,121,0.981750,8
512688,743896,121,0.984615,8
510400,743896,121,0.984782,8
513088,743896,121,0.984586,8
512272,743896,122,0.984645,8
512664,743896,122,0.984651,8
515712,743896,122,0.984425,8
518064,743896,122,0.984438,8
517248,743896,122,0.980743,8
513784,743896,123,0.981057,8
511984,743896,123,0.981221,8
513392,743896,123,0.983691,8
510856,743896,123,0.977673,8
508080,743896,122,0.974552,8
511928,743896,122,0.977566,8
512752,743896,122,0.981566,8
515992,743896,122,0.983489,8
516096,743896,122,0.984202,8
513464,743896,122,0.981425,8
510064,743896,121,0.956520,8
511200,743896,121,0.961796,8
507104,743896,120,0.962528,8
508656,743896,120,0.969618,8
509160,743896,120,0.972088,8
508544,743896,120,0.972173,8
511984,743896,120,0.972093,8
510904,743896,121,0.972234,8
512296,743896,121,0.978791,8
509512,743896,121,0.978958,8
513496,743896,121,0.978671,8
510760,743896,121,0.972996,8
508688,743896,122,0.973254,8
510336,743896,122,0.978984,8
510576,743896,122,0.980294,8
507984,743896,123,0.980529,8
503936,743896,122,0.971699,8
505280,743896,122,0.977833,8
504440,743896,123,0.977918,8
504776,743896,123,0.979617,8
508224,743896,123,0.980503,8
505664,743896,123,0.980734,8
508168,743896,123,0.980950,8
505624,743896,122,0.977944,8
509320,743896,122,0.980852,8
508264,743896,121,0.980954,8
508656,743896,121,0.981063,8
504912,743896,121,0.981388,8
503984,743896,122,0.981465,8
506896,743896,122,0.981909,8
508136,743896,122,0.981876,8
504168,743896,121,0.965932,8
505024,743896,121,0.969887,8
501488,743896,122,0.970362,8
504896,743896,122,0.982142,8
504144,743896,123,0.982202,8
501096,743896,122,0.967074,8
503952,743896,122,0.979733,8
507848,743896,122,0.981900,8
504992,743896,123,0.982134,8
503544,743896,123,0.982254,8
501704,743896,122,0.982050,8
500912,743896,122,0.982117,8
498456,743896,121,0.978521,8
499008,743896,121,0.981108,8
500576,743896,121,0.982144,8
501224,743896,121,0.982445,8
501632,743896,121,0.983480,8
501512,743896,121,0.983492,8
503264,743896,121,0.984113,8
502888,743896,121,0.983785,8
506976,748032,121,0.983785,8
510480,748032,121,0.983887,8
508128,748032,121,0.984061,8
508400,748032,121,0.984255,8
507472,748032,122,0.984320,8
511168,751776,122,0.984320,8
509520,751776,122,0.984439,8
511216,751776,122,0.984317,8
508936,751776,121,0.975728,8
511696,751776,121,0.984287,8
509640,751776,122,0.984431,8
507072,751776,122,0.982528,8
509368,751776,122,0.984450,8
509520,751776,122,0.984579,8
505872,751776,123,0.983983,8
506816,751776,123,0.984759,8
503768,751776,123,0.984964,8
504120,751776,123,0.985496,8
500192,751776,122,0.960802,8
501192,751776,122,0.965134,8
497136,751776,122,0.965739,8
497768,751776,122,0.968523,8
495280,751776,122,0.968858,8
498592,751776,122,0.981075,8
496424,751776,122,0.981252,8
497424,751776,122,0.982727,8
496472,751776,122,0.982799,8
496200,751776,122,0.982822,8
499544,751776,122,0.982642,8
500472,751776,122,0.984834,8
496384,751776,123,0.982769,8
496104,751776,122,0.979968,8
496968,751776,122,0.982729,8
500216,751776,122,0.983514,8
499904,751776,123,0.983536,8
501472,751776,123,0.984765,8
500920,751776,124,0.984802,8
499976,751776,124,0.984387,8
497400,751776,124,0.976332,8
497936,751776,124,0.978752,8
498856,751776,124,0.982788,8
502552,751776,124,0.984206,8
498808,751776,124,0.969672,8
499040,751776,124,0.970830,8
495792,751776,124,0.971234,8
494096,751776,124,0.971444,8
495152,751776,124,0.975942,8
494208,751776,124,0.976042,8
497720,751776,124,0.982667,8
494320,751776,124,0.982917,8
497680,751776,124,0.983009,8
497328,751776,124,0.983038,8
500640,751776,124,0.982965,8
499832,751776,124,0.983028,8
501440,751776,124,0.984285,8
499632,751776,124,0.983965,8
500952,751776,124,0.984318,8
499624,751776,124,0.984410,8
501352,751776,124,0.984773,8
500720,751776,125,0.984815,8
500456,751776,125,0.984835,8
496768,751776,125,0.978016,8
497232,751776,125,0.980135,8
496120,751776,125,0.980232,8
500160,751776,125,0.981290,8
501176,751776,125,0.984785,8
504536,751776,125,0.984768,8
502480,751776,125,0.982830,8
498584,751776,124,0.968522,8
500224,751776,124,0.975527,8
502944,751776,124,0.982795,8
500424,751776,124,0.976913,8
502576,751776,124,0.982823,8
505640,751776,124,0.984694,8
505248,751776,125,0.984721,8
503000,751776,125,0.984873,8
505792,751776,125,0.984789,8
504224,751776,125,0.983222,8
507320,751776,125,0.984687,8
505904,751776,126,0.984782,8
505976,751776,126,0.984809,8
506200,751776,126,0.984932,8
503672,751776,126,0.975980,8
503776,751776,126,0.976626,8
500680,751776,126,0.973230,8
496760,751776,125,0.968178,8
497184,751776,125,0.970111,8
497232,751776,125,0.970506,8
496368,751776,126,0.970613,8
494976,751776,127,0.970785,8
495864,751776,127,0.973768,8
497712,751776,127,0.974405,8
494208,751776,127,0.974484,8
492352,751776,127,0.974686,8
488400,751776,128,0.975094,8
485176,751776,127,0.975427,8
481328,751776,126,0.972228,8
481224,751776,126,0.972245,8
482112,751776,126,0.975735,8
481016,751776,126,0.975845,8
479704,751776,127,0.975970,8
480496,751776,127,0.976017,8
483024,751776,127,0.975930,8
487008,751776,127,0.977710,8
486080,751776,126,0.977802,8
487344,751776,126,0.978204,8
484056,751776,126,0.973784,8
483736,751776,125,0.973827,8
481048,751776,125,0.974111,8
480008,751776,125,0.974222,8
483928,751776,125,0.978518,8
484968,751776,125,0.978842,8
483416,751776,126,0.978974,8
485616,751776,126,0.979041,8
489464,751776,126,0.980148,8
487128,751776,126,0.980340,8
490352,751776,126,0.982180,8
491544,751776,126,0.982320,8
494872,751776,126,0.982472,8
493552,751776,125,0.971281,8
493768,751776,125,0.972350,8
495448,751776,125,0.979406,8
495592,751776,125,0.980196,8
496400,751776,125,0.982352,8
496184,751776,126,0.982368,8
498544,751776,126,0.982255,8
495360,751776,126,0.982496,8
498440,751776,126,0.982774,8
495680,751776,126,0.977056,8
494888,751776,127,0.977133,8
496584,751776,127,0.982909,8
500240,751776,127,0.983049,8
499736,751776,127,0.983089,8
502256,751776,127,0.983317,8
498904,751776,127,0.971995,8
499992,751776,127,0.976726,8
499840,751776,127,0.976746,8
503448,751776,127,0.983230,8
499464,751776,127,0.981502,8
502320,751776,127,0.983312,8
498344,751776,128,0.983084,8
495648,751776,127,0.970769,8
498472,751776,127,0.982635,8
494912,751776,127,0.982898,8
497984,751776,127,0.983113,8
494008,751776,128,0.983393,8
492920,751776,128,0.983472,8
494312,751776,128,0.983372,8
495944,751776,128,0.983760,8
498904,751776,128,0.983893,8
495920,751776,127,0.969282,8
498056,751776,127,0.978277,8
497560,751776,128,0.978323,8
496560,751776,129,0.978414,8
498872,751776,129,0.983895,8
501504,751776,129,0.983882,8
500112,751776,129,0.982952,8
498584,751776,128,0.970262,8
498656,751776,128,0.970758,8
500240,751776,128,0.977554,8
496656,751776,128,0.977899,8
497744,751776,128,0.980577,8
494048,751776,128,0.979009,8
497536,751776,128,0.980594,8
497288,751776,127,0.973846,8
499560,751776,127,0.980430,8
496928,751776,127,0.980651,8
493416,751776,127,0.976106,8
494224,751776,127,0.979599,8
494656,751776,127,0.980832,8
491840,751776,127,0.980794,8
494864,751776,127,0.980815,8
494760,751776,128,0.980823,8
493064,751776,128,0.977301,8
494064,751776,128,0.980879,8
495208,751776,128,0.981489,8
491168,751776,128,0.980612,8
489048,751776,129,0.980781,8
492040,751776,129,0.981732,8
489840,751776,128,0.974942,8
485856,751776,128,0.975350,8
486552,751776,128,0.975567,8
488024,751776,128,0.978155,8
489136,751776,128,0.981523,8
485512,751776,127,0.972475,8
487064,751776,127,0.978792,8
484280,751776,127,0.979033,8
481144,751776,126,0.971757,8
481096,751776,127,0.971763,8
480872,751776,127,0.971793,8
482200,751776,127,0.977114,8
478312,751776,127,0.976620,8
479376,751776,127,0.977368,8
476856,751776,127,0.977594,8
475512,751776,128,0.977711,8
478520,751776,128,0.979514,8
482280,751776,128,0.980669,8
480216,751776,129,0.980826,8
480232,751776,129,0.981074,8
481008,751776,129,0.982122,8
479776,751776,129,0.982212,8
476816,751776,129,0.982421,8
478696,751776,129,0.982696,8
482176,751776,129,0.982485,8
478928,751776,130,0.982708,8
481384,751776,130,0.982568,8
484344,751776,130,0.983129,8
485528,751776,130,0.983465,8
484976,751776,129,0.983153,8
483632,751776,130,0.983244,8
487312,751776,130,0.983348,8
490952,751776,130,0.983590,8
488272,751776,129,0.969836,8
489000,751776,129,0.972917,8
487648,751776,128,0.973077,8
488800,751776,128,0.977852,8
488160,751776,127,0.977918,8
490064,751776,127,0.983659,8
488920,751776,127,0.981285,8
489376,751776,127,0.983312,8
487048,751776,126,0.975036,8
488696,751776,126,0.981793,8
486816,751776,126,0.981708,8
490352,751776,126,0.981669,8
489888,751776,127,0.981704,8
489528,751776,128,0.981731,8
488440,751776,129,0.981812,8
490304,751776,129,0.983248,8
490704,751776,129,0.983613,8
492608,751776,129,0.983513,8
491992,751776,129,0.983559,8
494568,751776,129,0.983445,8
493160,751776,129,0.983279,8
494344,751776,129,0.983461,8
493192,751776,130,0.983540,8
493760,751776,130,0.983898,8
490816,751776,131,0.984094,8
494400,751776,131,0.983852,8
491240,751776,131,0.981983,8
487608,751776,131,0.977662,8
487992,751776,131,0.979384,8
491640,751776,131,0.981950,8
487584,751776,131,0.967597,8
489584,751776,131,0.975732,8
485960,751776,131,0.976092,8
484712,751776,131,0.976217,8
485920,751776,131,0.978683,8
485944,751776,131,0.978968,8
482984,751776,131,0.979221,8
484288,751776,131,0.981294,8
483048,751776,130,0.979987,8
484208,751776,130,0.981304,8
483016,751776,130,0.981396,8
485232,751776,130,0.982291,8
484464,751776,130,0.982349,8
483608,751776,130,0.982413,8
485352,751776,130,0.982383,8
481992,751776,130,0.982621,8
483424,751776,130,0.982551,8
485960,751776,130,0.984148,8
484232,751776,130,0.984261,8
484008,751776,130,0.984278,8
480312,751776,130,0.982519,8
478192,751776,130,0.982667,8
480232,751776,130,0.984515,8
482008,751776,130,0.984689,8
484640,751776,130,0.984524,8
481784,751776,130,0.982795,8
482368,751776,130,0.984664,8
483352,751776,130,0.984793,8
480432,751776,129,0.971404,8
480736,751776,129,0.972758,8
477416,751776,129,0.973117,8
475728,751776,128,0.973303,8
472240,751776,128,0.973664,8
475936,751776,128,0.973343,8
476552,751776,128,0.975860,8
476160,751776,128,0.975901,8
478000,751776,128,0.977728,8
477592,751776,128,0.977767,8
474272,751776,128,0.978056,8
476496,751776,128,0.978859,8
474200,751776,127,0.977233,8
473160,751776,127,0.977329,8
474904,751776,127,0.978997,8
476536,751776,127,0.983218,8
476888,751776,127,0.983972,8
477760,751776,127,0.984571,8
475192,751776,127,0.984727,8
476464,751776,127,0.984773,8
472440,751776,126,0.975789,8
471200,751776,126,0.975908,8
470040,751776,126,0.976018,8
472416,751776,126,0.980820,8
476456,751776,126,0.984593,8
478896,751776,126,0.984631,8
475768,751776,126,0.975508,8
475984,751776,126,0.976508,8
472320,751776,126,0.976842,8
476232,751776,126,0.982644,8
473856,751776,126,0.975657,8
477064,751776,126,0.982588,8
476176,751776,126,0.982651,8
479176,751776,126,0.984614,8
477544,751776,126,0.984465,8
477256,751776,126,0.984485,8
476912,751776,125,0.984512,8
480352,751776,125,0.984551,8
484104,751776,125,0.984861,8
484656,751776,125,0.984921,8
480616,751776,125,0.980199,8
480264,751776,124,0.980234,8
481400,751776,124,0.984836,8
484264,751776,124,0.984948,8
481440,751776,125,0.985116,8
483304,751776,125,0.985067,8
480472,751776,124,0.960459,8
477472,751776,124,0.960929,8
479512,751776,124,0.968827,8
479592,751776,124,0.969315,8
477832,751776,124,0.969532,8
479568,751776,124,0.976343,8
478584,751776,124,0.976438,8
478880,751776,124,0.977758,8
476696,751776,124,0.977951,8
478744,751776,124,0.981066,8
475104,751776,123,0.979762,8
478648,751776,123,0.981077,8
475568,751776,122,0.971825,8
475752,751776,122,0.972700,8
474720,751776,121,0.971274,8
473952,751776,121,0.971364,8
475648,751776,121,0.972721,8
473512,751776,121,0.972950,8
473792,751776,121,0.974177,8
472576,751776,120,0.974307,8
468656,751776,120,0.974692,8
468864,751776,120,0.975301,8
465416,751776,119,0.960789,8
469248,751776,119,0.974877,8
470096,751776,119,0.975186,8
470272,751776,119,0.975499,8
467912,751776,120,0.975716,8
469624,751776,120,0.976069,8
467160,751776,119,0.976149,8
470960,751776,119,0.975952,8
468456,751776,119,0.976183,8
471424,751776,119,0.977678,8
468544,751776,118,0.973828,8
470352,751776,118,0.977773,8
468704,751776,118,0.977915,8
468352,751776,119,0.977944,8
468088,751776,118,0.977974,8
468520,751776,118,0.978326,8
471328,751776,118,0.978304,8
474312,751776,118,0.979284,8
472560,751776,117,0.979430,8
475216,751776,117,0.980328,8
473000,751776,117,0.980499,8
469352,751776,117,0.980772,8
467784,751776,116,0.980892,8
469064,751776,116,0.980917,8
468176,751776,116,0.980984,8
470240,751776,116,0.981469,8
472440,751776,116,0.981309,8
474696,751776,116,0.981390,8
472832,751776,116,0.981526,8
472960,751776,116,0.982004,8
471112,751776,116,0.982134,8
472584,751776,116,0.982214,8
472248,751776,117,0.982237,8
474456,751776,117,0.982267,8
472984,751776,117,0.982371,8
474952,751776,117,0.982759,8
474032,751776,118,0.982820,8
471432,751776,118,0.982993,8
470880,751776,118,0.983032,8
469456,751776,118,0.982400,8
469936,751776,118,0.983092,8
471832,751776,118,0.983822,8
472544,751776,118,0.984142,8
474288,751776,118,0.984094,8
470560,751776,117,0.981166,8
470632,751776,117,0.981613,8
470336,751776,116,0.981641,8
471880,751776,116,0.981529,8
470288,751776,116,0.979186,8
472648,751776,116,0.981475,8
472088,751776,115,0.972755,8
470376,751776,116,0.972932,8
474216,751776,116,0.981366,8
471584,751776,117,0.981553,8
472088,751776,117,0.983623,8
470088,751776,118,0.983747,8
466848,751776,118,0.983947,8
470856,751776,118,0.984308,8
474344,751776,118,0.984864,8
475712,751776,118,0.984843,8
475032,751776,117,0.984889,8
478296,751776,117,0.985225,8
476552,751776,117,0.982934,8
480080,751776,117,0.985121,8
478776,751776,117,0.984385,8
479856,751776,117,0.985134,8
477984,751776,117,0.985246,8
480232,751776,117,0.985175,8
478680,751776,118,0.985266,8
480288,751776,118,0.985201,8
479904,751776,118,0.985226,8
481064,751776,118,0.985219,8
478784,751776,117,0.964129,0
478664,751776,117,0.964153,0
479344,751776,117,0.966910,0
478344,751776,117,0.967045,0
480992,751776,117,0.977353,0
479936,751776,118,0.977447,0
483448,751776,118,0.985081,0
479688,751776,117,0.973163,0
482472,751776,117,0.984124,0
480776,751776,118,0.984230,0
480408,751776,117,0.970222,0
478440,751776,117,0.970457,0
479296,751776,117,0.973901,0
479120,751776,118,0.973919,0
476984,751776,117,0.974145,0
477168,751776,117,0.975025,0
479672,751776,117,0.979178,0
481768,751776,117,0.981761,0
481560,751776,117,0.981779,0
483328,751776,117,0.984073,0
480232,751776,116,0.981247,0
481312,751776,116,0.984203,0
483192,751776,116,0.984592,0
483176,751776,117,0.984593,0
485128,751776,117,0.985144,0
484368,751776,116,0.972730,0
480672,751776,116,0.973133,0
481104,751776,116,0.974979,0
478568,751776,116,0.975232,0
477216,751776,116,0.975367,0
473672,751776,116,0.975093,0
475360,751776,116,0.975544,0
477096,751776,116,0.981507,0
480864,751776,116,0.981576,0
483392,751776,116,0.981866,0
480152,751776,116,0.973876,0
479960,751776,116,0.973900,0
483464,751776,116,0.981864,0
481312,751776,116,0.979110,0
485176,751776,116,0.981739,0
485584,751776,116,0.982447,0
483944,751776,117,0.982562,0
481560,751776,116,0.968159,0
481792,751776,116,0.969234,0
482192,751776,116,0.970958,0
485120,751776,116,0.982476,0
481856,751776,116,0.982706,0
480984,751776,116,0.982769,0
481224,751776,116,0.982844,0
477552,751776,115,0.972305,0
479312,751776,115,0.979207,0
481152,751776,115,0.982849,0
480672,751776,115,0.982885,0
480256,751776,114,0.980178,0
482600,751776,114,0.982757,0
486176,751776,114,0.982989,0
484496,751776,114,0.983107,0
485000,751776,114,0.983487,0
483936,751776,114,0.983560,0
485128,751776,114,0.983575,0
482064,751776,114,0.979619,0
484480,751776,114,0.983618,0
480784,751776,115,0.983857,0
478256,751776,115,0.977983,0
479840,751776,115,0.983917,0
477032,751776,116,0.984092,0
478608,751776,116,0.984054,0
482016,751776,116,0.984121,0
481512,751776,116,0.984156,0
481272,751776,117,0.984171,0
480840,751776,118,0.984198,0
477264,751776,118,0.983112,0
473784,751776,118,0.979929,0
471472,751776,118,0.978891,0
473240,751776,118,0.979971,0
476560,751776,118,0.983158,0
477280,751776,118,0.984417,0
475080,751776,118,0.977045,0
471248,751776,119,0.977379,0
473120,751776,119,0.984573,0
473928,751776,119,0.984615,0
477448,751776,119,0.984744,0
479512,751776,119,0.984932,0
477312,751776,119,0.980948,0
474328,751776,118,0.971345,0
473904,751776,118,0.971397,0
475480,751776,118,0.977500,0
472408,751776,117,0.973431,0
474248,751776,117,0.977611,0
474216,751776,117,0.977618,0
472744,751776,117,0.977748,0
474768,751776,117,0.980470,0
478776,751776,117,0.980849,0
478512,751776,118,0.980869,0
480232,751776,118,0.984898,0
479512,751776,118,0.982963,0
480176,751776,118,0.984901,0
481840,751776,118,0.985148,0
480192,751776,118,0.979856,0
478448,751776,118,0.979997,0
477624,751776,119,0.980062,0
476608,751776,118,0.980148,0
477688,751776,118,0.983836,0
477464,751776,117,0.983856,0
478512,751776,117,0.984413,0
478984,751776,117,0.985228,0
481864,751776,117,0.985152,0
479824,751776,117,0.982599,0
476480,751776,117,0.982828,0
472728,751776,116,0.983081,0
472864,751776,116,0.983498,0
470352,751776,117,0.983655,0
471152,751776,117,0.983876,0
472120,751776,117,0.984424,0
469240,751776,117,0.984596,0
472632,751776,117,0.985587,0
471552,751776,117,0.984826,0
475256,751776,117,0.985441,0
479000,751776,116,0.985320,24
481872,751776,116,0.985213,24
482704,751776,116,0.985289,24
484984,751776,116,0.985280,24
484048,751776,115,0.974778,24
488120,751776,115,0.985095,24
487816,751776,115,0.985116,24
490288,751776,115,0.985127,24
489048,751776,115,0.983964,24
488384,751776,115,0.982349,24
491456,751776,115,0.983804,24
492016,751776,115,0.985153,24
490792,751776,115,0.982895,24
492328,751776,115,0.985133,24
492088,751776,116,0.985148,24
488584,751776,116,0.985265,24
491120,751776,116,0.985207,24
492576,751776,116,0.985347,24
489600,751776,115,0.966022,24
486048,751776,115,0.966515,24
488160,751776,115,0.975007,24
492016,751776,115,0.976786,24
489520,751776,115,0.975359,24
491904,751776,115,0.976797,24
490032,751776,116,0.976975,24
491864,751776,116,0.984564,24
491464,751776,117,0.984589,24
492656,751776,117,0.985107,24
492072,751776,117,0.985146,24
494392,751776,117,0.985233,24
493312,751776,118,0.985299,24
494552,751776,118,0.985287,24
490528,751776,117,0.964728,24
486520,751776,117,0.965307,24
488184,751776,117,0.972032,24
490672,751776,117,0.982169,24
486688,751776,117,0.973496,24
489424,751776,117,0.982260,24
487400,751776,118,0.982406,24
488016,751776,118,0.982554,24
487448,751776,118,0.982597,24
491312,751776,118,0.984461,24
490632,751776,118,0.983718,24
489936,751776,119,0.983765,24
487728,751776,119,0.981119,24
486384,751776,119,0.981225,24
486512,751776,119,0.981923,24
489296,751776,119,0.983807,24
491608,751776,119,0.984442,24
491184,751776,119,0.984472,24
494376,751776,119,0.984663,24
496512,751776,119,0.985163,24
495400,751776,119,0.985235,24
499072,755496,119,0.985235,24
495368,755496,119,0.983548,24
496840,755496,119,0.985372,24
495408,755496,119,0.981959,24
499064,755496,119,0.985235,24
497880,755496,118,0.974534,24
498216,755496,118,0.976097,24
496000,755496,118,0.976321,24
498608,755496,118,0.977933,24
497472,755496,117,0.978047,24
498752,755496,117,0.983251,24
495072,755496,117,0.974141,24
495872,755496,117,0.977559,24
493752,755496,117,0.977758,24
491336,755496,117,0.977981,24
490952,755496,117,0.978019,24
490144,755496,118,0.978091,24
493056,755496,118,0.979003,24
493704,755496,118,0.981797,24
493856,755496,118,0.982471,24
496024,755496,118,0.982443,24
493488,755496,118,0.982629,24
489952,755496,117,0.969578,24
493032,755496,117,0.981978,24
491952,755496,118,0.982057,24
493208,755496,118,0.982649,24
489688,755496,118,0.982898,24
493440,755496,118,0.983615,24
493704,755496,118,0.983594,24
491656,755496,119,0.983731,24
495464,755496,119,0.983703,24
494272,755496,119,0.983786,24
495400,755496,119,0.984567,24
494544,755496,120,0.984621,24
495560,755496,120,0.984752,24
492112,755496,120,0.978709,24
496128,755496,120,0.984716,24
495040,755496,121,0.984784,24
491552,755496,120,0.975314,24
494920,755496,120,0.984795,24
494416,755496,121,0.984827,24
498104,755496,120,0.984894,24
499816,755496,120,0.985186,24
498128,755496,120,0.981015,24
496464,755496,121,0.981146,24
497680,755496,121,0.985318,24
498280,755496,121,0.985512,24
496216,755496,121,0.979039,24
499768,755496,121,0.985421,24
497944,755496,122,0.985532,24
494176,755496,121,0.966789,24
492936,755496,121,0.966964,24
491800,755496,121,0.967123,24
494840,755496,121,0.979430,24
494824,755496,120,0.979439,24
493560,755496,119,0.979554,24
495112,755496,119,0.982849,24
491920,755496,119,0.983075,24
490528,755496,119,0.983174,24
490056,755496,118,0.979370,24
490776,755496,118,0.982415,24
486912,755496,119,0.982686,24
488752,755496,119,0.983294,24
487752,755496,119,0.982756,24
488792,755496,119,0.983291,24
492176,755496,119,0.983481,24
490336,755496,119,0.982443,24
488752,755496,120,0.982555,24
486640,755496,120,0.982227,24
489880,755496,120,0.982475,24
489608,755496,120,0.982498,24
493016,755496,120,0.983428,24
496984,755496,120,0.983949,24
497672,755496,120,0.984299,24
494888,755496,120,0.981583,24
498808,755496,120,0.984225,24
501264,755496,120,0.985039,24
497904,755496,120,0.971638,24
493992,755496,120,0.972099,24
494064,755496,120,0.972578,24
490512,755496,120,0.972977,24
487272,755496,120,0.973332,24
487880,755496,120,0.975792,24
489672,755496,120,0.975709,24
487960,755496,120,0.975880,24
484320,755496,120,0.976231,24
480776,755496,120,0.976563,24
480392,755496,119,0.965982,24
478624,755496,118,0.966227,24
474880,755496,118,0.965710,24
478064,755496,118,0.966299,24
480328,755496,118,0.974971,24
476920,755496,118,0.975303,24
476848,755496,118,0.975314,24
472984,755496,117,0.975683,24
474960,755496,117,0.977107,24
476112,755496,117,0.977888,24
474656,755496,117,0.978014,24
470960,755496,117,0.969280,24
474336,755496,117,0.978041,24
472080,755496,117,0.973360,24
469088,755496,116,0.973665,24
470400,755496,116,0.974159,24
471400,755496,116,0.977986,24
470584,755496,117,0.978054,24
466520,755496,117,0.974293,24
468704,755496,117,0.978207,24
469472,755496,117,0.978438,24
469712,755496,117,0.978415,24
466992,755496,117,0.978636,24
467448,755496,117,0.978832,24
471248,755496,117,0.979367,24
471320,755496,117,0.979807,24
475384,755496,117,0.979765,24
479160,755496,117,0.979559,24
475648,755496,117,0.978159,24
476296,755496,117,0.979783,24
473536,755496,117,0.976487,24
474104,755496,117,0.978768,24
477600,755496,117,0.979678,24
480840,755496,117,0.980321,24
483160,755496,117,0.980232,24
483848,755496,117,0.980931,24
487088,755496,117,0.980745,24
491000,755496,117,0.980727,24
490224,755496,117,0.980792,24
493336,755496,117,0.981886,24
491888,755496,116,0.972072,24
488088,755496,116,0.972503,24
487848,755496,117,0.972529,24
485392,755496,117,0.972802,24
481552,755496,116,0.963980,24
479672,755496,116,0.964249,24
478960,755496,116,0.964354,24
479320,755496,116,0.965876,24
482984,755496,116,0.973069,24
479328,755496,116,0.973455,24
482008,755496,116,0.975141,24
478952,755496,115,0.975444,24
475840,755496,115,0.975740,24
477224,755496,115,0.975699,24
480144,755496,115,0.980168,24
480536,755496,115,0.980849,24
478800,755496,116,0.980977,24
482448,755496,116,0.981391,24
486080,755496,116,0.981437,24
488272,755496,116,0.982264,24
491248,755496,116,0.982176,24
493872,755496,116,0.982178,24
491248,755496,116,0.982176,24
494792,755496,116,0.982110,24
491768,755496,115,0.977296,24
488264,755496,115,0.973771,24
492240,755496,115,0.977252,24
493488,755496,115,0.982210,24
491840,755496,116,0.982329,24
494560,755496,116,0.982292,24
492392,755496,116,0.982452,24
491008,755496,117,0.982551,24
492720,755496,117,0.982458,24
494032,755496,117,0.982393,24
493200,755496,117,0.982456,24
491888,755496,117,0.982521,24
491328,755496,117,0.982564,24
495408,755496,117,0.982300,24
491664,755496,117,0.967132,0
489928,755496,118,0.967362,0
487424,755496,119,0.967688,0
488128,755496,119,0.970604,0
491960,755496,119,0.982546,0
494104,755496,119,0.982718,0
492224,755496,119,0.982854,0
491536,755496,120,0.982902,0
493984,755496,120,0.983022,0
492888,755496,119,0.981438,0
494152,755496,119,0.983014,0
494304,755496,119,0.983032,0
490608,755496,118,0.969176,0
488496,755496,119,0.969437,0
485968,755496,119,0.969750,0
485000,755496,119,0.969872,0
486056,755496,119,0.974126,0
488712,755496,119,0.981267,0
491048,755496,119,0.982806,0
493872,755496,119,0.983063,0
491608,755496,120,0.983218,0
495272,755496,120,0.983523,0
495832,755496,120,0.983713,0
498152,755496,120,0.983585,0
497816,755496,121,0.983608,0
501360,755496,121,0.983867,0
498352,755496,121,0.975943,0
501536,755496,121,0.983855,0
501184,755496,121,0.983882,0
500232,755496,121,0.981186,0
502536,755496,121,0.983790,0
502864,755496,121,0.983934,0
501864,755496,121,0.984006,0
503632,755496,121,0.984053,0
503088,755496,120,0.976724,0
505832,755496,120,0.983904,0
504072,755496,120,0.984029,0
507192,755496,120,0.983983,0
506952,755496,120,0.984003,0
510320,755496,120,0.984079,0
506520,755496,120,0.974681,0
506792,755496,120,0.976034,0
504928,755496,120,0.976231,0
504464,755496,119,0.976288,0
502744,755496,119,0.976466,0
500912,755496,119,0.976653,0
504576,755496,119,0.977208,0
508216,755496,119,0.978690,0
509984,755496,119,0.980559,0
513808,755496,119,0.983835,0
510280,755496,118,0.970085,0
514352,755496,118,0.983799,0
511864,755496,118,0.981394,0
513824,755496,118,0.983837,0
511984,755496,118,0.983972,0
513240,755496,118,0.983986,0
512872,755496,118,0.984016,0
513176,755496,118,0.984133,0
509104,755496,117,0.957188,0
509384,755496,117,0.958564,0
506592,755496,117,0.959073,0
504688,755496,117,0.959416,0
503760,755496,118,0.959577,0
501440,755496,118,0.959982,0
498952,755496,118,0.960407,0
499608,755496,118,0.963247,0
503544,755496,118,0.977006,0
501968,755496,118,0.977164,0
502016,755496,118,0.977562,0
502680,755496,118,0.979707,0
503736,755496,118,0.980432,0
504312,755496,118,0.983055,0
503296,755496,118,0.980708,0
504296,755496,118,0.983057,0
503592,755496,117,0.973852,0
504312,755496,117,0.977058,0
501488,755496,117,0.977337,0
504128,755496,117,0.981839,0
503072,755496,118,0.981921,0
503104,755496,118,0.982256,0
501976,755496,118,0.982344,0
499416,755496,117,0.977203,0
498600,755496,116,0.977289,0
501536,755496,116,0.982388,0
505200,755496,116,0.983001,0
508376,755496,116,0.982797,0
508096,755496,117,0.982818,0
507288,755496,116,0.970770,0
505680,755496,116,0.970979,0
507856,755496,116,0.980372,0
504944,755496,115,0.978977,0
502848,755496,114,0.974885,0
503088,755496,114,0.976081,0
504528,755496,114,0.979015,0
504712,755496,114,0.979989,0
506352,755496,114,0.980500,0
502856,755496,114,0.976163,0
501664,755496,115,0.976283,0
501688,755496,115,0.976581,0
497720,755496,115,0.976973,0
499016,755496,115,0.981099,0
495368,755496,114,0.963310,0
492720,755496,114,0.963713,0
492880,755496,114,0.964532,0
490008,755496,114,0.964950,0
490984,755496,114,0.968953,0
492480,755496,114,0.973225,0
495288,755496,114,0.974757,0
493504,755496,113,0.974952,0
496440,755496,113,0.977228,0
496368,755496,114,0.977234,0
492536,755496,115,0.977590,0
491208,755496,115,0.977715,0
494080,755496,115,0.981486,0
496768,755496,115,0.982172,0
500408,755496,115,0.982367,0
500144,755496,115,0.982390,0
501688,755496,115,0.982508,0
501544,755496,114,0.981849,0
504144,755496,114,0.982328,0
500832,755496,114,0.982579,0
503736,755496,114,0.982667,0
501296,755496,114,0.981868,0
500840,755496,113,0.981910,0
504920,755496,113,0.982586,0
504736,755496,113,0.982603,0
506408,755496,113,0.982958,0
508400,755496,113,0.982841,0
508152,755496,112,0.970226,0
511888,755496,112,0.982580,0
509696,755496,113,0.982747,0
511152,755496,113,0.983092,0
507768,755496,114,0.983340,0
507408,755496,115,0.983366,0
511040,755496,115,0.983626,0
511496,755496,115,0.983801,0
510616,755496,115,0.983868,0
512000,755496,115,0.984013,0
509664,755496,115,0.979550,0
507856,755496,115,0.978289,0
503792,755496,115,0.976995,0
500520,755496,115,0.977317,0
503424,755496,115,0.978704,0
500032,755496,115,0.974707,0
502984,755496,115,0.978744,0
503424,755496,115,0.979621,0
506520,755496,115,0.979828,0
510192,755496,115,0.980202,0
507096,755496,114,0.962339,0
507216,755496,114,0.963040,0
505960,755496,114,0.963248,0
509896,755496,114,0.980091,0
507856,755496,114,0.977663,0
508888,755496,114,0.980179,0
508592,755496,113,0.980213,0
512024,755496,113,0.980050,0
508952,755496,114,0.980317,0
512744,755496,114,0.980408,0
511728,755496,113,0.980505,0
510064,755496,112,0.974616,0
508160,755496,112,0.974832,0
510808,755496,112,0.980592,0
513744,755496,112,0.980440,0
517448,755496,112,0.980325,0
513640,755496,112,0.980664,0
514248,755496,112,0.981859,0
510560,755496,112,0.975224,0
506856,755496,111,0.970163,0
505648,755496,111,0.970324,0
506816,755496,111,0.975428,0
506904,755496,111,0.975622,0
507128,755496,111,0.975974,0
504856,755496,111,0.976213,0
508768,755496,111,0.976605,0
505448,755496,110,0.962017,0
508040,755496,110,0.973065,0
507352,755496,109,0.972116,0
505360,755496,110,0.972355,0
508248,755496,110,0.973046,0
511176,755496,110,0.976362,0
508640,755496,110,0.976628,0
506168,755496,110,0.976882,0
505984,755496,111,0.976901,0
507808,755496,111,0.980188,0
509704,755496,111,0.980510,0
511816,755496,111,0.980890,0
508176,755496,111,0.981197,0
509848,755496,111,0.981161,0
509232,755496,111,0.981215,0
513032,755496,111,0.981534,0
511864,755496,112,0.981630,0
513456,755496,112,0.981923,0
509440,755496,111,0.963727,0
512024,755496,111,0.974957,0
509072,755496,112,0.975281,0
506264,755496,113,0.975580,0
503328,755496,113,0.975891,0
503432,755496,113,0.976524,0
506720,755496,113,0.980927,0
508488,755496,113,0.982311,0
506896,755496,113,0.982021,0
507960,755496,113,0.982352,0
505568,755496,112,0.971797,0
501960,755496,111,0.965867,0
498296,755496,111,0.966395,0
500552,755496,111,0.972404,0
503344,755496,111,0.975480,0
504536,755496,111,0.980664,0
502256,755496,110,0.969557,0
503744,755496,110,0.975916,0
501096,755496,109,0.966977,0
504928,755496,109,0.975799,0
502224,755496,109,0.975640,0
499048,755496,109,0.975969,0
502296,755496,109,0.976074,0
504952,755496,109,0.980637,0
504816,755496,109,0.980652,0
502072,755496,109,0.972881,0
498664,755496,110,0.973267,0
497088,755496,111,0.973442,0
499896,755496,111,0.981052,0
501920,755496,111,0.982377,0
500856,755496,111,0.982460,0
503736,755496,111,0.982275,0
502936,755496,111,0.981658,0
499104,755496,111,0.967259,0
501312,755496,111,0.976478,0
500608,755496,112,0.976547,0
503960,755496,112,0.981574,0
505040,755496,112,0.982172,0
507248,755496,112,0.982414,0
508312,755496,112,0.982572,0
508208,755496,113,0.982580,0
505752,755496,113,0.982768,0
502816,755496,113,0.971656,0
503616,755496,113,0.975173,0
503272,755496,113,0.975215,0
499536,755496,113,0.971314,0
502928,755496,113,0.975251,0
500616,755496,114,0.975492,0
498664,755496,114,0.975697,0
501040,755496,114,0.980987,0
505048,755496,114,0.982820,0
506384,755496,114,0.982925,0
509176,755496,114,0.983763,0
512456,755496,114,0.984268,0
508912,755496,114,0.981020,0
510264,755496,114,0.984420,0
506832,755496,114,0.980360,0
505800,755496,115,0.980447,0
506928,755496,115,0.984645,0
504360,755496,114,0.977351,0
507800,755496,114,0.984590,0
510856,755496,114,0.984591,0
508136,755496,114,0.972758,0
507136,755496,113,0.972888,0
506600,755496,113,0.972956,0
503720,755496,113,0.973294,0
503480,755496,114,0.973322,0
503984,755496,114,0.975618,0
503960,755496,114,0.975626,0
502960,755496,114,0.975734,0
499168,755496,114,0.970331,0
496960,755496,114,0.970609,0
500016,755496,114,0.976039,0
501272,755496,114,0.981415,0
505064,755496,114,0.982139,0
504912,755496,115,0.982151,0
507856,755496,115,0.981953,0
504944,755496,115,0.976724,0
508024,755496,115,0.981940,0
504168,755496,114,0.963738,0
500160,755496,114,0.964357,0
496184,755496,115,0.964942,0
499760,755496,115,0.975254,0
503456,755496,115,0.979294,0
505328,755496,115,0.982150,0
505520,755496,115,0.982854,0
506528,755496,115,0.982811,0
504144,755496,115,0.979156,0
508144,755496,115,0.982690,0
506560,755496,116,0.982808,0
505840,755496,117,0.982861,0
509320,755496,117,0.982877,0
508992,755496,118,0.982902,0
509752,755496,118,0.984666,0
510336,755496,118,0.984729,0
510720,755496,118,0.984981,0
512624,755496,118,0.984887,0
508984,755496,117,0.963131,0
511088,755496,117,0.972280,0
508992,755496,117,0.972540,0
512704,755496,117,0.976918,0
511096,755496,117,0.977087,0
514712,755496,117,0.984748,0
517696,755496,117,0.984575,0
515248,755496,117,0.981078,0
511880,755496,117,0.981365,0
513736,755496,117,0.983529,0
514288,755496,117,0.984810,0
513440,755496,117,0.984871,0
513632,755496,117,0.984890,0
511472,755496,117,0.978352,0
515384,755496,117,0.984771,0
511728,755496,117,0.975566,0
508416,755496,116,0.965358,0
510024,755496,116,0.972380,0
507232,755496,116,0.972721,0
509376,755496,116,0.975823,0
511080,755496,116,0.981921,0
510360,755496,116,0.981982,0
514128,755496,116,0.982319,0
513552,755496,116,0.979584,0
510944,755496,116,0.979823,0
508352,755496,117,0.980051,0
504440,755496,117,0.976241,0
505112,755496,117,0.979263,0
505360,755496,117,0.980304,0
505168,755496,117,0.980324,0
508848,755496,117,0.980213,0
508824,755496,118,0.980215,0
512648,755496,118,0.983253,0
509208,755496,117,0.978156,0
505856,755496,117,0.972129,0
508200,755496,117,0.978252,0
511248,755496,117,0.982017,0
511592,755496,117,0.983331,0
508320,755496,118,0.983569,0
508864,755496,118,0.983911,0
512416,755496,118,0.984933,0
512264,755496,119,0.984943,0
515984,759264,119,0.984943,0
514704,759264,120,0.985028,0
516664,759264,120,0.984930,0
513272,759264,120,0.971788,0
517280,759264,120,0.984889,0
515536,759264,120,0.977566,0
513288,759264,119,0.976534,0
515832,759264,119,0.977541,0
516032,759264,119,0.978618,0
515872,759264,120,0.978633,0
516248,759264,120,0.980477,0
514072,759264,120,0.980668,0
514368,759264,120,0.982155,0
511128,759264,120,0.982410,0
507944,759264,119,0.973952,0
508880,759264,119,0.978075,0
511072,759264,119,0.982415,0
507792,759264,120,0.982662,0
510544,759264,120,0.984151,0
508936,759264,121,0.984260,0
507664,759264,121,0.983151,0
505344,759264,122,0.983316,0
506712,759264,122,0.984410,0
505584,759264,123,0.984484,0
508672,759264,123,0.985445,0
512408,763048,123,0.985445,0
516456,767144,123,0.985445,0
513400,767144,123,0.975518,0
510864,767144,123,0.975783,0
511312,767144,123,0.977820,0
513336,767144,123,0.980307,0
512480,767144,123,0.980382,0
515120,767144,123,0.985528,0
511208,767144,123,0.978940,0
514680,767144,123,0.985555,0
512336,767144,123,0.978738,0
511256,767144,123,0.978839,0
507776,767144,123,0.979148,0
507856,767144,123,0.979668,0
508768,767144,123,0.982051,0
512800,767144,123,0.983163,0
510944,767144,123,0.982323,0
512112,767144,123,0.983212,0
509472,767144,122,0.965105,0
507576,767144,123,0.965379,0
505200,767144,124,0.965716,0
506984,767144,124,0.973027,0
507584,767144,124,0.975639,0
504528,767144,125,0.975943,0
500792,767144,126,0.976306,0
499256,767144,125,0.976460,0
499552,767144,125,0.977807,0
501392,767144,125,0.977961,0
500952,767144,126,0.978000,0
504552,767144,126,0.983728,0
508600,771240,126,0.983728,0
512136,771240,126,0.983619,0
512064,771240,125,0.981705,0
514904,771240,125,0.983432,0
511352,771240,125,0.983679,0
510784,771240,125,0.983720,0
512216,771240,125,0.984484,0
515152,771240,125,0.984525,0
511712,771240,125,0.974702,0
507712,771240,125,0.975120,0
504336,771240,125,0.973919,0
502224,771240,125,0.974143,0
501576,771240,124,0.974220,0
501072,771240,124,0.974276,0
504200,771240,124,0.975490,0
504920,771240,124,0.978507,0
508040,771240,124,0.980123,0
506200,771240,124,0.980275,0
508992,771240,124,0.981782,0
509616,771240,124,0.984492,0
511712,771240,124,0.984752,0
511464,771240,125,0.984767,0
515352,775176,125,0.984767,0
517720,775176,125,0.984747,0
517376,775176,126,0.984769,0
518928,775176,126,0.985776,0
515296,775176,127,0.984963,0
517048,775176,127,0.985885,0
514392,775176,127,0.976737,0
516016,775176,127,0.983520,0
514680,775176,127,0.981169,0
512080,775176,127,0.981373,0
513576,775176,127,0.982373,0
514912,775176,127,0.983595,0
510880,775176,127,0.982469,0
514120,775176,127,0.983649,0
510352,775176,128,0.983899,0
513056,775176,128,0.984538,0
510872,775176,128,0.984678,0
512336,775176,128,0.985991,0
512120,775176,128,0.986006,0
509144,775176,128,0.982139,0
506272,775176,129,0.982344,0
509680,775176,129,0.986144,0
513144,778688,129,0.986144,0
516872,782464,129,0.986144,0
516440,782464,129,0.986171,0
514664,782464,129,0.986272,0
516504,782464,129,0.986329,0
512800,782464,128,0.969601,0
516608,782464,128,0.984709,0
516968,782464,128,0.986303,0
516768,782464,127,0.978978,0
515000,782464,127,0.979131,0
512896,782464,128,0.979306,0
516688,782464,128,0.982186,0
516408,782464,128,0.982209,0
513768,782464,128,0.981474,0
514784,782464,128,0.982325,0
515904,782464,128,0.985594,0
513696,782464,128,0.985723,0
511928,782464,129,0.985823,0
510720,782464,128,0.970657,0
508824,782464,128,0.970880,0
507192,782464,128,0.971070,0
504400,782464,128,0.971386,0
507400,782464,128,0.976184,0
508896,782464,128,0.979579,0
510504,782464,128,0.981968,0
512784,782464,128,0.982533,0
512832,782464,128,0.982908,0
510808,782464,128,0.978628,0
510360,782464,129,0.978666,0
512184,782464,129,0.982952,0
514408,782464,129,0.985680,0
513240,782464,129,0.985749,0
513776,782464,129,0.985780,0
512304,782464,128,0.985869,0
510808,782464,129,0.985952,0
512344,782464,129,0.985927,0
513288,782464,129,0.986414,0
512664,782464,130,0.986447,0
515752,782464,130,0.986373,0
518560,782464,130,0.986247,0
514624,782464,131,0.984219,0
517400,782464,131,0.986309,0
520936,786048,131,0.986309,0
522928,786048,131,0.986227,0
521496,786048,131,0.983969,0
524912,786048,131,0.986115,0
521824,786048,131,0.986129,0
518920,786048,131,0.978508,0
516216,786048,131,0.978743,0
517512,786048,131,0.984004,0
515888,786048,131,0.977595,0
518480,786048,131,0.983941,0
514720,786048,131,0.972289,0
516416,786048,131,0.979041,0
517520,786048,131,0.983552,0
515696,786048,132,0.983671,0
513392,786048,132,0.978535,0
509384,786048,132,0.978872,0
510792,786048,132,0.982459,0
513200,786048,132,0.983831,0
512192,786048,131,0.972250,0
510520,786048,131,0.972436,0
509256,786048,130,0.972581,0
508000,786048,130,0.972718,0
505408,786048,130,0.972993,0
502168,786048,130,0.973327,0
506256,786048,130,0.976820,0
504560,786048,131,0.976969,0
508056,786048,131,0.978287,0
508664,786048,131,0.980270,0
511688,786048,131,0.980533,0
508504,786048,131,0.980776,0
505720,786048,131,0.980922,0
502056,786048,131,0.981189,0
505136,786048,131,0.981026,0
508904,786048,131,0.981642,0
511088,786048,131,0.983914,0
513656,786048,131,0.983812,0
516208,786048,131,0.984090,0
514776,786048,131,0.982506,0
514704,786048,132,0.982511,0
516848,786048,132,0.984049,0
519152,786048,132,0.983898,0
516464,786048,131,0.969108,0
519392,786048,131,0.980727,0
516488,786048,131,0.978565,0
517936,786048,131,0.980839,0
520128,786048,131,0.983834,0
519152,786048,131,0.983901,0
519808,786048,131,0.984307,0
522352,786048,131,0.984141,0
525160,786048,131,0.985935,0
524888,786048,132,0.985951,0
526712,786048,132,0.986008,0
522824,786048,133,0.984105,0
521520,786048,133,0.984192,0
522432,786048,133,0.986253,0
522032,786048,134,0.986275,0
525808,789872,134,0.986275,0
529864,793976,134,0.986275,0
528864,793976,134,0.986333,0
532024,793976,134,0.986383,0
529216,793976,134,0.986249,0
528984,793976,134,0.986264,0
527528,793976,133,0.986350,0
529392,793976,133,0.986537,0
530056,793976,133,0.986563,0
528720,793976,133,0.982617,0
532448,793976,133,0.986431,0
531848,793976,134,0.986464,0
534048,793976,134,0.986504,0
537848,797824,134,0.986504,0
534640,797824,133,0.971148,0
532232,797824,133,0.971435,0
529480,797824,134,0.971750,0
527336,797824,134,0.971996,0
527112,797824,134,0.972026,0
529896,797824,134,0.981941,0
526608,797824,134,0.982179,0
529264,797824,134,0.983106,0
530896,797824,134,0.986149,0
530360,797824,134,0.985635,0
530232,797824,135,0.985642,0
532232,797824,135,0.986074,0
535120,797824,135,0.986660,0
536616,797824,135,0.986641,0
536912,797824,135,0.986688,0
535376,797824,135,0.985396,0
535288,797824,135,0.985405,0
536928,797824,135,0.986690,0
538128,797824,135,0.986654,0
534352,797824,136,0.984572,0
536008,797824,136,0.986768,0
534552,797824,135,0.979886,0
533592,797824,135,0.979968,0
537352,797824,135,0.986700,0
536752,797824,136,0.986733,0
533152,797824,135,0.966452,0
530344,797824,135,0.966837,0
533232,797824,135,0.978375,0
532504,797824,136,0.978439,0
530304,797824,136,0.978634,0
532048,797824,136,0.984272,0
529744,797824,136,0.983971,0
530688,797824,136,0.984358,0
531320,797824,136,0.985767,0
534864,801416,136,0.985767,0
534928,801416,136,0.986213,0
533632,801416,137,0.986285,0
530088,801416,136,0.968722,0
533040,801416,136,0.980361,0
535056,801416,136,0.986206,0
535224,801416,136,0.986679,0
539192,805432,136,0.986679,0
536264,805432,135,0.977928,0
540152,805432,135,0.986629,0
538016,805432,135,0.985235,0
537936,805432,136,0.985240,0
538928,805432,136,0.986696,0
538632,805432,137,0.986711,0
541064,805432,137,0.986903,0
539768,805432,137,0.986974,0
542656,805432,137,0.986850,0
544672,805432,137,0.986738,0
540976,805432,136,0.964247,0
541824,805432,136,0.967777,0
541152,805432,135,0.967878,0
541728,805432,135,0.970343,0
538632,805432,134,0.970725,0
540912,805432,134,0.976566,0
537968,805432,134,0.976848,0
535104,805432,134,0.977116,0
535576,805432,134,0.979107,0
539224,805432,134,0.978827,0
538176,805432,134,0.978921,0
536392,805432,134,0.979075,0
536760,805432,134,0.980256,0
539720,805432,134,0.980469,0
536056,805432,134,0.980758,0
537280,805432,134,0.983322,0
535096,805432,134,0.981118,0
535240,805432,134,0.981867,0
534248,805432,134,0.981941,0
533672,805432,135,0.981983,0
534992,805432,135,0.983474,0
536784,805432,135,0.983640,0
534824,805432,134,0.976661,0
535944,805432,134,0.981210,0
532864,805432,135,0.981438,0
535520,805432,135,0.983722,0
532360,805432,135,0.983928,0
536240,805432,135,0.984091,0
534416,805432,134,0.980154,0
536944,805432,134,0.984049,0
536648,805432,134,0.984071,0
537896,805432,134,0.985242,0
535896,805432,134,0.985363,0
532008,805432,134,0.978305,0
535344,805432,134,0.985395,0
534880,805432,134,0.985424,0
538168,805432,134,0.985615,0
536720,805432,134,0.985701,0
533104,805432,134,0.975283,0
535448,805432,134,0.984564,0
539288,805432,133,0.985550,40
542904,809096,133,0.985550,40
542360,809096,134,0.985582,40
543712,809096,134,0.985598,40
539920,809096,133,0.980073,40
542832,809096,133,0.985651,40
538984,809096,133,0.977220,40
536056,809096,133,0.977486,40
536664,809096,133,0.980013,40
540680,809096,133,0.982635,40
537840,809096,134,0.982831,40
537464,809096,134,0.982859,40
539048,809096,134,0.985868,40
539640,809096,134,0.986565,40
537544,809096,134,0.986679,40
537600,809096,134,0.987085,40
535376,809096,133,0.978358,40
539192,809096,133,0.987006,40
536384,809096,132,0.979850,40
537752,809096,132,0.985341,40
535736,809096,133,0.985457,40
538472,809096,133,0.987043,40
535104,809096,132,0.964100,40
532192,809096,132,0.964511,40
533496,809096,132,0.969586,40
536304,809096,132,0.980356,40
535240,809096,131,0.976184,40
538824,809096,131,0.980163,40
536848,809096,131,0.980322,40
540320,809096,131,0.980173,40
536784,809096,132,0.980449,40
536880,809096,132,0.981006,40
534224,809096,133,0.981203,40
538216,809096,133,0.982995,40
534392,809096,133,0.977722,40
535144,809096,133,0.980787,40
533320,809096,134,0.980923,40
533672,809096,134,0.982452,40
530592,809096,133,0.978633,40
527048,809096,134,0.978921,40
525728,809096,134,0.979029,40
527368,809096,134,0.982666,40
526248,809096,134,0.982742,40
528416,809096,134,0.982810,40
530648,809096,134,0.983491,40
526656,809096,134,0.981742,40
527728,809096,134,0.983674,40
527176,809096,134,0.983712,40
531040,809096,134,0.983620,40
534320,809096,134,0.984907,40
532712,809096,135,0.985001,40
535832,809096,135,0.985475,40
532744,809096,136,0.985649,40
533488,809096,136,0.985636,40
532688,809096,136,0.985683,40
536784,813240,136,0.985683,40
535432,813240,136,0.985761,40
538824,813240,136,0.986007,40
535744,813240,136,0.979033,40
539400,813240,136,0.985976,40
537560,813240,136,0.980566,40
539928,813240,136,0.985946,40
537000,813240,137,0.986106,40
537592,813240,137,0.986196,40
534584,813240,136,0.974539,40
538296,813240,136,0.986161,40
538248,813240,137,0.986164,40
534664,813240,137,0.976594,40
535400,813240,137,0.979551,40
535320,813240,136,0.969285,40
535248,813240,136,0.969300,40
532328,813240,136,0.969647,40
535696,813240,136,0.982444,40
532472,813240,136,0.982663,40
531088,813240,136,0.982758,40
532976,813240,136,0.985994,40
532472,813240,135,0.980503,40
529032,813240,134,0.968600,40
528984,813240,135,0.968606,40
531408,813240,135,0.977699,40
534224,813240,135,0.980372,40
535920,813240,135,0.985837,40
539216,813240,135,0.986122,40
535544,813240,135,0.978323,40
537072,813240,135,0.984311,40
540680,813240,135,0.986039,40
536840,813240,136,0.984945,0
536952,813240,136,0.985557,0
533560,813240,136,0.985748,0
530624,813240,137,0.985906,0
534608,817272,137,0.985906,0
536064,817272,137,0.985947,0
536096,817272,137,0.986248,0
538264,817272,137,0.986377,0
536240,817272,136,0.977244,0
537248,817272,136,0.981195,0
533448,817272,137,0.981465,0
536632,817272,137,0.985484,0
533344,817272,138,0.985664,0
533432,817272,138,0.986170,0
530096,817272,138,0.979397,0
529728,817272,139,0.979425,0
529752,817272,139,0.979688,0
529560,817272,139,0.979706,0
531632,817272,139,0.986263,0
529760,817272,140,0.986359,0
527176,817272,140,0.979412,0
528560,817272,140,0.984611,0
530424,817272,140,0.986323,0
530944,817272,140,0.986742,0
526960,817272,141,0.985315,0
527328,817272,141,0.986829,0
524784,817272,141,0.985783,0
524568,817272,141,0.985797,0
523816,817272,141,0.985110,0
525360,817272,141,0.985756,0
526776,817272,141,0.986858,0
528592,817272,141,0.986856,0
524840,817272,141,0.985546,0
522976,817272,141,0.984920,0
522384,817272,141,0.984955,0
523792,817272,141,0.985604,0
526472,817272,141,0.986843,0
525208,817272,141,0.985090,0
524360,817272,140,0.985141,0
522720,817272,139,0.981087,0
522336,817272,138,0.981120,0
524816,817272,138,0.982757,0
528128,817272,138,0.984939,0
529624,817272,138,0.986698,0
531936,817272,138,0.986700,0
533624,817272,138,0.986643,0
533016,817272,137,0.976823,0
530944,817272,137,0.977007,0
531448,817272,137,0.979027,0
532696,817272,137,0.979466,0
532576,817272,138,0.979476,0
529392,817272,138,0.979722,0
531176,817272,138,0.981619,0
528456,817272,137,0.975975,0
529720,817272,137,0.980739,0
531616,817272,137,0.981589,0
528728,817272,137,0.981789,0
531472,817272,137,0.983876,0
527712,817272,137,0.981828,0
530016,817272,137,0.983964,0
529928,817272,138,0.983969,0
532680,817272,138,0.986360,0
529552,817272,138,0.978308,0
528888,817272,137,0.965907,0
532320,817272,137,0.978537,0
533752,817272,137,0.984009,0
529744,817272,136,0.966483,0
532368,817272,136,0.976188,0
532256,817272,137,0.976198,0
533440,817272,137,0.980737,0
529440,817272,136,0.974906,0
531888,817272,136,0.980853,0
528096,817272,136,0.981125,0
529776,817272,136,0.983624,0
528592,817272,137,0.983695,0
529152,817272,137,0.984193,0
528544,817272,137,0.984232,0
531424,817272,137,0.984149,0
530816,817272,138,0.984185,0
532296,817272,138,0.985748,0
530400,817272,138,0.980687,0
531992,817272,138,0.985764,0
531624,817272,139,0.985784,0
530440,817272,138,0.984419,0
533448,817272,138,0.985688,0
529536,817272,138,0.976647,0
530216,817272,138,0.979298,0
533744,817272,138,0.985670,0
532672,817272,139,0.985728,0
534256,817272,139,0.986276,0
531376,817272,139,0.984059,0
534648,817272,139,0.986255,0
531176,817272,139,0.981256,0
534040,817272,139,0.986287,0
531088,817272,139,0.975546,0
530696,817272,139,0.975586,0
533456,817272,139,0.985927,0
535344,817272,139,0.986219,0
532224,817272,139,0.985481,0
535624,817272,139,0.986204,0
532600,817272,138,0.968970,0
533800,817272,138,0.973541,0
532864,817272,138,0.973639,0
530128,817272,139,0.973908,0
527008,817272,139,0.974212,0
527856,817272,139,0.977439,0
528040,817272,139,0.978278,0
529544,817272,139,0.983927,0
528240,817272,140,0.984004,0
531784,817272,140,0.986400,0
529160,817272,140,0.985674,0
528312,817272,141,0.985719,0
528968,817272,141,0.986543,0
526288,817272,141,0.985472,0
528008,817272,141,0.986590,0
527360,817272,140,0.986627,0
528304,817272,140,0.986904,0
531576,817272,140,0.986741,0
528776,817272,140,0.980084,0
530272,817272,140,0.985731,0
527536,817272,140,0.979791,0
530752,817272,140,0.985705,0
530096,817272,140,0.985743,0
527528,817272,139,0.965475,0
529176,817272,139,0.971558,0
530304,817272,139,0.975822,0
529832,817272,138,0.975873,0
527544,817272,137,0.976085,0
526128,817272,137,0.976214,0
527800,817272,137,0.977599,0
530440,817272,137,0.982240,0
534248,817272,137,0.985282,0
530632,817272,138,0.985480,0
530688,817272,138,0.985863,0
529144,817272,137,0.976919,0
528376,817272,137,0.976989,0
532256,817272,137,0.985785,0
534472,817272,137,0.986300,0
530416,817272,137,0.976959,0
533912,817272,137,0.986329,0
530416,817272,137,0.976959,0
533136,817272,137,0.986369,0
532616,817272,136,0.985708,0
535832,817272,136,0.986231,0
535624,817272,135,0.978610,0
534128,817272,136,0.978731,0
536664,817272,136,0.986190,0
537160,817272,136,0.986467,0
533336,817272,135,0.982143,0
529288,817272,136,0.982411,0
527808,817272,136,0.982511,0
525440,817272,136,0.981728,0
528312,817272,136,0.982478,0
529968,817272,136,0.984243,0
531840,817272,136,0.984820,0
532216,817272,136,0.986388,0
530256,817272,136,0.986490,0
527272,817272,136,0.976379,0
528584,817272,136,0.981298,0
529704,817272,136,0.985563,0
527480,817272,135,0.983798,0
529848,817272,135,0.985558,0
528416,817272,136,0.985634,0
530624,817272,136,0.986469,0
527088,817272,135,0.963841,0
530440,817272,135,0.976065,0
528096,817272,135,0.976277,0
531864,817272,135,0.986409,0
529416,817272,135,0.986535,0
525752,817272,134,0.964880,0
522168,817272,134,0.965342,0
520376,817272,134,0.965571,0
516408,817272,134,0.966060,0
516992,817272,134,0.968227,0
519576,817272,134,0.977357,0
522056,817272,134,0.978944,0
524152,817272,134,0.984901,0
525624,817272,134,0.986106,0
523832,817272,134,0.984860,0
526600,817272,134,0.986056,0
523944,817272,134,0.983601,0
520144,817272,134,0.973947,0
523872,817272,134,0.983606,0
526424,817272,134,0.986065,0
523672,817272,134,0.977041,0
525136,817272,134,0.982444,0
524552,817272,135,0.982482,0
526656,817272,135,0.986051,0
525744,817272,134,0.972293,0
527408,817272,134,0.978432,0
527032,817272,135,0.978462,0
530152,817272,135,0.985869,0
529096,817272,135,0.985927,0
525232,817272,135,0.978198,0
528560,817272,135,0.985955,0
524984,817272,134,0.975620,0
520896,817272,134,0.974485,0
521824,817272,134,0.975898,0
520568,817272,134,0.976011,0
518680,817272,134,0.976177,0
520288,817272,134,0.978047,0
520920,817272,134,0.980441,0
517920,817272,134,0.977719,0
521528,817272,134,0.980398,0
520216,817272,134,0.980494,0
519568,817272,134,0.980543,0
518952,817272,134,0.980589,0
522792,817272,134,0.981823,0
521544,817272,134,0.981908,0
524232,817272,134,0.985487,0
520312,817272,133,0.979349,0
523872,817272,133,0.985509,0
522520,817272,133,0.985582,0
519656,817272,133,0.982065,0
519864,817272,133,0.982966,0
517280,817272,133,0.981705,0
520784,817272,133,0.982910,0
518232,817272,133,0.983068,0
518616,817272,133,0.983927,0
520368,817272,133,0.984484,0
522448,817272,133,0.985581,0
522152,817272,132,0.984792,0
522808,817272,132,0.985564,0
521280,817272,133,0.985644,0
524472,817272,133,0.986174,0
524880,817272,133,0.986560,0
527160,817272,133,0.986475,0
525960,817272,134,0.986534,0
523480,817272,134,0.985001,0
525128,817272,134,0.986575,0
521880,817272,133,0.975439,0
518040,817272,133,0.975779,0
516456,817272,133,0.975919,0
518768,817272,133,0.980602,0
517176,817272,133,0.980715,0
513464,817272,134,0.980965,0
509816,817272,135,0.981206,0
512312,817272,135,0.984306,0
511928,817272,136,0.984327,0
514912,817272,136,0.984357,0
511496,817272,136,0.984490,0
508168,817272,136,0.979496,0
508448,817272,136,0.980602,0
511864,817272,136,0.984467,0
515856,817272,136,0.984302,0
517096,817272,136,0.984600,0
513856,817272,137,0.984775,0
515744,817272,137,0.986877,0
515968,817272,137,0.987006,0
518176,817272,137,0.986987,0
518496,817272,137,0.987370,0
522168,820992,137,0.987370,0
521016,820992,137,0.987424,0
521648,820992,137,0.987507,0
520280,820992,136,0.977840,0
519560,820992,136,0.977900,0
521352,820992,136,0.984306,0
524104,820992,136,0.986392,0
520672,820992,136,0.982554,0
524664,820992,136,0.986365,0
522128,820992,136,0.979921,0
525088,820992,136,0.986344,0
524680,820992,136,0.986366,0
526720,820992,136,0.987279,0
524880,820992,136,0.987366,0
522448,820992,136,0.987478,0
525704,820992,136,0.987415,0
528080,820992,136,0.987450,0
526472,820992,137,0.987523,0
529736,820992,137,0.987401,0
526336,820992,136,0.976802,0
528416,820992,136,0.984395,0
524624,820992,136,0.976225,0
521864,820992,136,0.976463,0
522584,820992,136,0.979145,0
524104,820992,136,0.982479,0
524080,820992,137,0.982481,0
523848,820992,136,0.982502,0
525928,820992,136,0.984538,0
525424,820992,137,0.984566,0
527616,820992,137,0.984470,0
524144,820992,136,0.971323,0
524872,820992,136,0.974040,0
528704,820992,136,0.984408,0
525888,820992,137,0.984567,0
529272,820992,137,0.987158,0
526488,820992,137,0.987290,0
523080,820992,137,0.986272,0
525512,820992,137,0.987335,0
526528,820992,137,0.987547,0
523160,820992,138,0.987698,0
527128,825008,138,0.987698,0
524768,825008,138,0.985329,0
526288,825008,138,0.987734,0
526256,825008,138,0.987738,0
524488,825008,137,0.976007,0
528312,825008,137,0.987649,0
527904,825008,136,0.977470,0
529080,825008,136,0.981787,0
526144,825008,136,0.981981,0
523104,825008,137,0.982174,0
521984,825008,138,0.982244,0
522096,825008,138,0.982797,0
520624,825008,138,0.982889,0
523312,825008,138,0.985353,0
523472,825008,138,0.986078,0
527272,825008,138,0.986603,0
527336,825008,138,0.987000,0
524568,825008,137,0.976991,0
523624,825008,136,0.977075,0
524336,825008,136,0.979709,0
526992,825008,136,0.980602,0
525328,825008,136,0.980720,0
521800,825008,136,0.977194,0
523144,825008,136,0.980869,0
519368,825008,136,0.979144,0
520720,825008,136,0.981031,0
521816,825008,136,0.982080,0
519096,825008,137,0.982250,0
521208,825008,137,0.983912,0
518656,825008,137,0.982249,0
517008,825008,137,0.982353,0
515104,825008,137,0.978625,0
517040,825008,137,0.982351,0
519576,825008,137,0.984006,0
518400,825008,138,0.984072,0
516256,825008,138,0.984192,0
519904,825008,138,0.984854,0
521360,825008,138,0.985112,0
521744,825008,138,0.986608,0
517776,825008,139,0.986238,0
521520,825008,139,0.986616,0
521064,825008,138,0.978476,0
521608,825008,138,0.980512,0
518800,825008,138,0.980706,0
517112,825008,138,0.980822,0
520168,825008,138,0.985453,0
517976,825008,138,0.985178,0
519208,825008,138,0.985502,0
519968,825008,138,0.986691,0
516312,825008,139,0.986859,0
519144,825008,139,0.987257,0
518200,825008,139,0.987301,0
514848,825008,139,0.987449,0
517296,825008,139,0.987452,0
518184,825008,139,0.987411,0
517832,825008,139,0.987428,0
520232,825008,139,0.987656,0
517696,825008,139,0.982302,0
518888,825008,139,0.986544,0
517344,825008,139,0.985953,0
517312,825008,139,0.985957,0
518296,825008,139,0.986574,0
522312,829072,139,0.986574,0
518488,829072,138,0.973619,0
522072,829072,138,0.985893,0
519296,829072,137,0.977839,0
516800,829072,137,0.978031,0
519512,829072,137,0.981317,0
521264,829072,137,0.985935,0
520768,829072,136,0.982676,0
517712,829072,136,0.981055,0
518248,829072,136,0.982825,0
517240,829072,136,0.982887,0
519384,829072,136,0.982951,0
521840,829072,136,0.985909,0
519528,829072,136,0.982887,0
519144,829072,137,0.982910,0
521080,829072,137,0.985946,0
517584,829072,136,0.972046,0
520840,829072,136,0.983141,0
520968,829072,136,0.983739,0
518888,829072,136,0.983858,0
520560,829072,136,0.985972,0
519064,829072,136,0.986046,0
515072,829072,136,0.983365,0
518264,829072,136,0.986084,0
519432,829072,136,0.986714,0
517936,829072,137,0.986782,0
516408,829072,136,0.973600,0
512600,829072,136,0.973942,0
515736,829072,136,0.983843,0
519448,829072,136,0.984267,0
520816,829072,136,0.986650,0
520096,829072,136,0.986685,0
518392,829072,135,0.984137,0
519392,829072,135,0.986720,0
516712,829072,134,0.976251,0
516760,829072,134,0.976570,0
514768,829072,134,0.976732,0
515696,829072,134,0.979966,0
517584,829072,134,0.986091,0
513976,829072,134,0.978895,0
512664,829072,134,0.978991,0
515224,829072,134,0.986205,0
511968,829072,135,0.986355,0
508088,829072,135,0.979442,0
504832,829072,136,0.979661,0
501112,829072,137,0.979905,0
497840,829072,137,0.980119,0
500104,829072,137,0.986879,0
503264,829072,137,0.987081,0
500784,829072,137,0.984835,0
504432,829072,137,0.987031,0
502560,829072,137,0.987112,0
498816,829072,137,0.987269,0
496624,829072,137,0.986111,0
497264,829072,137,0.987332,0
500016,829072,137,0.987218,0
498384,829072,136,0.976012,0
497280,829072,136,0.976101,0
495728,829072,137,0.976218,0
494288,829072,136,0.976334,0
494576,829072,136,0.977372,0
496032,829072,136,0.981943,0
494840,829072,135,0.970568,0
491720,829072,135,0.970860,0
488320,829072,135,0.971172,0
489768,829072,135,0.975699,0
487624,829072,134,0.975867,0
489192,829072,134,0.976790,0
487472,829072,133,0.976921,0
483800,829072,132,0.967895,0
479984,829072,132,0.968270,0
480832,829072,132,0.970898,0
479568,829072,133,0.971009,0
477120,829072,133,0.971225,0
478312,829072,133,0.974845,0
478560,829072,133,0.975714,0
476864,829072,133,0.975840,0
473096,829072,132,0.970436,0
471856,829072,133,0.970544,0
469408,829072,133,0.970759,0
469296,829072,133,0.970773,0
470144,829072,133,0.973324,0
470352,829072,133,0.974055,0
470376,829072,133,0.974261,0
467688,829072,132,0.974469,0
468280,829072,132,0.976289,0
469008,829072,132,0.976399,0
469776,829072,132,0.978124,0
471224,829072,132,0.978358,0
472664,829072,132,0.978546,0
475216,829072,132,0.979667,0
473752,829072,133,0.979756,0
476816,829072,133,0.981220,0
478752,829072,133,0.981373,0
479888,829072,133,0.981959,0
481688,829072,133,0.982174,0
484656,829072,133,0.982573,0
482448,829072,132,0.980478,0
485720,829072,132,0.982519,0
486632,829072,132,0.982566,0
490024,829072,132,0.984051,0
491040,829072,132,0.984348,0
489400,829072,132,0.982712,0
490800,829072,132,0.984360,0
491448,829072,132,0.984752,0
489792,829072,131,0.977154,0
492120,829072,131,0.984446,0
489464,829072,131,0.984577,0
492880,829072,131,0.984686,0
492200,829072,131,0.984721,0
491352,829072,132,0.984762,0
491736,829072,132,0.984741,0
492800,829072,132,0.985141,0
491152,829072,133,0.985217,0
494928,829072,133,0.985241,0
492560,829072,132,0.985356,0
493984,829072,132,0.985995,0
492048,829072,132,0.986083,0
491888,829072,133,0.986089,0
491256,829072,134,0.986117,0
493240,829072,134,0.986432,0
494320,829072,134,0.986434,0
495248,829072,134,0.986925,0
494488,829072,134,0.986832,0
496680,829072,134,0.986865,0
495560,829072,134,0.986914,0
498624,829072,134,0.986835,0
498336,829072,135,0.986847,0
501544,829072,135,0.986812,0
499216,829072,136,0.986910,0
498560,829072,135,0.984146,0
500560,829072,135,0.986856,0
496544,829072,135,0.985114,0
495072,829072,135,0.985186,0
491048,829072,135,0.975032,0
490984,829072,135,0.975041,0
489888,829072,135,0.975130,0
486696,829072,135,0.975378,0
485928,829072,136,0.975437,0
484088,829072,135,0.975582,0
481896,829072,135,0.975749,0
485528,829072,135,0.979090,0
484872,829072,135,0.979135,0
488936,829072,135,0.982300,0
485208,829072,135,0.982505,0
484080,829072,135,0.982568,0
486672,829072,135,0.983092,0
485000,829072,135,0.983182,0
482600,829072,134,0.978777,0
481840,829072,134,0.978829,0
484488,829072,134,0.983213,0
482816,829072,134,0.981448,0
482720,829072,133,0.981459,0
479736,829072,132,0.969755,0
480448,829072,132,0.971984,0
483496,829072,132,0.981171,0
487528,829072,132,0.981181,0
490688,829072,132,0.983565,0
488432,829072,132,0.983062,0
485680,829072,132,0.983208,0
481880,829072,131,0.982192,0
484864,829072,131,0.983252,0
488064,829072,131,0.983703,0
489024,829072,131,0.985491,0
485560,829072,131,0.980978,0
487160,829072,131,0.985574,0
488416,829072,131,0.985541,0
491680,829072,131,0.985767,0
491048,829072,131,0.985797,0
494456,829072,131,0.986425,0
491184,829072,131,0.979962,0
495144,829072,131,0.986396,0
491928,829072,130,0.983253,0
489272,829072,129,0.970918,0
487752,829072,129,0.971059,0
490144,829072,129,0.978441,0
490792,829072,129,0.980567,0
490064,829072,130,0.980611,0
493712,829072,130,0.983159,0
492304,829072,130,0.983235,0
491576,829072,131,0.983274,0
490328,829072,130,0.983344,0
489616,829072,131,0.983381,0
493680,829072,131,0.986467,0
491448,829072,130,0.973306,0
490640,829072,129,0.973381,0
494528,829072,129,0.980425,0
494280,829072,129,0.980444,0
495800,829072,129,0.985317,0
497520,829072,129,0.985336,0
501184,829072,129,0.986141,0
504888,829072,129,0.986050,0
507456,829072,129,0.985982,0
511272,829072,129,0.986042,0
512440,829072,129,0.986360,0
513440,829072,129,0.986393,0
515768,829072,129,0.986554,0
511936,829072,128,0.973328,0
513904,829072,128,0.979934,0
517280,829072,128,0.986485,0
515016,829072,129,0.986588,0
512872,829072,129,0.983171,0
515392,829072,129,0.986571,0
512872,829072,129,0.983171,0
514088,829072,129,0.986630,0
512872,829072,128,0.975257,0
511416,829072,128,0.975381,0
509528,829072,127,0.975543,0
507160,829072,126,0.973400,0
508632,829072,126,0.975619,0
511800,829072,126,0.978057,0
515040,829072,126,0.977975,0
517656,829072,126,0.985820,0
520792,829072,126,0.986326,0
522808,829072,126,0.986228,0
523064,829072,126,0.986241,0
519792,829072,125,0.963432,0
523456,829072,125,0.975872,0
521112,829072,125,0.976072,0
520568,829072,126,0.976116,0
521824,829072,126,0.980381,0
517888,829072,125,0.980350,0
514648,829072,125,0.969773,0
515320,829072,125,0.972134,0
512864,829072,126,0.972364,0
515344,829072,126,0.980516,0
516080,829072,126,0.980627,0
519008,829072,126,0.980704,0
520088,829072,126,0.982885,0
519784,829072,126,0.982906,0
521352,829072,126,0.984441,0
517720,829072,126,0.979724,0
515704,829072,126,0.979866,0
513064,829072,127,0.980045,0
513784,829072,127,0.982578,0
514416,829072,127,0.984805,0
517056,829072,127,0.984693,0
514840,829072,127,0.984810,0
516000,829072,127,0.986566,0
518424,829072,127,0.986809,0
521304,829072,127,0.986896,0
517896,829072,127,0.978036,0
518888,829072,127,0.981522,0
517144,829072,128,0.981631,0
520048,829072,128,0.986951,0
519104,829072,128,0.986995,0
522480,829072,128,0.986868,0
521496,829072,127,0.981137,0
525416,829072,127,0.986735,0
522672,829072,127,0.986864,0
519712,829072,126,0.970844,0
521184,829072,126,0.975939,0
523848,829072,126,0.985165,0
522920,829072,125,0.985218,0
518824,829072,124,0.971544,0
518640,829072,124,0.971567,0
519952,829072,124,0.976108,0
519320,829072,124,0.976164,0
518680,829072,123,0.974117,0
521480,829072,123,0.975990,0
517600,829072,123,0.976311,0
520936,829072,123,0.978600,0
519072,829072,122,0.978743,0
522272,829072,122,0.979806,0
520616,829072,121,0.972549,0
519168,829072,121,0.972689,0
522904,829072,121,0.979769,0
522232,829072,122,0.979816,0
520184,829072,121,0.975512,0
516552,829072,121,0.975818,0
512744,829072,121,0.976130,0
515776,829072,121,0.977993,0
515520,829072,121,0.978015,0
519464,829072,121,0.979304,0
516904,829072,121,0.979488,0
518064,829072,121,0.980112,0
514384,829072,121,0.980362,0
510672,829072,121,0.978559,0
511064,829072,121,0.979993,0
514672,829072,121,0.980340,0
518296,829072,121,0.983507,0
516184,829072,121,0.982733,0
518728,829072,121,0.983482,0
518544,829072,121,0.983495,0
516376,829072,121,0.983619,0
512752,829072,121,0.980473,0
514296,829072,121,0.983734,0
513664,829072,122,0.983769,0
517376,829072,122,0.983942,0
521336,829072,122,0.984217,0
524296,829072,122,0.984553,0
524472,829072,122,0.985155,0
528520,829072,122,0.984996,0
529960,829072,122,0.985031,0
528792,829072,121,0.975664,0
527880,829072,121,0.975746,0
528224,829072,121,0.977098,0
526840,829072,121,0.977213,0
527736,829072,121,0.980468,0
523656,829072,121,0.979107,0
525640,829072,121,0.980611,0
526608,829072,121,0.984113,0
527800,829072,121,0.984128,0
526208,829072,120,0.973863,0
528848,829072,120,0.983137,0
529640,829072,120,0.985048,0
528272,829072,119,0.979215,0
528528,829072,119,0.980268,0
531536,829072,119,0.984946,0
530928,829072,120,0.984979,0
531504,829072,120,0.985003,0
530304,829072,119,0.982992,0
531064,829072,119,0.985029,0
529600,829072,118,0.981873,0
528520,829072,119,0.981942,0
527960,829072,119,0.981981,0
528352,829072,119,0.983509,0
529928,829072,119,0.985092,0
528480,829072,120,0.985168,0
530744,829072,120,0.985560,0
534136,829072,120,0.985640,0
533376,829072,120,0.982801,0
532376,829072,119,0.972252,0
529944,829072,120,0.972492,0
533152,829072,120,0.982818,0
532560,829072,120,0.982858,0
532840,829072,120,0.983901,0
536896,829072,120,0.983777,0
538632,829072,120,0.985403,0
536072,829072,120,0.977484,0
539424,829072,120,0.985361,0
537680,829072,119,0.970275,0
538904,829072,119,0.974810,0
537712,829072,118,0.974343,0
539176,829072,118,0.974789,0
535960,829072,117,0.975092,0
538712,829072,117,0.976070,0
537464,829072,116,0.976187,0
541144,829072,116,0.979620,0
539648,829072,117,0.979733,0
542632,829072,117,0.980278,0
542424,829072,116,0.980301,0
544808,829072,116,0.982193,0
544272,829072,115,0.978101,0
546744,829072,115,0.982066,0
543552,829072,115,0.974485,0
545632,829072,115,0.982141,0
544632,829072,115,0.982211,0
541664,829072,115,0.978257,0
538528,829072,116,0.978507,0
534968,829072,117,0.978784,0
538848,829072,117,0.982589,0
542680,829072,117,0.982486,0
545288,829072,117,0.984748,0
547904,829072,117,0.984897,0
546088,829072,116,0.972909,0
546288,829072,116,0.973819,0
545944,829072,117,0.973853,0
547808,829072,117,0.980923,0
544920,829072,117,0.979962,0
547344,829072,117,0.980957,0
545576,829072,117,0.981087,0
547256,829072,117,0.983570,0
543880,829072,117,0.977706,0
543224,829072,116,0.977768,0
539848,829072,117,0.978045,0
540000,829072,117,0.978766,0
537920,829072,117,0.978931,0
539280,829072,117,0.980146,0
537712,829072,117,0.980263,0
536216,829072,117,0.980374,0
537056,829072,117,0.981856,0
533344,829072,117,0.976116,0
529800,829072,117,0.976421,0
527424,829072,116,0.976626,0
527552,829072,116,0.977232,0
527688,829072,116,0.977866,0
528104,829072,116,0.979467,0
524144,829072,116,0.979754,0
521096,829072,116,0.978868,0
523640,829072,116,0.979789,0
519720,829072,116,0.975622,0
523760,829072,116,0.979781,0
526584,829072,116,0.980139,0
530328,829072,116,0.982291,0
526264,829072,116,0.976148,0
526384,829072,116,0.976724,0
528352,829072,116,0.982411,0
532256,829072,116,0.983080,0
532088,829072,116,0.983093,0
534048,829072,116,0.983346,0
531656,829072,117,0.983488,0
533144,829072,117,0.983771,0
532712,829072,117,0.983799,0
535816,829072,117,0.984195,0
534064,829072,116,0.969322,0
532264,829072,117,0.969520,0
532320,829072,117,0.969881,0
531280,829072,117,0.969998,0
533568,829072,117,0.978159,0
533808,829072,117,0.979175,0
532672,829072,118,0.979260,0
535408,829072,118,0.984215,0
533368,829072,118,0.984334,0
536520,829072,118,0.984210,0
533128,829072,117,0.973073,0
530240,829072,117,0.973355,0
528768,829072,118,0.973493,0
529680,829072,118,0.976813,0
530208,829072,118,0.978815,0
532288,829072,118,0.979801,0
529024,829072,119,0.980035,0
531384,829072,119,0.984497,0
530128,829072,119,0.984569,0
533664,829072,119,0.984427,0
530792,829072,118,0.966103,0
531136,829072,118,0.967455,0
528168,829072,118,0.967802,0
531312,829072,118,0.978843,0
529912,829072,118,0.978952,0
529928,829072,118,0.979174,0
529400,829072,119,0.979213,0
527832,829072,118,0.979335,0
527040,829072,118,0.979397,0
523832,829072,117,0.967196,0
522488,829072,117,0.967354,0
522072,829072,118,0.967401,0
522504,829072,118,0.969009,0
524312,829072,118,0.975275,0
524896,829072,118,0.977428,0
523928,829072,119,0.977504,0
525824,829072,119,0.979481,0
525160,829072,119,0.979532,0
525480,829072,119,0.980066,0
521416,829072,119,0.980348,0
519224,829072,119,0.980499,0
520720,829072,119,0.981111,0
517048,829072,118,0.962516,0
517480,829072,118,0.964088,0
515400,829072,118,0.964347,0
517328,829072,118,0.970828,0
518296,829072,118,0.974195,0
520704,829072,118,0.981109,0
518048,829072,118,0.981283,0
519384,829072,118,0.981414,0
522760,829072,118,0.981471,0
525136,829072,118,0.982153,0
523768,829072,118,0.982241,0
526976,829072,118,0.983107,0
525040,829072,118,0.983224,0
524912,829072,118,0.983235,0
523848,829072,118,0.983299,0
523456,829072,119,0.983322,0
525200,829072,119,0.983358,0
527744,829072,119,0.983939,0
524032,829072,119,0.983175,0
524048,829072,119,0.983394,0
525032,829072,119,0.984089,0
523680,829072,120,0.984164,0
527080,829072,120,0.984084,0
523576,829072,119,0.963142,0
526656,829072,119,0.973733,0
526376,829072,120,0.973759,0
526632,829072,120,0.974800,0
523232,829072,120,0.975101,0
520248,829072,120,0.975361,0
517088,829072,121,0.975626,0
514616,829072,121,0.975833,0
512024,829072,121,0.971635,0
512416,829072,121,0.973066,0
512920,829072,121,0.974867,0
509536,829072,120,0.974891,0
510360,829072,120,0.975084,0
512752,829072,120,0.975980,0
515984,829072,120,0.977285,0
518192,829072,120,0.981207,0
516648,829072,121,0.981306,0
519784,829072,121,0.982640,0
518416,829072,120,0.973926,0
520456,829072,120,0.980923,0
523728,829072,120,0.982401,0
522288,829072,120,0.982492,0
525160,829072,120,0.984076,0
523200,829072,120,0.983604,0
525736,829072,120,0.984044,0
523656,829072,119,0.977291,0
525560,829072,119,0.983973,0
524648,829072,120,0.984024,0
525840,829072,120,0.984038,0
522608,829072,120,0.975151,0
525976,829072,120,0.984031,0
522968,829072,119,0.974791,0
523328,829072,119,0.976173,0
519280,829072,119,0.976508,0
522152,829072,119,0.984245,0
518840,829072,118,0.961988,0
517928,829072,119,0.962106,0
513912,829072,119,0.962624,0
513712,829072,120,0.962649,0
515568,829072,120,0.968850,0
517328,829072,120,0.974812,0
521200,829072,120,0.979605,0
524904,829072,120,0.984091,0
524400,829072,121,0.984119,0
528424,829072,121,0.984003,0
526016,829072,122,0.984138,0
524560,829072,122,0.982322,0
521824,829072,122,0.980031,0
520336,829072,121,0.980140,0
520136,829072,120,0.980160,0
521648,829072,120,0.982512,0
519032,829072,120,0.982671,0
522640,829072,120,0.983533,0
525368,829072,120,0.984185,0
522792,829072,119,0.981059,0
524656,829072,119,0.984227,0
526456,829072,119,0.984377,0
522808,829072,120,0.984575,0
520080,829072,120,0.983678,0
522160,829072,120,0.984609,0
522968,829072,120,0.985008,0
526048,829072,120,0.984984,0
527576,829072,120,0.984985,0
524544,829072,121,0.985144,0
526784,829072,121,0.985052,0
525472,829072,122,0.985121,0
526576,829072,122,0.985173,0
523744,829072,122,0.981896,0
524736,829072,122,0.985269,0
521600,829072,123,0.985428,0
524352,829072,123,0.985481,0
523072,829072,123,0.985548,0
527088,829072,123,0.985370,0
524880,829072,124,0.985483,0
527808,829072,124,0.985669,0
525192,829072,125,0.985800,0
521584,829072,125,0.982495,0
522256,829072,125,0.984947,0
526080,829072,125,0.985754,0
524584,829072,126,0.985828,0
528184,829072,126,0.985928,0
525704,829072,126,0.986053,0
529616,829072,126,0.985999,0
526472,829072,127,0.986154,0
525456,829072,127,0.983598,0
527080,829072,127,0.986124,0
530392,829072,127,0.986500,0
528968,829072,128,0.986568,0
529992,829072,128,0.986517,0
528152,829072,128,0.986607,0
528872,829072,128,0.986684,0
525768,829072,128,0.984164,0
524088,829072,128,0.978231,0
524360,829072,128,0.979324,0
521720,829072,127,0.976005,0
523592,829072,127,0.979383,0
525808,829072,127,0.982393,0
524640,829072,127,0.982467,0
524704,829072,127,0.982852,0
521496,829072,127,0.980418,0
517536,829072,126,0.972751,0
517640,829072,126,0.973255,0
520408,829072,126,0.980491,0
518952,829072,125,0.976209,0
521096,829072,125,0.980448,0
517320,829072,125,0.979721,0
517424,829072,125,0.980229,0
514008,829072,125,0.978196,0
510136,829072,125,0.975394,0
513328,829072,125,0.978246,0
510048,829072,125,0.978486,0
513944,829072,125,0.980464,0
516720,829072,125,0.980739,0
514080,829072,126,0.980910,0
513928,829072,127,0.980920,0
515688,829072,127,0.982972,0
514160,829072,127,0.983063,0
510248,829072,127,0.983286,0
513720,829072,127,0.983492,0
514368,829072,127,0.983966,0
515560,829072,127,0.985498,0
515200,829072,126,0.979268,0
515232,829072,126,0.979533,0
514000,829072,126,0.979622,0
515568,829072,126,0.983413,0
513240,829072,125,0.971101,0
513784,829072,125,0.973037,0
512624,829072,125,0.973146,0
515592,829072,125,0.983089,0
514920,829072,126,0.983127,0
518656,829072,126,0.983237,0
514608,829072,125,0.973372,0
511408,829072,126,0.973656,0
508696,829072,125,0.973901,0
512680,829072,125,0.976177,0
515752,829072,125,0.983408,0
518592,829072,125,0.984832,0
516208,829072,124,0.971575,0
518736,829072,124,0.980144,0
516192,829072,124,0.979178,0
520152,829072,124,0.980047,0
519872,829072,124,0.980069,0
516736,829072,124,0.980285,0
519664,829072,124,0.984781,0
515632,829072,123,0.966900,0
514472,829072,122,0.967040,0
517616,829072,122,0.977560,0
519864,829072,122,0.982220,0
522032,829072,122,0.984659,0
519144,829072,121,0.978895,0
519728,829072,121,0.981020,0
517872,829072,122,0.981140,0
515968,829072,122,0.981265,0
514368,829072,123,0.981366,0
516496,829072,123,0.984950,0
518688,829072,123,0.985327,0
521080,829072,123,0.985231,0
520152,829072,124,0.985278,0
521096,829072,124,0.985476,0
520112,829072,124,0.985528,0
520408,829072,124,0.985676,0
518648,829072,124,0.983931,0
518592,829072,124,0.983936,0
521080,829072,124,0.985645,0
517432,829072,124,0.978794,0
513616,829072,125,0.979066,0
511448,829072,125,0.979221,0
509776,829072,124,0.973315,0
512640,829072,124,0.979141,0
514560,829072,124,0.982538,0
516768,829072,124,0.982567,0
515688,829072,125,0.982631,0
519432,829072,125,0.985397,0
520096,829072,125,0.985691,0
516784,829072,125,0.985855,0
514888,829072,126,0.985946,0
515240,829072,126,0.985927,0
512472,829072,127,0.986057,0
512752,829072,127,0.986632,0
508728,829072,127,0.984932,0
509696,829072,127,0.986768,0
512464,829072,127,0.986670,0
510496,829072,126,0.979516,0
507352,829072,127,0.979728,0
509448,829072,127,0.986699,0
505504,829072,128,0.986871,0
509576,833192,128,0.986871,0
508584,833192,128,0.986367,0
511232,833192,128,0.986799,0
507864,833192,128,0.976655,0
507848,833192,128,0.976659,0
504976,833192,129,0.976876,0
504080,833192,128,0.976949,0
508104,833192,128,0.982040,0
506008,833192,128,0.982164,0
506784,833192,128,0.984790,0
508480,833192,128,0.986922,0
505600,833192,127,0.978930,0
501696,833192,127,0.979196,0
502272,833192,127,0.981149,0
502760,833192,127,0.982834,0
501352,833192,127,0.982913,0
504624,833192,127,0.983968,0
505600,833192,127,0.987044,0
502952,833192,127,0.986797,0
502696,833192,127,0.986810,0
500152,833192,126,0.976355,0
503624,833192,126,0.986772,0
503768,833192,126,0.987124,0
505656,833192,126,0.987044,0
503768,833192,126,0.982241,0
503856,833192,126,0.982670,0
506936,833192,126,0.986988,0
508976,833192,126,0.987003,0
511680,833192,126,0.986965,0
511248,833192,127,0.986983,0
511472,833192,127,0.986998,0
508600,833192,127,0.983491,0
512480,833192,127,0.986955,0
510936,833192,127,0.983101,0
512472,833192,127,0.986955,0
511368,833192,126,0.979231,0
508432,833192,126,0.979434,0
505040,833192,126,0.979120,0
504328,833192,125,0.979174,0
504904,833192,125,0.979674,0
505064,833192,125,0.980022,0
508176,833192,125,0.980129,0
505376,833192,125,0.980312,0
509040,833192,125,0.980883,0
505144,833192,125,0.979113,0
506688,833192,125,0.981029,0
504384,833192,125,0.981173,0
505976,833192,125,0.983093,0
505656,833192,124,0.978901,0
507208,833192,124,0.983027,0
510160,833192,124,0.983359,0
507048,833192,124,0.979893,0
508544,833192,124,0.983447,0
505680,833192,125,0.983600,0
505408,833192,126,0.983615,0
509240,833192,126,0.983878,0
510488,833192,126,0.983967,0
507840,833192,126,0.984108,0
509624,833192,126,0.984772,0
507760,833192,126,0.978642,0
507944,833192,126,0.979382,0
505664,833192,126,0.979537,0
506400,833192,126,0.982027,0
505680,833192,126,0.982071,0
508800,833192,126,0.985336,0
507280,833192,126,0.985411,0
505216,833192,126,0.980706,0
502152,833192,126,0.978187,0
504320,833192,126,0.980762,0
507112,833192,126,0.985029,0
506184,833192,126,0.985076,0
504640,833192,127,0.985150,0
506288,833192,127,0.985458,0
507584,833192,127,0.985576,0
507096,833192,128,0.985599,0
507360,833192,128,0.985793,0
504288,833192,128,0.976405,0
505864,833192,128,0.981537,0
507408,833192,128,0.985788,0
504136,833192,129,0.985938,0
507728,833192,129,0.986397,0
507152,833192,130,0.986422,0
509168,833192,130,0.986514,0
506880,833192,131,0.986614,0
510176,833192,131,0.986493,0
507856,833192,130,0.983627,0
508904,833192,130,0.986552,0
506480,833192,130,0.979418,0
507000,833192,130,0.981226,0
504072,833192,130,0.981329,0
506680,833192,130,0.981246,0
505144,833192,130,0.981342,0
507880,833192,130,0.983259,0
504272,833192,129,0.979233,0
501104,833192,129,0.977686,0
501888,833192,129,0.979391,0
505792,833192,129,0.980034,0
502192,833192,129,0.980267,0
498488,833192,128,0.968973,0
501288,833192,128,0.977775,0
498512,833192,128,0.977973,0
501248,833192,128,0.980329,0
499888,833192,128,0.980417,0
498144,833192,128,0.980528,0
496552,833192,128,0.980628,0
493504,833192,127,0.978479,0
492456,833192,127,0.978552,0
494304,833192,127,0.979223,0
490424,833192,127,0.979475,0
493048,833192,127,0.980845,0
490624,833192,126,0.977912,0
490864,833192,126,0.978781,0
489672,833192,125,0.978865,0
487880,833192,125,0.978983,0
489304,833192,125,0.981073,0
485568,833192,125,0.981290,0
486600,833192,125,0.982154,0
484800,833192,124,0.980441,0
487024,833192,124,0.982134,0
486960,833192,125,0.982137,0
487432,833192,125,0.982304,0
488264,833192,125,0.983456,0
488128,833192,125,0.983465,0
485288,833192,125,0.982179,0
488256,833192,125,0.983459,0
486040,833192,125,0.983572,0
483288,833192,125,0.976554,0
483064,833192,125,0.976573,0
485960,833192,125,0.983579,0
487080,833192,125,0.983715,0
487208,833192,125,0.984243,0
487160,833192,124,0.984250,0
487520,833192,124,0.984328,0
491096,833192,124,0.984276,0
488736,833192,123,0.981038,0
490720,833192,123,0.984297,0
494056,833192,123,0.984156,0
496808,833192,123,0.984218,0
498144,833192,123,0.984477,0
500568,833192,123,0.984610,0
500312,833192,124,0.984622,0
499096,833192,124,0.984684,0
497520,833192,124,0.982319,0
496296,833192,125,0.982387,0
492216,833192,124,0.967680,0
494464,833192,124,0.974608,0
495216,833192,124,0.977045,0
495200,833192,124,0.977049,0
491536,833192,124,0.977313,0
490048,833192,124,0.977420,0
490280,833192,124,0.978262,0
487528,833192,123,0.975205,0
489736,833192,123,0.978301,0
493232,833192,123,0.980920,0
496928,833192,123,0.981550,0
498584,833192,123,0.982259,0
498200,833192,123,0.982283,0
502288,833192,123,0.984197,0
500952,833192,123,0.984012,0
499928,833192,122,0.982420,0
496104,833192,121,0.982636,0
492048,833192,121,0.976251,0
490408,833192,121,0.976374,0
493064,833192,121,0.982802,0
489320,833192,121,0.976674,0
485712,833192,120,0.964858,0
487208,833192,120,0.969396,0
484472,833192,120,0.969653,0
483752,833192,120,0.969723,0
486968,833192,120,0.976848,0
487656,833192,120,0.978748,0
488144,833192,120,0.979006,0
489368,833192,120,0.979194,0
493424,833192,120,0.980022,0
491664,833192,121,0.980131,0
487928,833192,121,0.978675,0
490488,833192,121,0.980203,0
492096,833192,121,0.982675,0
493584,833192,121,0.982767,0
489752,833192,120,0.974229,0
491256,833192,120,0.978894,0
490672,833192,121,0.978932,0
491016,833192,121,0.980115,0
492832,833192,121,0.982804,0
496800,833192,121,0.984095,0
493608,833192,121,0.983211,0
491040,833192,121,0.979818,0
490832,833192,122,0.979831,0
492208,833192,122,0.983283,0
495944,833192,122,0.983962,0
499528,833192,122,0.983955,0
502544,833192,122,0.984079,0
501584,833192,122,0.984131,0
503992,833192,122,0.984108,0
503888,833192,123,0.984114,0
506800,833192,123,0.984298,0
507280,833192,123,0.984401,0
504456,833192,122,0.975740,0
503160,833192,123,0.975841,0
502144,833192,123,0.975923,0
505640,833192,123,0.984489,0
508816,833192,123,0.984404,0
511400,833192,123,0.984321,0
510656,833192,122,0.981133,0
512656,833192,122,0.984259,0
510112,833192,122,0.979986,0
513048,833192,122,0.984238,0
512576,833192,123,0.984263,0
512232,833192,124,0.984281,0
508264,833192,124,0.981931,0
511792,833192,124,0.984304,0
514352,833192,124,0.984753,0
512840,833192,125,0.984829,0
514040,833192,125,0.984793,0
513304,833192,126,0.984830,0
517368,833192,126,0.985293,0
517128,833192,127,0.985304,0
520888,833192,127,0.985332,0
523928,833192,127,0.985424,0
523896,833192,127,0.985428,0
526416,833192,127,0.985464,0
524848,833192,127,0.980552,0
523096,833192,126,0.976756,0
519216,833192,126,0.977064,0
522424,833192,126,0.980720,0
526000,833192,126,0.982499,0
524744,833192,126,0.982578,0
526912,833192,126,0.983777,0
528160,833192,126,0.985378,0
524432,833192,126,0.974855,0
526896,833192,126,0.983359,0
524896,833192,126,0.980194,0
521736,833192,126,0.980410,0
517968,833192,125,0.967147,0
521000,833192,125,0.977279,0
524496,833192,125,0.980224,0
527224,833192,125,0.980172,0
527104,833192,125,0.980184,0
526528,833192,126,0.980224,0
527624,833192,126,0.983319,0
529824,833192,126,0.984002,0
526616,833192,127,0.984180,0
522936,833192,127,0.974737,0
523912,833192,127,0.978168,0
524928,833192,127,0.981758,0
522000,833192,127,0.978911,0
523832,833192,127,0.981827,0
521664,833192,126,0.968517,0
524904,833192,126,0.979500,0
523464,833192,125,0.979608,0
522520,833192,125,0.979677,0
518928,833192,125,0.979927,0
520144,833192,125,0.982066,0
517240,833192,125,0.981894,0
517056,833192,125,0.981908,0
516168,833192,126,0.981962,0
516544,833192,126,0.982285,0
518320,833192,126,0.983255,0
518632,833192,126,0.984206,0
522184,833192,126,0.984258,0
519104,833192,126,0.981774,0
516856,833192,126,0.981754,0
517904,833192,126,0.981848,0
516872,833192,127,0.981911,0
518360,833192,127,0.984461,0
515424,833192,127,0.979621,0
514600,833192,126,0.979684,0
516208,833192,126,0.984578,0
517232,833192,126,0.984684,0
519504,833192,126,0.984942,0
522440,833192,126,0.985062,0
520216,833192,126,0.978065,0
517064,833192,125,0.964825,0
518856,833192,125,0.970820,0
522088,833192,125,0.977925,0
521544,833192,126,0.977966,0
518888,833192,127,0.978163,0
520896,833192,127,0.981766,0
523944,833192,127,0.984845,0
520416,833192,127,0.981171,0
518872,833192,126,0.975574,0
515376,833192,126,0.975863,0
512792,833192,126,0.976073,0
516096,833192,126,0.976367,0
518112,833192,126,0.981323,0
515704,833192,125,0.974344,0
512488,833192,126,0.974617,0
513632,833192,126,0.978472,0
516312,833192,126,0.981436,0
514144,833192,126,0.981573,0
517584,833192,126,0.982997,0
518160,833192,126,0.983150,0
520016,833192,126,0.983801,0
516776,833192,127,0.983977,0
512712,833192,127,0.984195,0
514696,833192,127,0.984755,0
512272,833192,127,0.983743,0
509520,833192,126,0.979809,0
507248,833192,126,0.979961,0
509336,833192,126,0.983904,0
506272,833192,126,0.984066,0
509208,833192,126,0.983937,0
511312,833192,126,0.984930,0
511952,833192,126,0.984948,0
509744,833192,127,0.985057,0
511800,833192,127,0.985376,0
512384,833192,127,0.985424,0
509472,833192,127,0.983811,0
511376,833192,127,0.985473,0
508256,833192,126,0.978607,0
506472,833192,125,0.975756,0
507448,833192,125,0.978667,0
505408,833192,124,0.973776,0
502288,833192,123,0.972281,0
506048,833192,123,0.973726,0
502056,833192,122,0.972536,0
503104,833192,122,0.973978,0
504008,833192,122,0.975878,0
500744,833192,122,0.976132,0
503960,833192,122,0.976962,0
507152,833192,122,0.978694,0
504256,833192,122,0.978896,0
500184,833192,122,0.978207,0
500976,833192,122,0.979116,0
503976,833192,122,0.979246,0
500536,833192,122,0.979476,0
498256,833192,121,0.971982,0
499744,833192,121,0.976715,0
501408,833192,121,0.979419,0
501016,833192,121,0.979448,0
501504,833192,121,0.980790,0
500920,833192,121,0.980829,0
497512,833192,120,0.970239,0
495992,833192,120,0.970385,0
499760,833192,120,0.980905,0
502736,833192,120,0.981053,0
500904,833192,120,0.980352,0
499680,833192,120,0.980431,0
495720,833192,121,0.980674,0
493472,833192,122,0.980809,0
497392,833192,122,0.981375,0
500928,833192,122,0.982053,0
499504,833192,122,0.982137,0
497728,833192,122,0.982240,0
497336,833192,122,0.982264,0
501408,833192,122,0.982057,0
503568,833192,122,0.982212,0
502984,833192,122,0.982248,0
500424,833192,122,0.982395,0
500368,833192,122,0.982401,0
502872,833192,122,0.982744,0
506480,833192,122,0.982876,0
504928,833192,122,0.982500,0
505904,833192,122,0.982908,0
505328,833192,122,0.982942,0
504080,833192,122,0.983013,0
506472,833192,122,0.983086,0
507368,833192,122,0.983996,0
507928,833192,122,0.985578,0
506912,833192,121,0.984463,0
504360,833192,121,0.979140,0
507952,833192,121,0.984410,0
507368,833192,122,0.984440,0
509400,833192,122,0.985511,0
512704,833192,122,0.985430,0
509208,833192,122,0.975379,0
510552,833192,122,0.979835,0
513944,833192,122,0.985368,0
514920,833192,122,0.985318,0
516096,833192,122,0.985391,0
517872,833192,122,0.985382,0
515248,833192,123,0.985510,0
517000,833192,123,0.985503,0
514856,833192,123,0.985609,0
518104,833192,123,0.985584,0
517976,833192,123,0.985593,0
515736,833192,123,0.985703,0
516872,833192,123,0.985727,0
520864,833192,123,0.985585,0
517448,833192,123,0.978306,0
513432,833192,122,0.968685,0
510200,833192,123,0.969017,0
506896,833192,123,0.969354,0
505760,833192,123,0.969471,0
504792,833192,123,0.969571,0
502112,833192,123,0.969836,0
498528,833192,123,0.970182,0
496520,833192,123,0.970374,0
494864,833192,122,0.970536,0
496384,833192,122,0.974528,0
497680,833192,122,0.975201,0
500272,833192,122,0.977049,0
499056,833192,122,0.977141,0
501600,833192,122,0.978380,0
502224,833192,122,0.979279,0
504448,833192,122,0.979230,0
501760,833192,122,0.979412,0
504768,833192,122,0.979338,0
505064,833192,122,0.980295,0
506760,833192,122,0.980313,0
504600,833192,122,0.980453,0
506576,833192,122,0.981751,0
505328,833192,122,0.981827,0
508440,833192,122,0.982918,0
508480,833192,122,0.983200,0
512328,833192,122,0.983089,0
509136,833192,123,0.983266,0
506872,833192,122,0.980099,0
509888,833192,122,0.983227,0
509264,833192,123,0.983261,0
508968,833192,124,0.983278,0
510008,833192,124,0.984686,0
508984,833192,124,0.984740,0
510200,833192,124,0.984782,0
508704,833192,124,0.984467,0
509360,833192,124,0.984824,0
509616,833192,124,0.984913,0
512736,833192,124,0.985099,0
511616,833192,124,0.985156,0
512472,833192,124,0.985562,0
514280,833192,124,0.985579,0
511312,833192,124,0.980638,0
511760,833192,124,0.982242,0
508056,833192,124,0.978263,0
505120,833192,124,0.978472,0
507792,833192,124,0.982474,0
505024,833192,123,0.973013,0
505760,833192,123,0.975479,0
507096,833192,123,0.979864,0
505952,833192,124,0.979938,0
508464,833192,124,0.982433,0
504880,833192,124,0.982639,0
508104,833192,124,0.985504,0
506256,833192,125,0.985591,0
509704,833192,125,0.985976,0
508952,833192,125,0.986013,0
506920,833192,125,0.984446,0
504640,833192,124,0.980261,0
506480,833192,124,0.984470,0
510392,833192,124,0.985949,0
513864,833192,124,0.985918,0
510032,833192,124,0.976837,0
509016,833192,125,0.976914,0
504992,833192,124,0.972216,0
506688,833192,124,0.977092,0
507136,833192,124,0.977678,0
506816,833192,124,0.977705,0
508464,833192,124,0.978573,0
509256,833192,124,0.981262,0
506304,833192,124,0.971726,0
508248,833192,124,0.978037,0
504976,833192,124,0.978273,0
506720,833192,124,0.983207,0
504520,833192,124,0.983329,0
504560,833192,124,0.983608,0
500760,833192,124,0.983809,0
504800,833192,124,0.984059,0
503808,833192,124,0.984113,0
500592,833192,124,0.976137,0
502160,833192,124,0.981179,0
502680,833192,124,0.982964,0
501176,833192,124,0.983048,0
504808,833192,124,0.984059,0
503072,833192,123,0.980768,0
504992,833192,123,0.984052,0
504024,833192,122,0.974925,0
505648,833192,122,0.980194,0
503672,833192,122,0.980323,0
505424,833192,122,0.980389,0
504584,833192,121,0.980448,0
505304,833192,121,0.982879,0
504568,833192,121,0.982922,0
502552,833192,122,0.983032,0
501896,833192,121,0.971124,0
503112,833192,121,0.975058,0
499864,833192,121,0.975318,0
497768,833192,121,0.975485,0
499768,833192,121,0.981818,0
495904,833192,121,0.979435,0
499560,833192,121,0.981830,0
502952,833192,121,0.983013,0
503200,833192,121,0.983920,0
502968,833192,121,0.983935,0
499592,833192,121,0.983653,0
499464,833192,121,0.983662,0
502056,833192,121,0.983984,0
503032,833192,121,0.983957,0
506088,833192,121,0.984003,0
507400,833192,121,0.984426,0
503328,833192,120,0.975964,0
507040,833192,120,0.984447,0
505552,833192,120,0.982586,0
507000,833192,120,0.984449,0
506856,833192,120,0.984459,0
510384,833192,120,0.985457,0
507376,833192,120,0.985264,0
505272,833192,120,0.984153,0
502472,833192,120,0.982021,0
499968,833192,120,0.982167,0
499928,833192,121,0.982169,0
503880,833192,121,0.982197,0
503584,833192,122,0.982214,0
501376,833192,122,0.982342,0
499712,833192,123,0.982435,0
501688,833192,123,0.984337,0
505200,833192,123,0.985370,0
504224,833192,122,0.982360,0
507296,833192,122,0.985272,0
506648,833192,122,0.985306,0
507776,833192,122,0.985588,0
507736,833192,123,0.985589,0
505680,833192,123,0.984706,0
506312,833192,123,0.985656,0
505336,833192,123,0.983819,0
505112,833192,123,0.983834,0
505672,833192,123,0.985688,0
506360,833192,123,0.985680,0
506400,833192,123,0.985727,0
505768,833192,123,0.984699,0
506584,833192,123,0.985719,0
509384,833192,123,0.985821,0
509632,833192,123,0.985834,0
508840,833192,124,0.985870,0
505504,833192,125,0.986022,0
502944,833192,125,0.985550,0
506648,833192,125,0.985971,0
510048,833192,125,0.985838,0
507440,833192,125,0.981151,0
508360,833192,125,0.984247,0
509072,833192,125,0.985881,0
509920,833192,125,0.985892,0
512352,833192,125,0.985988,0
513768,833192,125,0.986000,0
510976,833192,124,0.972344,0
514136,833192,124,0.982714,0
511744,833192,124,0.982853,0
514216,833192,124,0.985981,0
510296,833192,124,0.979731,0
506408,833192,124,0.979990,0
510280,833192,124,0.982121,0
512344,833192,124,0.986068,0
510896,833192,124,0.982269,0
510640,833192,125,0.982284,0
514672,833192,125,0.985960,0
515408,833192,125,0.986083,0
513016,833192,125,0.983493,0
513880,833192,125,0.986154,0
512432,833192,126,0.986220,0
513624,833192,126,0.986190,0
512576,833192,127,0.986238,0
511728,833192,127,0.985751,0
510872,833192,127,0.985188,0
510208,833192,128,0.985220,0
508224,833192,128,0.980129,0
504480,833192,127,0.962140,0
505112,833192,127,0.964251,0
505488,833192,127,0.965572,0
505656,833192,127,0.966246,0
503872,833192,126,0.966450,0
507840,833192,126,0.979086,0
509432,833192,126,0.980047,0
511304,833192,126,0.984242,0
513480,833192,126,0.985055,0
509448,833192,126,0.982348,0
513040,833192,126,0.985077,0
509168,833192,126,0.979800,0
510344,833192,126,0.983738,0
506808,833192,126,0.980785,0
509976,833192,126,0.983758,0
508368,833192,127,0.983843,0
511896,833192,127,0.985131,0
508560,833192,126,0.980075,0
509040,833192,126,0.981767,0
507168,833192,126,0.980191,0
506360,833192,126,0.980246,0
504840,833192,126,0.980346,0
505808,833192,126,0.981963,0
505752,833192,126,0.981969,0
502360,833192,126,0.981656,0
502592,833192,126,0.982152,0
500896,833192,126,0.982251,0
503680,833192,126,0.982475,0
506544,833192,126,0.983528,0
502776,833192,127,0.983727,0
504624,833192,127,0.985484,0
506504,833192,127,0.985990,0
503488,833192,127,0.980296,0
502928,833192,128,0.980332,0
504120,833192,128,0.984244,0
506144,833192,128,0.986004,0
502592,833192,127,0.976613,0
504240,833192,127,0.981946,0
502320,833192,127,0.980805,0
499592,833192,126,0.973647,0
502240,833192,126,0.980813,0
503896,833192,126,0.981943,0
504664,833192,126,0.981921,0
502680,833192,125,0.972178,0
503056,833192,125,0.973500,0
501360,833192,126,0.973643,0
503024,833192,126,0.978989,0
502576,833192,127,0.979019,0
504856,833192,127,0.981907,0
501152,833192,127,0.982123,0
504064,833192,127,0.984553,0
503144,833192,128,0.984599,0
499848,833192,128,0.984762,0
503112,833192,128,0.985524,0
500832,833192,128,0.979135,0
498832,833192,129,0.979267,0
499504,833192,129,0.981504,0
499616,833192,129,0.982002,0
501352,833192,129,0.985601,0
497592,833192,129,0.976114,0
496624,833192,130,0.976186,0
500032,833192,130,0.985662,0
503416,833192,130,0.986120,0
503040,833192,131,0.986137,0
503608,833192,131,0.986187,0
502392,833192,131,0.985039,0
500416,833192,130,0.981600,0
503912,833192,130,0.984968,0
501488,833192,130,0.985086,0
503320,833192,130,0.986204,0
502632,833192,130,0.985801,0
504416,833192,130,0.986155,0
506176,833192,130,0.986307,0
504480,833192,130,0.984889,0
508240,833192,130,0.986215,0
506408,833192,130,0.984846,0
508616,833192,130,0.986198,0
506856,833192,130,0.986045,0
505664,833192,129,0.976373,0
505712,833192,129,0.976677,0
503224,833192,129,0.976867,0
501728,833192,130,0.976977,0
498120,833192,131,0.977239,0
499248,833192,131,0.980882,0
498728,833192,131,0.980916,0
500944,833192,131,0.984704,0
503272,833192,131,0.985487,0
504000,833192,131,0.986172,0
504336,833192,131,0.986386,0
504224,833192,132,0.986391,0
508080,833192,132,0.986427,0
505408,833192,133,0.986544,0
508456,833192,133,0.986539,0
507728,833192,132,0.976408,0
504280,833192,133,0.976670,0
503760,833192,134,0.976709,0
504408,833192,134,0.978901,0
507840,833192,134,0.986566,0
509152,833192,134,0.986506,0
506632,833192,133,0.976722,0
507928,833192,133,0.981004,0
505280,833192,134,0.981167,0
505040,833192,133,0.981187,0
506232,833192,133,0.985133,0
506936,833192,133,0.986215,0
503344,833192,133,0.978536,0
506032,833192,133,0.986256,0
502456,833192,133,0.981930,0
498960,833192,133,0.978838,0
501248,833192,133,0.981999,0
503512,833192,133,0.986033,0
500112,833192,133,0.986186,0
499680,833192,134,0.986205,0
499536,833192,133,0.983778,0
495680,833192,133,0.983977,0
498480,833192,133,0.986261,0
501528,833192,133,0.986176,0
499592,833192,132,0.981696,0
497048,833192,132,0.981845,0
494248,833192,132,0.982006,0
497568,833192,132,0.983884,0
499328,833192,132,0.986277,0
500320,833192,132,0.986512,0
497336,833192,132,0.986615,0
495592,833192,133,0.986688,0
492120,833192,133,0.980511,0
495696,833192,133,0.986684,0
492376,833192,133,0.982108,0
490272,833192,133,0.982227,0
491880,833192,133,0.986843,0
495448,833192,133,0.986719,0
491784,833192,132,0.968622,0
494272,833192,132,0.976286,0
494416,833192,132,0.976871,0
497184,833192,132,0.985536,0
495160,833192,132,0.984679,0
491504,833192,132,0.979682,0
495072,833192,132,0.984683,0
493128,833192,131,0.984780,0
495656,833192,131,0.985610,0
498080,833192,131,0.985548,0
500616,833192,131,0.986499,0
502344,833192,131,0.986473,0
500136,833192,131,0.984408,0
499464,833192,131,0.984444,0
498728,833192,131,0.984483,0
502816,833192,131,0.986457,0
499800,833192,131,0.982525,0
500672,833192,131,0.985403,0
501544,833192,131,0.986510,0
501840,833192,131,0.986828,0
501464,833192,131,0.986845,0
504048,833192,131,0.986760,0
502632,833192,131,0.986412,0
505360,833192,131,0.986704,0
503480,833192,132,0.986784,0
502352,833192,132,0.985476,0
501160,833192,133,0.985531,0
504248,833192,133,0.986751,0
504208,833192,133,0.986755,0
500800,833192,134,0.986899,0
500240,833192,134,0.986924,0
497816,833192,134,0.985512,0
498424,833192,134,0.986999,0
499640,833192,134,0.987074,0
499512,833192,134,0.987081,0
500120,833192,134,0.987054,0
497088,833192,135,0.987178,0
500616,833192,135,0.987057,0
500056,833192,136,0.987080,0
502288,833192,136,0.987063,0
505800,833192,136,0.986940,0
508504,833192,136,0.986822,0
504808,833192,135,0.970480,0
502840,833192,135,0.970671,0
505880,833192,135,0.980381,0
509752,833192,135,0.986770,0
510160,833192,135,0.986987,0
512528,833192,135,0.986936,0
508576,833192,135,0.981615,0
512584,833192,135,0.986933,0
509016,833192,135,0.986093,0
512576,833192,135,0.986934,0
509048,833192,136,0.987085,0
507544,833192,136,0.982198,0
504280,833192,137,0.982385,0
501768,833192,137,0.980176,0
505624,833192,137,0.982308,0
503888,833192,136,0.978911,0
504040,833192,136,0.979541,0
501128,833192,137,0.979731,0
504016,833192,137,0.982400,0
506280,833192,137,0.987201,0
509576,833192,137,0.987087,0
505536,833192,137,0.980990,0
506344,833192,137,0.983716,0
508904,833192,137,0.987113,0
505864,833192,137,0.986023,0
508648,833192,137,0.987124,0
507096,833192,136,0.987193,0
508624,833192,136,0.987310,0
505320,833192,136,0.985662,0
504120,833192,136,0.985230,0
505792,833192,136,0.985640,0
509784,833192,136,0.987262,0
508032,833192,137,0.987334,0
509696,833192,137,0.987290,0
508504,833192,137,0.986373,0
510696,833192,137,0.987248,0
507696,833192,136,0.973579,0
510144,833192,136,0.981567,0
506576,833192,137,0.981780,0
509560,833192,137,0.987295,0
506856,833192,137,0.980697,0
509544,833192,137,0.987296,0
508696,833192,136,0.984666,0
512552,833192,136,0.987171,0
508496,833192,136,0.978269,0
508648,833192,136,0.978909,0
506744,833192,136,0.979043,0
503816,833192,136,0.978394,0
504912,833192,136,0.979167,0
504424,833192,137,0.979200,0
505920,833192,137,0.981949,0
505200,833192,137,0.981994,0
502496,833192,137,0.982152,0
500872,833192,136,0.982250,0
503744,833192,136,0.984014,0
501016,833192,136,0.984156,0
500368,833192,136,0.984191,0
499024,833192,136,0.983323,0
497808,833192,136,0.983389,0
500416,833192,136,0.984191,0
497808,833192,136,0.983389,0
497000,833192,137,0.983432,0
498384,833192,137,0.984292,0
501032,833192,137,0.984361,0
502168,833192,137,0.986428,0
502568,833192,137,0.987075,0
501832,833192,137,0.986570,0
503944,833192,137,0.987018,0
500432,833192,137,0.987139,0
503872,833192,137,0.987021,0
507848,833192,137,0.987503,0
504520,833192,137,0.978090,0
503656,833192,137,0.978155,0
506328,833192,137,0.986787,0
506472,833192,137,0.987403,0
506872,833192,137,0.987540,0
503208,833192,137,0.980415,0
506360,833192,137,0.987561,0
507072,833192,137,0.987530,0
509976,833192,137,0.987541,0
507712,833192,136,0.973760,0
508712,833192,136,0.977099,0
507120,833192,137,0.977218,0
504256,833192,138,0.977428,0
503440,833192,139,0.977487,0
506216,833192,139,0.986446,0
505024,833192,139,0.985415,0
506512,833192,139,0.986433,0
504736,833192,138,0.977345,0
507536,833192,138,0.986390,0
509856,833192,138,0.986311,0
512168,833192,138,0.987448,0
511560,833192,139,0.987474,0
514624,833192,139,0.987397,0
514264,833192,139,0.987414,0
515344,833192,139,0.987393,0
513032,833192,139,0.986164,0
515832,833192,139,0.987373,0
512656,833192,139,0.984086,0
509008,833192,138,0.971078,0
510768,833192,138,0.976861,0
512496,833192,138,0.982610,0
508424,833192,137,0.976545,0
510384,833192,137,0.982734,0
509072,833192,137,0.982811,0
507352,833192,137,0.980825,0
509560,833192,137,0.982783,0
510112,833192,137,0.983012,0
506680,833192,136,0.973822,0
503632,833192,136,0.974083,0
506064,833192,136,0.981917,0
507560,833192,136,0.983156,0
506568,833192,136,0.983213,0
508448,833192,136,0.984310,0
506800,833192,135,0.978757,0
504784,833192,136,0.978895,0
503208,833192,136,0.979005,0
499120,833192,135,0.966732,0
500464,833192,135,0.971016,0
500712,833192,135,0.971932,0
501632,833192,135,0.974939,0
498552,833192,134,0.975191,0
495960,833192,133,0.975400,0
497760,833192,133,0.976267,0
498288,833192,133,0.978045,0
496496,833192,133,0.978172,0
495624,833192,133,0.978235,0
499392,833192,133,0.979266,0
503168,833192,133,0.979730,0
501368,833192,133,0.974972,0
504848,833192,133,0.979620,0
507720,833192,133,0.979765,0
505968,833192,133,0.979883,0
504312,833192,133,0.979994,0
507384,833192,133,0.980051,0
510328,833192,133,0.983326,0
507784,833192,133,0.975905,0
509792,833192,133,0.982489,0
507104,833192,133,0.980694,0
503368,833192,132,0.974712,0
502736,833192,133,0.974763,0
501640,833192,134,0.974852,0
501072,833192,133,0.974905,0
500824,833192,134,0.974925,0
501056,833192,134,0.975795,0
503904,833192,134,0.976780,0
502296,833192,134,0.975699,0
504328,833192,134,0.976748,0
507008,833192,134,0.982081,0
509648,833192,134,0.982500,0
507160,833192,135,0.982642,0
503664,833192,135,0.981399,0
505736,833192,135,0.982722,0
505760,833192,135,0.982951,0
507168,833192,135,0.983495,0
504488,833192,135,0.976725,0
502024,833192,134,0.973102,0
498448,833192,134,0.973411,0
500104,833192,134,0.977057,0
503928,833192,134,0.978419,0
506144,833192,134,0.983553,0
509400,833192,134,0.984607,0
505640,833192,133,0.980164,0
508752,833192,133,0.984642,0
506712,833192,132,0.977655,0
507256,833192,132,0.979539,0
507208,833192,132,0.979545,0
504408,833192,133,0.979730,0
501328,833192,132,0.977944,0
503960,833192,132,0.979762,0
506768,833192,132,0.984746,0
508128,833192,132,0.984832,0
504776,833192,131,0.978005,0
505496,833192,131,0.980435,0
502864,833192,131,0.977832,0
505432,833192,131,0.980439,0
504528,833192,131,0.980499,0
506688,833192,131,0.984906,0
504424,833192,132,0.985016,0
501992,833192,132,0.985135,0
500280,833192,131,0.985220,0
504072,833192,131,0.985707,0
501280,833192,130,0.979230,0
502040,833192,130,0.981760,0
504184,833192,130,0.985702,0
506752,833192,130,0.985814,0
503272,833192,130,0.974827,0
502936,833192,129,0.974861,0
504216,833192,129,0.977253,0
501528,833192,130,0.977448,0
499056,833192,131,0.977625,0
497560,833192,132,0.977730,0
498952,833192,132,0.979377,0
500256,833192,132,0.982112,0
504232,833192,132,0.983375,0
506168,833192,132,0.985914,0
504504,833192,132,0.982664,0
505272,833192,132,0.985257,0
502744,833192,132,0.985379,0
499488,833192,132,0.983907,0
503304,833192,132,0.985352,0
504392,833192,132,0.985995,0
502104,833192,131,0.968774,0
505928,833192,131,0.980926,0
504176,833192,131,0.981036,0
501984,833192,131,0.981172,0
502048,833192,131,0.981524,0
499264,833192,131,0.981690,0
500304,833192,131,0.985087,0
502512,833192,131,0.986184,0
499472,833192,131,0.978883,0
498392,833192,130,0.975876,0
497264,833192,130,0.975966,0
493728,833192,130,0.976234,0
494992,833192,130,0.979188,0
494384,833192,131,0.979228,0
492520,833192,131,0.979351,0
489768,833192,130,0.978769,0
491496,833192,130,0.979419,0
491120,833192,130,0.979446,0
489008,833192,130,0.979582,0
492224,833192,130,0.980417,0
490224,833192,130,0.980540,0
492408,833192,130,0.984101,0
496400,833192,130,0.984327,0
494336,833192,129,0.972133,0
496040,833192,129,0.977473,0
500088,833192,129,0.984143,0
497216,833192,128,0.978879,0
495056,833192,128,0.979024,0
495152,833192,128,0.979465,0
499224,833192,128,0.980844,0
496152,833192,128,0.981032,0
492592,833192,128,0.981244,0
496328,833192,128,0.982779,0
499880,833192,128,0.982759,0
500800,833192,128,0.984107,0
503536,833192,128,0.983991,0
504824,833192,128,0.984980,0
506848,833192,128,0.985502,0
506672,833192,128,0.985513,0
508392,833192,128,0.985925,0
506160,833192,127,0.978024,0
507240,833192,127,0.981611,0
504280,833192,127,0.977410,0
508088,833192,127,0.981560,0
507688,833192,127,0.981587,0
510440,833192,127,0.985833,0
508064,833192,127,0.978070,0
508448,833192,127,0.979449,0
506720,833192,127,0.979567,0
509912,833192,127,0.985857,0
506864,833192,127,0.986000,0
507992,833192,127,0.985946,0
506208,833192,127,0.984993,0
503672,833192,127,0.985117,0
500200,833192,127,0.985284,0
500976,833192,127,0.985423,0
502952,833192,127,0.985354,0
501672,833192,128,0.985414,0
500800,833192,128,0.985457,0
501152,833192,128,0.986255,0
502200,833192,128,0.986258,0
502936,833192,128,0.986582,0
502624,833192,128,0.986598,0
503040,833192,128,0.986629,0
500912,833192,127,0.977015,0
501232,833192,127,0.978162,0
499624,833192,126,0.973941,0
501520,833192,126,0.978145,0
497512,833192,126,0.978424,0
500608,833192,126,0.980041,0
499472,833192,126,0.980116,0
501648,833192,126,0.982044,0
501200,833192,127,0.982070,0
497232,833192,127,0.982296,0
500056,833192,127,0.982186,0
496864,833192,127,0.980204,0
496096,833192,126,0.978752,0
496128,833192,126,0.978998,0
498912,833192,126,0.980075,0
500496,833192,126,0.982161,0
498640,833192,127,0.982265,0
496416,833192,127,0.982392,0
494440,833192,126,0.982506,0
493984,833192,126,0.982533,0
496512,833192,126,0.984075,0
495464,833192,125,0.983256,0
493800,833192,125,0.983345,0
494136,833192,125,0.984197,0
491768,833192,125,0.982980,0
493944,833192,125,0.984207,0
495464,833192,125,0.984455,0
495400,833192,126,0.984458,0
495640,833192,126,0.985346,0
494448,833192,126,0.985402,0
497664,833192,126,0.985303,0
500832,833192,126,0.986400,0
499312,833192,126,0.983934,0
503360,833192,126,0.986290,0
500696,833192,126,0.981597,0
503000,833192,126,0.986306,0
499024,833192,126,0.986480,0
501544,833192,126,0.986701,0
500184,833192,126,0.985083,0
500088,833192,127,0.985088,0
496352,833192,127,0.981023,0
497928,833192,127,0.985189,0
498376,833192,127,0.986025,0
495608,833192,127,0.986149,0
499296,833192,127,0.986694,0
497640,833192,128,0.986764,0
498360,833192,128,0.986833,0
497072,833192,129,0.986886,0
500224,833192,129,0.986753,0
500424,833192,129,0.986768,0
500920,833192,129,0.986796,0
504792,833192,129,0.986809,0
504496,833192,129,0.986386,0
508232,833192,129,0.986661,0
508208,833192,130,0.986662,0
511744,833192,130,0.986637,0
508208,833192,130,0.986662,0
510416,833192,130,0.986695,0
508208,833192,130,0.986662,0
505424,833192,130,0.978354,0
501616,833192,130,0.977598,0
499304,833192,130,0.977766,0
500032,833192,130,0.978728,0
503176,833192,130,0.979973,0
505488,833192,130,0.984555,0
509224,833192,130,0.986616,0
508744,833192,130,0.986639,0
509568,833192,130,0.986732,0
507248,833192,130,0.986418,0
509320,833192,130,0.986743,0
508832,833192,129,0.983839,0
505672,833192,128,0.968588,0
501824,833192,127,0.968984,0
499608,833192,127,0.969207,0
500496,833192,127,0.969954,0
502792,833192,127,0.971882,0
502768,833192,126,0.971893,0
502920,833192,126,0.972516,0
506792,833192,126,0.976943,0
505416,833192,126,0.977050,0
508864,833192,126,0.983845,0
508384,833192,127,0.983871,0
511488,833192,127,0.984652,0
514864,833192,127,0.985091,0
514288,833192,127,0.985122,0
518096,833192,127,0.984982,0
517360,833192,126,0.973436,0
518416,833192,126,0.977061,0
517640,833192,126,0.977125,0
518416,833192,126,0.979841,0
517240,833192,127,0.979920,0
516416,833192,127,0.979979,0
519104,833192,127,0.984338,0
518064,833192,127,0.984396,0
521520,833192,127,0.984809,0
525360,833192,127,0.985877,0
524712,833192,127,0.985910,0
524168,833192,128,0.985937,0
520096,833192,127,0.977236,0
516880,833192,126,0.964503,0
513064,833192,126,0.964957,0
515208,833192,126,0.972012,0
511384,833192,126,0.972369,0
509352,833192,127,0.972552,0
512512,833192,127,0.977814,0
514000,833192,127,0.982777,0
516704,833192,127,0.982645,0
517840,833192,127,0.982926,0
518184,833192,127,0.983065,0
520112,833192,127,0.984119,0
517968,833192,128,0.984234,0
516624,833192,127,0.984310,0
515912,833192,128,0.984347,0
516520,833192,128,0.986297,0
518888,833192,128,0.986321,0
516368,833192,127,0.983466,0
513296,833192,127,0.983001,0
515040,833192,127,0.983539,0
513848,833192,128,0.983604,0
512960,833192,129,0.983653,0
514640,833192,129,0.986516,0
515680,833192,129,0.986521,0
518072,833192,129,0.986410,0
520072,833192,129,0.986343,0
516928,833192,129,0.977518,0
519600,833192,129,0.986364,0
516048,833192,129,0.981628,0
516512,833192,129,0.983313,0
514592,833192,129,0.982063,0
510616,833192,129,0.981512,0
512760,833192,129,0.982172,0
511448,833192,128,0.980330,0
513016,833192,128,0.982160,0
514464,833192,128,0.983430,0
511240,833192,127,0.980633,0
508304,833192,127,0.980822,0
510656,833192,127,0.983642,0
506944,833192,127,0.977348,0
508032,833192,127,0.980966,0
508616,833192,127,0.982991,0
505912,833192,127,0.983143,0
503024,833192,128,0.983299,0
502312,833192,127,0.977380,0
504120,833192,127,0.983217,0
506656,833192,127,0.983102,0
509192,833192,127,0.983038,0
508944,833192,127,0.983054,0
507008,833192,127,0.983163,0
505360,833192,127,0.983152,0
504568,833192,128,0.983195,0
506864,833192,128,0.983171,0
509824,833192,128,0.983084,0
510712,833192,128,0.983637,0
513720,833192,128,0.985543,0
509896,833192,127,0.967340,0
510224,833192,127,0.968534,0
509944,833192,127,0.968568,0
512200,833192,127,0.975942,0
510352,833192,126,0.976096,0
506480,833192,125,0.973162,0
506656,833192,125,0.973869,0
502672,833192,124,0.964581,0
498680,833192,125,0.965028,0
499984,833192,125,0.969170,0
499624,833192,124,0.969214,0
502784,833192,124,0.974201,0
506016,833192,124,0.976439,0
508320,833192,124,0.978789,0
505168,833192,124,0.979008,0
507856,833192,124,0.980150,0
505648,833192,124,0.980165,0
508624,833192,124,0.980100,0
504768,833192,124,0.980015,0
507536,833192,124,0.980170,0
503696,833192,124,0.972631,0
504280,833192,124,0.974610,0
501512,833192,124,0.974838,0
502784,833192,124,0.978960,0
502320,833192,125,0.978991,0
504744,833192,125,0.980010,0
503336,833192,125,0.980104,0
505696,833192,125,0.980285,0
505552,833192,126,0.980294,0
509344,833192,126,0.983817,0
508896,833192,127,0.983841,0
507136,833192,126,0.968293,0
506000,833192,126,0.968414,0
502624,833192,126,0.968760,0
500864,833192,127,0.968935,0
504552,833192,127,0.979565,0
506552,833192,127,0.980467,0
503704,833192,127,0.980649,0
499792,833192,126,0.972725,0
496280,833192,125,0.968418,0
495152,833192,124,0.968538,0
492480,833192,124,0.968803,0
492328,833192,123,0.968827,0
496424,833192,123,0.973037,0
493264,833192,124,0.973302,0
489672,833192,125,0.973596,0
487784,833192,125,0.973752,0
487200,833192,126,0.973799,0
486480,833192,125,0.973864,0
482792,833192,125,0.974157,0
485008,833192,125,0.977030,0
488272,833192,125,0.980636,0
488288,833192,125,0.980828,0
487552,833192,125,0.980874,0
491600,833192,125,0.981398,0
494736,833192,125,0.981512,0
492656,833192,125,0.976157,0
492160,833192,125,0.976197,0
488712,833192,125,0.976452,0
486904,833192,126,0.976581,0
487536,833192,126,0.978338,0
484592,833192,126,0.978534,0
482264,833192,127,0.978684,0
484472,833192,127,0.978804,0
481664,833192,126,0.978988,0
480176,833192,127,0.979082,0
479008,833192,126,0.979160,0
477008,833192,126,0.979286,0
478080,833192,126,0.979620,0
479776,833192,126,0.981111,0
483144,833192,126,0.981566,0
486264,833192,126,0.981996,0
486864,833192,126,0.982058,0
486104,833192,126,0.982102,0
482720,833192,127,0.982284,0
480552,833192,128,0.982399,0
482248,833192,128,0.982619,0
481448,833192,129,0.982660,0
481120,833192,130,0.982677,0
480704,833192,130,0.982701,0
481376,833192,130,0.984197,0
481888,833192,130,0.984482,0
479808,833192,130,0.984580,0
481000,833192,130,0.984643,0
484664,833192,130,0.984664,0
484648,833192,131,0.984665,0
484544,833192,131,0.984672,0
485288,833192,131,0.985023,0
486600,833192,131,0.985009,0
489352,833192,131,0.985126,0
490720,833192,131,0.985283,0
490568,833192,131,0.985292,0
489528,833192,131,0.985341,0
491744,833192,131,0.985412,0
494016,833192,131,0.985481,0
491872,833192,130,0.977370,0
488416,833192,129,0.972992,0
491800,833192,129,0.977378,0
495200,833192,129,0.983132,0
491464,833192,128,0.975726,0
489976,833192,129,0.975837,0
488352,833192,129,0.975960,0
486960,833192,130,0.976062,0
484976,833192,129,0.976213,0
482152,833192,130,0.976414,0
484360,833192,130,0.980336,0
482520,833192,129,0.978337,0
479984,833192,129,0.978504,0
478176,833192,129,0.978622,0
478592,833192,129,0.979969,0
480696,833192,129,0.980557,0
478520,833192,130,0.980683,0
481288,833192,130,0.983224,0
480240,833192,130,0.983279,0
476944,833192,129,0.972867,0
478688,833192,129,0.978041,0
474912,833192,128,0.976436,0
471856,833192,128,0.976648,0
468328,833192,127,0.976892,0
469008,833192,127,0.978665,0
466000,833192,126,0.978855,0
464280,833192,126,0.978961,0
465544,833192,126,0.979156,0
467144,833192,126,0.981397,0
467584,833192,126,0.982520,0
466248,833192,126,0.982589,0
467400,833192,126,0.982782,0
471304,833192,126,0.983048,0
469776,833192,126,0.983126,0
469528,833192,126,0.983140,0
467104,833192,126,0.981173,0
464536,833192,127,0.981310,0
462968,833192,127,0.981396,0
466896,833192,127,0.982903,0
467176,833192,127,0.983254,0
464088,833192,126,0.976108,0
465864,833192,126,0.981194,0
464640,833192,126,0.981262,0
465992,833192,126,0.983313,0
469384,833192,126,0.983678,0
471424,833192,126,0.983626,0
472296,833192,126,0.983675,0
470296,833192,126,0.983772,0
467232,833192,127,0.983914,0
469936,833192,127,0.983786,0
467744,833192,127,0.983891,0
470128,833192,127,0.983986,0
467256,833192,128,0.984118,0
468280,833192,128,0.984460,0
469192,833192,128,0.984648,0
466040,833192,128,0.984788,0
464056,833192,127,0.984878,0
461752,833192,126,0.981525,0
461872,833192,126,0.981991,0
464016,833192,126,0.984880,0
464968,833192,126,0.985156,0
465624,833192,126,0.985195,0
467344,833192,126,0.985648,0
468976,833192,126,0.985901,0
467392,833192,125,0.981882,0
470560,833192,125,0.985838,0
469288,833192,125,0.985892,0
471320,833192,125,0.986295,0
472328,833192,125,0.986416,0
469368,833192,124,0.981109,0
469392,833192,124,0.981313,0
472920,833192,124,0.986392,0
475400,833192,124,0.986291,0
473704,833192,125,0.986359,0
474904,833192,125,0.986497,0
478904,833192,125,0.986620,0
477608,833192,125,0.985277,0
481096,833192,125,0.986532,0
483840,833192,125,0.986540,0
481312,833192,124,0.978317,0
479008,833192,125,0.978465,0
481800,833192,125,0.986624,0
483688,833192,125,0.986618,0
484232,833192,125,0.986643,0
487168,833192,125,0.986570,0
483432,833192,125,0.979229,0
483960,833192,125,0.980931,0
485512,833192,125,0.985689,0
489440,833192,125,0.986472,0
489208,833192,125,0.986484,0
489176,833192,126,0.986485,0
491688,833192,126,0.986527,0
493320,833192,126,0.986581,0
494504,833192,126,0.986604,0
492488,833192,125,0.970533,0
488680,833192,126,0.970876,0
489624,833192,126,0.973834,0
489448,833192,127,0.973848,0
491368,833192,127,0.979767,0
491776,833192,127,0.981148,0
495240,833192,127,0.986569,0
494832,833192,127,0.986588,0
496040,833192,127,0.986535,0
498304,833192,127,0.986488,0
500688,833192,127,0.986383,0
498304,833192,127,0.982295,0
502184,833192,127,0.986318,0
505400,833192,127,0.986484,0
504096,833192,126,0.974839,0
507248,833192,126,0.984975,0
507160,833192,126,0.984982,0
506648,833192,127,0.985006,0
506848,833192,127,0.985799,0
503728,833192,126,0.971866,0
507688,833192,126,0.984539,0
507104,833192,127,0.984569,0
506216,833192,128,0.984613,0
505872,833192,127,0.980160,0
505464,833192,128,0.980186,0
504512,833192,128,0.980250,0
505640,833192,128,0.983974,0
505008,833192,128,0.984009,0
504480,833192,129,0.984037,0
502120,833192,128,0.970929,0
502680,833192,128,0.972818,0
505488,833192,128,0.981789,0
507864,833192,128,0.983858,0
508896,833192,128,0.984481,0
511584,833192,128,0.985580,0
512048,833192,128,0.986189,0
509248,833192,128,0.978103,0
512136,833192,128,0.986185,0
513136,833192,128,0.986137,0
511584,833192,128,0.986210,0
511632,833192,128,0.986259,0
508944,833192,128,0.980474,0
507888,833192,129,0.980541,0
510840,833192,129,0.986295,0
508304,833192,128,0.970790,0
508040,833192,128,0.970820,0
510184,833192,128,0.977800,0
510496,833192,128,0.978956,0
510624,833192,128,0.979522,0
509464,833192,127,0.979606,0
507168,833192,127,0.979762,0
510648,833192,127,0.982865,0
514592,833192,127,0.985060,0
513824,833192,128,0.985098,0
515592,833192,128,0.986077,0
513008,833192,128,0.978807,0
513792,833192,128,0.981511,0
514992,833192,128,0.985596,0
516288,833192,128,0.986040,0
519248,833192,128,0.985925,0
519312,833192,128,0.986163,0
518536,833192,128,0.986202,0
517928,833192,128,0.984239,0
520296,833192,128,0.986119,0
517128,833192,128,0.978799,0
516440,833192,127,0.978855,0
514744,833192,128,0.978975,0
510872,833192,127,0.965678,0
511192,833192,127,0.966847,0
513984,833192,127,0.975971,0
511600,833192,127,0.976163,0
509920,833192,126,0.976302,0
511360,833192,126,0.979216,0
514128,833192,126,0.980909,0
516912,833192,126,0.983922,0
516384,833192,126,0.983953,0
514576,833192,125,0.971410,0
513112,833192,126,0.971548,0
510160,833192,126,0.971828,0
511776,833192,126,0.977159,0
515168,833192,126,0.980072,0
519000,833192,126,0.983811,0
522224,833192,126,0.985379,0
523192,833192,126,0.985986,0
526232,833192,126,0.985892,0
523136,833192,126,0.976529,0
520384,833192,126,0.976752,0
521400,833192,126,0.980293,0
521848,833192,126,0.980697,0
521728,833192,127,0.980705,0
523088,833192,127,0.981873,0
519216,833192,127,0.972967,0
516864,833192,127,0.973185,0
520232,833192,127,0.980042,0
518360,833192,127,0.980172,0
514528,833192,127,0.980108,0
515208,833192,127,0.980380,0
517304,833192,127,0.982228,0
517176,833192,128,0.982236,0
515792,833192,128,0.982321,0
513696,833192,128,0.980482,0
513896,833192,128,0.981290,0
517936,833192,128,0.982190,0
514672,833192,128,0.980282,0
512360,833192,128,0.980436,0
515984,833192,128,0.982310,0
515008,833192,128,0.982370,0
513704,833192,127,0.982452,0
512920,833192,127,0.982500,0
512136,833192,128,0.982546,0
509176,833192,128,0.982717,0
509216,833192,128,0.982843,0
510984,833192,128,0.982898,0
509904,833192,128,0.982962,0
510848,833192,128,0.984957,0
513624,833192,128,0.984922,0
514616,833192,128,0.985003,0
514448,833192,128,0.985014,0
516352,833192,128,0.985157,0
516576,833192,128,0.985761,0
518208,833192,128,0.985815,0
518624,833192,128,0.985955,0
516448,833192,127,0.970220,0
518080,833192,127,0.975712,0
515936,833192,126,0.974450,0
519296,833192,126,0.975616,0
522976,833192,126,0.985501,0
520600,833192,126,0.980836,0
518592,833192,126,0.980969,0
519640,833192,126,0.984610,0
522560,833192,126,0.985522,0
521112,833192,125,0.971685,0
522576,833192,125,0.976711,0
518488,833192,125,0.974014,0
522144,833192,125,0.976745,0
518848,833192,125,0.977008,0
516592,833192,124,0.977189,0
512688,833192,124,0.977487,0
515856,833192,124,0.977433,0
517088,833192,124,0.979430,0
517304,833192,124,0.980299,0
516656,833192,123,0.980348,0
520672,833192,123,0.981408,0
520440,833192,123,0.981426,0
517520,833192,123,0.973492,0
516344,833192,124,0.973597,0
517688,833192,124,0.978154,0
514552,833192,124,0.978386,0
517184,833192,124,0.979776,0
520968,833192,124,0.981390,0
524568,833192,124,0.984545,0
520568,833192,124,0.983426,0
519656,833192,125,0.983477,0
522952,833192,125,0.984630,0
526448,833192,125,0.985329,0
524360,833192,125,0.985051,0
523232,833192,126,0.985109,0
523704,833192,126,0.985467,0
524776,833192,126,0.985659,0
521008,833192,125,0.965626,0
523224,833192,125,0.973121,0
521408,833192,125,0.973292,0
525112,833192,125,0.985645,0
523072,833192,126,0.985745,0
520304,833192,126,0.980125,0
520968,833192,126,0.982500,0
520048,833192,125,0.974531,0
516424,833192,125,0.974845,0
517456,833192,125,0.978383,0
519032,833192,125,0.979995,0
521712,833192,125,0.982455,0
517720,833192,125,0.975857,0
521720,833192,125,0.982455,0
520352,833192,125,0.982539,0
516568,833192,125,0.979814,0
520568,833192,125,0.982526,0
521632,833192,125,0.983006,0
520640,833192,125,0.983066,0
522304,833192,125,0.983568,0
520632,833192,124,0.973095,0
518648,833192,124,0.973279,0
517648,833192,124,0.973373,0
514960,833192,124,0.973616,0
514760,833192,125,0.973634,0
517184,833192,125,0.981713,0
514072,833192,124,0.981908,0
517512,833192,124,0.982018,0
519568,833192,124,0.983731,0
522928,833192,124,0.983733,0
520120,833192,125,0.983888,0
517376,833192,125,0.984039,0
517512,833192,125,0.984647,0
517912,833192,125,0.984651,0
515952,833192,125,0.983336,0
517632,833192,125,0.984665,0
517032,833192,125,0.984699,0
515696,833192,124,0.978013,0
516384,833192,124,0.980423,0
519656,833192,124,0.984563,0
516128,833192,124,0.984105,0
512248,833192,124,0.980455,0
511936,833192,124,0.980479,0
514840,833192,124,0.984176,0
513608,833192,125,0.984241,0
516712,833192,125,0.984718,0
519944,833192,125,0.984602,0
521936,833192,125,0.984631,0
525888,833192,125,0.984889,0
528552,833192,125,0.985472,0
525184,833192,126,0.985641,0
524984,833192,126,0.985626,0
522768,833192,127,0.985735,0
524352,833192,127,0.985682,0
527920,833192,127,0.985641,0
532016,833192,126,0.985545,24
528624,833192,126,0.979599,24
530424,833192,126,0.985626,24
528792,833192,127,0.985708,24
529040,833192,127,0.985889,24
527320,833192,128,0.985974,24
530864,833192,128,0.985909,24
530704,833192,128,0.985919,24
530952,833192,128,0.985933,24
529880,833192,127,0.976810,24
532016,833192,127,0.984355,24
531880,833192,128,0.984362,24
528904,833192,127,0.966822,24
525216,833192,128,0.967245,24
527848,833192,128,0.976277,24
528688,833192,128,0.979308,24
531912,833192,128,0.984358,24
530336,833192,129,0.984444,24
532128,833192,129,0.985872,24
528768,833192,130,0.986038,24
526496,833192,129,0.979437,24
522568,833192,128,0.970853,24
520200,833192,128,0.971092,24
521176,833192,128,0.974478,24
518528,833192,129,0.974706,24
514768,833192,128,0.972073,24
514552,833192,129,0.972093,24
518128,833192,129,0.974744,24
514728,833192,129,0.975034,24
514376,833192,129,0.975067,24
513368,833192,129,0.975154,24
511152,833192,128,0.975343,24
509016,833192,129,0.975515,24
505656,833192,128,0.975789,24
502216,833192,127,0.976062,24
505192,833192,127,0.975829,24
504320,833192,127,0.975900,24
502752,833192,126,0.976028,24
498712,833192,125,0.976341,24
496984,833192,125,0.976473,24
493768,833192,126,0.976708,24
495544,833192,126,0.979901,24
496088,833192,126,0.980940,24
493656,833192,126,0.980789,24
496064,833192,126,0.980942,24
492016,833192,125,0.977032,24
491576,833192,125,0.977067,24
490112,833192,126,0.977170,24
492672,833192,126,0.981148,24
492032,833192,126,0.980446,24
491344,833192,127,0.980487,24
488680,833192,127,0.980649,24
484632,833192,127,0.980889,24
485968,833192,127,0.981536,24
484224,833192,126,0.977489,24
483024,833192,127,0.977570,24
486824,833192,127,0.981491,24
490696,833192,127,0.981760,24
493544,833192,127,0.981869,24
489504,833192,126,0.979083,24
489664,833192,126,0.979708,24
490648,833192,126,0.982031,24
492776,833192,126,0.982430,24
495736,833192,126,0.982540,24
493208,833192,125,0.974619,24
495864,833192,125,0.982536,24
493720,833192,124,0.982657,24
493520,833192,125,0.982668,24
494072,833192,125,0.982959,24
497736,833192,125,0.983414,24
501432,833192,125,0.983217,24
501960,833192,125,0.984104,24
498472,833192,125,0.981153,24
500072,833192,125,0.984199,24
503176,833192,125,0.984168,24
504504,833192,125,0.984484,24
504632,833192,125,0.984681,24
501880,833192,124,0.978315,24
502840,833192,124,0.981470,24
501640,833192,124,0.981543,24
503752,833192,124,0.984727,24
504168,833192,124,0.984910,24
507200,833192,124,0.984915,24
510536,833192,124,0.985325,24
513216,833192,124,0.985536,24
516048,833192,124,0.985531,24
515344,833192,123,0.985569,24
515024,833192,124,0.985585,24
514040,833192,125,0.985632,24
516808,833192,125,0.985604,24
515128,833192,124,0.970711,24
515656,833192,124,0.972578,24
513752,833192,124,0.972755,24
510648,833192,124,0.973037,24
510504,833192,124,0.973054,24
507400,833192,124,0.973330,24
506056,833192,125,0.973445,24
508168,833192,125,0.980289,24
506096,833192,126,0.980421,24
503120,833192,125,0.974186,24
501352,833192,125,0.974335,24
504240,833192,125,0.980544,24
502888,833192,125,0.980631,24
501008,833192,124,0.973074,24
498824,833192,124,0.973264,24
502840,833192,124,0.979796,24
500200,833192,123,0.971021,24
503080,833192,123,0.979784,24
505824,833192,123,0.979937,24
509480,833192,123,0.980217,24
509896,833192,123,0.981705,24
511376,833192,123,0.983139,24
507424,833192,123,0.983358,24
505400,833192,124,0.983466,24
503272,833192,124,0.981302,24
502184,833192,123,0.981372,24
505328,833192,123,0.983475,24
502936,833192,122,0.980486,24
504344,833192,122,0.983530,24
503928,833192,122,0.983554,24
506608,833192,122,0.983875,24
508328,833192,122,0.984199,24
509832,833192,122,0.984459,24
506952,833192,123,0.984604,24
510472,833192,123,0.984765,24
513784,833192,123,0.985072,24
510512,833192,123,0.985235,24
507280,833192,123,0.979035,24
507152,833192,124,0.979043,24
507944,833192,124,0.981717,24
507416,833192,125,0.981748,24
509424,833192,125,0.985285,24
511592,833192,125,0.985178,24
507896,833192,125,0.982861,24
510456,833192,125,0.985233,24
512000,833192,125,0.985208,24
508952,833192,125,0.982512,24
512040,833192,125,0.985206,24
508080,833192,125,0.985399,24
511672,833192,125,0.985487,24
510832,833192,126,0.985527,24
508032,833192,125,0.972264,24
509664,833192,125,0.977606,24
511712,833192,125,0.984353,24
513896,833192,125,0.985378,24
514680,833192,125,0.985710,24
517960,833192,125,0.985819,24
514808,833192,125,0.985970,24
515488,833192,125,0.985963,24
515800,833192,125,0.986160,24
515256,833192,125,0.986187,24
518816,833192,125,0.986289,24
515968,833192,125,0.980194,24
513408,833192,125,0.980365,24
511144,833192,124,0.968159,24
510424,833192,124,0.968239,24
511696,833192,124,0.972448,24
514520,833192,124,0.980295,24
513848,833192,124,0.980342,24
513432,833192,125,0.980369,24
516992,833192,125,0.981580,24
521016,833192,125,0.982086,24
522752,833192,125,0.985642,24
518656,833192,126,0.985840,24
522216,833192,126,0.986020,24
521272,833192,127,0.986065,24
521448,833192,127,0.986164,24
525536,837328,127,0.986164,24
526000,837328,127,0.986331,24
529128,837328,127,0.986236,24
530256,837328,127,0.986180,24
529712,837328,128,0.986206,24
526680,837328,128,0.983944,24
528776,837328,128,0.986250,24
530304,837328,128,0.986591,24
530992,837328,128,0.986584,24
529392,837328,129,0.986659,24
531080,837328,129,0.986634,24
534424,837328,129,0.986559,24
537128,837328,129,0.986655,24
540280,837328,129,0.986501,24
536648,837328,129,0.975112,24
539488,837328,129,0.985193,24
535920,837328,130,0.985380,24
534832,837328,129,0.981076,24
537376,837328,129,0.985307,24
535320,837328,129,0.981128,24
535864,837328,129,0.983181,24
538072,837328,129,0.985268,24
537520,837328,129,0.985300,24
539888,837328,129,0.986520,24
537104,837328,128,0.973713,24
540864,837328,128,0.986475,24
538696,837328,128,0.983927,24
541328,837328,128,0.986453,24
538880,837328,128,0.978403,24
541712,837328,128,0.986434,24
538480,837328,128,0.983740,24
536896,837328,129,0.983831,24
537968,837328,129,0.986615,24
534984,837328,129,0.978164,24
531224,837328,129,0.974255,24
534304,837328,129,0.978216,24
532568,837328,129,0.978352,24
534352,837328,129,0.981474,24
537952,837328,129,0.984451,24
539880,837328,129,0.984656,24
536664,837328,128,0.973358,24
539848,837328,128,0.984632,24
537744,837328,129,0.984747,24
540640,837328,129,0.984614,24
536544,837328,130,0.984839,0
536608,837328,130,0.985230,0
533720,837328,130,0.984428,0
534344,837328,130,0.985347,0
530328,837328,129,0.975132,0
528032,837328,129,0.975333,0
531912,837328,129,0.981741,0
528616,837328,128,0.973304,0
532560,837328,128,0.981703,0
534288,837328,128,0.985355,0
531760,837328,128,0.978383,0
533280,837328,128,0.983754,0
531096,837328,128,0.983491,0
527432,837328,128,0.982851,0
528672,837328,128,0.983629,0
530904,837328,128,0.983888,0
529568,837328,129,0.983963,0
529120,837328,130,0.983988,0
532392,837328,130,0.985450,0
531616,837328,130,0.985492,0
528056,837328,130,0.985561,0
527736,837328,130,0.985580,0
527488,837328,131,0.985592,0
528520,837328,131,0.985649,0
531640,837328,131,0.985657,0
533288,837328,131,0.986805,0
536152,837328,131,0.986697,0
536912,837328,131,0.986659,0
535264,837328,131,0.986739,0
532560,837328,131,0.981138,0
531016,837328,131,0.981242,0
530120,837328,131,0.981303,0
530072,837328,132,0.981307,0
526128,837328,131,0.977031,0
527624,837328,131,0.981467,0
529552,837328,131,0.982087,0
526808,837328,131,0.978370,0
523680,837328,131,0.978602,0
521568,837328,131,0.978758,0
525472,837328,131,0.982341,0
527984,837328,131,0.984523,0
531128,837328,131,0.986074,0
530096,837328,131,0.985462,0
533064,837328,131,0.985980,0
536120,837328,131,0.986703,0
532464,837328,130,0.968087,0
531672,837328,131,0.968175,0
529880,837328,130,0.968383,0
531920,837328,130,0.975425,0
533240,837328,130,0.976875,0
531032,837328,129,0.976144,0
534496,837328,129,0.976777,0
533840,837328,129,0.976834,0
534952,837328,129,0.979978,0
534400,837328,129,0.980020,0
531712,837328,128,0.975845,0
530968,837328,128,0.975911,0
529336,837328,127,0.976055,0
525480,837328,128,0.976369,0
528088,837328,128,0.980466,0
531608,837328,128,0.980947,0
534000,837328,128,0.980897,0
536064,837328,128,0.984852,0
535648,837328,128,0.984877,0
537928,837328,128,0.985747,0
541976,841424,128,0.985747,0
542568,841424,128,0.986256,0
538888,841424,127,0.961765,0
537888,841424,128,0.961899,0
538872,841424,128,0.965390,0
534880,841424,127,0.965881,0
538752,841424,127,0.977306,0
539480,841424,127,0.979133,0
543440,841424,127,0.979692,0
540808,841424,127,0.979885,0
539784,841424,127,0.979961,0
535736,841424,127,0.974348,0
533056,841424,127,0.974589,0
536656,841424,127,0.980183,0
535336,841424,128,0.980274,0
537600,841424,128,0.984343,0
537776,841424,128,0.984976,0
540952,841424,128,0.984946,0
537432,841424,128,0.983370,0
539992,841424,128,0.984997,0
539712,841424,127,0.984960,0
539880,841424,127,0.985006,0
543800,841424,127,0.985508,0
542824,841424,127,0.985504,0
544936,841424,127,0.985449,0
544248,841424,127,0.985488,0
543464,841424,127,0.984244,0
542256,841424,127,0.984315,0
540728,841424,126,0.973083,0
542416,841424,126,0.979097,0
545848,841424,126,0.984111,0
546528,841424,126,0.985371,0
548160,841424,126,0.985369,0
549656,841424,126,0.985842,0
550840,841424,126,0.985836,0
549256,841424,126,0.984782,0
552776,841424,126,0.985735,0
549576,841424,126,0.979266,0
553400,841424,126,0.985702,0
550176,841424,125,0.975063,0
546616,841424,124,0.968858,0
546456,841424,123,0.968886,0
543688,841424,123,0.969200,0
544832,841424,123,0.973347,0
546680,841424,123,0.975391,0
544008,841424,122,0.975635,0
541744,841424,122,0.975835,0
541400,841424,122,0.975868,0
538920,841424,123,0.976079,0
538376,841424,124,0.976124,0
539024,841424,124,0.977191,0
540928,841424,124,0.977770,0
542808,841424,124,0.978216,0
543040,841424,124,0.979193,0
546544,841424,124,0.979475,0
546896,841424,124,0.979995,0
549488,841424,124,0.979832,0
547560,841424,124,0.979976,0
543968,841424,123,0.975659,0
545056,841424,123,0.979642,0
549016,841424,123,0.979870,0
545896,841424,123,0.976524,0
542400,841424,123,0.976820,0
543968,841424,123,0.980237,0
546320,841424,123,0.980499,0
545640,841424,124,0.980547,0
545736,841424,124,0.980969,0
542776,841424,124,0.979776,0
540880,841424,123,0.969354,0
538784,841424,124,0.969579,0
541368,841424,124,0.978632,0
539960,841424,125,0.978738,0
542840,841424,125,0.979771,0
539952,841424,126,0.979977,0
540816,841424,126,0.981301,0
544568,841424,126,0.981132,0
547648,841424,126,0.982225,0
546984,841424,126,0.982271,0
547744,841424,126,0.982713,0
543992,841424,126,0.981085,0
542488,841424,127,0.981186,0
541192,841424,127,0.981276,0
541256,841424,127,0.981666,0
541592,841424,127,0.983005,0
542144,841424,127,0.983054,0
539512,841424,127,0.983214,0
539592,841424,127,0.983658,0
535648,841424,128,0.983883,0
536248,841424,128,0.984181,0
535568,841424,128,0.984221,0
535928,841424,128,0.984310,0
535464,841424,129,0.984335,0
537552,841424,129,0.984555,0
535624,841424,129,0.984661,0
538264,841424,129,0.984656,0
538088,841424,130,0.984666,0
537912,841424,131,0.984675,0
540592,841424,131,0.984584,0
543384,841424,131,0.985028,0
541808,841424,131,0.985115,0
544504,841424,131,0.985169,0
541544,841424,131,0.976911,0
539120,841424,131,0.977113,0
541344,841424,131,0.978036,0
540424,841424,130,0.978115,0
542808,841424,130,0.982808,0
542824,841424,130,0.983033,0
540312,841424,130,0.983187,0
541304,841424,130,0.984346,0
539672,841424,130,0.984439,0
541688,841424,130,0.984979,0
539680,841424,129,0.977184,0
540832,841424,129,0.981341,0
538272,841424,129,0.981512,0
539880,841424,129,0.985078,0
537056,841424,130,0.985225,0
539256,841424,130,0.985334,0
535464,841424,129,0.975933,0
532184,841424,128,0.976212,0
536184,841424,128,0.983406,0
539896,841424,128,0.985305,0
537688,841424,128,0.985422,0
540544,841424,128,0.985385,0
538696,841424,129,0.985480,0
538728,841424,129,0.985617,0
535152,841424,128,0.974601,0
534112,841424,128,0.974697,0
534048,841424,127,0.974711,0
530544,841424,127,0.975018,0
528768,841424,127,0.975172,0
528088,841424,127,0.975234,0
531952,841424,127,0.979981,0
534384,841424,127,0.982884,0
530584,841424,128,0.983106,0
530232,841424,127,0.981057,0
528144,841424,127,0.981194,0
524544,841424,127,0.975321,0
526992,841424,127,0.981268,0
523328,841424,127,0.981499,0
519960,841424,127,0.981707,0
521640,841424,127,0.981841,0
519376,841424,128,0.981977,0
521600,841424,128,0.982875,0
517584,841424,129,0.983100,0
521208,841424,129,0.983636,0
517768,841424,128,0.969744,0
521832,841424,128,0.982968,0
522824,841424,128,0.983548,0
520712,841424,129,0.983662,0
520736,841424,129,0.983870,0
521648,841424,129,0.983845,0
522816,841424,129,0.985005,0
524200,841424,129,0.986004,0
527256,841424,129,0.986154,0
526632,841424,130,0.986183,0
529280,841424,130,0.986084,0
531648,841424,130,0.986106,0
534064,841424,130,0.986015,0
531432,841424,130,0.986144,0
533112,841424,130,0.986144,0
529648,841424,130,0.986310,0
532592,841424,130,0.986279,0
528888,841424,129,0.978705,0
529120,841424,129,0.979637,0
529888,841424,129,0.982365,0
528200,841424,130,0.982466,0
528352,841424,130,0.983133,0
525384,841424,130,0.980427,0
526088,841424,130,0.982912,0
525736,841424,131,0.982932,0
528360,841424,131,0.983130,0
525992,841424,131,0.983267,0
527576,841424,131,0.986155,0
525648,841424,130,0.973225,0
526776,841424,130,0.977090,0
523912,841424,129,0.977317,0
526816,841424,129,0.985006,0
523936,841424,130,0.985151,0
527168,841424,130,0.986176,0
524232,841424,129,0.976998,0
522624,841424,129,0.977125,0
524000,841424,129,0.981779,0
523136,841424,130,0.981831,0
525248,841424,130,0.982318,0
525184,841424,130,0.982324,0
522592,841424,130,0.977953,0
522848,841424,130,0.978943,0
526936,841424,130,0.982217,0
524712,841424,131,0.982349,0
525608,841424,131,0.985469,0
525688,841424,131,0.985893,0
525464,841424,132,0.985904,0
522560,841424,131,0.979599,0
519968,841424,130,0.975504,0
523896,841424,130,0.979512,0
526336,841424,130,0.985867,0
528360,841424,130,0.986121,0
525176,841424,131,0.986269,0
528448,841424,131,0.986603,0
524528,841424,131,0.986111,0
520816,841424,131,0.984245,0
522288,841424,131,0.986215,0
526000,841424,131,0.986714,0
524112,841424,131,0.984470,0
521744,841424,131,0.984595,0
520912,841424,130,0.976275,0
521904,841424,130,0.979647,0
522688,841424,130,0.982362,0
519632,841424,129,0.976560,0
521648,841424,129,0.982425,0
524272,841424,129,0.983099,0
523960,841424,129,0.983119,0
527560,841424,129,0.984292,0
525520,841424,129,0.984402,0
528896,841424,129,0.984683,0
527904,841424,129,0.983896,0
525344,841424,128,0.982294,0
528320,841424,128,0.983876,0
525344,841424,128,0.982294,0
525776,841424,128,0.983880,0
526144,841424,128,0.983992,0
524400,841424,128,0.982052,0
528480,841424,128,0.983865,0
527216,841424,128,0.983936,0
528328,841424,128,0.984715,0
528248,841424,128,0.984721,0
528384,841424,128,0.985146,0
526392,841424,127,0.972201,0
523656,841424,126,0.969125,0
520976,841424,125,0.969408,0
521960,841424,125,0.972623,0
523008,841424,125,0.972629,0
524936,841424,125,0.972555,0
524896,841424,124,0.972568,0
524744,841424,125,0.972582,0
526856,841424,125,0.975865,0
524936,841424,125,0.976024,0
526056,841424,125,0.978999,0
525064,841424,126,0.979069,0
527808,841424,126,0.979602,0
527984,841424,126,0.979722,0
526512,841424,126,0.979826,0
523832,841424,125,0.971009,0
522144,841424,125,0.971176,0
524352,841424,125,0.978506,0
525168,841424,125,0.979921,0
526304,841424,125,0.980164,0
523912,841424,126,0.980322,0
527824,841424,126,0.980357,0
525472,841424,125,0.973693,0
527000,841424,125,0.978875,0
523848,841424,124,0.979104,0
525896,841424,124,0.980490,0
522368,841424,125,0.980719,0
522992,841424,125,0.981476,0
522232,841424,124,0.971615,0
521504,841424,124,0.971688,0
523776,841424,124,0.979216,0
525136,841424,124,0.981345,0
524776,841424,125,0.981368,0
525168,841424,125,0.982790,0
523648,841424,125,0.982880,0
527000,841424,125,0.982711,0
525224,841424,125,0.982816,0
526520,841424,125,0.983251,0
522960,841424,124,0.979618,0
526584,841424,124,0.983250,0
525600,841424,124,0.983308,0
527744,841424,124,0.983645,0
525600,841424,123,0.977506,0
527408,841424,123,0.983639,0
524784,841424,123,0.982258,0
523520,841424,123,0.982335,0
526768,841424,123,0.983677,0
529424,841424,123,0.983554,0
529024,841424,123,0.983579,0
526256,841424,122,0.973963,0
527744,841424,122,0.979025,0
530968,841424,122,0.983470,0
529168,841424,122,0.982785,0
533136,841424,122,0.983346,0
530704,841424,122,0.980070,0
530112,841424,121,0.976435,0
528928,841424,121,0.976533,0
528456,841424,121,0.976575,0
524528,841424,121,0.975174,0
528520,841424,121,0.976569,0
527392,841424,120,0.976666,0
530760,841424,120,0.980083,0
530360,841424,121,0.980110,0
533560,841424,121,0.982453,0
529736,841424,121,0.980696,0
530032,841424,121,0.981846,0
529480,841424,122,0.981880,0
526368,841424,122,0.982073,0
523928,841424,122,0.979552,0
522784,841424,122,0.979633,0
525664,841424,122,0.982118,0
526736,841424,122,0.982455,0
525136,841424,121,0.982554,0
523416,841424,121,0.980259,0
525296,841424,121,0.982545,0
527608,841424,121,0.982811,0
526224,841424,120,0.979508,0
526648,841424,120,0.981065,0
525176,841424,120,0.981161,0
529216,841424,120,0.982720,0
526272,841424,120,0.982894,0
529696,841424,120,0.983563,0
527552,841424,120,0.983225,0
531360,841424,120,0.983469,0
533144,841424,120,0.983420,0
530488,841424,120,0.983491,0
534208,841424,120,0.983359,0
533424,841424,120,0.983407,0
536504,841424,120,0.983254,0
539424,841424,120,0.983107,0
542368,841424,120,0.983070,0
540160,841424,121,0.983202,0
540856,841424,121,0.984375,0
540624,841424,122,0.984387,0
541136,841424,122,0.984498,0
540712,841424,123,0.984521,0
541864,841424,123,0.984654,0
542600,841424,123,0.985010,0
539232,841424,123,0.975674,0
540520,841424,123,0.980283,0
543976,841424,123,0.984934,0
543584,841424,124,0.984955,0
545296,841424,124,0.985551,0
541416,841424,124,0.974541,0
538720,841424,123,0.974791,0
542712,841424,123,0.982952,0
542464,841424,124,0.982967,0
543736,841424,124,0.985634,0
546256,841424,124,0.985501,0
548816,841424,124,0.985421,0
547632,841424,123,0.979278,0
550480,841424,123,0.985335,0
548816,841424,123,0.981841,0
551792,841424,123,0.985264,0
550112,841424,124,0.985354,0
552296,841424,124,0.985529,0
550080,841424,124,0.983130,0
546120,841424,124,0.978640,0
543560,841424,123,0.974412,0
545264,841424,123,0.978710,0
547896,841424,123,0.980362,0
548688,841424,123,0.983216,0
547552,841424,124,0.983285,0
551152,841424,124,0.983208,0
548880,841424,125,0.983347,0
545872,841424,124,0.977910,0
547120,841424,124,0.982500,0
545488,841424,125,0.982603,0
542832,841424,125,0.982770,0
543208,841424,125,0.983687,0
541136,841424,126,0.983807,0
545160,841424,126,0.984145,0
546136,841424,126,0.985848,0
549672,841424,126,0.985809,0
548360,841424,125,0.971094,0
549992,841424,125,0.977067,0
545912,841424,125,0.975937,0
544184,841424,125,0.976090,0
543224,841424,125,0.976176,0
545136,841424,125,0.977475,0
545424,841424,125,0.978658,0
548960,841424,125,0.980655,0
547248,841424,125,0.980778,0
546008,841424,126,0.980864,0
546344,841424,126,0.982225,0
546688,841424,126,0.982952,0
543456,841424,127,0.983149,0
542344,841424,127,0.983076,0
542368,841424,127,0.983215,0
542216,841424,126,0.983229,0
540512,841424,127,0.983331,0
542080,841424,127,0.983320,0
542360,841424,127,0.983329,0
538312,841424,128,0.983566,0
535568,841424,128,0.978301,0
537624,841424,128,0.983606,0
539240,841424,128,0.984045,0
536136,841424,127,0.965491,0
540208,841424,127,0.979553,0
536248,841424,127,0.979839,0
539752,841424,127,0.980010,0
540016,841424,127,0.981090,0
538128,841424,127,0.981218,0
534256,841424,127,0.978926,0
535592,841424,127,0.981384,0
531728,841424,126,0.973430,0
528184,841424,126,0.973753,0
525104,841424,126,0.974029,0
521136,841424,126,0.974374,0
524768,841424,126,0.977354,0
524904,841424,126,0.977957,0
521760,841424,126,0.978191,0
522456,841424,126,0.980610,0
524360,841424,126,0.980644,0
527272,841424,126,0.981911,0
524704,841424,126,0.982069,0
524272,841424,126,0.982098,0
520960,841424,125,0.973436,0
522792,841424,125,0.979527,0
523776,841424,125,0.982128,0
526416,841424,125,0.982074,0
530288,841424,125,0.982517,0
529120,841424,126,0.982586,0
525600,841424,125,0.972852,0
527104,841424,125,0.977952,0
529400,841424,125,0.982569,0
525896,841424,125,0.980544,0
521824,841424,125,0.967141,0
522320,841424,125,0.968890,0
526336,841424,125,0.982156,0
524960,841424,126,0.982239,0
528072,841424,126,0.982645,0
527040,841424,126,0.982708,0
526808,841424,127,0.982722,0
527728,841424,127,0.983694,0
526200,841424,127,0.983781,0
528608,841424,127,0.984026,0
530392,841424,127,0.984527,0
529056,841424,128,0.984598,0
525056,841424,128,0.982821,0
521328,841424,127,0.976625,0
518424,841424,127,0.976851,0
517632,841424,127,0.976915,0
518392,841424,127,0.977746,0
520640,841424,127,0.979348,0
519008,841424,127,0.979463,0
522536,841424,127,0.982970,0
526192,841424,127,0.984751,0
527600,841424,127,0.984784,0
531200,841424,127,0.984622,0
529184,841424,128,0.984727,0
529248,841424,128,0.985103,0
525712,841424,128,0.981166,0
521688,841424,127,0.967888,0
518216,841424,127,0.968259,0
515824,841424,127,0.968511,0
513712,841424,128,0.968726,0
511192,841424,128,0.968983,0
513056,841424,128,0.974956,0
516768,841424,128,0.979818,0
520536,841424,128,0.981494,0
517480,841424,127,0.961223,0
518760,841424,127,0.965417,0
518064,841424,128,0.965496,0
516152,841424,129,0.965710,0
512280,841424,129,0.966143,0
512664,841424,129,0.967487,0
512704,841424,129,0.967761,0
516200,841424,129,0.977451,0
512824,841424,129,0.977700,0
513160,841424,129,0.978911,0
517120,841424,129,0.978870,0
515216,841424,129,0.979004,0
513568,841424,129,0.979119,0
509968,841424,129,0.979362,0
508240,841424,129,0.979479,0
508896,841424,129,0.981444,0
506016,841424,129,0.980682,0
507704,841424,129,0.981514,0
506808,841424,130,0.981566,0
506936,841424,130,0.981784,0
509744,841424,130,0.981950,0
511464,841424,130,0.982027,0
512920,841424,130,0.983359,0
515856,841424,130,0.984890,0
516352,841424,130,0.985020,0
513104,841424,129,0.976869,0
513792,841424,129,0.979195,0
513448,841424,130,0.979218,0
513184,841424,131,0.979236,0
510040,841424,130,0.974696,0
514048,841424,130,0.979181,0
511256,841424,130,0.979370,0
511672,841424,130,0.980830,0
514040,841424,130,0.985135,0
513704,841424,130,0.985153,0
516352,841424,130,0.985675,0
514520,841424,131,0.985760,0
516712,841424,131,0.985708,0
520032,841424,131,0.985602,0
518104,841424,132,0.985693,0
516600,841424,133,0.985763,0
516424,841424,133,0.985774,0
512888,841424,133,0.983590,0
516792,841424,133,0.985756,0
512920,841424,133,0.977757,0
511848,841424,132,0.975552,0
512392,841424,132,0.977411,0
509168,841424,131,0.977650,0
510472,841424,131,0.977938,0
512624,841424,131,0.981184,0
513744,841424,131,0.981682,0
511520,841424,130,0.972933,0
510456,841424,130,0.973029,0
507248,841424,129,0.970323,0
505760,841424,129,0.970467,0
501856,841424,129,0.970830,0
498232,841424,129,0.971159,0
494736,841424,130,0.971466,0
496464,841424,130,0.974200,0
498864,841424,130,0.976570,0
496320,841424,130,0.976756,0
497672,841424,130,0.980956,0
495968,841424,130,0.981058,0
496952,841424,130,0.981390,0
498856,841424,130,0.981550,0
502552,841424,130,0.982332,0
503912,841424,130,0.983081,0
501984,841424,130,0.979300,0
502880,841424,130,0.982187,0
503544,841424,130,0.983098,0
504992,841424,130,0.983195,0
503312,841424,130,0.982635,0
502800,841424,130,0.982666,0
500592,841424,130,0.982787,0
503928,841424,130,0.983256,0
507920,841424,130,0.983600,0
509320,841424,130,0.983524,0
511256,841424,130,0.983984,0
514928,841424,130,0.984752,0
512736,841424,130,0.984862,0
509928,841424,131,0.984998,0
508312,841424,132,0.985075,0
509160,841424,132,0.985134,0
508112,841424,132,0.985186,0
509312,841424,132,0.985918,0
505384,841424,131,0.966827,0
504680,841424,132,0.966900,0
508648,841424,132,0.979255,0
512280,841424,132,0.985783,0
515000,841424,132,0.985733,0
517200,841424,132,0.985733,0
516464,841424,132,0.985769,0
516784,841424,132,0.985883,0
514976,841424,133,0.985966,0
516048,841424,133,0.986123,0
512024,841424,132,0.976964,0
515064,841424,132,0.986170,0
512432,841424,131,0.972635,0
514648,841424,131,0.979779,0
511808,841424,131,0.979967,0
509608,841424,131,0.980111,0
506272,841424,131,0.980323,0
509536,841424,131,0.980141,0
512744,841424,131,0.984317,0
513088,841424,131,0.985563,0
509096,841424,130,0.967908,0
506688,841424,130,0.968157,0
507152,841424,130,0.969727,0
510080,841424,130,0.978952,0
508584,841424,130,0.979056,0
505608,841424,130,0.979255,0
506024,841424,130,0.980689,0
504144,841424,131,0.980803,0
502792,841424,132,0.980884,0
504096,841424,132,0.981957,0
503960,841424,132,0.981968,0
505800,841424,132,0.984812,0
504904,841424,133,0.984855,0
501792,841424,133,0.983509,0
503408,841424,133,0.984926,0
502944,841424,132,0.982353,0
505360,841424,132,0.984836,0
506392,841424,132,0.984935,0
509888,841424,132,0.985123,0
507864,841424,132,0.985221,0
510832,841424,132,0.985821,0
513088,841424,132,0.985819,0
510680,841424,131,0.979245,0
508896,841424,130,0.979369,0
506864,841424,131,0.979502,0
503640,841424,132,0.979709,0
500040,841424,132,0.979938,0
502984,841424,132,0.980975,0
502952,841424,132,0.980980,0
503696,841424,132,0.983414,0
507400,841424,132,0.985397,0
507904,841424,132,0.986057,0
511208,841424,132,0.986343,0
508264,841424,132,0.979405,0
511416,841424,132,0.986334,0
511992,841424,132,0.986513,0
510944,841424,132,0.986560,0
511712,841424,132,0.986550,0
509064,841424,132,0.985366,0
511464,841424,132,0.986561,0
509352,841424,131,0.979256,0
513128,841424,131,0.986491,0
513032,841424,131,0.986497,0
513328,841424,131,0.986586,0
512728,841424,131,0.986614,0
513600,841424,131,0.986626,0
512200,841424,131,0.983366,0
508496,841424,131,0.983158,0
509648,841424,131,0.983502,0
508560,841424,131,0.983562,0
509624,841424,131,0.986797,0
509560,841424,130,0.982746,0
509944,841424,130,0.984102,0
506640,841424,130,0.984271,0
509920,841424,130,0.985969,0
508632,841424,131,0.986027,0
509128,841424,131,0.986818,0
512696,841424,131,0.986716,0
510248,841424,131,0.986822,0
510960,841424,131,0.986867,0
509600,841424,131,0.986926,0
507816,841424,131,0.985377,0
508544,841424,131,0.986970,0
506336,841424,131,0.984587,0
508968,841424,131,0.986952,0
511616,841424,131,0.986839,0
511552,841424,132,0.986842,0
514608,841424,132,0.986710,0
513024,841424,131,0.983322,0
516120,841424,131,0.986646,0
513144,841424,130,0.976656,0
516800,841424,130,0.986619,0
516560,841424,131,0.986629,0
515360,841424,131,0.984837,0
518792,841424,131,0.986531,0
522440,841424,131,0.986445,0
519704,841424,131,0.977519,0
521128,841424,131,0.982288,0
520480,841424,130,0.982332,0
518848,841424,130,0.982429,0
519096,841424,130,0.983386,0
516944,841424,131,0.983503,0
518824,841424,131,0.984846,0
520696,841424,131,0.986523,0
520360,841424,130,0.986543,0
523088,841424,130,0.986445,0
520832,841424,130,0.985356,0
522344,841424,130,0.986478,0
521040,841424,131,0.986537,0
522184,841424,131,0.986510,0
521264,841424,132,0.986551,0
523864,841424,132,0.986432,0
520704,841424,132,0.984299,0
520680,841424,132,0.984303,0
524648,841424,132,0.986398,0
527536,841424,132,0.986290,0
527240,841424,132,0.986306,0
527576,841424,132,0.986424,0
524664,841424,132,0.980603,0
525008,841424,132,0.981893,0
524296,841424,132,0.981939,0
524328,841424,132,0.982203,0
523344,841424,131,0.982267,0
519688,841424,131,0.976152,0
522656,841424,131,0.982307,0
526728,841424,131,0.985763,0
522736,841424,130,0.966050,0
519064,841424,130,0.966466,0
516552,841424,130,0.966746,0
520480,841424,130,0.978764,0
524504,841424,130,0.979172,0
525288,841424,130,0.981909,0
521968,841424,129,0.977596,0
517960,841424,130,0.977891,0
518472,841424,130,0.979689,0
519728,841424,130,0.982241,0
518472,841424,130,0.979689,0
521624,841424,130,0.982129,0
519376,841424,131,0.982261,0
521576,841424,131,0.983430,0
520584,841424,132,0.983485,0
524232,841424,132,0.985879,0
524192,841424,132,0.985883,0
523040,841424,131,0.978740,0
519384,841424,131,0.977603,0
517504,841424,131,0.977744,0
516808,841424,132,0.977795,0
518816,841424,132,0.979038,0
517672,841424,132,0.979120,0
521680,841424,132,0.983247,0
525272,841424,132,0.984063,0
528648,841424,132,0.985672,0
532336,841424,132,0.985818,0
529544,841424,133,0.985953,0
527432,841424,133,0.986056,0
529400,841424,133,0.986151,0
526232,841424,133,0.983820,0
527984,841424,133,0.986217,0
527608,841424,134,0.986235,0
528960,841424,134,0.986360,0
530032,841424,134,0.986308,0
532072,841424,134,0.986264,0
528984,841424,134,0.981373,0
528848,841424,133,0.981388,0
525640,841424,134,0.981589,0
526728,841424,134,0.985301,0
529776,841424,134,0.985200,0
532944,841424,134,0.986223,0
532624,841424,134,0.984972,0
530408,841424,135,0.985086,0
529912,841424,135,0.985005,0
533688,841424,135,0.984917,0
529976,841424,135,0.977379,0
530344,841424,135,0.978769,0
527496,841424,134,0.969582,0
524152,841424,133,0.969932,0
521512,841424,133,0.970200,0
524416,841424,133,0.974756,0
523440,841424,132,0.974846,0
525120,841424,132,0.977816,0
523672,841424,131,0.972159,0
526104,841424,131,0.977746,0
523736,841424,131,0.977926,0
519808,841424,131,0.976316,0
519824,841424,131,0.976522,0
521448,841424,131,0.978090,0
522880,841424,131,0.979314,0
525632,841424,131,0.979712,0
527512,841424,131,0.979796,0
529464,841424,131,0.980040,0
526712,841424,131,0.979040,0
530448,841424,131,0.979973,0
528272,841424,131,0.980124,0
529656,841424,131,0.980190,0
529080,841424,132,0.980229,0
531560,841424,132,0.981294,0
527496,841424,132,0.981554,0
523496,841424,132,0.981189,0
522736,841424,132,0.981240,0
525352,841424,132,0.981690,0
527720,841424,132,0.982624,0
529880,841424,132,0.982575,0
525912,841424,133,0.982808,0
524472,841424,133,0.982894,0
526560,841424,133,0.983446,0
527976,841424,133,0.984232,0
525760,841424,132,0.974257,0
522864,841424,132,0.974509,0
522928,841424,132,0.974873,0
525896,841424,132,0.984264,0
525168,841424,131,0.984308,0
528176,841424,131,0.984227,0
526880,841424,130,0.983004,0
527216,841424,130,0.984280,0
524272,841424,129,0.979968,0
526720,841424,129,0.984309,0
523712,841424,129,0.984389,0
527040,841424,129,0.984292,0
524416,841424,128,0.976693,0
524000,841424,129,0.976726,0
522384,841424,130,0.976851,0
520888,841424,129,0.973611,0
518440,841424,129,0.973827,0
518944,841424,129,0.975594,0
522144,841424,129,0.976873,0
526032,841424,129,0.979852,0
523992,841424,129,0.979993,0
523656,841424,129,0.980019,0
527552,841424,129,0.982973,0
528912,841424,129,0.984197,0
530704,841424,129,0.984125,0
532024,841424,129,0.984463,0
531048,841424,129,0.984518,0
528440,841424,129,0.980177,0
532304,841424,129,0.984451,0
531536,841424,129,0.984494,0
534408,841424,129,0.984531,0
533592,841424,128,0.984166,0
535208,841424,128,0.984491,0
534120,841424,129,0.984549,0
534896,841424,129,0.984644,0
537160,841424,129,0.984744,0
535000,841424,129,0.982194,0
533312,841424,130,0.982298,0
534688,841424,130,0.984875,0
535568,841424,130,0.985466,0
534800,841424,131,0.985505,0
536784,841424,131,0.985654,0
533856,841424,132,0.985799,0
537704,841424,132,0.985942,0
535824,841424,133,0.986034,0
536104,841424,133,0.986157,0
536080,841424,133,0.986161,0
536720,841424,133,0.986127,0
534016,841424,133,0.985983,0
536512,841424,133,0.986138,0
533312,841424,134,0.986291,0
533920,841424,134,0.986537,0
533640,841424,135,0.986550,0
534784,841424,135,0.986522,0
531072,841424,136,0.986693,0
533032,841424,136,0.986739,0
532184,841424,135,0.976263,0
533888,841424,135,0.982186,0
530720,841424,134,0.981262,0
528240,841424,135,0.981420,0
531608,841424,135,0.982329,0
527616,841424,135,0.973436,0
529488,841424,135,0.979810,0
527224,841424,135,0.979968,0
528472,841424,135,0.982517,0
528672,841424,135,0.983346,0
527544,841424,134,0.980217,0
524152,841424,134,0.980445,0
521784,841424,134,0.980602,0
521256,841424,133,0.980642,0
517776,841424,133,0.979608,0
521224,841424,133,0.980644,0
520128,841424,132,0.980139,0
523488,841424,132,0.980501,0
521808,841424,132,0.980613,0
525048,841424,132,0.981876,0
522768,841424,132,0.982016,0
525360,841424,132,0.982260,0
525496,841424,132,0.982868,0
522112,841424,131,0.966610,0
522480,841424,131,0.967948,0
518392,841424,131,0.968383,0
519792,841424,131,0.973008,0
521672,841424,131,0.979022,0
520288,841424,131,0.979122,0
520320,841424,131,0.979327,0
519128,841424,130,0.968807,0
520616,841424,130,0.973728,0
522320,841424,130,0.979190,0
523152,841424,130,0.979182,0
519376,841424,129,0.965456,0
518304,841424,129,0.965583,0
516816,841424,128,0.965761,0
513184,841424,128,0.966168,0
514720,841424,128,0.971130,0
518368,841424,128,0.976057,0
519032,841424,128,0.978343,0
518248,841424,128,0.978402,0
515936,841424,127,0.976045,0
514320,841424,126,0.971388,0
517048,841424,126,0.975962,0
520976,841424,126,0.978214,0
524952,841424,126,0.979073,0
524936,841424,126,0.979078,0
524856,841424,125,0.979090,0
527504,841424,125,0.979062,0
524224,841424,125,0.979295,0
525032,841424,125,0.979531,0
523096,841424,125,0.979666,0
525416,841424,125,0.979638,0
527520,841424,125,0.981817,0
531608,841424,125,0.981696,0
530832,841424,125,0.981748,0
530072,841424,126,0.981795,0
529728,841424,127,0.981817,0
533624,841424,127,0.982011,0
536808,841424,127,0.981948,0
535448,841424,126,0.980510,0
532720,841424,127,0.980693,0
536720,841424,127,0.981956,0
533864,841424,126,0.975146,0
537856,841424,126,0.981888,0
541520,841424,126,0.981904,0
539792,841424,126,0.982018,0
540392,841424,126,0.982401,0
536416,841424,126,0.977041,0
537448,841424,126,0.980734,0
541504,841424,126,0.982329,0
540432,841424,125,0.978752,0
538808,841424,126,0.978873,0
541624,841424,126,0.982324,0
545432,841424,126,0.982367,0
542248,841424,126,0.981459,0
543392,841424,126,0.982495,0
541376,841424,127,0.982621,0
545176,841424,127,0.983359,0
544144,841424,128,0.983420,0
548096,841424,128,0.983761,0
546392,841424,129,0.983861,0
546504,841424,129,0.983910,0
543584,841424,129,0.978555,0
543752,841424,129,0.979312,0
542784,841424,129,0.979387,0
542440,841424,130,0.979412,0
541608,841424,131,0.979473,0
538976,841424,131,0.979667,0
541856,841424,131,0.982101,0
540240,841424,131,0.982207,0
537272,841424,132,0.982391,0
539304,841424,132,0.983249,0
540096,841424,132,0.983454,0
543104,841424,132,0.984102,0
544016,841424,132,0.984564,0
544400,841424,132,0.984713,0
542000,841424,132,0.978437,0
542888,841424,132,0.981709,0
539880,841424,132,0.981906,0
543760,841424,132,0.983228,0
539760,841424,132,0.980190,0
540440,841424,132,0.982717,0
538256,841424,131,0.982856,0
537840,841424,130,0.981820,0
538048,841424,130,0.982702,0
541584,841424,130,0.982653,0
538152,841424,129,0.973599,0
540344,841424,129,0.981316,0
536776,841424,129,0.981552,0
539744,841424,129,0.982768,0
538176,841424,128,0.977898,0
538792,841424,128,0.980183,0
536016,841424,128,0.980378,0
539432,841424,128,0.982790,0
538368,841424,129,0.982855,0
539008,841424,129,0.983517,0
538672,841424,128,0.983542,0
541872,841424,128,0.983978,0
541584,841424,128,0.983997,0
543032,841424,128,0.984598,0
542528,841424,128,0.984628,0
539640,841424,128,0.984787,0
535944,841424,129,0.984983,0
535200,841424,129,0.985024,0
532480,841424,128,0.974329,0
532272,841424,129,0.974347,0
531544,841424,129,0.974415,0
532504,841424,129,0.977794,0
535984,841424,129,0.983955,0
538952,841424,129,0.984827,0
538336,841424,130,0.984860,0
538400,841424,130,0.985050,0
541232,841424,130,0.985096,0
544784,841424,130,0.984932,0
542992,841424,130,0.983403,0
539720,841424,129,0.978971,0
540320,841424,129,0.981214,0
537384,841424,128,0.972008,0
540456,841424,128,0.981208,0
541128,841424,128,0.982693,0
542632,841424,128,0.983424,0
544544,841424,128,0.983509,0
543184,841424,128,0.983592,0
542152,841424,128,0.983655,0
539592,841424,128,0.978021,0
539224,841424,128,0.978053,0
541392,841424,128,0.983645,0
544416,841424,128,0.983522,0
543776,841424,129,0.983560,0
541872,841424,129,0.983674,0
544952,841424,129,0.985130,0
545448,841424,129,0.985158,0
543416,841424,129,0.982007,0
544216,841424,129,0.984994,0
545920,841424,129,0.985130,0
544568,841424,128,0.971822,0
545040,841424,128,0.973640,0
547488,841424,128,0.982461,0
545440,841424,128,0.982594,0
546904,841424,128,0.985077,0
546408,841424,128,0.985049,0
548376,841424,128,0.984997,0
544856,841424,128,0.974319,0
548192,841424,128,0.985007,0
544760,841424,128,0.983240,0
547600,841424,128,0.985040,0
546584,841424,127,0.974742,0
549144,841424,127,0.984023,0
548672,841424,128,0.984051,0
552584,841424,128,0.984764,0
549904,841424,128,0.984008,0
550360,841424,128,0.984888,0
548872,841424,128,0.984973,0
550656,841424,128,0.985254,0
548272,841424,128,0.979386,0
545872,841424,127,0.967540,0
543552,841424,127,0.967815,0
542912,841424,127,0.967894,0
541480,841424,128,0.968057,0
541672,841424,128,0.968882,0
538600,841424,129,0.969218,0
539264,841424,129,0.971649,0
538192,841424,130,0.971756,0
539552,841424,130,0.976581,0
536736,841424,131,0.976812,0
534752,841424,130,0.972347,0
537152,841424,130,0.976782,0
537456,841424,130,0.977986,0
538904,841424,130,0.980066,0
535848,841424,130,0.980281,0
537760,841424,130,0.980623,0
538480,841424,130,0.983157,0
542456,841424,130,0.983030,0
539184,841424,129,0.971112,0
540712,841424,129,0.976534,0
536696,841424,129,0.976867,0
536664,841424,129,0.976873,0
540656,841424,129,0.979886,0
538592,841424,130,0.980031,0
534688,841424,129,0.968909,0
534520,841424,129,0.968933,0
531552,841424,129,0.969254,0
533712,841424,129,0.976647,0
536528,841424,129,0.980182,0
538688,841424,129,0.981435,0
538624,841424,130,0.981439,0
539200,841424,130,0.983230,0
542344,841424,130,0.983410,0
542400,841424,130,0.983774,0
541152,841424,130,0.983849,0
537240,841424,131,0.984070,0
533432,841424,130,0.975474,0
535960,841424,130,0.984144,0
536632,841424,130,0.984188,0
539888,841424,130,0.985812,0
543288,841424,130,0.985637,0
541840,841424,131,0.985711,0
543176,841424,131,0.985812,0
540776,841424,132,0.985933,0
536888,841424,133,0.986124,0
539536,841424,133,0.986190,0
535888,841424,133,0.985726,0
533392,841424,133,0.985852,0
534240,841424,133,0.985974,0
532184,841424,133,0.986076,0
531224,841424,134,0.986121,0
531672,841424,134,0.986153,0
535464,841424,134,0.986385,0
531672,841424,134,0.975822,0
534352,841424,134,0.985051,0
537832,841424,134,0.986270,0
539832,841424,134,0.986170,0
538680,841424,134,0.986229,0
540472,841424,134,0.986139,0
538720,841424,134,0.986227,0
535360,841424,135,0.986388,0
536168,841424,135,0.986403,0
533288,841424,135,0.980046,0
536784,841424,135,0.986374,0
538128,841424,135,0.986335,0
535936,841424,136,0.986440,0
539720,841424,136,0.986341,0
535728,841424,136,0.976914,0
533960,841424,136,0.977059,0
537912,841424,136,0.986430,0
537000,841424,136,0.986476,0
537768,841424,136,0.986437,0
540712,841424,136,0.986378,0
537840,841424,135,0.971467,0
538624,841424,135,0.974313,0
535528,841424,134,0.974598,0
533568,841424,134,0.974775,0
535416,841424,134,0.978200,0
538208,841424,134,0.981019,0
537440,841424,134,0.981073,0
540304,841424,134,0.986261,0
538960,841424,134,0.986272,0
541472,841424,134,0.986204,0
539992,841424,133,0.985290,0
538616,841424,132,0.976755,0
535752,841424,132,0.976991,0
539800,841424,132,0.980925,0
542904,841424,132,0.985140,0
546944,841424,132,0.985935,0
545032,841424,132,0.983270,0
547456,841424,132,0.985909,0
544728,841424,133,0.986047,0
547768,841424,133,0.985948,0
546736,841424,133,0.986003,0
549720,841424,133,0.985936,0
548152,841424,133,0.986018,0
545952,841424,132,0.976573,0
548624,841424,132,0.985997,0
551576,841424,132,0.985871,0
550456,841424,132,0.985932,0
550928,841424,132,0.985905,0
550056,841424,132,0.984486,0
551496,841424,132,0.985876,0
549992,841424,131,0.970686,0
547624,841424,131,0.970943,0
549144,841424,131,0.976504,0
553176,841424,131,0.985019,0
550072,841424,131,0.980207,0
548952,841424,131,0.980291,0
551080,841424,131,0.985137,0
547200,841424,131,0.981432,0
550064,841424,131,0.985192,0
551736,841424,131,0.985866,0
549952,841424,131,0.984905,0
550888,841424,131,0.985910,0
549360,841424,132,0.985988,0
552272,841424,132,0.986072,0
552144,841424,132,0.986081,0
553992,841424,132,0.986012,0
552544,841424,131,0.971237,0
553968,841424,131,0.976555,0
551320,841424,131,0.976787,0
554400,841424,131,0.984742,0
551360,841424,130,0.970190,0
549480,841424,130,0.970400,0
552368,841424,130,0.980930,0
555400,841424,130,0.981308,0
554416,841424,130,0.981380,0
554696,841424,130,0.982580,0
552848,841424,131,0.982699,0
554160,841424,131,0.984517,0
553792,841424,132,0.984539,0
555472,841424,132,0.984678,0
551464,841424,131,0.963335,0
552496,841424,131,0.967184,0
550984,841424,131,0.967372,0
553736,841424,131,0.977437,0
551288,841424,131,0.977644,0
553200,841424,131,0.980211,0
549224,841424,130,0.977028,0
549256,841424,130,0.977313,0
546424,841424,130,0.977550,0
547152,841424,130,0.980301,0
543248,841424,129,0.975721,0
543888,841424,129,0.978126,0
540848,841424,128,0.977264,0
544208,841424,128,0.978105,0
540744,841424,129,0.978374,0
543184,841424,129,0.980583,0
540064,841424,128,0.980804,0
536984,841424,127,0.965333,0
540232,841424,127,0.976582,0
541064,841424,127,0.979629,0
537024,841424,127,0.979921,0
538264,841424,127,0.980925,0
538208,841424,128,0.980929,0
538904,841424,128,0.981217,0
536368,841424,127,0.981390,0
532776,841424,127,0.975754,0
531632,841424,128,0.975849,0
533848,841424,128,0.981552,0
537576,841424,128,0.983269,0
533920,841424,128,0.977065,0
533504,841424,127,0.977106,0
533736,841424,127,0.978051,0
531088,841424,127,0.978254,0
533880,841424,127,0.983489,0
534672,841424,127,0.983552,0
535688,841424,127,0.983686,0
535304,841424,127,0.983710,0
536144,841424,127,0.984468,0
534296,841424,127,0.984570,0
537464,841424,127,0.984480,0
533656,841424,127,0.982808,0
534752,841424,127,0.984626,0
534080,841424,127,0.984665,0
537184,841424,127,0.985111,0
535872,841424,127,0.983733,0
536728,841424,127,0.985135,0
532736,841424,127,0.975230,0
532864,841424,127,0.975822,0
530736,841424,126,0.975048,0
531864,841424,126,0.975909,0
529864,841424,126,0.976077,0
533880,841424,126,0.978839,0
532040,841424,126,0.978976,0
533512,841424,126,0.984115,0
530088,841424,125,0.978219,0
530672,841424,125,0.980333,0
527072,841424,124,0.978660,0
528856,841424,124,0.980457,0
528160,841424,125,0.980503,0
528384,841424,125,0.981408,0
525280,841424,125,0.981605,0
528608,841424,125,0.984382,0
528544,841424,125,0.984388,0
532536,841424,125,0.984556,0
530336,841424,124,0.983393,0
529872,841424,125,0.983420,0
532240,841424,125,0.984574,0
532704,841424,125,0.984740,0
529920,841424,125,0.982923,0
530968,841424,125,0.984831,0
529264,841424,125,0.984921,0
530632,841424,125,0.985450,0
529752,841424,124,0.985498,0
526808,841424,124,0.985645,0
527848,841424,124,0.985835,0
530080,841424,124,0.985807,0
527480,841424,124,0.985934,0
530600,841424,124,0.985946,0
528072,841424,125,0.986066,0
530528,841424,125,0.986002,0
526528,841424,125,0.978426,0
524848,841424,125,0.978551,0
527752,841424,125,0.985919,0
528928,841424,125,0.986078,0
525672,841424,124,0.976126,0
522216,841424,124,0.976404,0
518424,841424,124,0.976701,0
519776,841424,124,0.981206,0
519104,841424,125,0.981248,0
520784,841424,125,0.983997,0
520592,841424,126,0.984007,0
521000,841424,126,0.985492,0
518168,841424,126,0.977133,0
521920,841424,126,0.985448,0
521584,841424,126,0.985467,0
520048,841424,126,0.982350,0
522968,841424,126,0.985400,0
524264,841424,126,0.986297,0
527976,841424,126,0.986340,0
527720,841424,126,0.986354,0
528904,841424,126,0.986487,0
531016,841424,126,0.986387,0
530440,841424,125,0.986418,0
530792,841424,125,0.986427,0
529816,841424,125,0.984620,0
531488,841424,125,0.986395,0
530128,841424,126,0.986458,0
530792,841424,126,0.986534,0
527552,841424,126,0.980243,0
527168,841424,126,0.980271,0
528328,841424,126,0.984288,0
526608,841424,125,0.984384,0
527152,841424,125,0.985164,0
528416,841424,125,0.986292,0
526200,841424,126,0.986394,0
526184,841424,127,0.986395,0
527576,841424,127,0.986681,0
523928,841424,127,0.979680,0
521016,841424,126,0.979882,0
521176,841424,126,0.980504,0
517624,841424,126,0.980733,0
519552,841424,126,0.980661,0
520128,841424,126,0.982680,0
523680,841424,126,0.985972,0
523648,841424,126,0.985976,0
524184,841424,126,0.986832,0
522744,841424,126,0.985912,0
524864,841424,126,0.986802,0
523528,841424,126,0.986596,0
520360,841424,126,0.980556,0
516672,841424,126,0.980793,0
519168,841424,126,0.986132,0
521872,841424,126,0.986669,0
524784,841424,126,0.986805,0
523392,841424,126,0.986522,0
524800,841424,126,0.986805,0
524552,841424,126,0.986818,0
524784,841424,126,0.986886,0
524584,841424,127,0.986895,0
527632,841424,127,0.986757,0
524000,841424,126,0.976412,0
525800,841424,126,0.982482,0
522080,841424,126,0.981479,0
523768,841424,126,0.982601,0
522488,841424,126,0.982677,0
524712,841424,126,0.986889,0
523408,841424,126,0.986948,0
525688,841424,126,0.986846,0
525008,841424,126,0.986878,0
525864,841424,126,0.987000,0
522136,841424,126,0.982272,0
518120,841424,126,0.977002,0
516072,841424,126,0.970335,0
519600,841424,126,0.981765,0
522120,841424,126,0.982273,0
519472,841424,126,0.981351,0
516304,841424,126,0.981546,0
519024,841424,126,0.982457,0
520624,841424,126,0.985270,0
517144,841424,126,0.978042,0
514504,841424,126,0.978233,0
516112,841424,126,0.982701,0
515304,841424,126,0.982749,0
516448,841424,126,0.983491,0
516152,841424,127,0.983507,0
517568,841424,127,0.985417,0
516272,841424,127,0.985481,0
519472,841424,127,0.986432,0
521608,841424,127,0.986414,0
521712,841424,127,0.986911,0
519192,841424,127,0.981783,0
522328,841424,127,0.986884,0
520832,841424,127,0.984040,0
524680,841424,127,0.986781,0
522120,841424,127,0.981978,0
524352,841424,127,0.986796,0
521312,841424,127,0.979243,0
525408,841424,127,0.986749,0
523248,841424,128,0.986844,0
524328,841424,128,0.987062,0
521248,841424,128,0.979111,0
522816,841424,128,0.984382,0
521352,841424,127,0.971604,0
520168,841424,127,0.971720,0
521008,841424,127,0.974576,0
518552,841424,127,0.974785,0
515056,841424,126,0.972431,0
515568,841424,126,0.974202,0
517880,841424,126,0.974841,0
515200,841424,127,0.975060,0
516656,841424,127,0.979845,0
520376,841424,127,0.981577,0
518168,841424,127,0.981713,0
519960,841424,127,0.984532,0
519552,841424,128,0.984553,0
518720,841424,129,0.984595,0
521944,841424,129,0.986341,0
519336,841424,129,0.984116,0
523000,841424,129,0.986293,0
524128,841424,129,0.986507,0
523632,841424,129,0.986531,0
526024,841424,129,0.986986,0
524848,841424,129,0.986047,0
524720,841424,130,0.986053,0
523320,841424,131,0.986118,0
524016,841424,131,0.987074,0
519944,841424,131,0.981732,0
522448,841424,131,0.987141,0
523736,841424,131,0.987164,0
524712,841424,131,0.987147,0
520672,841424,131,0.981630,0
517008,841424,130,0.965854,0
513080,841424,130,0.966292,0
512536,841424,130,0.966357,0
516112,841424,130,0.976020,0
514952,841424,131,0.976111,0
512520,841424,131,0.976301,0
509024,841424,132,0.976565,0
512400,841424,132,0.978032,0
510608,841424,132,0.978162,0
513512,841424,132,0.981985,0
514744,841424,132,0.981989,0
513472,841424,132,0.982065,0
514944,841424,132,0.985093,0
512664,841424,132,0.985205,0
511592,841424,132,0.985258,0
513656,841424,132,0.986114,0
514456,841424,132,0.986932,0
516704,841424,132,0.987147,0
514832,841424,133,0.987225,0
516688,841424,133,0.987172,0
517888,841424,133,0.987172,0
514768,841424,133,0.986499,0
518864,841424,133,0.987131,0
519256,841424,133,0.987244,0
515920,841424,133,0.984752,0
513168,841424,134,0.984888,0
513272,841424,134,0.985371,0
514888,841424,134,0.987423,0
515648,841424,134,0.987520,0
514496,841424,134,0.987569,0
518456,845432,134,0.987569,0
517032,845432,133,0.983988,0
519512,845432,133,0.987528,0
516736,845432,132,0.968270,0
519616,845432,132,0.977499,0
517608,845432,132,0.977649,0
519872,845432,132,0.984127,0
516120,845432,132,0.977550,0
519592,845432,132,0.984141,0
515696,845432,131,0.974551,0
515184,845432,132,0.974593,0
519192,845432,132,0.984165,0
516608,845432,131,0.982342,0
518528,845432,131,0.984201,0
518248,845432,132,0.984215,0
519104,845432,132,0.985053,0
521856,845432,132,0.986988,0
520840,845432,131,0.987035,0
523016,845432,131,0.987283,0
521608,845432,131,0.986767,0
519192,845432,131,0.982454,0
519912,845432,131,0.984912,0
519400,845432,131,0.984939,0
516256,845432,131,0.984682,0
513416,845432,132,0.984821,0
517080,845432,132,0.985052,0
518592,845432,132,0.985080,0
519008,845432,132,0.986565,0
522488,845432,132,0.987303,0
521032,845432,133,0.987363,0
518128,845432,133,0.984349,0
519096,845432,133,0.987443,0
516128,845432,132,0.976961,0
514160,845432,132,0.977109,0
511568,845432,132,0.977301,0
507704,845432,132,0.977579,0
507728,845432,132,0.977799,0
504896,845432,132,0.977998,0
502480,845432,132,0.978165,0
503832,845432,132,0.978392,0
501336,845432,132,0.978561,0
504568,845432,132,0.981742,0
505184,845432,132,0.982325,0
501784,845432,132,0.982513,0
501248,845432,132,0.982544,0
504608,845432,132,0.982583,0
503528,845432,132,0.982644,0
501744,845432,132,0.982741,0
497784,845432,132,0.976710,0
494304,845432,132,0.976957,0
496664,845432,132,0.981218,0
497120,845432,132,0.982716,0
497432,845432,132,0.982964,0
499040,845432,132,0.983708,0
498424,845432,132,0.982085,0
494456,845432,131,0.980381,0
497568,845432,131,0.982135,0
494416,845432,130,0.982309,0
491664,845432,130,0.982457,0
487632,845432,131,0.982665,0
489360,845432,131,0.984184,0
486712,845432,130,0.973038,0
482760,845432,130,0.973351,0
485992,845432,130,0.982704,0
486936,845432,130,0.983593,0
489408,845432,130,0.984181,0
492168,845432,130,0.984288,0
494648,845432,130,0.985227,0
494064,845432,130,0.985255,0
493400,845432,129,0.985288,0
489864,845432,128,0.972245,0
491888,845432,128,0.978250,0
492904,845432,128,0.981363,0
489680,845432,129,0.981541,0
490920,845432,129,0.985300,0
492944,845432,129,0.985304,0
489776,845432,128,0.979402,0
486176,845432,127,0.976812,0
484688,845432,127,0.976916,0
487328,845432,127,0.979556,0
489368,845432,127,0.984543,0
489808,845432,127,0.985184,0
491624,845432,127,0.985364,0
492840,845432,127,0.985452,0
489312,845432,127,0.977628,0
488456,845432,128,0.977685,0
487656,845432,128,0.977741,0
485152,845432,127,0.972416,0
481144,845432,127,0.972739,0
483592,845432,127,0.976963,0
485280,845432,127,0.977898,0
484552,845432,127,0.977948,0
481504,845432,128,0.978143,0
479896,845432,128,0.978247,0
476760,845432,127,0.962528,0
479456,845432,127,0.970117,0
483024,845432,127,0.979838,0
484976,845432,127,0.980187,0
483560,845432,126,0.977088,0
482880,845432,126,0.977136,0
486816,845432,126,0.980086,0
489552,845432,126,0.981698,0
489488,845432,125,0.976878,0
486584,845432,124,0.969270,0
489664,845432,124,0.976870,0
488976,845432,123,0.974750,0
492032,845432,123,0.976710,0
491640,845432,123,0.976740,0
494000,845432,123,0.981464,0
496728,845432,123,0.983533,0
493680,845432,123,0.983686,0
490600,845432,122,0.975344,0
494080,845432,122,0.983669,0
496336,845432,122,0.983676,0
495616,845432,123,0.983711,0
499048,845432,123,0.984001,0
496928,845432,123,0.984106,0
498488,845432,123,0.984977,0
497344,845432,124,0.985029,0
501216,845432,124,0.985094,0
500992,845432,124,0.985106,0
502064,845432,124,0.985252,0
498912,845432,124,0.979578,0
502504,845432,124,0.985232,0
498656,845432,124,0.978816,0
500544,845432,124,0.984611,0
501400,845432,124,0.985280,0
502400,845432,124,0.985281,0
504664,845432,124,0.985325,0
502024,845432,125,0.985444,0
505864,845432,125,0.985293,0
504064,845432,126,0.985375,0
505192,845432,126,0.985719,0
503264,845432,126,0.981831,0
499784,845432,127,0.982024,0
501656,845432,127,0.985874,0
502784,845432,127,0.986759,0
502952,845432,127,0.986948,0
500728,845432,126,0.978393,0
501080,845432,126,0.979593,0
499264,845432,126,0.979709,0
497392,845432,126,0.979827,0
500936,845432,126,0.981958,0
503568,845432,126,0.984552,0
502320,845432,126,0.984491,0
504208,845432,126,0.984522,0
502976,845432,127,0.984580,0
502400,845432,128,0.984608,0
504024,845432,128,0.986905,0
506712,845432,128,0.987117,0
506824,845432,128,0.987161,0
507064,845432,128,0.987249,0
503216,845432,127,0.975402,0
505312,845432,127,0.981901,0
506016,845432,127,0.984201,0
505472,845432,127,0.984230,0
508464,845432,127,0.987193,0
505744,845432,127,0.982374,0
506800,845432,127,0.985761,0
504896,845432,126,0.973461,0
501128,845432,125,0.973776,0
497408,845432,124,0.973328,0
494176,845432,125,0.973586,0
495240,845432,125,0.974245,0
497896,845432,125,0.976657,0
498752,845432,125,0.977006,0
501472,845432,125,0.979169,0
497480,845432,126,0.979421,0
495376,845432,126,0.979555,0
497312,845432,126,0.982270,0
493784,845432,126,0.978957,0
495400,845432,126,0.982372,0
499320,845432,126,0.983672,0
496624,845432,126,0.981169,0
500416,845432,126,0.983617,0
497448,845432,126,0.983427,0
500320,845432,126,0.983622,0
497288,845432,126,0.983775,0
500920,845432,126,0.984180,0
498744,845432,125,0.984290,0
500992,845432,125,0.985062,0
499752,845432,126,0.985119,0
499368,845432,126,0.985138,0
500152,845432,126,0.985321,0
497840,845432,125,0.982611,0
501864,845432,125,0.985246,0
504112,845432,125,0.985190,0
503976,845432,126,0.985197,0
500040,845432,126,0.975913,0
498768,845432,126,0.976010,0
498104,845432,127,0.976059,0
497648,845432,128,0.976092,0
501256,845432,128,0.985322,0
501824,845432,128,0.985417,0
503968,845432,128,0.985888,0
507216,845432,128,0.986793,0
509520,845432,128,0.986872,0
506144,845432,129,0.987010,0
505304,845432,128,0.980708,0
504104,845432,128,0.980783,0
502976,845432,128,0.980852,0
499408,845432,128,0.981063,0
498464,845432,128,0.981121,0
494752,845432,128,0.981334,0
497336,845432,128,0.981816,0
494416,845432,129,0.981975,0
493432,845432,129,0.982031,0
493688,845432,129,0.982926,0
492848,845432,130,0.982969,0
491936,845432,130,0.983017,0
492920,845432,130,0.986051,0
491704,845432,130,0.986104,0
493728,845432,130,0.986665,0
491288,845432,130,0.981836,0
493952,845432,130,0.986656,0
495072,845432,130,0.986874,0
497296,845432,130,0.987269,0
499296,845432,130,0.987287,0
496568,845432,130,0.981296,0
495144,845432,131,0.981376,0
497736,845432,131,0.987347,0
498256,845432,131,0.987544,0
499272,845432,131,0.987552,0
501488,845432,131,0.987589,0
501048,845432,131,0.987607,0
498984,845432,131,0.986005,0
500232,845432,131,0.987638,0
503784,845432,131,0.987575,0
502224,845432,130,0.975769,0
502984,845432,130,0.978202,0
501072,845432,129,0.977894,0
501488,845432,129,0.978305,0
500336,845432,128,0.978388,0
498336,845432,128,0.978523,0
502128,845432,128,0.979253,0
505816,845432,128,0.979560,0
509568,845432,128,0.986773,0
505544,845432,127,0.975501,0
502344,845432,127,0.975746,0
502008,845432,128,0.975771,0
503072,845432,128,0.979119,0
502616,845432,128,0.979151,0
502096,845432,128,0.979188,0
501240,845432,127,0.979248,0
503968,845432,127,0.980283,0
505360,845432,127,0.984469,0
502696,845432,127,0.981198,0
504400,845432,127,0.984515,0
505144,845432,127,0.984675,0
501672,845432,128,0.984839,0
504184,845432,128,0.986527,0
506320,845432,128,0.986884,0
508280,845432,128,0.986826,0
511864,845432,128,0.986776,0
509840,845432,127,0.980360,0
509048,845432,127,0.980411,0
508192,845432,128,0.980464,0
509368,845432,128,0.984240,0
512128,845432,128,0.986767,0
516200,845432,128,0.986952,0
519040,845432,128,0.986959,0
515120,845432,128,0.981252,0
515880,845432,128,0.983800,0
513120,845432,128,0.982977,0
516320,845432,128,0.983778,0
516216,845432,129,0.983783,0
515424,845432,129,0.983827,0
517672,845432,129,0.987017,0
519624,845432,129,0.986985,0
517736,845432,129,0.983703,0
513680,845432,129,0.974930,0
517168,845432,129,0.983733,0
518512,845432,129,0.985994,0
515928,845432,129,0.980043,0
519592,845432,129,0.985945,0
516344,845432,129,0.985321,0
513264,845432,130,0.985465,0
515104,845432,130,0.986147,0
518592,845432,130,0.987026,0
517936,845432,129,0.985349,0
515488,845432,130,0.985464,0
515512,845432,130,0.985692,0
513592,845432,129,0.975678,0
514680,845432,129,0.979226,0
512992,845432,130,0.979338,0
511056,845432,130,0.979468,0
513992,845432,130,0.985764,0
510656,845432,129,0.968449,0
512560,845432,129,0.974460,0
513080,845432,129,0.976223,0
513712,845432,129,0.978342,0
510136,845432,130,0.978587,0
506264,845432,130,0.978849,0
509032,845432,130,0.983593,0
508616,845432,131,0.983615,0
511936,845432,131,0.985853,0
515000,845432,131,0.987174,0
512832,845432,132,0.987262,0
514368,845432,132,0.987223,0
511712,845432,133,0.987331,0
512408,845432,133,0.987301,0
511280,845432,134,0.987346,0
514184,845432,134,0.987304,0
513560,845432,134,0.987331,0
511136,845432,134,0.980055,0
507584,845432,134,0.980280,0
505216,845432,134,0.980428,0
505488,845432,134,0.981404,0
505136,845432,134,0.981428,0
504720,845432,134,0.981454,0
502584,845432,134,0.981579,0
501600,845432,135,0.981635,0
505040,845432,135,0.986978,0
503672,845432,134,0.977883,0
501424,845432,134,0.978039,0
504336,845432,134,0.984011,0
507280,845432,134,0.986889,0
509136,845432,134,0.986810,0
509744,845432,134,0.987262,0
511784,845432,134,0.987381,0
509272,845432,134,0.987482,0
512760,845432,134,0.987367,0
514848,845432,134,0.987280,0
514288,845432,133,0.982317,0
514696,845432,133,0.983752,0
515832,845432,133,0.987240,0
518008,845432,133,0.987174,0
514112,845432,133,0.974774,0
511320,845432,134,0.974997,0
507712,845432,135,0.975280,0
509936,845432,135,0.982274,0
513664,845432,135,0.987350,0
515648,845432,135,0.987499,0
514296,845432,136,0.987553,0
512976,845432,137,0.987606,0
511016,845432,137,0.986671,0
511216,845432,137,0.987446,0
512464,845432,137,0.987624,0
514040,845432,137,0.987739,0
513064,845432,137,0.987779,0
513112,845432,137,0.988081,0
511144,845432,136,0.976952,0
513584,845432,136,0.984717,0
512520,845432,135,0.984595,0
511584,845432,135,0.984644,0
511656,845432,135,0.984815,0
510120,845432,135,0.984891,0
508392,845432,135,0.984976,0
509048,845432,135,0.985144,0
504952,845432,134,0.972265,0
506752,845432,134,0.977879,0
508016,845432,134,0.981904,0
509800,845432,134,0.985106,0
507504,845432,133,0.984792,0
510480,845432,133,0.985077,0
507808,845432,133,0.982320,0
510776,845432,133,0.985063,0
507232,845432,133,0.979172,0
511056,845432,133,0.985049,0
507568,845432,133,0.985215,0
507888,845432,133,0.986352,0
504984,845432,133,0.986477,0
507344,845432,133,0.986475,0
505392,845432,133,0.986161,0
508176,845432,133,0.986440,0
505440,845432,132,0.970680,0
504320,845432,132,0.970786,0
500368,845432,131,0.971148,0
501704,845432,131,0.974715,0
502760,845432,131,0.975196,0
506840,845432,131,0.977751,0
503392,845432,130,0.971097,0
507128,845432,130,0.977734,0
503640,845432,130,0.977978,0
507488,845432,130,0.982568,0
505232,845432,130,0.982693,0
507488,845432,130,0.982944,0
504504,845432,130,0.983104,0
507224,845432,130,0.983258,0
507024,845432,131,0.983269,0
509248,845432,131,0.985995,0
509016,845432,130,0.977178,0
505768,845432,129,0.973556,0
504312,845432,128,0.973683,0
501592,845432,128,0.973907,0
503528,845432,128,0.975007,0
500552,845432,128,0.975239,0
497224,845432,128,0.975492,0
497504,845432,128,0.976463,0
495480,845432,128,0.976610,0
494464,845432,129,0.976681,0
496728,845432,129,0.978043,0
498888,845432,129,0.980162,0
499096,845432,129,0.980927,0
499520,845432,129,0.982340,0
499352,845432,129,0.982352,0
498408,845432,129,0.982405,0
501520,845432,129,0.983267,0
499952,845432,129,0.983349,0
498920,845432,129,0.983404,0
501496,845432,129,0.983270,0
502752,845432,129,0.984436,0
505040,845432,129,0.984920,0
508720,845432,129,0.986025,0
511488,845432,129,0.986610,0
510352,845432,130,0.986658,0
510544,845432,130,0.986901,0
508744,845432,131,0.986975,0
512112,845432,131,0.986910,0
511144,845432,131,0.986243,0
513648,845432,131,0.986846,0
509856,845432,131,0.977719,0
509552,845432,131,0.977744,0
512656,845432,131,0.986889,0
508920,845432,131,0.982040,0
509368,845432,131,0.983574,0
505880,845432,132,0.983752,0
507784,845432,132,0.987088,0
511120,845432,132,0.987076,0
509856,845432,132,0.987129,0
511312,845432,132,0.987347,0
510552,845432,132,0.987379,0
511064,845432,132,0.987382,0
510792,845432,133,0.987393,0
509616,845432,133,0.987442,0
513640,849504,133,0.987442,0
511024,849504,132,0.978822,0
508768,849504,132,0.978973,0
507720,849504,132,0.979045,0
509864,849504,132,0.982663,0
511552,849504,132,0.985649,0
513640,849504,132,0.987444,0
509616,849504,132,0.977894,0
510624,849504,132,0.981118,0
511072,849504,132,0.982640,0
509168,849504,133,0.982742,0
506920,849504,134,0.982862,0
506160,849504,134,0.982905,0
506184,849504,134,0.983123,0
504512,849504,134,0.983212,0
507032,849504,134,0.986092,0
508888,849504,134,0.987625,0
504976,849504,134,0.978202,0
504480,849504,134,0.978238,0
505232,849504,134,0.980642,0
507672,849504,134,0.987672,0
510520,849504,134,0.987585,0
506672,849504,134,0.978036,0
506752,849504,134,0.978422,0
505696,849504,135,0.978492,0
506168,849504,135,0.980060,0
504032,849504,136,0.980190,0
503584,849504,137,0.980217,0
506880,849504,137,0.987721,0
503680,849504,138,0.987841,0
499944,849504,139,0.987979,0
502016,849504,139,0.988023,0
498784,849504,139,0.978958,0
500080,849504,139,0.982938,0
498752,849504,138,0.977035,0
495960,849504,137,0.977233,0
491888,849504,137,0.977510,0
488064,849504,138,0.977761,0
490600,849504,138,0.979614,0
488816,849504,137,0.973903,0
489520,849504,137,0.976049,0
486584,849504,137,0.976256,0
488720,849504,137,0.979729,0
486200,849504,137,0.979880,0
483248,849504,137,0.980053,0
482464,849504,137,0.980101,0
485680,849504,137,0.981210,0
488224,849504,137,0.982516,0
487208,849504,138,0.982567,0
484848,849504,138,0.982688,0
482088,849504,137,0.976687,0
483016,849504,137,0.979426,0
485264,849504,137,0.982668,0
481680,849504,137,0.982848,0
485712,849504,137,0.983665,0
486696,849504,137,0.984081,0
482896,849504,136,0.979502,0
483792,849504,136,0.982165,0
484872,849504,136,0.984164,0
487728,849504,136,0.985243,0
491664,849504,136,0.985140,0
490416,849504,135,0.979184,0
488128,849504,135,0.979326,0
488872,849504,135,0.981594,0
487272,849504,135,0.981682,0
489184,849504,135,0.985229,0
490640,849504,135,0.985187,0
493728,849504,135,0.985429,0
495224,849504,135,0.985505,0
498440,849504,135,0.986061,0
495080,849504,134,0.978889,0
497856,849504,134,0.986087,0
494680,849504,134,0.979723,0
491616,849504,134,0.979909,0
489440,849504,134,0.980040,0
490984,849504,134,0.984631,0
487544,849504,133,0.978476,0
489376,849504,133,0.983862,0
486000,849504,133,0.984022,0
485432,849504,133,0.984051,0
482704,849504,134,0.984175,0
484776,849504,134,0.984471,0
485824,849504,134,0.984793,0
486272,849504,134,0.984841,0
487576,849504,134,0.986156,0
484280,849504,134,0.981327,0
486216,849504,134,0.986211,0
485288,849504,135,0.986248,0
487568,849504,135,0.986574,0
487728,849504,135,0.986916,0
485656,849504,135,0.984029,0
481976,849504,134,0.971224,0
482104,849504,134,0.971714,0
478784,849504,133,0.971989,0
480872,849504,133,0.977921,0
479016,849504,133,0.978040,0
478664,849504,133,0.978065,0
478888,849504,133,0.978821,0
481920,849504,133,0.980284,0
483544,849504,133,0.984128,0
481184,849504,133,0.984238,0
484512,849504,133,0.984962,0
483424,849504,133,0.985011,0
483144,849504,134,0.985023,0
486504,849504,134,0.986966,0
490168,849504,134,0.986847,0
488872,849504,135,0.986897,0
486368,849504,135,0.986994,0
486872,849504,135,0.987043,0
488136,849504,135,0.987157,0
486272,849504,134,0.976132,0
486672,849504,134,0.977403,0
482648,849504,134,0.977667,0
481024,849504,135,0.977771,0
485008,849504,135,0.980311,0
487232,849504,135,0.986795,0
485560,849504,135,0.986861,0
489144,849504,135,0.987119,0
487632,849504,134,0.986014,0
484664,849504,133,0.974678,0
485216,849504,133,0.976370,0
488104,849504,133,0.984734,0
486016,849504,132,0.981885,0
483112,849504,132,0.980820,0
485232,849504,132,0.981926,0
488240,849504,132,0.984730,0
487920,849504,132,0.984747,0
487136,849504,133,0.984781,0
490864,849504,133,0.985883,0
493720,849504,133,0.985999,0
491632,849504,134,0.986085,0
495264,849504,134,0.986576,0
493792,849504,134,0.986637,0
496256,849504,134,0.986847,0
495280,849504,133,0.986889,0
496720,849504,133,0.986903,0
495976,849504,133,0.986934,0
497616,849504,133,0.986963,0
495352,849504,134,0.987051,0
498800,849504,134,0.986939,0
496888,849504,134,0.987016,0
498896,849504,134,0.986935,0
497280,849504,133,0.975851,0
499784,849504,133,0.983374,0
497064,849504,133,0.983512,0
493696,849504,133,0.983679,0
490904,849504,133,0.983815,0
492056,849504,133,0.984230,0
495208,849504,133,0.987083,0
493088,849504,134,0.987164,0
494368,849504,134,0.987208,0
492144,849504,134,0.985617,0
495336,849504,134,0.987171,0
492120,849504,133,0.967793,0
495032,849504,133,0.976323,0
493248,849504,133,0.976451,0
490376,849504,132,0.973439,0
490960,849504,132,0.975248,0
488176,849504,131,0.975456,0
489096,849504,131,0.976744,0
491872,849504,131,0.978036,0
493016,849504,131,0.981486,0
489080,849504,131,0.972015,0
492208,849504,131,0.981129,0
489152,849504,131,0.981300,0
489792,849504,131,0.981661,0
489184,849504,132,0.981694,0
487496,849504,131,0.972777,0
489248,849504,131,0.977901,0
490568,849504,131,0.981619,0
487752,849504,130,0.976578,0
491504,849504,130,0.981571,0
490064,849504,130,0.981652,0
486400,849504,130,0.981849,0
484360,849504,131,0.981956,0
480672,849504,131,0.982149,0
480952,849504,131,0.982337,0
477400,849504,130,0.982520,0
473736,849504,130,0.982634,0
475208,849504,130,0.982627,0
472904,849504,129,0.978011,0
471832,849504,129,0.978079,0
473056,849504,129,0.981553,0
473248,849504,129,0.982211,0
473880,849504,129,0.982692,0
473280,849504,129,0.982723,0
476624,849504,129,0.982558,0
473768,849504,129,0.982700,0
474904,849504,129,0.983361,0
472464,849504,130,0.983474,0
470320,849504,130,0.983574,0
469040,849504,130,0.983634,0
472232,849504,130,0.983643,0
474128,849504,130,0.984024,0
476288,849504,130,0.983970,0
474192,849504,130,0.984066,0
473984,849504,131,0.984075,0
473880,849504,131,0.984082,0
475912,849504,131,0.984575,0
472072,849504,131,0.982559,0
475040,849504,131,0.984612,0
474384,849504,131,0.984643,0
470592,849504,131,0.982632,0
472880,849504,131,0.984707,0
471176,849504,131,0.984781,0
470864,849504,131,0.984797,0
473880,849504,131,0.985651,0
474704,849504,131,0.985975,0
472456,849504,131,0.986065,0
468728,849504,131,0.984511,0
465952,849504,131,0.980603,0
465352,849504,131,0.980637,0
462496,849504,130,0.976391,0
464312,849504,130,0.980694,0
466720,849504,130,0.981222,0
467512,849504,130,0.983488,0
466248,849504,130,0.983547,0
466960,849504,130,0.984588,0
468400,849504,130,0.985539,0
470128,849504,130,0.986155,0
473176,849504,130,0.986906,0
474480,849504,130,0.986902,0
472392,849504,130,0.985285,0
473192,849504,130,0.986949,0
476512,849504,130,0.986938,0
473880,849504,129,0.971008,0
474912,849504,129,0.973951,0
475904,849504,129,0.976803,0
477040,849504,129,0.980070,0
481040,849504,129,0.986765,0
480280,849504,129,0.986796,0
478056,849504,128,0.976551,0
475032,849504,127,0.973613,0
473952,849504,128,0.973692,0
476608,849504,128,0.976650,0
478760,849504,128,0.980999,0
479384,849504,128,0.982714,0
481408,849504,128,0.982772,0
480896,849504,129,0.982797,0
482136,849504,129,0.986425,0
481336,849504,129,0.986458,0
483736,849504,129,0.986662,0
479776,849504,128,0.968965,0
482360,849504,128,0.976278,0
478712,849504,128,0.976527,0
482632,849504,128,0.984112,0
479528,849504,127,0.966625,0
479808,849504,127,0.967527,0
479144,849504,126,0.967598,0
476984,849504,125,0.962656,0
478072,849504,125,0.965752,0
477792,849504,126,0.965779,0
478384,849504,126,0.967531,0
478408,849504,126,0.967661,0
477160,849504,125,0.967783,0
480864,849504,125,0.967507,0
480840,849504,125,0.967308,0
482056,849504,125,0.970810,0
480768,849504,124,0.970925,0
478616,849504,125,0.971103,0
480704,849504,125,0.977020,0
479088,849504,126,0.977125,0
482400,849504,126,0.978051,0
484336,849504,126,0.983646,0
481824,849504,127,0.983764,0
481664,849504,127,0.983774,0
482184,849504,127,0.985375,0
479936,849504,127,0.985470,0
480896,849504,127,0.985497,0
480736,849504,127,0.985506,0
478504,849504,126,0.980091,0
475144,849504,126,0.980282,0
473288,849504,126,0.980386,0
472160,849504,126,0.980451,0
472080,849504,127,0.980455,0
469488,849504,128,0.980595,0
469592,849504,128,0.981007,0
467368,849504,128,0.981125,0
465576,849504,127,0.981223,0
463936,849504,127,0.981309,0
467344,849504,127,0.981241,0
468640,849504,127,0.981833,0
469408,849504,127,0.983494,0
472824,849504,127,0.983892,0
472192,849504,128,0.983921,0
473176,849504,128,0.984678,0
474408,849504,128,0.985766,0
473944,849504,128,0.985787,0
472424,849504,128,0.983910,0
473704,849504,128,0.985796,0
469784,849504,128,0.977125,0
470400,849504,128,0.978923,0
470528,849504,128,0.979400,0
470024,849504,128,0.979432,0
470368,849504,128,0.980496,0
466776,849504,128,0.980690,0
466392,849504,128,0.980713,0
465688,849504,129,0.980750,0
465808,849504,129,0.981201,0
464456,849504,130,0.981270,0
461920,849504,131,0.981399,0
462176,849504,131,0.982207,0
463112,849504,131,0.982529,0
463080,849504,131,0.982533,0
463296,849504,131,0.983238,0
466544,849504,131,0.984688,0
464592,849504,131,0.984771,0
465400,849504,131,0.986113,0
466344,849504,131,0.986821,0
463576,849504,131,0.986922,0
460800,849504,132,0.987020,0
464656,849504,132,0.986969,0
462192,849504,131,0.981922,0
459248,849504,131,0.982068,0
458696,849504,131,0.982096,0
460824,849504,131,0.986072,0
464792,849504,131,0.986968,0
467064,849504,131,0.986972,0
466240,849504,131,0.987004,0
468656,849504,131,0.986959,0
471144,849504,131,0.986956,0
474192,849504,131,0.987090,0
474320,849504,131,0.987218,0
475320,849504,131,0.987225,0
475208,849504,130,0.987098,0
478208,849504,130,0.987123,0
477512,849504,129,0.975389,0
479256,849504,129,0.980356,0
476352,849504,128,0.961157,0
475648,849504,128,0.961239,0
478640,849504,128,0.969527,0
475792,849504,128,0.969775,0
478424,849504,128,0.977142,0
479072,849504,128,0.979074,0
481584,849504,128,0.986245,0
479696,849504,128,0.986320,0
480840,849504,128,0.986274,0
484432,849504,128,0.986891,0
482216,849504,127,0.978243,0
484952,849504,127,0.986111,0
482408,849504,126,0.974725,0
481464,849504,126,0.974797,0
481592,849504,126,0.975288,0
484248,849504,126,0.982889,0
480472,849504,126,0.978970,0
482616,849504,126,0.982970,0
479880,849504,126,0.978391,0
479936,849504,126,0.978681,0
477448,849504,126,0.978834,0
476296,849504,126,0.978905,0
477888,849504,126,0.983200,0
478192,849504,126,0.983432,0
477912,849504,126,0.983448,0
477440,849504,126,0.983472,0
480568,849504,126,0.984075,0
476584,849504,126,0.977151,0
475488,849504,126,0.977225,0
476728,849504,126,0.980775,0
479728,849504,126,0.984113,0
477024,849504,127,0.984235,0
477984,849504,127,0.984416,0
481720,849504,127,0.985163,0
478808,849504,126,0.982316,0
478784,849504,127,0.982317,0
475208,849504,126,0.968526,0
476496,849504,126,0.972173,0
477880,849504,126,0.976113,0
480264,849504,126,0.982240,0
477048,849504,126,0.981681,0
478048,849504,126,0.982352,0
477008,849504,125,0.975340,0
475136,849504,124,0.975476,0
475760,849504,124,0.977320,0
479304,849504,124,0.982225,0
477400,849504,124,0.982323,0
476592,849504,124,0.982366,0
478120,849504,124,0.982355,0
476096,849504,123,0.973477,0
473816,849504,124,0.973646,0
477288,849504,124,0.982399,0
479456,849504,124,0.982925,0
481632,849504,124,0.983114,0
478768,849504,124,0.983253,0
479904,849504,124,0.984107,0
479880,849504,125,0.984109,0
481504,849504,125,0.984444,0
481032,849504,125,0.984467,0
478000,849504,125,0.978897,0
474640,849504,124,0.975469,0
478256,849504,124,0.978884,0
480400,849504,124,0.984498,0
478568,849504,125,0.984578,0
477560,849504,125,0.984624,0
481224,849504,125,0.984964,0
479984,849504,126,0.985017,0
480608,849504,126,0.985216,0
478192,849504,126,0.985319,0
481688,849504,126,0.985445,0
480192,849504,125,0.979041,0
478512,849504,124,0.979147,0
481728,849504,124,0.980691,0
477760,849504,124,0.980910,0
478568,849504,124,0.983290,0
477248,849504,125,0.983352,0
480752,849504,125,0.985283,0
480768,849504,125,0.985463,0
483584,849504,125,0.985366,0
487568,849504,125,0.985497,0
484368,849504,124,0.969563,0
484808,849504,124,0.970928,0
483584,849504,125,0.971031,0
480592,849504,126,0.971278,0
481552,849504,126,0.974078,0
478200,849504,126,0.974328,0
477312,849504,126,0.974395,0
475152,849504,127,0.974551,0
474560,849504,128,0.974593,0
472312,849504,128,0.974755,0
470632,849504,128,0.974876,0
472912,849504,128,0.981208,0
476728,849504,128,0.982718,0
474872,849504,128,0.982810,0
471904,849504,127,0.978662,0
468400,849504,127,0.978871,0
467104,849504,128,0.978946,0
464944,849504,129,0.979070,0
465416,849504,129,0.980461,0
462200,849504,129,0.980071,0
463088,849504,129,0.980585,0
464544,849504,129,0.982489,0
466544,849504,129,0.983202,0
470624,849504,129,0.983010,0
473208,849504,129,0.983466,0
476320,849504,129,0.983387,0
477080,849504,129,0.983733,0
475472,849504,129,0.983809,0
476208,849504,129,0.984088,0
479336,849504,129,0.985537,0
480656,849504,129,0.985800,0
481904,849504,129,0.986412,0
479816,849504,130,0.986492,0
480320,849504,130,0.986540,0
478696,849504,130,0.982494,0
475224,849504,131,0.982664,0
477936,849504,131,0.986630,0
474272,849504,130,0.981211,0
474144,849504,131,0.981218,0
475984,849504,131,0.986435,0
475344,849504,131,0.986034,0
474008,849504,131,0.986088,0
472872,849504,132,0.986133,0
470464,849504,132,0.986227,0
469880,849504,132,0.986251,0
470968,849504,132,0.986252,0
472144,849504,132,0.986584,0
469136,849504,131,0.971144,0
468368,849504,131,0.971209,0
469744,849504,131,0.975035,0
473528,849504,131,0.985483,0
472632,849504,130,0.981552,0
474776,849504,130,0.985434,0
477352,849504,130,0.986388,0
481224,849504,130,0.986510,0
477632,849504,130,0.986400,0
479288,849504,130,0.986585,0
476848,849504,131,0.986677,0
473880,849504,131,0.984080,0
472496,849504,132,0.984141,0
470808,849504,131,0.976408,0
469720,849504,131,0.976482,0
470952,849504,131,0.979951,0
473504,849504,131,0.984099,0
475424,849504,131,0.986035,0
476048,849504,131,0.986707,0
480120,849504,131,0.986824,0
483912,849504,131,0.986771,0
481736,849504,131,0.982802,0
482680,849504,131,0.985600,0
482048,849504,132,0.985627,0
483608,849504,132,0.986781,0
482368,849504,132,0.986829,0
480448,849504,132,0.983777,0
482008,849504,132,0.986843,0
482208,849504,132,0.986880,0
484520,849504,132,0.987090,0
483520,849504,132,0.986876,0
482896,849504,133,0.986900,0
480312,849504,133,0.985424,0
479080,849504,132,0.980593,0
480208,849504,132,0.983880,0
477160,849504,133,0.984019,0
480128,849504,133,0.985432,0
482288,849504,133,0.986922,0
486080,849504,133,0.987032,0
487032,849504,133,0.987041,0
488936,849504,133,0.986990,0
486864,849504,132,0.979353,0
490648,849504,132,0.986927,0
487808,849504,132,0.986011,0
484056,849504,133,0.986162,0
486992,849504,133,0.987066,0
490744,849504,133,0.986945,0
486960,849504,132,0.979533,0
484928,849504,131,0.979659,0
487856,849504,131,0.981441,0
485376,849504,131,0.981577,0
487264,849504,131,0.984662,0
487192,849504,131,0.984667,0
485256,849504,130,0.983439,0
487560,849504,130,0.984653,0
487192,849504,129,0.984673,0
483648,849504,130,0.984830,0
480024,849504,130,0.980842,0
482808,849504,130,0.984866,0
486616,849504,130,0.986949,0
488144,849504,130,0.987053,0
490256,849504,130,0.986994,0
490720,849504,130,0.986975,0
489720,849504,131,0.987013,0
491080,849504,131,0.986982,0
487008,849504,131,0.986278,0
488976,849504,131,0.987063,0
487352,849504,131,0.983750,0
491160,849504,131,0.986979,0
488448,849504,131,0.981993,0
484864,849504,131,0.982182,0
488856,849504,131,0.986741,0
489000,849504,131,0.987062,0
486840,849504,131,0.985145,0
486104,849504,132,0.985177,0
489688,849504,132,0.987036,0
492832,849504,132,0.987150,0
489952,849504,132,0.987260,0
494008,849504,132,0.987105,0
492168,849504,133,0.987175,0
490808,849504,133,0.986969,0
494192,849504,133,0.987098,0
495840,849504,133,0.987056,0
493728,849504,132,0.978695,0
495368,849504,132,0.983619,0
493328,849504,132,0.983318,0
490000,849504,131,0.978324,0
491280,849504,131,0.982149,0
490424,849504,131,0.979542,0
489008,849504,130,0.979118,0
487744,849504,130,0.979198,0
486288,849504,129,0.978967,0
488264,849504,129,0.979169,0
484880,849504,129,0.979375,0
488232,849504,129,0.979684,0
489792,849504,129,0.983502,0
492256,849504,129,0.983781,0
488472,849504,130,0.983960,0
490040,849504,130,0.984283,0
492184,849504,130,0.984559,0
490608,849504,129,0.984635,0
494480,849504,129,0.984931,0
496016,849504,129,0.984979,0
492824,849504,128,0.981507,0
494088,849504,128,0.985068,0
490216,849504,128,0.984653,0
491968,849504,128,0.985161,0
490128,849504,128,0.985243,0
489168,849504,129,0.985284,0
491944,849504,129,0.985421,0
493856,849504,129,0.986784,0
493512,849504,130,0.986798,0
495944,849504,130,0.986771,0
492832,849504,129,0.970837,0
491392,849504,129,0.970965,0
492096,849504,129,0.973119,0
494576,849504,129,0.980431,0
493184,849504,129,0.980514,0
491048,849504,129,0.980639,0
491344,849504,129,0.981632,0
492320,849504,129,0.984600,0
488328,849504,129,0.982004,0
488632,849504,129,0.983014,0
486320,849504,129,0.983130,0
487200,849504,129,0.984829,0
484072,849504,130,0.984966,0
481928,849504,130,0.985061,0
481944,849504,130,0.985241,0
483672,849504,130,0.985926,0
480360,849504,129,0.975638,0
484192,849504,129,0.985907,0
482896,849504,128,0.975096,0
485104,849504,128,0.981455,0
484480,849504,128,0.981491,0
487856,849504,128,0.985758,0
487384,849504,129,0.985778,0
488632,849504,129,0.986378,0
485240,849504,128,0.968637,0
485480,849504,128,0.969444,0
483824,849504,129,0.969589,0
481392,849504,129,0.969805,0
481672,849504,129,0.970716,0
482416,849504,129,0.972921,0
480440,849504,130,0.973074,0
477296,849504,130,0.973316,0
480632,849504,130,0.982717,0
480416,849504,131,0.982727,0
481648,849504,131,0.986328,0
479920,849504,131,0.985053,0
475832,849504,131,0.980272,0
477384,849504,131,0.984708,0
478552,849504,131,0.985109,0
478840,849504,131,0.986049,0
476840,849504,132,0.986128,0
479112,849504,132,0.986423,0
478920,849504,132,0.986432,0
477168,849504,131,0.979494,0
478584,849504,131,0.983564,0
479952,849504,131,0.986392,0
477264,849504,131,0.981951,0
473432,849504,131,0.976107,0
471880,849504,132,0.976210,0
474992,849504,132,0.982067,0
478232,849504,132,0.984735,0
480560,849504,132,0.986367,0
478416,849504,132,0.984795,0
474336,849504,132,0.982817,0
475360,849504,132,0.984926,0
473272,849504,133,0.985014,0
477016,849504,133,0.985712,0
478152,849504,133,0.986458,0
475600,849504,134,0.986555,0
478496,849504,134,0.987011,0
476768,849504,134,0.985449,0
477768,849504,134,0.987037,0
476480,849504,133,0.987065,0
476536,849504,133,0.987084,0
474256,849504,133,0.987169,0
474240,849504,134,0.987169,0
476888,849504,134,0.987343,0
475360,849504,133,0.981596,0
471504,849504,132,0.976346,0
468312,849504,131,0.974113,0
468392,849504,131,0.974457,0
472104,849504,131,0.976307,0
468752,849504,131,0.976529,0
472096,849504,131,0.980096,0
475488,849504,131,0.981592,0
478568,849504,131,0.984380,0
478424,849504,132,0.984386,0
474632,849504,131,0.979730,0
471392,849504,131,0.979915,0
468376,849504,130,0.980088,0
470600,849504,130,0.982248,0
470944,849504,130,0.982273,0
472384,849504,130,0.983248,0
473784,849504,130,0.984591,0
473136,849504,131,0.984619,0
470136,849504,131,0.984749,0
473456,849504,131,0.985701,0
477064,849504,131,0.986006,0
476936,849504,131,0.986013,0
479984,849504,131,0.986049,0
479784,849504,131,0.986059,0
483464,849504,131,0.986784,0
479408,849504,130,0.978795,0
480632,849504,130,0.982349,0
478504,849504,130,0.982458,0
481144,849504,130,0.986714,0
480480,849504,129,0.985579,0
484400,849504,129,0.986591,0
480736,849504,128,0.979154,0
481120,849504,128,0.980363,0
478848,849504,127,0.975658,0
479376,849504,127,0.977256,0
479248,849504,128,0.977264,0
480616,849504,128,0.980391,0
479360,849504,127,0.978966,0
483312,849504,127,0.980242,0
482688,849504,127,0.980280,0
481096,849504,127,0.980372,0
480656,849504,127,0.980400,0
477248,849504,127,0.980591,0
480816,849504,127,0.980391,0
477152,849504,127,0.979512,0
480664,849504,127,0.980399,0
482088,849504,127,0.981142,0
483360,849504,127,0.984474,0
486360,849504,127,0.984731,0
483712,849504,127,0.984850,0
481568,849504,128,0.984943,0
477816,849504,128,0.978585,0
478064,849504,128,0.979406,0
479512,849504,128,0.983573,0
478624,849504,129,0.983614,0
477352,849504,129,0.981391,0
479024,849504,129,0.983595,0
479056,849504,129,0.983819,0
476584,849504,128,0.981680,0
479224,849504,128,0.983813,0
480384,849504,128,0.985834,0
478472,849504,128,0.985912,0
478216,849504,129,0.985923,0
481480,849504,129,0.986087,0
483056,849504,129,0.986091,0
479640,849504,129,0.978761,0
482680,849504,129,0.986106,0
481448,849504,130,0.986155,0
484896,849504,130,0.986223,0
482240,849504,129,0.981309,0
482648,849504,129,0.982594,0
482392,849504,129,0.982609,0
482312,849504,130,0.982613,0
478944,849504,130,0.982781,0
480600,849504,130,0.985597,0
484472,849504,130,0.986242,0
487672,849504,130,0.986461,0
486824,849504,129,0.982176,0
489728,849504,129,0.986381,0
487744,849504,128,0.978729,0
489568,849504,128,0.984094,0
489160,849504,129,0.984113,0
490736,849504,129,0.986341,0
487032,849504,130,0.986488,0
488192,849504,130,0.986604,0
487200,849504,130,0.986644,0
484936,849504,130,0.982943,0
486288,849504,130,0.986680,0
489600,849504,130,0.986595,0
488280,849504,131,0.986647,0
489040,849504,131,0.986662,0
488512,849504,132,0.986683,0
486032,849504,133,0.986779,0
487656,849504,133,0.986877,0
488232,849504,133,0.986900,0
486000,849504,133,0.984737,0
486968,849504,133,0.986948,0
482920,849504,132,0.967357,0
481672,849504,132,0.967478,0
483640,849504,132,0.973094,0
486464,849504,132,0.981209,0
483952,849504,131,0.981350,0
485224,849504,131,0.985097,0
483056,849504,132,0.985190,0
482024,849504,131,0.985238,0
483672,849504,131,0.985857,0
484432,849504,131,0.985893,0
482072,849504,131,0.985004,0
481968,849504,132,0.985009,0
480392,849504,132,0.985078,0
480600,849504,132,0.985798,0
477632,849504,131,0.970960,0
480480,849504,131,0.978981,0
483400,849504,131,0.985684,0
485264,849504,131,0.985859,0
482360,849504,131,0.982399,0
479856,849504,131,0.982527,0
477648,849504,131,0.980918,0
480168,849504,131,0.982511,0
484192,849504,131,0.982560,0
484832,849504,131,0.984513,0
483264,849504,131,0.984194,0
479240,849504,131,0.982557,0
482024,849504,131,0.984250,0
481264,849504,131,0.984286,0
478608,849504,131,0.984407,0
480264,849504,131,0.984719,0
482064,849504,131,0.985991,0
482272,849504,131,0.986049,0
480648,849504,131,0.986116,0
477216,849504,131,0.981504,0
475912,849504,132,0.981572,0
477672,849504,132,0.986233,0
475792,849504,131,0.981040,0
479408,849504,131,0.986167,0
480288,849504,131,0.986495,0
481544,849504,131,0.986742,0
478208,849504,130,0.984060,0
481144,849504,130,0.986759,0
480200,849504,131,0.986795,0
478552,849504,131,0.985383,0
479288,849504,131,0.986829,0
477816,849504,130,0.986888,0
476648,849504,129,0.980232,0
476304,849504,130,0.980252,0
476480,849504,130,0.980871,0
479296,849504,130,0.986833,0
478232,849504,129,0.979078,0
478272,849504,129,0.979323,0
480280,849504,129,0.985062,0
480304,849504,129,0.985265,0
478296,849504,128,0.976646,0
478976,849504,128,0.978665,0
476064,849504,127,0.967176,0
476280,849504,127,0.967895,0
475016,849504,128,0.968009,0
476008,849504,128,0.970845,0
473744,849504,128,0.971033,0
475008,849504,128,0.974611,0
471056,849504,128,0.974893,0
473424,849504,128,0.978996,0
472784,849504,128,0.979036,0
472592,849504,128,0.979050,0
471144,849504,129,0.979135,0
467536,849504,130,0.979342,0
469416,849504,130,0.979541,0
472888,849504,130,0.981507,0
473088,849504,130,0.982187,0
475192,849504,130,0.982799,0
471448,849504,130,0.982980,0
474624,849504,130,0.984330,0
474568,849504,131,0.984333,0
476360,849504,131,0.984883,0
473576,849504,132,0.985001,0
474784,849504,132,0.985487,0
473136,849504,131,0.985558,0
472160,849504,132,0.985597,0
474216,849504,132,0.987015,0
470584,849504,131,0.969815,0
469592,849504,132,0.969898,0
472528,849504,132,0.977972,0
469416,849504,132,0.978164,0
473280,849504,132,0.980229,0
473680,849504,132,0.981458,0
477640,849504,132,0.986887,0
475760,849504,133,0.986957,0
475792,849504,133,0.987156,0
474248,849504,134,0.987212,0
472840,849504,134,0.986795,0
469128,849504,134,0.986932,0
470168,849504,134,0.987358,0
469200,849504,134,0.985448,0
467192,849504,135,0.985528,0
468408,849504,135,0.987420,0
470192,849504,135,0.987378,0
473432,849504,135,0.987307,0
476712,849504,135,0.987345,0
476264,849504,134,0.981611,0
473936,849504,134,0.981734,0
476080,849504,134,0.984823,0
475080,849504,134,0.984868,0
475344,849504,134,0.985507,0
477328,849504,134,0.985650,0
475504,849504,135,0.985724,0
475056,849504,134,0.985746,0
478960,849504,134,0.987268,0
480920,849504,134,0.987332,0
477016,849504,134,0.985665,0
480880,849504,134,0.987334,0
477880,849504,134,0.984700,0
474152,849504,134,0.984750,0
478032,849504,134,0.984694,0
481712,849504,134,0.987303,0
479136,849504,134,0.984305,0
477576,849504,133,0.979465,0
479240,849504,133,0.984234,0
481240,849504,133,0.984210,0
477744,849504,132,0.978595,0
474464,849504,132,0.978795,0
477944,849504,132,0.984362,0
480200,849504,132,0.987065,0
480144,849504,133,0.987067,0
480432,849504,133,0.987352,0
480128,849504,133,0.987364,0
481368,849504,133,0.987341,0
479480,849504,133,0.987410,0
479200,849504,134,0.987420,0
482976,849504,134,0.987351,0
483784,849504,134,0.987389,0
480704,849504,133,0.978639,0
481024,849504,133,0.979669,0
478256,849504,133,0.979831,0
479512,849504,133,0.983468,0
476872,849504,134,0.983591,0
479168,849504,134,0.987236,0
476592,849504,134,0.981911,0
473264,849504,134,0.982081,0
475728,849504,134,0.987361,0
477544,849504,134,0.987453,0
473760,849504,135,0.987586,0
474360,849504,135,0.987721,0
473608,849504,134,0.979598,0
470560,849504,134,0.979774,0
474408,849504,134,0.987722,0
476840,849504,134,0.987659,0
475056,849504,134,0.987183,0
478624,849504,134,0.987597,0
477384,849504,133,0.978636,0
476920,849504,133,0.978667,0
477624,849504,133,0.980751,0
480192,849504,133,0.987360,0
479552,849504,134,0.987383,0
480664,849504,134,0.987524,0
478760,849504,135,0.987592,0
482752,849504,135,0.987471,0
481832,849504,135,0.986543,0
478568,849504,134,0.981176,0
481552,849504,134,0.986555,0
483864,849504,134,0.987432,0
482904,849504,135,0.987467,0
486232,849504,135,0.987414,0
485024,849504,135,0.984498,0
482240,849504,136,0.984622,0
485048,849504,136,0.987457,0
487808,849504,136,0.987378,0
485944,849504,137,0.987446,0
488736,849504,137,0.987622,0
488512,849504,137,0.987632,0
486144,849504,138,0.987717,0
487360,849504,138,0.987695,0
489544,849504,138,0.987685,0
488400,849504,138,0.985951,0
490512,849504,138,0.987650,0
488200,849504,138,0.986287,0
490112,849504,138,0.987664,0
488896,849504,138,0.987616,0
485568,849504,138,0.987367,0
485168,849504,138,0.987383,0
488176,849504,138,0.987644,0
485400,849504,137,0.979130,0
484704,849504,136,0.979178,0
488128,849504,136,0.987651,0
491368,849504,136,0.987626,0
489704,849504,137,0.987686,0
493048,849504,137,0.987586,0
492648,849504,138,0.987601,0
496088,849504,138,0.987496,0
496360,849504,138,0.987507,0
496960,849504,138,0.987699,0
494848,849504,138,0.985682,0
494144,849504,139,0.985712,0
495416,849504,139,0.987756,0
496984,849504,139,0.987720,0
495848,849504,139,0.987764,0
493848,849504,138,0.978459,0
491912,849504,138,0.978585,0
492240,849504,138,0.979672,0
495472,849504,138,0.983029,0
497208,849504,138,0.987714,0
496904,849504,137,0.984709,0
497200,849504,137,0.985725,0
497032,849504,136,0.976554,0
495904,849504,136,0.976636,0
492528,849504,136,0.976873,0
494104,849504,136,0.979351,0
497904,849504,136,0.981372,0
501888,849504,136,0.984623,0
499784,849504,137,0.984721,0
495800,849504,138,0.984902,0
496928,849504,138,0.985736,0
497872,849504,138,0.987689,0
494256,849504,137,0.968659,0
492344,849504,137,0.968841,0
491000,849504,136,0.968973,0
494656,849504,136,0.976580,0
493288,849504,136,0.976679,0
496536,849504,136,0.979536,0
494904,849504,135,0.975974,0
493344,849504,134,0.976092,0
493312,849504,135,0.976095,0
496952,849504,135,0.979519,0
499856,849504,135,0.981850,0
501928,849504,135,0.985722,0
501904,849504,134,0.982032,0
501656,849504,134,0.982048,0
498416,849504,133,0.982228,0
495848,849504,133,0.982367,0
497080,849504,133,0.985940,0
500728,849504,133,0.985976,0
501584,849504,133,0.985938,0
498696,849504,133,0.984738,0
500304,849504,133,0.985992,0
497664,849504,134,0.986103,0
501536,849504,134,0.986108,0
499960,849504,135,0.986174,0
501096,849504,135,0.986706,0
503280,849504,135,0.987495,0
502488,849504,136,0.987525,0
501064,849504,136,0.987581,0
502608,849504,136,0.987716,0
505080,849504,136,0.987694,0
502192,849504,135,0.984277,0
499256,849504,136,0.984416,0
501024,849504,136,0.987847,0
501288,849504,136,0.987909,0
500240,849504,136,0.987247,0
501832,849504,136,0.987889,0
502632,849504,136,0.987906,0
504424,849504,136,0.987863,0
502888,849504,136,0.984529,0
502680,849504,135,0.983593,0
499240,849504,135,0.983766,0
499496,849504,135,0.984668,0
501384,849504,135,0.984602,0
498800,849504,134,0.984727,0
501448,849504,134,0.986496,0
499656,849504,134,0.986571,0
498000,849504,134,0.984357,0
502000,849504,134,0.986475,0
504216,849504,134,0.987165,0
505232,849504,134,0.987836,0
501968,849504,133,0.976918,0
504840,849504,133,0.985668,0
502872,849504,133,0.984391,0
506760,849504,133,0.985583,0
505104,849504,134,0.985657,0
505680,849504,134,0.987549,0
502336,849504,134,0.987214,0
498888,849504,134,0.985421,0
495088,849504,135,0.985586,0
496512,849504,135,0.987437,0
498456,849504,135,0.987819,0
499192,849504,135,0.988056,0
495320,849504,135,0.986192,0
497448,849504,135,0.988118,0
495056,849504,134,0.974674,0
493320,849504,134,0.974807,0
495352,849504,134,0.980851,0
497744,849504,134,0.982921,0
496136,849504,134,0.983005,0
495376,849504,135,0.983044,0
494520,849504,135,0.983090,0
493568,849504,134,0.976100,0
492328,849504,134,0.976191,0
495232,849504,134,0.983059,0
497904,849504,134,0.984650,0
501256,849504,134,0.984613,0
497936,849504,134,0.979075,0
501216,849504,134,0.984615,0
498288,849504,133,0.978695,0
494896,849504,132,0.974442,0
493128,849504,132,0.974579,0
494920,849504,132,0.978914,0
497032,849504,132,0.979784,0
499552,849504,132,0.984407,0
500064,849504,132,0.984670,0
501328,849504,132,0.985046,0
497648,849504,132,0.984085,0
499920,849504,132,0.985110,0
498616,849504,131,0.974510,0
499800,849504,131,0.978135,0
496792,849504,130,0.978338,0
499880,849504,130,0.983183,0
498512,849504,130,0.983255,0
500008,849504,130,0.985110,0
498984,849504,131,0.985156,0
497416,849504,131,0.985228,0
500016,849504,131,0.986004,0
501464,849504,131,0.986014,0
498352,849504,132,0.986145,0
501536,849504,132,0.987247,0
500800,849504,132,0.987278,0
504136,849504,132,0.987195,0
502344,849504,132,0.987267,0
501232,849504,132,0.987311,0
504632,849504,132,0.987422,0
505904,849504,132,0.987544,0
505160,849504,132,0.986395,0
507936,849504,132,0.987465,0
505088,849504,133,0.987575,0
505152,849504,133,0.987644,0
501968,849504,133,0.985990,0
504736,849504,133,0.987660,0
504456,849504,133,0.987672,0
506928,849504,133,0.987700,0
503248,849504,133,0.985056,0
506392,849504,133,0.987720,0
502392,849504,134,0.987821,0
504328,849504,134,0.987796,0
503816,849504,135,0.987815,0
504112,849504,135,0.987851,0
501512,849504,135,0.985034,0
498112,849504,135,0.985189,0
494600,849504,136,0.985343,0
493384,849504,137,0.985396,0
489496,849504,136,0.973734,0
492496,849504,136,0.982505,0
495840,849504,136,0.985289,0
494664,849504,137,0.985341,0
497248,849504,137,0.987456,0
498664,849504,137,0.988051,0
499984,849504,137,0.988026,0
496568,849504,136,0.981856,0
493520,849504,136,0.982023,0
491248,849504,136,0.982145,0
493232,849504,136,0.984289,0
493784,849504,136,0.985377,0
494896,849504,136,0.985993,0
497744,849504,136,0.987890,0
495280,849504,137,0.987979,0
493824,849504,137,0.985824,0
497424,849504,137,0.987901,0
495680,849504,136,0.975530,0
499432,849504,136,0.986719,0
500408,849504,136,0.987792,0
499960,849504,136,0.987810,0
499160,849504,136,0.987842,0
496368,849504,136,0.987060,0
492576,849504,136,0.986521,0
492168,849504,136,0.986539,0
495800,849504,136,0.987084,0
495504,849504,136,0.987097,0
492592,849504,137,0.987208,0
488784,849504,138,0.987350,0
492576,849504,138,0.988082,0
492952,849504,138,0.988209,0
493976,849504,138,0.988171,0
495856,849504,138,0.988175,0
496736,849504,138,0.988214,0
500720,853536,138,0.988214,0
499128,853536,138,0.987771,0
497232,853536,137,0.977985,0
497720,853536,137,0.979540,0
501712,853536,137,0.987676,0
500992,853536,136,0.986915,0
503016,853536,136,0.987629,0
499448,853536,136,0.979509,0
501008,853536,136,0.984228,0
499024,853536,137,0.984321,0
502608,853536,137,0.987643,0
503544,853536,137,0.988113,0
502968,853536,138,0.988134,0
503936,853536,138,0.988098,0
500616,853536,138,0.978423,0
500672,853536,138,0.978727,0
500096,853536,139,0.978764,0
498952,853536,138,0.978843,0
500720,853536,138,0.984165,0
499584,853536,138,0.984221,0
497824,853536,138,0.984306,0
501640,853536,138,0.985133,0
504368,853536,138,0.987987,0
508072,853536,138,0.987947,0
506888,853536,139,0.987990,0
503096,853536,139,0.986947,0
506528,853536,139,0.988004,0
503048,853536,138,0.973058,0
503504,853536,138,0.974539,0
503712,853536,138,0.975293,0
502912,853536,138,0.975356,0
498912,853536,137,0.967486,0
501616,853536,137,0.975455,0
501496,853536,136,0.975471,0
501808,853536,136,0.975469,0
501920,853536,136,0.975938,0
499112,853536,136,0.976142,0
500192,853536,136,0.976636,0
499336,853536,136,0.976699,0
502568,853536,136,0.979287,0
500656,853536,135,0.979411,0
501832,853536,135,0.979792,0
500480,853536,135,0.979877,0
499496,853536,135,0.979938,0
503184,853536,135,0.982945,0
501952,853536,135,0.983011,0
498952,853536,136,0.983162,0
500888,853536,136,0.983949,0
503448,853536,136,0.986309,0
500360,853536,136,0.984189,0
498176,853536,136,0.977665,0
500176,853536,136,0.983648,0
503552,853536,136,0.986305,0
504072,853536,136,0.986717,0
503776,853536,136,0.986731,0
507056,853536,136,0.986889,0
503320,853536,135,0.972295,0
504528,853536,135,0.975993,0
504152,853536,135,0.976024,0
505672,853536,135,0.980674,0
501752,853536,135,0.978671,0
504536,853536,135,0.980741,0
502504,853536,136,0.980859,0
505640,853536,136,0.986945,0
504832,853536,136,0.986664,0
505760,853536,136,0.986941,0
501672,853536,135,0.966861,0
504256,853536,135,0.974561,0
502800,853536,135,0.974676,0
499800,853536,134,0.974910,0
501688,853536,134,0.975677,0
499704,853536,134,0.975824,0
497032,853536,133,0.972022,0
499856,853536,133,0.975816,0
503896,853536,133,0.980110,0
501376,853536,134,0.980260,0
497392,853536,134,0.980496,0
493808,853536,134,0.980703,0
492552,853536,135,0.980774,0
494560,853536,135,0.980987,0
495008,853536,135,0.981477,0
498184,853536,135,0.981466,0
501864,853536,135,0.981787,0
503784,853536,135,0.981945,0
500440,853536,135,0.982128,0
496448,853536,135,0.982341,0
495432,853536,135,0.982397,0
499520,853536,135,0.985949,0
499936,853536,135,0.986479,0
501216,853536,135,0.986905,0
498104,853536,134,0.973512,0
501992,853536,134,0.985025,0
498744,853536,134,0.985172,0
501072,853536,134,0.985162,0
497736,853536,134,0.985311,0
501168,853536,134,0.986908,0
498384,853536,134,0.978887,0
500536,853536,134,0.985330,0
498152,853536,134,0.985436,0
501104,853536,134,0.985305,0
500400,853536,133,0.981872,0
501024,853536,133,0.983849,0
500144,853536,133,0.983893,0
503832,853536,133,0.985186,0
501808,853536,133,0.985278,0
499736,853536,133,0.985371,0
501064,853536,133,0.985862,0
503840,853536,133,0.986805,0
503728,853536,133,0.986811,0
507280,853536,133,0.986886,0
506064,853536,132,0.986938,0
507912,853536,132,0.987009,0
504360,853536,132,0.980593,0
500728,853536,132,0.980160,0
498600,853536,132,0.980289,0
500664,853536,132,0.980810,0
496816,853536,132,0.979636,0
500784,853536,132,0.980803,0
500968,853536,132,0.981485,0
498064,853536,133,0.981644,0
497184,853536,132,0.977696,0
500976,853536,132,0.981487,0
498864,853536,132,0.981606,0
502784,853536,132,0.986058,0
500016,853536,131,0.984577,0
502640,853536,131,0.986066,0
502040,853536,131,0.986093,0
499648,853536,131,0.983499,0
500336,853536,131,0.985662,0
504432,853536,131,0.985990,0
501672,853536,132,0.986106,0
503448,853536,132,0.986319,0
501744,853536,132,0.985983,0
505624,853536,132,0.986229,0
502800,853536,132,0.982712,0
502760,853536,131,0.982719,0
499288,853536,130,0.966615,0
502896,853536,130,0.977250,0
504944,853536,130,0.982605,0
505624,853536,130,0.983416,0
507176,853536,130,0.984702,0
508216,853536,130,0.985361,0
506264,853536,129,0.976013,0
507376,853536,129,0.979468,0
503560,853536,129,0.979707,0
506936,853536,129,0.983884,0
504416,853536,129,0.981203,0
507696,853536,129,0.983847,0
506472,853536,128,0.974249,0
507824,853536,128,0.978416,0
506648,853536,129,0.978493,0
507328,853536,129,0.980667,0
507120,853536,130,0.980679,0
509840,853536,130,0.983738,0
507376,853536,130,0.980444,0
505408,853536,129,0.980567,0
504408,853536,129,0.980628,0
504472,853536,129,0.980960,0
506472,853536,129,0.983909,0
509272,853536,129,0.984702,0
507336,853536,129,0.984794,0
510416,853536,129,0.986028,0
509168,853536,128,0.977790,0
508680,853536,129,0.977824,0
510112,853536,129,0.982276,0
511520,853536,129,0.985980,0
509296,853536,128,0.970858,0
511504,853536,128,0.977627,0
511120,853536,128,0.977657,0
511528,853536,128,0.979034,0
510976,853536,129,0.979070,0
511464,853536,129,0.980692,0
510032,853536,130,0.980777,0
507136,853536,129,0.980952,0
504848,853536,129,0.981087,0
508624,853536,129,0.981453,0
510472,853536,129,0.984746,0
511912,853536,129,0.985963,0
509976,853536,128,0.978842,0
510136,853536,128,0.979469,0
509200,853536,127,0.979534,0
509472,853536,127,0.980496,0
505720,853536,128,0.980718,0
507168,853536,128,0.982216,0
503720,853536,127,0.969543,0
506376,853536,127,0.977517,0
504312,853536,128,0.977657,0
502304,853536,128,0.977795,0
499432,853536,127,0.977991,0
502032,853536,127,0.980001,0
504504,853536,127,0.981905,0
502248,853536,128,0.982027,0
502992,853536,128,0.982442,0
503968,853536,128,0.984321,0
499888,853536,127,0.979100,0
497160,853536,127,0.979272,0
497672,853536,127,0.980896,0
500160,853536,127,0.984501,0
496816,853536,126,0.970570,0
496136,853536,125,0.970637,0
493904,853536,124,0.970838,0
496296,853536,124,0.973341,0
498776,853536,124,0.977657,0
499120,853536,124,0.978797,0
495232,853536,125,0.979039,0
495568,853536,125,0.980146,0
495304,853536,125,0.980164,0
497608,853536,125,0.980713,0
496680,853536,125,0.980769,0
497544,853536,125,0.983417,0
496128,853536,126,0.983487,0
493504,853536,126,0.983616,0
497320,853536,126,0.984470,0
496112,853536,127,0.984525,0
498016,853536,127,0.984602,0
494136,853536,126,0.975894,0
497216,853536,126,0.984641,0
498904,853536,126,0.984633,0
495776,853536,126,0.984776,0
496648,853536,126,0.984948,0
495608,853536,126,0.984996,0
494168,853536,125,0.979295,0
495744,853536,125,0.983979,0
492136,853536,126,0.984147,0
491392,853536,127,0.984182,0
493816,853536,127,0.985075,0
492552,853536,127,0.985132,0
488872,853536,127,0.981990,0
492296,853536,127,0.985143,0
488432,853536,127,0.980883,0
489152,853536,127,0.983059,0
489704,853536,127,0.984766,0
492496,853536,127,0.985130,0
494512,853536,127,0.985463,0
491664,853536,126,0.974783,0
491344,853536,126,0.974810,0
492840,853536,126,0.979206,0
492584,853536,126,0.979225,0
490112,853536,126,0.979376,0
491824,853536,126,0.980598,0
490568,853536,125,0.971765,0
492288,853536,125,0.976773,0
491144,853536,125,0.976854,0
487488,853536,125,0.977100,0
491544,853536,125,0.978246,0
493056,853536,125,0.980531,0
494624,853536,125,0.982623,0
496952,853536,125,0.984156,0
496840,853536,126,0.984161,0
497800,853536,126,0.985039,0
496424,853536,126,0.985101,0
499256,853536,126,0.985545,0
497456,853536,125,0.984348,0
499048,853536,125,0.985556,0
498776,853536,126,0.985568,0
502248,853536,126,0.985559,0
500136,853536,126,0.985653,0
502152,853536,126,0.985756,0
498376,853536,126,0.981453,0
500984,853536,126,0.985806,0
497608,853536,126,0.983793,0
500896,853536,126,0.985809,0
498312,853536,125,0.971773,0
501080,853536,125,0.979962,0
499360,853536,126,0.980065,0
496424,853536,125,0.970306,0
498752,853536,125,0.977156,0
501568,853536,125,0.979933,0
499624,853536,126,0.980049,0
501424,853536,126,0.985475,0
497736,853536,127,0.985634,0
498536,853536,127,0.985669,0
497176,853536,127,0.985729,0
500632,853536,127,0.985818,0
498304,853536,127,0.982428,0
495128,853536,127,0.981489,0
496688,853536,127,0.982512,0
493920,853536,128,0.982654,0
496456,853536,128,0.985993,0
497672,853536,128,0.986107,0
493688,853536,128,0.976478,0
490888,853536,128,0.976672,0
487808,853536,128,0.976882,0
484888,853536,127,0.970712,0
480848,853536,126,0.969227,0
484032,853536,126,0.970788,0
484840,853536,126,0.973159,0
486376,853536,126,0.976980,0
484104,853536,126,0.977132,0
485144,853536,126,0.977655,0
487352,853536,126,0.977924,0
487952,853536,126,0.979749,0
486840,853536,126,0.979817,0
486816,853536,126,0.979821,0
488200,853536,126,0.979991,0
487176,853536,125,0.980056,0
483752,853536,125,0.979502,0
479832,853536,125,0.979730,0
481840,853536,125,0.980359,0
481568,853536,124,0.978662,0
482936,853536,124,0.980301,0
484840,853536,124,0.981173,0
485264,853536,124,0.982473,0
487312,853536,124,0.982390,0
484168,853536,124,0.982003,0
480136,853536,124,0.975319,0
477528,853536,124,0.975502,0
480472,853536,124,0.982193,0
479664,853536,124,0.982236,0
476536,853536,124,0.981970,0
473336,853536,124,0.980232,0
469904,853536,124,0.980420,0
470328,853536,124,0.981687,0
470496,853536,124,0.982268,0
469520,853536,125,0.982315,0
472736,853536,125,0.982156,0
472880,853536,125,0.982566,0
474640,853536,125,0.982590,0
475672,853536,125,0.982626,0
475056,853536,124,0.982661,0
478200,853536,124,0.982842,0
478472,853536,124,0.983723,0
476568,853536,124,0.980645,0
479320,853536,124,0.983684,0
477400,853536,124,0.983059,0
478112,853536,124,0.983739,0
477392,853536,125,0.983772,0
480952,853536,125,0.983697,0
479992,853536,126,0.983741,0
482632,853536,126,0.984117,0
479928,853536,126,0.984240,0
481616,853536,126,0.984253,0
480264,853536,127,0.984313,0
478264,853536,127,0.982363,0
476792,853536,126,0.976662,0
475680,853536,126,0.976737,0
471864,853536,126,0.976984,0
475808,853536,126,0.982491,0
472992,853536,125,0.972722,0
473152,853536,125,0.973281,0
472632,853536,124,0.973326,0
475736,853536,124,0.981854,0
473584,853536,125,0.981962,0
474624,853536,125,0.982551,0
472480,853536,125,0.982259,0
476560,853536,125,0.982457,0
474784,853536,126,0.982543,0
477496,853536,126,0.984353,0
473504,853536,125,0.969148,0
471456,853536,125,0.969325,0
471128,853536,125,0.969357,0
473712,853536,125,0.976408,0
471232,853536,125,0.976572,0
471760,853536,125,0.978118,0
467704,853536,124,0.971212,0
468928,853536,124,0.974581,0
472048,853536,124,0.978101,0
475368,853536,124,0.980940,0
473552,853536,123,0.981040,0
476912,853536,123,0.982846,0
476576,853536,124,0.982862,0
475136,853536,124,0.982932,0
472152,853536,123,0.980722,0
470704,853536,123,0.980801,0
467912,853536,123,0.980949,0
469000,853536,123,0.983225,0
472352,853536,123,0.983838,0
473808,853536,123,0.984523,0
475344,853536,123,0.984544,0
476448,853536,123,0.984851,0
480456,853536,123,0.984790,0
484240,853536,123,0.984897,0
484896,853536,123,0.984958,0
484752,853536,124,0.984965,0
485000,853536,124,0.984975,0
487928,853536,124,0.985030,0
485288,853536,124,0.983500,0
488016,853536,124,0.985026,0
487512,853536,124,0.985050,0
489496,853536,124,0.985101,0
489448,853536,124,0.985105,0
486160,853536,124,0.976589,0
482296,853536,123,0.975809,0
482384,853536,123,0.976185,0
483384,853536,123,0.976773,0
484056,853536,123,0.978775,0
482520,853536,124,0.978868,0
486192,853536,124,0.978917,0
482992,853536,124,0.979112,0
479176,853536,124,0.978552,0
482656,853536,124,0.979132,0
481552,853536,124,0.979200,0
485424,853536,124,0.983242,0
485928,853536,124,0.984063,0
485840,853536,125,0.984067,0
487808,853536,125,0.984711,0
484016,853536,125,0.978547,0
480640,853536,125,0.978754,0
479096,853536,124,0.974968,0
482376,853536,124,0.978653,0
480080,853536,123,0.978796,0
484032,853536,123,0.978714,0
482952,853536,123,0.978782,0
482992,853536,123,0.979027,0
479816,853536,122,0.974069,0
481544,853536,122,0.978957,0
480008,853536,122,0.979051,0
480144,853536,122,0.979198,0
483440,853536,122,0.979364,0
485632,853536,122,0.980764,0
482544,853536,122,0.978736,0
484320,853536,122,0.980836,0
481072,853536,122,0.981014,0
477592,853536,122,0.978653,0
476992,853536,123,0.978689,0
477432,853536,123,0.980023,0
479704,853536,123,0.981085,0
478016,853536,122,0.981179,0
481072,853536,122,0.983114,0
484808,853536,122,0.983798,0
480936,853536,122,0.981540,0
477336,853536,122,0.979294,0
479744,853536,122,0.981602,0
479064,853536,122,0.981640,0
480608,853536,122,0.983992,0
483400,853536,122,0.984091,0
481256,853536,122,0.983895,0
478824,853536,123,0.984005,0
478992,853536,123,0.984287,0
479848,853536,123,0.984270,0
478352,853536,123,0.984338,0
478080,853536,124,0.984350,0
481936,853536,124,0.984426,0
483528,853536,124,0.984399,0
482768,853536,124,0.984435,0
482344,853536,125,0.984453,0
485168,853536,125,0.984828,0
484928,853536,125,0.984841,0
486112,853536,125,0.985246,0
482360,853536,126,0.985402,0
482072,853536,126,0.985416,0
482584,853536,126,0.985597,0
486280,853536,126,0.985603,0
487160,853536,126,0.985703,0
485840,853536,125,0.985005,0
489632,853536,125,0.985603,0
488416,853536,124,0.985657,0
491448,853536,124,0.985575,0
490320,853536,123,0.974707,0
490152,853536,123,0.974723,0
493232,853536,123,0.983633,0
494208,853536,123,0.985460,0
492000,853536,123,0.985556,0
494432,853536,123,0.985474,0
491296,853536,123,0.981517,0
490872,853536,122,0.981545,0
494440,853536,122,0.985478,0
493952,853536,123,0.985499,0
491160,853536,123,0.983504,0
494656,853536,123,0.985469,0
491008,853536,122,0.971764,0
487648,853536,121,0.969355,0
489936,853536,121,0.971856,0
487112,853536,121,0.972088,0
486080,853536,121,0.972174,0
488424,853536,121,0.976014,0
489568,853536,121,0.978799,0
490344,853536,121,0.979327,0
493880,853536,121,0.980937,0
497664,853536,121,0.984013,0
494544,853536,122,0.984159,0
495104,853536,122,0.985448,0
494512,853536,122,0.985475,0
491408,853536,123,0.985606,0
491792,853536,123,0.985588,0
491288,853536,123,0.984774,0
493336,853536,123,0.985523,0
497256,853536,123,0.985471,0
496320,853536,124,0.985511,0
499112,853536,124,0.985627,0
495968,853536,123,0.975464,0
498384,853536,123,0.982597,0
498144,853536,122,0.982615,0
495936,853536,122,0.982730,0
496856,853536,122,0.985540,0
492768,853536,122,0.979388,0
494504,853536,122,0.984513,0
493464,853536,122,0.984562,0
492424,853536,123,0.984609,0
491144,853536,123,0.984669,0
494728,853536,123,0.985632,0
496112,853536,123,0.985760,0
494984,853536,123,0.983107,0
497920,853536,123,0.985684,0
494976,853536,124,0.985808,0
497600,853536,124,0.985814,0
496056,853536,125,0.985878,0
497608,853536,125,0.986096,0
500072,853536,125,0.986015,0
499104,853536,126,0.986056,0
499608,853536,126,0.986295,0
499832,853536,126,0.986308,0
499520,853536,126,0.986322,0
495888,853536,125,0.967265,0
495864,853536,125,0.967272,0
492168,853536,125,0.967629,0
492264,853536,125,0.968035,0
492656,853536,125,0.969278,0
496072,853536,125,0.979176,0
496832,853536,125,0.981514,0
495192,853536,125,0.981606,0
493920,853536,125,0.981677,0
490624,853536,126,0.981852,0
490408,853536,125,0.981868,0
491896,853536,125,0.983418,0
493072,853536,125,0.984433,0
491984,853536,124,0.978874,0
491776,853536,123,0.978892,0
488624,853536,123,0.977173,0
488784,853536,123,0.977759,0
491608,853536,123,0.978900,0
492664,853536,123,0.982052,0
493944,853536,123,0.984396,0
491408,853536,123,0.982792,0
492600,853536,123,0.984457,0
488816,853536,123,0.984421,0
491952,853536,123,0.984486,0
489128,853536,123,0.977731,0
490376,853536,123,0.981404,0
489568,853536,123,0.981450,0
487096,853536,123,0.981584,0
490160,853536,123,0.984569,0
491256,853536,123,0.985936,0
487520,853536,123,0.982801,0
488992,853536,123,0.986028,0
491384,853536,123,0.985952,0
490056,853536,123,0.985452,0
491512,853536,123,0.985947,0
490328,853536,124,0.985995,0
492976,853536,124,0.985908,0
491184,853536,123,0.978130,0
491992,853536,123,0.980568,0
489992,853536,124,0.980681,0
490552,853536,124,0.982410,0
486936,853536,124,0.980437,0
485848,853536,125,0.980498,0
488992,853536,125,0.982489,0
490568,853536,125,0.986004,0
490344,853536,125,0.986015,0
491200,853536,125,0.986397,0
490400,853536,125,0.986431,0
487752,853536,125,0.986099,0
485952,853536,124,0.981253,0
487312,853536,124,0.985222,0
485464,853536,124,0.982696,0
489272,853536,124,0.985138,0
488464,853536,123,0.982457,0
484584,853536,122,0.982655,0
486248,853536,122,0.983715,0
483856,853536,122,0.983828,0
482592,853536,121,0.982645,0
486160,853536,121,0.983724,0
488456,853536,121,0.985181,0
491216,853536,121,0.985967,0
494240,853536,121,0.986286,0
496656,853536,121,0.986422,0
493072,853536,121,0.984580,0
495080,853536,121,0.986485,0
494896,853536,122,0.986492,0
496056,853536,122,0.986468,0
495528,853536,123,0.986489,0
491672,853536,123,0.983733,0
494888,853536,123,0.986514,0
497936,853536,123,0.986390,0
497072,853536,123,0.985647,0
499928,853536,123,0.986310,0
499048,853536,123,0.985063,0
496232,853536,123,0.980000,0
494480,853536,123,0.980106,0
491544,853536,122,0.980281,0
493424,853536,122,0.982205,0
491024,853536,121,0.981753,0
494536,853536,121,0.982149,0
493664,853536,121,0.982197,0
493728,853536,121,0.982519,0
496936,853536,121,0.985044,0
493376,853536,120,0.982095,0
496320,853536,120,0.985074,0
500272,853536,120,0.985015,0
500024,853536,121,0.985026,0
500088,853536,121,0.985355,0
502488,853536,121,0.985415,0
498784,853536,122,0.985576,0
499408,853536,122,0.986333,0
497448,853536,122,0.986012,0
494816,853536,122,0.982223,0
492232,853536,122,0.981777,0
494736,853536,122,0.982228,0
495512,853536,122,0.984609,0
495552,853536,122,0.984863,0
494280,853536,122,0.984922,0
494832,853536,122,0.986117,0
491480,853536,122,0.981672,0
489792,853536,122,0.981764,0
490792,853536,122,0.983752,0
489656,853536,122,0.983807,0
489864,853536,122,0.984536,0
493008,853536,122,0.984649,0
491536,853536,122,0.982600,0
489240,853536,122,0.982718,0
492752,853536,122,0.983402,0
494808,853536,122,0.984568,0
492416,853536,123,0.984675,0
495320,853536,123,0.986095,0
492568,853536,123,0.985019,0
489288,853536,123,0.985163,0
485944,853536,123,0.982034,0
482624,853536,122,0.975816,0
482104,853536,122,0.975855,0
485664,853536,122,0.982053,0
484088,853536,122,0.982136,0
483792,853536,121,0.982156,0
487480,853536,121,0.982585,0
485080,853536,121,0.982706,0
486184,853536,121,0.985305,0
487568,853536,121,0.985382,0
487360,853536,122,0.985391,0
483760,853536,121,0.967679,0
486720,853536,121,0.976020,0
490616,853536,121,0.985253,0
494168,853536,121,0.985566,0
491696,853536,121,0.982601,0
493344,853536,121,0.985601,0
490032,853536,121,0.980046,0
488096,853536,121,0.980160,0
490920,853536,121,0.985704,0
494256,853536,121,0.985609,0
494928,853536,121,0.985579,0
491032,853536,121,0.975713,0
489608,853536,121,0.975817,0
490384,853536,121,0.978146,0
493456,853536,121,0.984729,0
496456,853536,121,0.985512,0
499016,853536,121,0.985946,0
497368,853536,121,0.982302,0
499504,853536,121,0.985926,0
495968,853536,121,0.978982,0
499856,853536,121,0.985911,0
497352,853536,121,0.981499,0
495856,853536,122,0.981580,0
498416,853536,122,0.985971,0
497416,853536,123,0.986013,0
496456,853536,123,0.984190,0
494112,853536,124,0.984299,0
493768,853536,123,0.984319,0
492792,853536,124,0.984364,0
492560,853536,124,0.984376,0
492616,853536,124,0.984675,0
492824,853536,124,0.984827,0
489544,853536,125,0.984971,0
489672,853536,125,0.985472,0
492360,853536,125,0.985426,0
493776,853536,125,0.986160,0
490344,853536,124,0.972974,0
492608,853536,124,0.979535,0
493512,853536,124,0.982263,0
495720,853536,124,0.986079,0
497712,853536,124,0.986445,0
494528,853536,123,0.978924,0
495584,853536,123,0.982105,0
492624,853536,124,0.982260,0
493120,853536,124,0.983821,0
492728,853536,125,0.983840,0
491616,853536,126,0.983892,0
495592,853536,126,0.986528,0
494784,853536,126,0.986561,0
498288,853536,126,0.986515,0
499152,853536,126,0.986550,0
495376,853536,126,0.981946,0
499352,853536,126,0.986542,0
499288,853536,126,0.986546,0
502384,853536,126,0.986443,0
499824,853536,126,0.985356,0
501200,853536,126,0.986491,0
500744,853536,126,0.986511,0
504072,853536,126,0.986374,0
503312,853536,127,0.986405,0
502904,853536,127,0.986183,0
503528,853536,127,0.986396,0
502816,853536,127,0.986427,0
505072,853536,127,0.986381,0
508680,853536,127,0.986302,0
508080,853536,126,0.985231,0
509384,853536,126,0.986274,0
509344,853536,125,0.981862,0
509800,853536,125,0.983383,0
508520,853536,126,0.983448,0
508080,853536,127,0.983470,0
506488,853536,127,0.983553,0
506792,853536,127,0.983900,0
509232,853536,127,0.984489,0
512736,853536,127,0.986130,0
511320,853536,127,0.984562,0
510400,853536,128,0.984606,0
508840,853536,129,0.984679,0
505792,853536,129,0.980598,0
506416,853536,129,0.982603,0
509152,853536,129,0.984663,0
512232,853536,129,0.986149,0
514672,853536,129,0.986341,0
513080,853536,129,0.982908,0
514488,853536,129,0.986349,0
514040,853536,130,0.986368,0
513264,853536,130,0.986403,0
513360,853536,130,0.986571,0
511952,853536,130,0.982968,0
507872,853536,131,0.983180,0
504592,853536,132,0.983347,0
503816,853536,133,0.983386,0
500024,853536,132,0.979784,0
501984,853536,132,0.983480,0
503216,853536,132,0.985634,0
503160,853536,132,0.985638,0
504920,853536,132,0.986916,0
502592,853536,133,0.987008,0
505136,853536,133,0.986954,0
503904,853536,133,0.983382,0
502680,853536,133,0.983445,0
504632,853536,133,0.986710,0
507984,853536,133,0.986841,0
508136,853536,133,0.986857,0
509424,853536,133,0.987000,0
510872,853536,133,0.987063,0
507792,853536,133,0.984717,0
508368,853536,133,0.986599,0
511488,853536,133,0.987037,0
508408,853536,133,0.987161,0
507720,853536,133,0.987190,0
505256,853536,133,0.985759,0
502328,853536,133,0.984179,0
503056,853536,133,0.985853,0
505704,853536,133,0.986369,0
509000,853536,133,0.987138,0
505432,853536,132,0.974003,0
508544,853536,132,0.983432,0
510728,853536,132,0.987069,0
508040,853536,132,0.984632,0
509816,853536,132,0.987105,0
507040,853536,132,0.979263,0
506056,853536,131,0.979331,0
506552,853536,131,0.980953,0
506512,853536,131,0.980958,0
508832,853536,131,0.987148,0
505224,853536,131,0.986369,0
501536,853536,130,0.971200,0
499776,853536,130,0.971356,0
499640,853536,131,0.971367,0
499840,853536,131,0.972086,0
500176,853536,131,0.973200,0
496896,853536,132,0.973460,0
499224,853536,132,0.980347,0
502632,853536,132,0.985655,0
505176,853536,132,0.986367,0
505112,853536,132,0.986371,0
504456,853536,133,0.986399,0
504712,853536,133,0.987307,0
504736,853536,133,0.987304,0
504720,853536,132,0.984498,0
504096,853536,132,0.984530,0
507688,853536,132,0.985971,0
510864,853536,132,0.987066,0
507352,853536,131,0.969070,0
505088,853536,132,0.969282,0
506872,853536,132,0.974693,0
503304,853536,132,0.974969,0
506096,853536,132,0.980664,0
507928,853536,132,0.983292,0
510672,853536,132,0.986183,0
510512,853536,133,0.986190,0
514080,853536,133,0.986932,0
510904,853536,133,0.985828,0
511800,853536,133,0.987024,0
511248,853536,133,0.987048,0
509296,853536,133,0.983099,0
513000,853536,133,0.986978,0
515040,853536,133,0.986893,0
513272,853536,133,0.986967,0
510208,853536,134,0.987090,0
512104,853536,134,0.987037,0
509064,853536,134,0.982323,0
511528,853536,134,0.987060,0
511496,853536,134,0.987063,0
514008,853536,134,0.986960,0
517824,853536,134,0.986978,0
514616,853536,135,0.987108,0
516296,853536,135,0.987063,0
513640,853536,135,0.979475,0
516208,853536,135,0.987067,0
513464,853536,135,0.982997,0
510920,853536,135,0.983133,0
514104,853536,135,0.985133,0
513200,853536,135,0.985177,0
509776,853536,134,0.973652,0
510984,853536,134,0.977427,0
514368,853536,134,0.985123,0
515432,853536,134,0.987100,0
512096,853536,134,0.984732,0
510432,853536,135,0.984810,0
507832,853536,135,0.979748,0
508520,853536,135,0.981958,0
506736,853536,136,0.982056,0
507176,853536,136,0.983518,0
504152,853536,136,0.983672,0
502736,853536,135,0.982783,0
504856,853536,135,0.983639,0
506688,853536,135,0.984984,0
509592,853536,135,0.985241,0
505616,853536,135,0.983186,0
502648,853536,134,0.979224,0
503936,853536,134,0.983177,0
503072,853536,133,0.981756,0
505992,853536,133,0.983074,0
509096,853536,133,0.983009,0
510968,853536,133,0.985180,0
510760,853536,134,0.985190,0
513648,853536,134,0.987172,0
511136,853536,134,0.987076,0
513456,853536,134,0.987179,0
512784,853536,134,0.987208,0
516296,853536,134,0.987115,0
513344,853536,133,0.969649,0
514480,853536,133,0.973232,0
512432,853536,134,0.973402,0
513512,853536,134,0.976819,0
511048,853536,134,0.976999,0
513456,853536,134,0.982076,0
510048,853536,134,0.979681,0
507464,853536,135,0.979841,0
511272,853536,135,0.982197,0
510648,853536,136,0.982231,0
510952,853536,136,0.983299,0
513360,853536,136,0.984466,0
509552,853536,136,0.979632,0
507224,853536,137,0.979777,0
506048,853536,137,0.979852,0
504232,853536,136,0.979969,0
507328,853536,136,0.984759,0
510248,853536,136,0.984817,0
514144,853536,136,0.985453,0
514944,853536,136,0.987166,0
513888,853536,135,0.977291,0
515192,853536,135,0.981425,0
514152,853536,136,0.981486,0
517184,853536,136,0.987075,0
515776,853536,136,0.987134,0
516464,853536,136,0.987105,0
516400,853536,137,0.987107,0
520192,853536,137,0.987026,0
519568,853536,136,0.984137,0
515896,853536,136,0.979807,0
518544,853536,136,0.984188,0
522312,853536,136,0.986940,0
519424,853536,136,0.984779,0
517440,853536,135,0.979611,0
516464,853536,135,0.979676,0
515080,853536,135,0.979767,0
516520,853536,135,0.984346,0
520512,853536,135,0.984730,0
524600,853536,135,0.986848,0
523296,853536,136,0.986903,0
522608,853536,136,0.986857,0
522304,853536,137,0.986870,0
520544,853536,137,0.986945,0
523016,853536,137,0.986917,0
522592,853536,137,0.986936,0
521304,853536,137,0.986303,0
521408,853536,137,0.986782,0
524640,853536,137,0.986848,0
525592,853536,137,0.986961,0
526344,853536,137,0.986953,0
527456,853536,137,0.987086,0
525136,853536,137,0.986487,0
528592,853536,137,0.987038,0
524824,853536,137,0.983868,0
525312,853536,137,0.985572,0
527000,853536,137,0.987103,0
523440,853536,137,0.980108,0
527440,853536,137,0.987085,0
526688,853536,137,0.986910,0
530696,853536,136,0.986947,24
530088,853536,136,0.986975,24
530160,853536,136,0.987128,24
527888,853536,136,0.987225,24
524752,853536,135,0.977142,24
524464,853536,135,0.977167,24
522728,853536,135,0.977297,24
525968,853536,135,0.987311,24
528032,853536,135,0.987328,24
529216,853536,135,0.987303,24
525920,853536,135,0.985472,24
522800,853536,136,0.985617,24
523088,853536,136,0.986680,24
525488,853536,136,0.987454,24
525592,853536,136,0.987448,24
524512,853536,137,0.987491,24
523568,853536,137,0.987531,24
524904,853536,137,0.987579,24
523056,853536,136,0.970462,24
521168,853536,136,0.970644,24
519616,853536,135,0.970798,24
521120,853536,135,0.975600,24
519600,853536,135,0.975721,24
520208,853536,135,0.977755,24
522272,853536,135,0.980932,24
518704,853536,136,0.981147,24
520328,853536,136,0.984456,24
523704,853536,136,0.985957,24
522176,853536,135,0.974976,24
524656,853536,135,0.982924,24
526488,853536,135,0.985830,24
526288,853536,136,0.985839,24
523216,853536,136,0.985288,24
526552,853536,136,0.985827,24
530584,853536,136,0.985900,24
528104,853536,137,0.986014,24
525920,853536,137,0.985960,24
528328,853536,137,0.986004,24
529104,853536,137,0.987406,24
526200,853536,136,0.976924,24
526440,853536,136,0.977837,24
525880,853536,136,0.977880,24
529648,853536,136,0.987386,24
526552,853536,136,0.985334,24
529128,853536,136,0.987407,24
528968,853536,136,0.987416,24
532512,853536,136,0.987372,24
528808,853536,136,0.982009,24
524936,853536,136,0.979345,24
525576,853536,136,0.981525,24
522784,853536,136,0.981693,24
526584,853536,136,0.982139,24
530480,853536,136,0.984800,24
527264,853536,135,0.975495,24
528624,853536,135,0.979982,24
525168,853536,135,0.980208,24
524712,853536,136,0.980237,24
524920,853536,136,0.981047,24
525120,853536,136,0.981833,24
523216,853536,136,0.981947,24
527160,853536,136,0.982051,24
524432,853536,136,0.981567,24
525168,853536,136,0.982166,24
521832,853536,136,0.982359,24
522816,853536,136,0.984173,24
519672,853536,136,0.983902,24
516080,853536,136,0.983935,24
516832,853536,136,0.984046,24
518920,853536,136,0.984369,24
517648,853536,136,0.984434,24
519808,853536,136,0.985315,24
517840,853536,135,0.980742,24
517680,853536,134,0.980757,24
520536,853536,134,0.985288,24
522752,853536,134,0.985310,24
522008,853536,134,0.985347,24
518464,853536,134,0.985513,24
520928,853536,134,0.985703,24
523200,853536,134,0.986136,24
522576,853536,135,0.986163,24
525112,853536,135,0.986487,24
522208,853536,134,0.969626,24
523704,853536,134,0.974438,24
519816,853536,135,0.974754,24
520456,853536,135,0.976887,24
517808,853536,135,0.977084,24
519944,853536,135,0.979212,24
518072,853536,135,0.979338,24
520064,853536,135,0.982408,24
517976,853536,135,0.982526,24
515120,853536,135,0.982685,24
511888,853536,134,0.974493,24
515752,853536,134,0.982653,24
517552,853536,134,0.983989,24
521016,853536,134,0.983836,24
518600,853536,134,0.983962,24
516136,853536,134,0.984088,24
518448,853536,134,0.984652,24
522504,853536,134,0.985014,24
519088,853536,133,0.985180,24
517944,853536,133,0.983974,24
520344,853536,133,0.985121,24
523744,853536,133,0.985008,24
521096,853536,133,0.981873,24
518448,853536,133,0.979652,24
514984,853536,133,0.979875,24
518280,853536,133,0.982037,24
519128,853536,133,0.983912,24
517672,853536,133,0.983988,24
519584,853536,133,0.984066,24
520720,853536,133,0.984745,24
519488,853536,133,0.984807,24
519280,853536,134,0.984817,24
515928,853536,133,0.978261,24
511832,853536,133,0.975644,24
509272,853536,133,0.975839,24
506848,853536,133,0.976020,24
508688,853536,133,0.978749,24
512520,853536,133,0.980131,24
513776,853536,133,0.981370,24
515488,853536,133,0.982971,24
516184,853536,133,0.983985,24
512712,853536,133,0.982273,24
513096,853536,133,0.983592,24
516128,853536,133,0.983986,24
515576,853536,133,0.984016,24
519120,853536,133,0.984822,24
518008,853536,133,0.984878,24
519456,853536,133,0.985110,24
517336,853536,133,0.980098,24
513528,853536,132,0.972077,24
515664,853536,132,0.978727,24
513504,853536,132,0.978873,24
511448,853536,131,0.975231,24
515272,853536,131,0.978759,24
515720,853536,131,0.980204,24
516296,853536,131,0.980241,24
514920,853536,132,0.980326,24
518688,853536,132,0.981986,24
516624,853536,133,0.982103,24
517688,853536,133,0.984436,24
516400,853536,134,0.984499,24
520384,853536,134,0.985064,24
516816,853536,134,0.985234,24
518392,853536,134,0.985259,24
515984,853536,135,0.985371,24
516744,853536,135,0.985585,24
514856,853536,134,0.975424,24
515888,853536,134,0.978727,24
515312,853536,133,0.978772,24
514704,853536,133,0.978815,24
510752,853536,132,0.972172,24
512056,853536,132,0.976242,24
510600,853536,132,0.976353,24
510624,853536,132,0.976569,24
512840,853536,132,0.978938,24
512328,853536,132,0.978975,24
509848,853536,132,0.979138,24
510152,853536,132,0.980199,24
510096,853536,132,0.980205,24
513480,853536,132,0.980765,24
517488,853536,132,0.983191,24
516736,853536,133,0.983231,24
518768,853536,133,0.985499,24
521384,853536,133,0.985376,24
520224,853536,132,0.985434,24
523024,853536,132,0.985558,24
522400,853536,132,0.985589,24
525336,853536,132,0.985527,24
524576,853536,132,0.984972,24
522552,853536,131,0.980850,24
526320,853536,131,0.984890,24
527232,853536,131,0.985441,24
526848,853536,131,0.985020,24
529808,853536,131,0.985318,24
527752,853536,131,0.981304,24
527464,853536,132,0.981322,24
530272,853536,132,0.985295,24
531112,853536,132,0.985753,24
527616,853536,132,0.977222,24
524856,853536,133,0.977425,24
523696,853536,133,0.977513,24
522072,853536,133,0.977633,24
525144,853536,133,0.986032,24
526120,853536,133,0.986063,24
525240,853536,134,0.986103,24
529328,853536,134,0.986176,24
531040,853536,134,0.986359,24
532360,853536,134,0.986430,24
531840,853536,135,0.986453,24
530928,853536,135,0.984653,24
532240,853536,135,0.986435,24
531176,853536,136,0.986483,24
532840,853536,136,0.986671,24
534896,853536,136,0.987058,24
533944,853536,136,0.986436,24
537360,853536,136,0.986951,24
536632,853536,135,0.986987,24
539152,853536,135,0.987009,24
536576,853536,134,0.979294,24
533432,853536,133,0.976332,24
537352,853536,133,0.979243,24
537872,853536,133,0.981116,24
534840,853536,132,0.969396,24
536976,853536,132,0.976503,24
535016,853536,133,0.976657,24
538280,853536,133,0.981090,24
536784,853536,134,0.981185,24
539976,853536,134,0.986975,24
538616,853536,133,0.975347,24
536128,853536,132,0.974088,24
538792,853536,132,0.975336,24
537216,853536,132,0.975471,24
539416,853536,132,0.982891,24
541888,853536,132,0.982826,24
540440,853536,132,0.982913,24
538256,853536,132,0.981775,24
540160,853536,132,0.982929,24
543744,853536,132,0.983541,24
543672,853536,132,0.983548,24
542536,853536,132,0.983614,24
542360,853536,132,0.983627,24
544256,853536,132,0.984040,24
545600,853536,132,0.986728,24
547384,853536,132,0.986727,24
547144,853536,133,0.986738,24
549832,853536,133,0.986639,24
547688,853536,133,0.986741,24
548816,853536,133,0.986714,24
546624,853536,132,0.986820,24
546360,853536,131,0.979936,24
543928,853536,131,0.980107,24
540712,853536,130,0.967480,24
544792,853536,130,0.980051,24
547472,853536,130,0.981058,24
545256,853536,130,0.981205,24
542016,853536,130,0.975822,24
540960,853536,129,0.975917,24
543368,853536,129,0.981333,24
539784,853536,129,0.981563,24
543656,853536,129,0.982742,24
546304,853536,129,0.983965,24
548184,853536,129,0.987092,24
551376,853536,129,0.987001,24
549360,853536,128,0.972458,24
546328,853536,128,0.972751,24
550072,853536,128,0.979123,24
549096,853536,128,0.979198,24
551808,853536,128,0.984727,24
549400,853536,129,0.984855,24
548904,853536,130,0.984882,24
548704,853536,129,0.978504,24
546824,853536,128,0.978651,24
548992,853536,128,0.978961,24
550000,853536,128,0.982585,24
552064,853536,128,0.984715,24
548872,853536,128,0.984888,24
552080,853536,128,0.985590,24
555176,853536,128,0.985914,24
558880,853536,128,0.986592,24
560928,853536,128,0.986548,24
558024,853536,128,0.984901,24
558712,853536,128,0.986655,24
556664,853536,128,0.986756,24
555360,853536,127,0.970243,24
553056,853536,126,0.970496,24
555648,853536,126,0.971648,24
559160,853536,126,0.979396,24
558304,853536,126,0.979463,24
560024,853536,126,0.983576,24
560816,853536,126,0.984079,24
558904,853536,126,0.981616,24
555392,853536,126,0.971674,24
554888,853536,127,0.971724,24
553752,853536,127,0.971843,24
554288,853536,127,0.973863,24
556808,853536,127,0.981754,24
554800,853536,127,0.981888,24
553024,853536,128,0.982002,24
555912,853536,128,0.982786,24
557472,853536,128,0.982802,24
561488,853536,128,0.985675,24
563528,853536,128,0.986419,24
560728,853536,127,0.975194,24
562472,853536,127,0.981603,24
561784,853536,128,0.981649,24
562520,853536,128,0.984473,24
562016,853536,128,0.984505,24
560952,853536,128,0.984567,24
563920,853536,128,0.986402,24
567552,853536,128,0.986215,24
566456,853536,128,0.986273,24
562456,853536,128,0.984277,24
566536,853536,128,0.986269,24
567616,853536,128,0.986241,24
565584,853536,128,0.980204,24
567912,853536,128,0.986226,24
564816,853536,128,0.984906,24
568024,853536,128,0.986220,24
564216,853536,127,0.979185,24
564768,853536,127,0.981358,24
562120,853536,127,0.981542,24
564096,853536,127,0.981434,24
561656,853536,127,0.979029,24
564176,853536,127,0.981428,24
564152,853536,128,0.981430,24
560352,853536,128,0.979216,24
558864,853536,127,0.979335,24
557176,853536,127,0.979464,24
558992,853536,127,0.981729,24
556368,853536,126,0.969462,24
558632,853536,126,0.977563,24
559096,853536,126,0.979375,24
561704,853536,126,0.981544,24
562136,853536,126,0.981570,24
558504,853536,126,0.981816,24
555568,853536,127,0.982006,24
556336,853536,127,0.983618,24
552368,853536,127,0.976327,24
551184,853536,127,0.976430,24
552712,853536,127,0.981877,24
556304,853536,127,0.983620,24
553200,853536,126,0.975524,24
557184,853536,126,0.983571,24
559896,853536,126,0.984685,24
558536,853536,125,0.983551,24
555032,853536,124,0.973346,24
558936,853536,124,0.983530,24
560000,853536,124,0.984684,24
558920,853536,124,0.984747,24
558536,853536,125,0.984768,24
554552,853536,125,0.975415,24
556112,853536,125,0.981032,24
559312,853536,125,0.984722,24
556776,853536,125,0.984864,24
560560,853536,125,0.985847,24
560456,853536,125,0.985855,24
560928,853536,125,0.985974,24
564784,857440,125,0.985974,24
560912,857440,125,0.980421,24
557816,857440,126,0.980637,24
556152,857440,126,0.980754,24
556056,857440,126,0.980764,24
559416,857440,126,0.985333,24
561048,857440,126,0.986165,24
560744,857440,126,0.986182,24
556728,857440,126,0.983096,24
559784,857440,126,0.986230,24
563240,857440,126,0.986200,24
560912,857440,125,0.969823,24
563976,857440,125,0.980788,24
560288,857440,124,0.963044,24
560912,857440,124,0.965369,24
558512,857440,125,0.965665,24
555512,857440,124,0.966039,24
552800,857440,124,0.966366,24
553664,857440,124,0.969367,24
550328,857440,123,0.967821,24
553576,857440,123,0.969381,24
555304,857440,123,0.969275,24
556424,857440,123,0.973276,24
553048,857440,123,0.973596,24
557056,857440,123,0.975286,24
559696,857440,123,0.978024,24
555704,857440,123,0.978168,24
556880,857440,123,0.978243,24
560024,857440,123,0.978481,24
557504,857440,123,0.978677,24
559784,857440,123,0.979473,24
556424,857440,123,0.979721,24
558080,857440,123,0.980622,24
554832,857440,124,0.980843,24
557344,857440,124,0.981237,24
553312,857440,123,0.970457,24
556752,857440,123,0.981280,24
552744,857440,123,0.973615,24
553752,857440,123,0.977217,24
552080,857440,122,0.972372,24
554800,857440,122,0.977137,24
553272,857440,123,0.977259,24
553880,857440,123,0.979505,24
551576,857440,123,0.979673,24
548024,857440,122,0.974655,24
546576,857440,121,0.974789,24
543864,857440,121,0.975024,24
547912,857440,121,0.976759,24
547576,857440,121,0.976789,24
544864,857440,121,0.977007,24
542008,857440,122,0.977228,24
543536,857440,122,0.980242,24
544760,857440,122,0.982355,24
547720,857440,122,0.982283,24
549928,857440,122,0.982836,24
548560,857440,122,0.982919,24
547240,857440,122,0.982999,24
548624,857440,122,0.982943,24
550120,857440,122,0.984180,24
552880,857440,122,0.984053,24
556104,857440,122,0.984857,24
553416,857440,122,0.985002,24
549624,857440,123,0.985198,24
552888,857440,123,0.985530,24
549032,857440,123,0.977953,24
553040,857440,123,0.985522,24
551544,857440,123,0.982764,24
552648,857440,123,0.985542,24
548824,857440,123,0.972406,24
550920,857440,123,0.979636,24
553736,857440,123,0.985961,24
552704,857440,124,0.986011,24
551072,857440,124,0.985760,24
554016,857440,124,0.985947,24
553240,857440,124,0.985988,24
552112,857440,124,0.986045,24
548472,857440,125,0.986220,24
550184,857440,125,0.986634,24
546800,857440,126,0.986788,24
547768,857440,126,0.986907,24
549432,857440,126,0.986857,24
550600,857440,126,0.986802,24
552288,857440,126,0.986722,24
548280,857440,125,0.973901,24
544272,857440,126,0.974258,0
548128,857440,126,0.986145,0
551784,857440,126,0.986746,0
551048,857440,126,0.986783,0
552520,857440,126,0.986768,0
548736,857440,126,0.985483,0
544968,857440,126,0.985671,0
545320,857440,126,0.986468,0
545224,857440,126,0.986475,0
546232,857440,126,0.986973,0
549824,857440,126,0.986892,0
548576,857440,125,0.980373,0
548856,857440,125,0.981481,0
548360,857440,125,0.981516,0
547296,857440,125,0.981586,0
545584,857440,126,0.981693,0
548920,857440,126,0.984319,0
552496,857440,126,0.985767,0
554584,857440,126,0.986672,0
551992,857440,127,0.986793,0
555440,857440,127,0.986997,0
553424,857440,128,0.987088,0
554976,857440,128,0.987016,0
553144,857440,128,0.981113,0
551432,857440,128,0.981229,0
553472,857440,128,0.985966,0
556032,857440,128,0.986967,0
555336,857440,128,0.985930,0
552520,857440,128,0.979510,0
550688,857440,128,0.979644,0
548696,857440,127,0.979790,0
549112,857440,127,0.980475,0
552096,857440,127,0.981160,0
552776,857440,127,0.983655,0
553000,857440,127,0.984590,0
550184,857440,127,0.984300,0
546640,857440,128,0.984490,0
545080,857440,129,0.984573,0
546312,857440,129,0.984942,0
548248,857440,129,0.986270,0
551856,857440,129,0.987154,0
549792,857440,128,0.973560,0
546856,857440,127,0.973835,0
550576,857440,127,0.978595,0
554048,857440,127,0.986386,0
553584,857440,128,0.986408,0
555144,857440,128,0.987008,0
553328,857440,129,0.987090,0
553408,857440,129,0.987085,0
552992,857440,130,0.987103,0
554168,857440,130,0.987076,0
552696,857440,130,0.986698,0
554480,857440,130,0.987062,0
552504,857440,130,0.982406,0
555776,857440,130,0.987003,0
554768,857440,131,0.987049,0
551000,857440,130,0.967056,0
553792,857440,130,0.976687,0
554952,857440,130,0.980842,0
551960,857440,129,0.976060,0
555176,857440,129,0.980830,0
554328,857440,130,0.980888,0
556000,857440,130,0.986851,0
554824,857440,130,0.986908,0
555712,857440,130,0.986977,0
552208,857440,129,0.970237,0
553072,857440,129,0.973332,0
550240,857440,130,0.973594,0
552288,857440,130,0.980713,0
548696,857440,129,0.976935,0
546608,857440,129,0.977104,0
543688,857440,129,0.977334,0
542344,857440,129,0.977440,0
545680,857440,129,0.978625,0
549184,857440,129,0.980930,0
552640,857440,129,0.984942,0
556208,857440,129,0.985570,0
555584,857440,129,0.985605,0
552624,857440,129,0.981762,0
555480,857440,129,0.985610,0
558752,857440,129,0.986838,0
558304,857440,130,0.986859,0
561168,857440,130,0.986750,0
559032,857440,129,0.977741,0
557824,857440,129,0.977840,0
557840,857440,129,0.978063,0
561136,857440,129,0.983299,0
557864,857440,129,0.982073,0
559712,857440,129,0.983384,0
556480,857440,129,0.981142,0
560144,857440,129,0.983358,0
559248,857440,128,0.970894,0
560112,857440,128,0.974069,0
557672,857440,127,0.974303,0
557608,857440,126,0.974317,0
560624,857440,126,0.975701,0
563816,857440,126,0.983145,0
560416,857440,127,0.983351,0
557080,857440,127,0.976261,0
557920,857440,127,0.979344,0
556120,857440,127,0.979479,0
554808,857440,127,0.979577,0
556856,857440,127,0.983563,0
554688,857440,128,0.983689,0
557024,857440,128,0.984855,0
557584,857440,128,0.985192,0
557144,857440,128,0.985218,0
557200,857440,128,0.985581,0
559096,857440,128,0.986739,0
557048,857440,128,0.979405,0
555208,857440,127,0.978024,0
558704,857440,127,0.979287,0
559320,857440,127,0.981611,0
559152,857440,127,0.981625,0
556928,857440,127,0.980810,0
558632,857440,127,0.981659,0
554968,857440,127,0.981252,0
552448,857440,127,0.981419,0
556400,857440,127,0.981807,0
559496,857440,127,0.986123,0
557360,857440,127,0.983903,0
558080,857440,127,0.986193,0
557112,857440,126,0.973569,0
554392,857440,126,0.973825,0
551672,857440,127,0.974073,0
554632,857440,127,0.982964,0
556496,857440,127,0.984264,0
557624,857440,127,0.986216,0
560864,857440,127,0.986455,0
557448,857440,127,0.985514,0
559792,857440,127,0.986507,0
556728,857440,127,0.979347,0
559504,857440,127,0.986521,0
557104,857440,127,0.986638,0
555200,857440,127,0.985491,0
551328,857440,126,0.961712,0
548144,857440,125,0.962143,0
550024,857440,125,0.968556,0
549136,857440,125,0.968657,0
548648,857440,125,0.968715,0
551576,857440,125,0.972645,0
549848,857440,125,0.972812,0
552680,857440,125,0.978651,0
548784,857440,125,0.978941,0
549272,857440,125,0.980750,0
546952,857440,125,0.980905,0
547792,857440,125,0.982878,0
551520,857440,125,0.983682,0
547624,857440,126,0.983900,0
551400,857440,126,0.984242,0
552344,857440,126,0.985637,0
552624,857440,126,0.986403,0
554904,857440,126,0.986657,0
551824,857440,125,0.971021,0
554352,857440,125,0.979803,0
551672,857440,124,0.973544,0
550832,857440,125,0.973621,0
554248,857440,125,0.979814,0
558320,857440,125,0.985244,0
556112,857440,125,0.980670,0
554232,857440,124,0.975135,0
557328,857440,124,0.980590,0
559648,857440,124,0.985176,0
559112,857440,124,0.985207,0
556704,857440,124,0.978542,0
559728,857440,124,0.985175,0
556656,857440,125,0.985336,0
557200,857440,125,0.986014,0
554256,857440,125,0.979424,0
555368,857440,125,0.983427,0
557872,857440,125,0.985978,0
556320,857440,126,0.986055,0
559216,857440,126,0.986452,0
558208,857440,126,0.983199,0
560008,857440,126,0.986413,0
559448,857440,126,0.984727,0
562392,857440,126,0.986296,0
559984,857440,126,0.983093,0
562488,857440,126,0.986291,0
560976,857440,126,0.986368,0
561488,857440,126,0.986427,0
559624,857440,126,0.982656,0
560024,857440,126,0.984234,0
559040,857440,127,0.984289,0
557048,857440,127,0.984403,0
557680,857440,127,0.986611,0
561000,857440,127,0.986449,0
557888,857440,127,0.983785,0
556056,857440,127,0.983892,0
555192,857440,127,0.983944,0
552432,857440,128,0.984099,0
553240,857440,128,0.986345,0
554624,857440,128,0.986445,0
556704,857440,128,0.986655,0
559520,857440,128,0.986690,0
558264,857440,129,0.986749,0
562288,861512,129,0.986749,0
561056,861512,129,0.983916,0
562592,861512,129,0.986735,0
561912,861512,128,0.986430,0
559048,861512,128,0.986569,0
556224,861512,129,0.986702,0
554424,861512,129,0.983657,0
558144,861512,129,0.986612,0
556976,861512,130,0.986667,0
560976,865560,130,0.986667,0
557784,865560,130,0.976534,0
559584,865560,130,0.982809,0
563344,865560,130,0.986553,0
561280,865560,129,0.979129,0
560664,865560,129,0.979177,0
558120,865560,129,0.979364,0
560320,865560,129,0.986702,0
563112,865560,129,0.986907,0
559616,865560,128,0.974084,0
559856,865560,128,0.975061,0
557352,865560,128,0.975280,0
557048,865560,128,0.975310,0
559128,865560,128,0.982512,0
558024,865560,129,0.982578,0
560256,865560,129,0.983611,0
558472,865560,129,0.983715,0
558768,865560,129,0.984888,0
561064,865560,129,0.987000,0
557872,865560,128,0.964208,0
561712,865560,128,0.977336,0
559208,865560,127,0.971932,0
559416,865560,127,0.972796,0
559312,865560,127,0.972811,0
559784,865560,127,0.974570,0
559104,865560,127,0.974634,0
562176,865560,127,0.977303,0
564280,865560,127,0.984735,0
564152,865560,127,0.984744,0
564984,865560,127,0.985150,0
564784,865560,127,0.985163,0
562264,865560,127,0.982715,0
563736,865560,127,0.985218,0
564368,865560,127,0.986851,0
567672,865560,127,0.986693,0
566864,865560,127,0.983738,0
569536,865560,127,0.986604,0
568816,865560,128,0.986638,0
564984,865560,128,0.975429,0
564584,865560,128,0.975468,0
568624,865560,128,0.986650,0
571032,865560,128,0.986531,0
574104,865560,128,0.986494,0
570808,865560,128,0.977686,0
568192,865560,127,0.972830,0
571632,865560,127,0.977623,0
570160,865560,127,0.977746,0
566136,865560,127,0.977186,0
563152,865560,127,0.977429,0
563880,865560,127,0.978242,0
567600,865560,127,0.979837,0
568384,865560,127,0.982330,0
569368,865560,127,0.982696,0
569216,865560,127,0.982709,0
567496,865560,127,0.982818,0
565944,865560,127,0.982915,0
563384,865560,128,0.983069,0
562400,865560,128,0.982710,0
558944,865560,127,0.971196,0
561256,865560,127,0.979204,0
564784,865560,127,0.982564,0
566304,865560,127,0.982894,0
570328,865560,127,0.984259,0
569840,865560,128,0.984287,0
572184,865560,128,0.984151,0
572160,865560,129,0.984152,0
573536,865560,129,0.985034,0
576320,865560,129,0.985586,0
578640,865560,129,0.986264,0
581768,865560,129,0.986130,0
578560,865560,129,0.984808,0
580808,865560,129,0.986180,0
578520,865560,128,0.971264,0
580576,865560,128,0.978931,0
578104,865560,128,0.979128,0
579496,865560,128,0.981108,0
576480,865560,128,0.979549,0
575088,865560,128,0.979363,0
577096,865560,128,0.979502,0
580896,865560,128,0.981009,0
580264,865560,128,0.981057,0
580976,865560,128,0.983859,0
578936,865560,128,0.981181,0
582112,865560,128,0.983790,0
578104,865560,127,0.964625,0
577528,865560,127,0.964707,0
577848,865560,127,0.966025,0
579288,865560,127,0.971391,0
576400,865560,127,0.971701,0
578072,865560,127,0.977912,0
575016,865560,127,0.976253,0
573632,865560,128,0.976374,0
576112,865560,128,0.978072,0
578672,865560,128,0.981077,0
575544,865560,128,0.981298,0
575808,865560,128,0.982427,0
574304,865560,128,0.980826,0
573440,865560,128,0.980890,0
577256,865560,128,0.982336,0
578520,865560,128,0.984006,0
574792,865560,128,0.981673,0
576448,865560,128,0.984129,0
576152,865560,129,0.984146,0
578656,865560,129,0.985337,0
574712,865560,129,0.981029,0
576624,865560,129,0.985447,0
575760,865560,130,0.985493,0
577200,865560,130,0.986006,0
573816,865560,129,0.971227,0
572432,865560,129,0.971377,0
568480,865560,130,0.971783,0
566696,865560,130,0.971967,0
567072,865560,130,0.973438,0
563992,865560,130,0.973732,0
563152,865560,130,0.973814,0
564232,865560,130,0.976960,0
565248,865560,130,0.977611,0
567040,865560,130,0.980520,0
568176,865560,130,0.982101,0
571064,865560,130,0.983795,0
569288,865560,129,0.975785,0
569976,865560,129,0.978376,0
568080,865560,129,0.978527,0
565880,865560,130,0.978695,0
568712,865560,130,0.983734,0
566816,865560,130,0.983847,0
569368,865560,130,0.983897,0
570680,865560,130,0.984541,0
568576,865560,131,0.984658,0
565248,865560,130,0.973067,0
566824,865560,130,0.978705,0
563992,865560,131,0.978918,0
564016,865560,131,0.979167,0
567128,865560,131,0.984735,0
564648,865560,132,0.984869,0
563456,865560,131,0.970524,0
564112,865560,131,0.972939,0
567192,865560,131,0.983817,0
566416,865560,130,0.983867,0
562392,865560,130,0.983114,0
558672,865560,131,0.983332,0
561360,865560,131,0.984152,0
559304,865560,132,0.984266,0
561720,865560,132,0.984214,0
560160,865560,132,0.984302,0
558600,865560,132,0.983336,0
559280,865560,132,0.984350,0
561936,865560,132,0.985016,0
565584,865560,132,0.985501,0
566728,865560,132,0.985896,0
563672,865560,132,0.982690,0
563160,865560,131,0.982728,0
564184,865560,131,0.985434,0
565368,865560,131,0.985967,0
564512,865560,130,0.984089,0
562096,865560,129,0.981226,0
559896,865560,129,0.979229,0
558320,865560,128,0.979349,0
561744,865560,128,0.980247,0
558024,865560,128,0.978679,0
555976,865560,129,0.978829,0
559048,865560,129,0.980432,0
561920,865560,129,0.981241,0
558160,865560,129,0.981488,0
557952,865560,130,0.981501,0
560584,865560,130,0.982752,0
562064,865560,130,0.984231,0
559328,865560,129,0.969939,0
555856,865560,129,0.970302,0
557512,865560,129,0.976008,0
554440,865560,128,0.976267,0
555440,865560,128,0.978539,0
552344,865560,128,0.978768,0
553176,865560,128,0.979003,0
550104,865560,128,0.979224,0
551880,865560,128,0.979123,0
555712,865560,128,0.979750,0
555728,865560,128,0.979965,0
557768,865560,128,0.981397,0
561520,865560,128,0.983726,0
557768,865560,128,0.981397,0
557928,865560,128,0.982102,0
556256,865560,129,0.982205,0
557720,865560,129,0.983937,0
555808,865560,129,0.982260,0
558200,865560,129,0.983910,0
554368,865560,129,0.978932,0
558464,865560,129,0.983896,0
556416,865560,129,0.984012,0
554152,865560,128,0.982776,0
550152,865560,128,0.979402,0
550312,865560,128,0.980088,0
547352,865560,128,0.980288,0
546520,865560,127,0.978487,0
544112,865560,126,0.970384,0
540872,865560,126,0.970702,0
542912,865560,126,0.977357,0
540056,865560,126,0.977571,0
542840,865560,126,0.978754,0
542824,865560,127,0.978755,0
546368,865560,127,0.980362,0
549072,865560,127,0.980315,0
552384,865560,127,0.981827,0
551952,865560,127,0.981856,0
555816,865560,127,0.982079,0
554144,865560,128,0.982181,0
550616,865560,128,0.979943,0
553080,865560,128,0.982246,0
555760,865560,128,0.982683,0
556240,865560,128,0.984027,0
552760,865560,128,0.975498,0
555800,865560,128,0.984051,0
556312,865560,128,0.984460,0
557048,865560,128,0.984501,0
555904,865560,129,0.984562,0
559464,865560,129,0.984869,0
556672,865560,129,0.980114,0
552968,865560,128,0.975450,0
550008,865560,128,0.975698,0
548488,865560,128,0.975826,0
545680,865560,128,0.976055,0
542464,865560,129,0.976307,0
546248,865560,129,0.977467,0
542928,865560,128,0.977720,0
542296,865560,128,0.977770,0
541136,865560,128,0.977857,0
537128,865560,129,0.978143,0
537112,865560,130,0.978144,0
538952,865560,130,0.978970,0
536720,865560,130,0.979124,0
537528,865560,130,0.981364,0
537600,865560,130,0.981744,0
535760,865560,130,0.978236,0
538320,865560,130,0.981701,0
537584,865560,130,0.981748,0
538560,865560,130,0.981765,0
538824,865560,130,0.982758,0
542760,865560,130,0.983452,0
539520,865560,130,0.979211,0
540888,865560,130,0.983553,0
542192,865560,130,0.983663,0
544344,865560,130,0.984707,0
540264,865560,130,0.981238,0
536928,865560,130,0.981443,0
540320,865560,130,0.982486,0
536896,865560,131,0.982679,0
538552,865560,131,0.984994,0
540880,865560,131,0.985243,0
539600,865560,131,0.985307,0
539632,865560,131,0.985563,0
536840,865560,131,0.984638,0
536368,865560,131,0.984664,0
539416,865560,131,0.985575,0
536736,865560,131,0.983177,0
536896,865560,131,0.983836,0
532976,865560,130,0.980633,0
529464,865560,130,0.980850,0
528824,865560,130,0.980891,0
532616,865560,130,0.984064,0
528832,865560,130,0.984004,0
529800,865560,130,0.984205,0
530328,865560,130,0.985993,0
529672,865560,131,0.986022,0
525616,865560,131,0.976877,0
527888,865560,131,0.983972,0
529144,865560,131,0.986043,0
526584,865560,131,0.983413,0
522928,865560,131,0.975860,0
523872,865560,131,0.978853,0
524288,865560,131,0.980259,0
528248,865560,131,0.983322,0
530000,865560,131,0.986001,0
534096,865560,131,0.985816,0
536400,865560,131,0.985992,0
537392,865560,131,0.986462,0
536920,865560,131,0.986484,0
540672,865560,131,0.986369,0
542368,865560,131,0.986580,0
539448,865560,130,0.979872,0
540560,865560,130,0.983581,0
539560,865560,130,0.983637,0
537520,865560,129,0.980934,0
537280,865560,130,0.980948,0
534184,865560,131,0.981137,0
535824,865560,131,0.983836,0
538568,865560,131,0.986334,0
541392,865560,131,0.986625,0
543032,865560,131,0.986577,0
542232,865560,131,0.986614,0
545960,865560,131,0.986499,0
542392,865560,131,0.985846,0
545360,865560,131,0.986526,0
542128,865560,130,0.975026,0
542776,865560,130,0.977256,0
539272,865560,129,0.977522,0
538056,865560,128,0.974642,0
535744,865560,129,0.974830,0
533528,865560,128,0.975015,0
534400,865560,128,0.977882,0
530304,865560,128,0.978171,0
528056,865560,129,0.978325,0
525648,865560,129,0.978491,0
524936,865560,128,0.978544,0
525496,865560,128,0.978504,0
525336,865560,129,0.978515,0
526400,865560,129,0.979088,0
527048,865560,129,0.979767,0
526312,865560,130,0.979814,0
526904,865560,130,0.980298,0
529416,865560,130,0.981070,0
527024,865560,130,0.981215,0
524456,865560,129,0.978421,0
521672,865560,129,0.978609,0
523632,865560,129,0.978699,0
521888,865560,128,0.978819,0
525616,865560,128,0.981305,0
523288,865560,128,0.981442,0
525384,865560,128,0.981865,0
525808,865560,128,0.981938,0
526088,865560,128,0.982941,0
523992,865560,128,0.981396,0
522736,865560,128,0.981471,0
520224,865560,128,0.980711,0
521616,865560,128,0.981535,0
525008,865560,128,0.983000,0
527464,865560,128,0.983217,0
528672,865560,128,0.983779,0
526536,865560,128,0.983889,0
527240,865560,128,0.984002,0
526632,865560,128,0.984034,0
523736,865560,127,0.977484,0
527016,865560,127,0.984018,0
530744,865560,127,0.984080,0
532744,865560,127,0.984230,0
533816,865560,127,0.984455,0
536000,865560,127,0.985115,0
533744,865560,126,0.980506,0
535672,865560,126,0.985132,0
533744,865560,126,0.980506,0
536200,865560,126,0.985107,0
535648,865560,127,0.985134,0
535808,865560,127,0.985252,0
535648,865560,128,0.985260,0
534672,865560,129,0.985306,0
533600,865560,129,0.984185,0
531040,865560,130,0.984313,0
531504,865560,130,0.985453,0
535144,865560,130,0.985333,0
538624,865560,130,0.985580,0
541536,865560,130,0.985466,0
539240,865560,129,0.984722,0
537552,865560,129,0.984368,0
541528,865560,129,0.984607,0
539184,865560,129,0.984727,0
535224,865560,129,0.979564,0
537872,865560,129,0.984792,0
535456,865560,129,0.984912,0
534768,865560,129,0.984947,0
535376,865560,129,0.985480,0
538216,865560,129,0.985629,0
541864,865560,129,0.985508,0
540208,865560,130,0.985586,0
541480,865560,130,0.985550,0
537752,865560,130,0.985726,0
536648,865560,130,0.985161,0
536576,865560,130,0.985166,0
533304,865560,130,0.985018,0
534976,865560,130,0.985242,0
532976,865560,130,0.983964,0
531536,865560,129,0.974569,0
534336,865560,129,0.983437,0
537144,865560,129,0.983749,0
541112,865560,129,0.984947,0
539432,865560,129,0.985005,0
542072,865560,129,0.984899,0
539560,865560,130,0.985023,0
540432,865560,130,0.985604,0
542808,865560,130,0.986435,0
542080,865560,130,0.984320,0
542832,865560,130,0.986434,0
540456,865560,130,0.985603,0
539456,865560,130,0.985652,0
538720,865560,130,0.985688,0
539048,865560,130,0.985748,0
542376,865560,130,0.986457,0
540936,865560,130,0.986522,0
539880,865560,129,0.976685,0
540280,865560,129,0.978110,0
536496,865560,129,0.976759,0
533200,865560,128,0.970695,0
533864,865560,128,0.972900,0
530112,865560,129,0.973220,0
528176,865560,129,0.973387,0
529760,865560,129,0.977255,0
532416,865560,129,0.978203,0
530088,865560,130,0.978363,0
533424,865560,130,0.978588,0
535512,865560,130,0.981675,0
536256,865560,130,0.984176,0
539128,865560,130,0.985117,0
540176,865560,130,0.985272,0
543608,865560,130,0.986395,0
542224,865560,131,0.986457,0
541352,865560,132,0.986496,0
541952,865560,132,0.986519,0
543672,865560,132,0.986546,0
543272,865560,133,0.986564,0
545728,865560,133,0.986452,0
544192,865560,132,0.979286,0
540984,865560,133,0.979503,0
541656,865560,133,0.981813,0
544448,865560,133,0.986510,0
544184,865560,134,0.986521,0
540848,865560,134,0.977575,0
536752,865560,134,0.976044,0
538432,865560,134,0.977751,0
541144,865560,134,0.981344,0
539768,865560,133,0.978777,0
537424,865560,133,0.978941,0
535152,865560,132,0.977537,0
538472,865560,132,0.978873,0
537912,865560,132,0.978914,0
538456,865560,132,0.980792,0
535192,865560,132,0.980996,0
539056,865560,132,0.981482,0
541168,865560,132,0.985745,0
542424,865560,132,0.985763,0
545592,865560,132,0.986381,0
542280,865560,132,0.980729,0
538848,865560,132,0.980946,0
536888,865560,132,0.981070,0
537920,865560,132,0.983851,0
540920,865560,132,0.984343,0
543232,865560,132,0.985117,0
542288,865560,133,0.985163,0
538896,865560,133,0.980473,0
536056,865560,133,0.980654,0
534016,865560,134,0.980781,0
529928,865560,134,0.975734,0
533456,865560,134,0.980815,0
529384,865560,135,0.981061,0
531632,865560,135,0.985641,0
532136,865560,135,0.985642,0
534984,865560,135,0.986791,0
537288,865560,135,0.986742,0
534112,865560,134,0.976268,0
534936,865560,134,0.978997,0
531792,865560,134,0.979210,0
534104,865560,134,0.985421,0
535392,865560,134,0.986540,0
531944,865560,133,0.969599,0
532376,865560,133,0.971079,0
529704,865560,132,0.971331,0
528896,865560,132,0.971408,0
530304,865560,132,0.975875,0
533904,865560,132,0.976539,0
530832,865560,131,0.975813,0
533064,865560,131,0.976606,0
531760,865560,131,0.976706,0
528832,865560,131,0.976924,0
531880,865560,131,0.982967,0
527792,865560,131,0.976197,0
528184,865560,131,0.977544,0
526792,865560,132,0.977642,0
527224,865560,132,0.979109,0
527864,865560,132,0.981221,0
527024,865560,132,0.981273,0
529120,865560,132,0.983110,0
526664,865560,132,0.982542,0
529368,865560,132,0.983097,0
527792,865560,132,0.983183,0
531480,865560,132,0.986204,0
528768,865560,132,0.978430,0
528544,865560,132,0.978448,0
529440,865560,132,0.981357,0
526984,865560,132,0.981503,0
527928,865560,132,0.982824,0
529104,865560,132,0.984495,0
526136,865560,132,0.984641,0
528072,865560,132,0.986352,0
527560,865560,133,0.986373,0
529656,865560,133,0.986407,0
526128,865560,134,0.986557,0
528016,865560,134,0.986651,0
525464,865560,135,0.986757,0
527016,865560,135,0.986716,0
526336,865560,135,0.986746,0
524544,865560,136,0.986820,0
527256,865560,136,0.986881,0
530272,865560,136,0.987108,0
527632,865560,135,0.977519,0
524120,865560,134,0.974177,0
521808,865560,134,0.974365,0
525640,865560,134,0.977665,0
523504,865560,134,0.977816,0
527000,865560,134,0.985022,0
524496,865560,134,0.985141,0
525560,865560,134,0.986135,0
526400,865560,134,0.986595,0
527112,865560,134,0.987239,0
525472,865560,134,0.987281,0
521784,865560,134,0.983491,0
523296,865560,134,0.987367,0
525664,865560,134,0.987297,0
523008,865560,134,0.986192,0
522240,865560,135,0.986225,0
523904,865560,135,0.987366,0
527000,865560,135,0.987267,0
523136,865560,135,0.981687,0
526464,865560,135,0.987288,0
523680,865560,135,0.987325,0
520040,865560,135,0.985951,0
522080,865560,135,0.987388,0
520304,865560,136,0.987456,0
519272,865560,137,0.987496,0
522728,865560,137,0.987435,0
524016,865560,137,0.987457,0
526128,865560,137,0.987397,0
524464,865560,137,0.986124,0
525920,865560,137,0.987406,0
522016,865560,136,0.978668,0
524648,865560,136,0.986811,0
522440,865560,135,0.974649,0
525816,865560,135,0.985046,0
524264,865560,135,0.985120,0
521952,865560,136,0.985226,0
525152,865560,136,0.986768,0
522688,865560,135,0.973128,0
522920,865560,135,0.973969,0
519344,865560,135,0.974257,0
515512,865560,136,0.974555,0
511648,865560,135,0.966577,0
510472,865560,135,0.966698,0
511832,865560,135,0.970760,0
511568,865560,135,0.970787,0
514792,865560,135,0.974617,0
513384,865560,136,0.974724,0
512872,865560,136,0.974767,0
515824,865560,136,0.979321,0
519416,865560,136,0.980068,0
522744,865560,136,0.983242,0
519288,865560,136,0.983421,0
515696,865560,136,0.979329,0
514568,865560,136,0.979402,0
510648,865560,136,0.979645,0
513848,865560,136,0.981776,0
517016,865560,136,0.983538,0
518920,865560,136,0.985171,0
518840,865560,136,0.985177,0
515192,865560,136,0.985342,0
517576,865560,136,0.985258,0
516904,865560,137,0.985288,0
514448,865560,137,0.985399,0
513704,865560,137,0.985434,0
512256,865560,137,0.985141,0
516224,865560,137,0.985323,0
517232,865560,137,0.985470,0
517072,865560,137,0.985479,0
513232,865560,138,0.985646,0
510232,865560,138,0.985182,0
513352,865560,138,0.985641,0
509584,865560,138,0.982699,0
512040,865560,138,0.985697,0
515360,865560,138,0.987168,0
511496,865560,137,0.981456,0
510360,865560,138,0.981518,0
508080,865560,138,0.981645,0
506816,865560,138,0.981716,0
502848,865560,138,0.981929,0
502952,865560,138,0.982363,0
503256,865560,138,0.983368,0
501104,865560,138,0.983474,0
502992,865560,138,0.984311,0
505504,865560,138,0.984755,0
506776,865560,138,0.985354,0
510768,865560,138,0.985202,0
512960,865560,138,0.987258,0
509864,865560,138,0.986238,0
510072,865560,138,0.986988,0
508408,865560,138,0.987053,0
510160,865560,138,0.987364,0
506168,865560,138,0.985378,0
508016,865560,138,0.987444,0
508576,865560,138,0.987445,0
505456,865560,138,0.985383,0
502016,865560,138,0.981381,0
499312,865560,137,0.974193,0
500008,865560,137,0.976282,0
503992,865560,137,0.981273,0
500400,865560,137,0.981470,0
500920,865560,137,0.983081,0
502448,865560,137,0.985511,0
506016,865560,137,0.987446,0
506736,865560,137,0.987511,0
510104,865560,137,0.987527,0
510608,865560,137,0.987816,0
507384,865560,138,0.987932,0
504184,865560,138,0.980015,0
507264,865560,138,0.987936,0
505464,865560,139,0.988000,0
506392,865560,139,0.988012,0
508608,865560,139,0.988192,0
509552,865560,139,0.988181,0
511072,865560,139,0.988150,0
509936,865560,138,0.973892,0
511256,865560,138,0.977865,0
509856,865560,138,0.977960,0
506416,865560,138,0.978186,0
506864,865560,138,0.979613,0
506040,865560,138,0.979666,0
508848,865560,138,0.980133,0
511456,865560,138,0.985083,0
507976,865560,137,0.975464,0
504408,865560,137,0.975723,0
501848,865560,137,0.975907,0
500096,865560,137,0.976032,0
502736,865560,137,0.983656,0
505256,865560,137,0.985360,0
506328,865560,137,0.985336,0
503664,865560,136,0.978693,0
504160,865560,136,0.980247,0
502704,865560,136,0.980333,0
502800,865560,136,0.980744,0
505304,865560,136,0.985380,0
505024,865560,137,0.985392,0
501464,865560,137,0.985544,0
498648,865560,137,0.985663,0
500600,865560,137,0.985696,0
502000,865560,137,0.986842,0
502784,865560,137,0.986997,0
498736,865560,137,0.977173,0
500768,865560,137,0.983048,0
499656,865560,138,0.983103,0
502544,865560,138,0.987004,0
500832,865560,137,0.974722,0
503112,865560,137,0.981326,0
501840,865560,136,0.979035,0
500184,865560,136,0.979138,0
500696,865560,136,0.980722,0
500440,865560,135,0.980742,0
501400,865560,135,0.981427,0
503736,865560,135,0.982953,0
501432,865560,135,0.983069,0
502688,865560,135,0.983540,0
501408,865560,134,0.982424,0
499192,865560,134,0.982539,0
499928,865560,134,0.983675,0
498408,865560,134,0.983749,0
499576,865560,134,0.984774,0
501952,865560,134,0.986825,0
498728,865560,134,0.979504,0
499984,865560,134,0.983186,0
497376,865560,134,0.980796,0
497912,865560,134,0.982438,0
494712,865560,134,0.982600,0
494384,865560,135,0.982616,0
496296,865560,135,0.983363,0
493520,865560,135,0.983496,0
492808,865560,135,0.983531,0
488712,865560,135,0.982159,0
486192,865560,135,0.982286,0
489296,865560,135,0.983695,0
487256,865560,134,0.983792,0
488560,865560,134,0.984311,0
490120,865560,134,0.986549,0
491936,865560,134,0.987200,0
489432,865560,134,0.981474,0
487112,865560,133,0.981598,0
485952,865560,133,0.981660,0
487648,865560,133,0.984264,0
487008,865560,132,0.983696,0
483040,865560,132,0.981460,0
481008,865560,133,0.981563,0
484488,865560,133,0.983810,0
487656,865560,133,0.984266,0
489920,865560,133,0.985799,0
492056,865560,133,0.986253,0
493552,865560,133,0.987143,0
492488,865560,133,0.987184,0
490392,865560,133,0.987261,0
489272,865560,132,0.985158,0
489672,865560,132,0.986393,0
486320,865560,131,0.977368,0
486992,865560,131,0.979322,0
489648,865560,131,0.986394,0
492176,865560,131,0.986633,0
494136,865560,131,0.987124,0
492952,865560,130,0.981026,0
495952,865560,130,0.987059,0
494776,865560,130,0.987104,0
498544,865560,130,0.987100,0
494800,865560,130,0.980768,0
492912,865560,130,0.980873,0
493576,865560,130,0.982848,0
491872,865560,130,0.982933,0
491168,865560,129,0.982971,0
492032,865560,129,0.984752,0
490984,865560,129,0.984799,0
491808,865560,129,0.985504,0
493528,865560,129,0.986291,0
497272,865560,129,0.986532,0
498944,865560,129,0.986948,0
498280,865560,130,0.986972,0
499760,865560,130,0.987053,0
496176,865560,129,0.977524,0
495424,865560,129,0.977575,0
499408,865560,129,0.986242,0
498976,865560,130,0.986259,0
500256,865560,130,0.987037,0
496800,865560,130,0.981092,0
494704,865560,129,0.979485,0
498144,865560,129,0.981022,0
497600,865560,130,0.981051,0
494560,865560,130,0.981217,0
497160,865560,130,0.987155,0
494336,865560,130,0.983678,0
496456,865560,130,0.987181,0
498712,865560,130,0.987142,0
500112,865560,130,0.987111,0
500608,865560,130,0.987183,0
498648,865560,131,0.987255,0
496768,865560,130,0.974472,0
493392,865560,130,0.974719,0
492368,865560,129,0.974799,0
494352,865560,129,0.974835,0
497960,865560,129,0.978031,0
500160,865560,129,0.980079,0
497856,865560,129,0.980213,0
494528,865560,130,0.980400,0
492888,865560,130,0.980493,0
489392,865560,130,0.979949,0
485408,865560,131,0.980169,0
484888,865560,132,0.980198,0
487080,865560,132,0.980808,0
486704,865560,132,0.980830,0
489592,865560,132,0.983559,0
490584,865560,132,0.984789,0
491752,865560,132,0.984917,0
494376,865560,132,0.985189,0
490632,865560,132,0.985346,0
494464,865560,132,0.986002,0
497528,865560,132,0.986129,0
500936,865560,132,0.986014,0
503160,865560,132,0.987085,0
500080,865560,132,0.987201,0
501784,865560,132,0.987298,0
498456,865560,131,0.971886,0
501272,865560,131,0.979937,0
497440,865560,131,0.980160,0
494728,865560,131,0.980315,0
493048,865560,132,0.980409,0
489232,865560,132,0.978340,0
490032,865560,132,0.980574,0
492160,865560,132,0.980545,0
492744,865560,132,0.982294,0
495480,865560,132,0.985136,0
494040,865560,132,0.983657,0
494304,865560,132,0.984528,0
490864,865560,132,0.979692,0
493408,865560,132,0.984567,0
490768,865560,133,0.984681,0
494856,865560,133,0.985160,0
491376,865560,133,0.981010,0
489848,865560,132,0.981097,0
493776,865560,132,0.983715,0
493216,865560,131,0.983745,0
494440,865560,131,0.985184,0
491624,865560,132,0.985301,0
494584,865560,132,0.986493,0
497240,865560,132,0.986731,0
496344,865560,133,0.986765,0
493376,865560,132,0.970299,0
496088,865560,132,0.977931,0
493768,865560,132,0.978079,0
496416,865560,132,0.982999,0
494832,865560,132,0.983078,0
491464,865560,132,0.983240,0
494040,865560,132,0.985699,0
497984,865560,132,0.986705,0
497488,865560,133,0.986724,0
494408,865560,134,0.986840,0
492560,865560,134,0.985940,0
491336,865560,133,0.982102,0
492392,865560,133,0.985159,0
494536,865560,133,0.985861,0
495648,865560,133,0.986793,0
493136,865560,132,0.974143,0
493936,865560,132,0.976482,0
495256,865560,132,0.980280,0
497296,865560,132,0.986134,0
495976,865560,133,0.986186,0
492648,865560,132,0.977177,0
489696,865560,133,0.977366,0
491696,865560,133,0.983000,0
487976,865560,134,0.983176,0
489472,865560,134,0.986438,0
490992,865560,134,0.986962,0
489688,865560,135,0.987010,0
490688,865560,135,0.987376,0
492040,865560,135,0.987371,0
489960,865560,135,0.987447,0
489696,865560,136,0.987456,0
488344,865560,136,0.987460,0
490752,865560,136,0.987419,0
489352,865560,135,0.983691,0
487992,865560,134,0.983757,0
489808,865560,134,0.984142,0
490712,865560,134,0.986772,0
486944,865560,134,0.986913,0
487528,865560,134,0.987357,0
484904,865560,134,0.985197,0
488752,865560,134,0.987314,0
492320,865560,134,0.987365,0
496240,865560,134,0.987496,0
494128,865560,134,0.987572,0
490152,865560,134,0.979371,0
488880,865560,135,0.979445,0
484896,865560,135,0.978215,0
482192,865560,134,0.978382,0
485096,865560,134,0.979665,0
486968,865560,134,0.983001,0
482888,865560,134,0.978866,0
485640,865560,134,0.983063,0
484416,865560,135,0.983120,0
484016,865560,136,0.983139,0
484984,865560,136,0.984970,0
488976,865560,136,0.985740,0
491656,865560,136,0.986103,0
489704,865560,136,0.986024,0
489016,865560,136,0.986053,0
492776,865560,136,0.986061,0
495768,865560,136,0.986054,0
499784,865560,136,0.986421,0
501736,865560,136,0.987293,0
499736,865560,137,0.987366,0
501608,865560,137,0.987505,0
500352,865560,137,0.984757,0
498776,865560,136,0.984830,0
500096,865560,136,0.985347,0
501752,865560,136,0.987501,0
501360,865560,136,0.987517,0
498296,865560,136,0.985838,0
498776,865560,136,0.987334,0
502608,865560,136,0.987470,0
502104,865560,136,0.987421,0
503616,865560,136,0.987433,0
500048,865560,136,0.986895,0
503232,865560,136,0.987447,0
502240,865560,135,0.982078,0
499432,865560,135,0.982225,0
497760,865560,135,0.982313,0
495384,865560,135,0.981797,0
495744,865560,135,0.982414,0
499240,865560,135,0.982764,0
503048,865560,135,0.986294,0
506456,865560,135,0.987330,0
504760,865560,136,0.987393,0
506504,865560,136,0.987515,0
505856,865560,136,0.986789,0
507408,865560,136,0.987481,0
506912,865560,136,0.987501,0
510280,865560,136,0.987375,0
506336,865560,136,0.979651,0
508624,865560,136,0.986419,0
505168,865560,136,0.981968,0
509032,865560,136,0.986403,0
506664,865560,135,0.980598,0
503400,865560,135,0.980785,0
501144,865560,135,0.980913,0
504616,865560,135,0.980881,0
507200,865560,135,0.986480,0
507896,865560,135,0.986946,0
507616,865560,134,0.980995,0
508552,865560,134,0.983848,0
506352,865560,135,0.983952,0
506856,865560,135,0.985550,0
504568,865560,136,0.985647,0
501936,865560,136,0.985758,0
502936,865560,136,0.987134,0
506296,865560,136,0.987522,0
505328,865560,137,0.987558,0
504728,865560,136,0.978019,0
505064,865560,136,0.979118,0
508432,865560,136,0.987444,0
505776,865560,136,0.987543,0
508312,865560,136,0.987566,0
507752,865560,135,0.982872,0
509040,865560,135,0.986760,0
507136,865560,135,0.985564,0
507488,865560,135,0.986726,0
505376,865560,135,0.986810,0
507352,865560,135,0.986825,0
505632,865560,135,0.984901,0
506352,865560,135,0.986864,0
502504,865560,135,0.984434,0
502024,865560,136,0.984455,0
498608,865560,135,0.979537,0
495200,865560,135,0.979738,0
492920,865560,136,0.979868,0
495552,865560,136,0.981399,0
494544,865560,136,0.981455,0
494008,865560,137,0.981483,0
496872,865560,137,0.984689,0
494344,865560,137,0.981216,0
498312,865560,137,0.984625,0
497240,865560,136,0.972852,0
500376,865560,136,0.981789,0
502344,865560,136,0.984445,0
502648,865560,136,0.985452,0
503552,865560,136,0.986973,0
504744,865560,136,0.987183,0
506920,865560,136,0.987358,0
503312,865560,136,0.980296,0
505760,865560,136,0.987401,0
502960,865560,136,0.981456,0
503488,865560,136,0.983103,0
501312,865560,136,0.983212,0
503824,865560,136,0.987216,0
502504,865560,137,0.987265,0
500944,865560,137,0.984594,0
499976,865560,137,0.984640,0
497104,865560,137,0.981131,0
496392,865560,136,0.979053,0
496504,865560,136,0.979500,0
500512,865560,136,0.980946,0
497040,865560,136,0.981137,0
500224,865560,136,0.980961,0
503512,865560,136,0.984481,0
501768,865560,135,0.977588,0
502896,865560,135,0.980930,0
504536,865560,135,0.984435,0
501168,865560,135,0.976420,0
497672,865560,135,0.976659,0
496176,865560,135,0.976762,0
500080,865560,135,0.982194,0
503984,865560,135,0.984462,0
507856,865560,135,0.985628,0
511360,865560,135,0.986930,0
510832,865560,136,0.986951,0
511192,865560,136,0.987197,0
507784,865560,136,0.986101,0
509280,865560,136,0.987270,0
505464,865560,135,0.985096,0
504672,865560,135,0.985132,0
503976,865560,134,0.979802,0
502664,865560,133,0.979885,0
506360,865560,133,0.981472,0
503224,865560,134,0.981641,0
504760,865560,134,0.985133,0
507424,865560,134,0.986074,0
505336,865560,134,0.982438,0
506152,865560,134,0.984929,0
502832,865560,133,0.980383,0
502248,865560,134,0.980417,0
498272,865560,134,0.976767,0
500720,865560,134,0.980503,0
504432,865560,134,0.983629,0
501112,865560,134,0.977845,0
497928,865560,134,0.978050,0
497208,865560,135,0.978095,0
494872,865560,134,0.975181,0
492464,865560,133,0.975356,0
490424,865560,133,0.975500,0
487576,865560,132,0.975700,0
487832,865560,132,0.976525,0
483840,865560,132,0.976786,0
487056,865560,132,0.977553,0
489248,865560,132,0.978261,0
491288,865560,132,0.978471,0
492416,865560,132,0.981398,0
495544,865560,132,0.981549,0
496432,865560,132,0.983325,0
499416,865560,132,0.983616,0
498584,865560,131,0.983660,0
499200,865560,131,0.983882,0
502768,865560,131,0.983875,0
503104,865560,131,0.984183,0
504128,865560,131,0.984903,0
501864,865560,132,0.985002,0
504728,865560,132,0.984898,0
502096,865560,132,0.982070,0
499208,865560,131,0.977164,0
499552,865560,131,0.978266,0
499800,865560,131,0.979100,0
497048,865560,132,0.979265,0
497080,865560,132,0.979489,0
494624,865560,132,0.979634,0
495656,865560,132,0.982396,0
494144,865560,133,0.982471,0
491872,865560,133,0.982586,0
493728,865560,133,0.982741,0
491280,865560,134,0.982860,0
490280,865560,135,0.982908,0
493520,865560,135,0.983745,0
497000,865560,135,0.985228,0
495712,865560,134,0.980844,0
492800,865560,135,0.981002,0
488944,865560,134,0.974554,0
490440,865560,134,0.978774,0
492512,865560,134,0.981017,0
488736,865560,133,0.975663,0
490832,865560,133,0.981109,0
492192,865560,133,0.981463,0
493120,865560,133,0.984170,0
492056,865560,134,0.984218,0
492184,865560,134,0.984639,0
488584,865560,134,0.984795,0
490624,865560,134,0.984773,0
489840,865560,135,0.984807,0
489632,865560,135,0.984818,0
488832,865560,134,0.984856,0
491328,865560,134,0.985040,0
488200,865560,134,0.981605,0
486224,865560,134,0.981708,0
483712,865560,133,0.981839,0
486936,865560,133,0.982296,0
488504,865560,133,0.985162,0
490784,865560,133,0.985491,0
487896,865560,134,0.985608,0
491376,865560,134,0.985555,0
487456,865560,133,0.984003,0
490512,865560,133,0.985592,0
491472,865560,133,0.985686,0
495336,865560,133,0.985618,0
493840,865560,132,0.981243,0
497240,865560,132,0.985542,0
496816,865560,133,0.985559,0
493992,865560,132,0.976433,0
492440,865560,131,0.976543,0
495352,865560,131,0.982759,0
494632,865560,131,0.982797,0
493960,865560,130,0.980638,0
494816,865560,130,0.982790,0
491816,865560,130,0.982938,0
494616,865560,130,0.983163,0
490856,865560,130,0.983343,0
494640,865560,130,0.984796,0
492984,865560,130,0.984869,0
494856,865560,130,0.985581,0
492384,865560,130,0.985684,0
493648,865560,130,0.985698,0
496480,865560,130,0.985649,0
498528,865560,130,0.985632,0
499464,865560,130,0.985637,0
499112,865560,130,0.985654,0
499760,865560,130,0.985879,0
497232,865560,130,0.985982,0
496536,865560,129,0.980059,0
500520,865560,129,0.985851,0
498448,865560,130,0.985936,0
500032,865560,130,0.986284,0
500752,865560,130,0.986323,0
499488,865560,130,0.985385,0
499464,865560,130,0.985388,0
500592,865560,130,0.986331,0
501848,865560,130,0.986303,0
501256,865560,130,0.986328,0
504448,865560,130,0.986993,0
501544,865560,130,0.980344,0
499448,865560,130,0.980465,0
495464,865560,130,0.980120,0
499104,865560,130,0.980484,0
501152,865560,130,0.985454,0
500296,865560,131,0.985490,0
498936,865560,132,0.985546,0
502752,865560,132,0.986360,0
500528,865560,133,0.986447,0
498488,865560,133,0.986529,0
501416,865560,133,0.986714,0
500936,865560,133,0.986734,0
498192,865560,133,0.986840,0
502072,865560,133,0.987084,0
504328,865560,133,0.987254,0
504568,865560,133,0.987454,0
505640,865560,133,0.987460,0
503784,865560,133,0.981981,0
502592,865560,133,0.982046,0
504984,865560,133,0.986924,0
506496,865560,133,0.987428,0
503952,865560,134,0.987521,0
506456,865560,134,0.987451,0
507072,865560,134,0.987615,0
503880,865560,134,0.986216,0
506280,865560,134,0.987644,0
503632,865560,135,0.987739,0
500720,865560,136,0.987842,0
498384,865560,135,0.977897,0
498736,865560,135,0.979021,0
494752,865560,135,0.979261,0
494032,865560,135,0.979306,0
497840,865560,135,0.981965,0
496840,865560,134,0.979348,0
494744,865560,135,0.979471,0
494712,865560,136,0.979473,0
495072,865560,136,0.980609,0
495520,865560,136,0.981993,0
496208,865560,136,0.982046,0
496552,865560,136,0.983145,0
499592,865560,136,0.983894,0
501792,865560,136,0.986201,0
500280,865560,135,0.981602,0
497240,865560,135,0.981765,0
498944,865560,135,0.983029,0
497128,865560,135,0.983120,0
493520,865560,135,0.983294,0
495208,865560,135,0.983576,0
492336,865560,134,0.976563,0
495456,865560,134,0.983567,0
497296,865560,134,0.985286,0
499144,865560,134,0.985689,0
498128,865560,134,0.985732,0
495016,865560,134,0.980382,0
495680,865560,134,0.982369,0
496920,865560,134,0.985780,0
495192,865560,133,0.982669,0
494832,865560,134,0.982687,0
491472,865560,134,0.979703,0
492200,865560,134,0.981846,0
491264,865560,134,0.981896,0
492288,865560,134,0.982811,0
492848,865560,134,0.984499,0
493016,865560,134,0.984829,0
490240,865560,133,0.977146,0
493144,865560,133,0.984825,0
491560,865560,133,0.984895,0
487472,865560,132,0.977506,0
489416,865560,132,0.982951,0
487296,865560,133,0.983052,0
485544,865560,133,0.983136,0
487824,865560,133,0.984007,0
484840,865560,133,0.983854,0
487296,865560,133,0.984031,0
491216,865560,133,0.984909,0
494200,865560,133,0.985052,0
491952,865560,132,0.980621,0
494808,865560,132,0.985028,0
493240,865560,131,0.985099,0
496472,865560,131,0.985165,0
493104,865560,131,0.985308,0
497112,865560,131,0.985778,0
494472,865560,131,0.983867,0
497856,865560,131,0.985747,0
496728,865560,130,0.971160,0
497920,865560,130,0.974610,0
496280,865560,131,0.974729,0
497160,865560,131,0.977314,0
495840,865560,132,0.977400,0
497480,865560,132,0.982121,0
496872,865560,133,0.982152,0
497024,865560,133,0.982713,0
493216,865560,133,0.982902,0
494944,865560,133,0.982975,0
493408,865560,134,0.983049,0
490128,865560,134,0.981301,0
493176,865560,134,0.983060,0
496456,865560,134,0.986004,0
494448,865560,134,0.986086,0
495472,865560,134,0.986043,0
491664,865560,134,0.979438,0
489384,865560,134,0.979572,0
489152,865560,134,0.979588,0
486464,865560,134,0.979743,0
485160,865560,134,0.979819,0
482296,865560,135,0.979977,0
482576,865560,135,0.980859,0
481960,865560,135,0.980894,0
478792,865560,135,0.981061,0
478512,865560,135,0.980188,0
474648,865560,135,0.980396,0
475488,865560,135,0.982006,0
476008,865560,135,0.982712,0
475672,865560,136,0.982727,0
478904,865560,136,0.983378,0
477248,865560,135,0.983456,0
474968,865560,135,0.983560,0
472392,865560,135,0.983675,0
470008,865560,134,0.982637,0
473712,865560,134,0.983619,0
475200,865560,134,0.983616,0
473328,865560,133,0.977756,0
474232,865560,133,0.980251,0
472848,865560,132,0.980329,0
469960,865560,132,0.980482,0
470600,865560,132,0.982273,0
468944,865560,132,0.982352,0
469376,865560,132,0.983600,0
472080,865560,132,0.983735,0
470952,865560,132,0.983786,0
473640,865560,132,0.983689,0
477360,865560,132,0.983804,0
475448,865560,131,0.981955,0
478160,865560,131,0.983771,0
482104,865560,131,0.983615,0
479888,865560,130,0.968764,0
481592,865560,130,0.973404,0
480928,865560,131,0.973453,0
479968,865560,131,0.973526,0
483448,865560,131,0.982963,0
482416,865560,131,0.983014,0
478632,865560,130,0.978378,0
475952,865560,129,0.976172,0
477728,865560,129,0.978433,0
478992,865560,129,0.980918,0
476392,865560,129,0.981054,0
475136,865560,129,0.981121,0
473152,865560,130,0.981221,0
472592,865560,131,0.981249,0
471928,865560,130,0.981287,0
475312,865560,130,0.982103,0
477848,865560,130,0.982280,0
477320,865560,131,0.982306,0
480064,865560,131,0.983129,0
479336,865560,131,0.983165,0
480728,865560,131,0.984974,0
476824,865560,130,0.970445,0
479064,865560,130,0.976470,0
478200,865560,129,0.976531,0
478824,865560,129,0.978310,0
480656,865560,129,0.983322,0
481072,865560,129,0.984567,0
480136,865560,129,0.984608,0
477328,865560,129,0.981292,0
478392,865560,129,0.984248,0
479224,865560,129,0.984644,0
480744,865560,129,0.984971,0
479840,865560,129,0.985010,0
481192,865560,129,0.985848,0
479256,865560,130,0.985923,0
481392,865560,130,0.985970,0
484184,865560,130,0.985882,0
488008,865560,130,0.986064,0
490040,865560,130,0.986185,0
493880,865560,130,0.986214,0
496080,865560,130,0.986444,0
500120,865560,130,0.986285,0
498752,865560,131,0.986338,0
501920,865560,131,0.986258,0
503080,865560,131,0.986558,0
503336,865560,131,0.986663,0
503544,865560,131,0.986676,0
502288,865560,130,0.979350,0
505736,865560,130,0.986592,0
503696,865560,129,0.977964,0
506376,865560,129,0.985794,0
503328,865560,128,0.967358,0
502160,865560,128,0.967473,0
503432,865560,128,0.971188,0
506176,865560,128,0.979141,0
504888,865560,128,0.979222,0
501960,865560,128,0.979401,0
501616,865560,128,0.979425,0
505248,865560,128,0.985847,0
506088,865560,128,0.986232,0
506144,865560,128,0.986533,0
504008,865560,128,0.984894,0
504912,865560,128,0.986582,0
504608,865560,128,0.986595,0
503216,865560,129,0.986650,0
502544,865560,130,0.986676,0
500304,865560,131,0.986762,0
498336,865560,131,0.985233,0
500904,865560,131,0.986739,0
503792,865560,131,0.986672,0
507744,865560,131,0.987222,0
505432,865560,131,0.984501,0
509144,865560,131,0.987169,0
510984,865560,131,0.987121,0
511224,865560,131,0.987134,0
507512,865560,131,0.984402,0
511200,865560,131,0.987135,0
510368,865560,132,0.987166,0
510760,865560,132,0.987292,0
510456,865560,133,0.987304,0
506440,865560,132,0.977404,0
504392,865560,132,0.977542,0
507200,865560,132,0.981920,0
504032,865560,132,0.979921,0
508016,865560,132,0.981877,0
510704,865560,132,0.985607,0
512608,865560,132,0.987222,0
512456,865560,133,0.987228,0
513016,865560,133,0.987205,0
512848,865560,133,0.987213,0
516576,865560,133,0.987188,0
514624,865560,133,0.982306,0
516600,865560,133,0.987187,0
514416,865560,132,0.973443,0
511432,865560,132,0.973683,0
508768,865560,132,0.973894,0
505552,865560,132,0.974143,0
508800,865560,132,0.980726,0
511328,865560,132,0.983509,0
515080,865560,132,0.983827,0
518720,865560,132,0.984498,0
517224,865560,133,0.984568,0
516344,865560,134,0.984609,0
516752,865560,134,0.985969,0
518768,865560,134,0.987100,0
517128,865560,133,0.987168,0
513400,865560,133,0.987194,0
517344,865560,133,0.987160,0
513480,865560,133,0.984744,0
514024,865560,133,0.986495,0
516776,865560,133,0.987180,0
515872,865560,133,0.987217,0
519952,865560,133,0.987056,0
516504,865560,132,0.966642,0
513472,865560,131,0.966955,0
515112,865560,131,0.971873,0
514496,865560,132,0.971925,0
516072,865560,132,0.976695,0
515720,865560,133,0.976719,0
515256,865560,132,0.976759,0
518960,865560,132,0.979736,0
521768,865560,132,0.982707,0
522992,865560,132,0.986566,0
520976,865560,132,0.985792,0
518176,865560,133,0.985913,0
517760,865560,134,0.985931,0
519880,865560,134,0.986693,0
517736,865560,135,0.986780,0
516568,865560,134,0.974388,0
514560,865560,134,0.974546,0
515656,865560,134,0.977910,0
515112,865560,135,0.977946,0
516176,865560,135,0.981234,0
517184,865560,135,0.984376,0
514472,865560,135,0.979814,0
513824,865560,136,0.979854,0
516424,865560,136,0.984412,0
515976,865560,136,0.984435,0
517672,865560,136,0.986418,0
514840,865560,135,0.975099,0
511440,865560,135,0.975355,0
514544,865560,135,0.980077,0
515576,865560,135,0.983271,0
515144,865560,135,0.983296,0
518944,865560,135,0.984392,0
522800,865560,135,0.986203,0
522448,865560,134,0.981638,0
519696,865560,133,0.981798,0
519640,865560,133,0.981804,0
522520,865560,133,0.984326,0
525144,865560,133,0.986109,0
526152,865560,133,0.986437,0
529688,865560,133,0.986662,0
531312,865560,133,0.986794,0
531912,865560,133,0.986945,0
529120,865560,133,0.987062,0
530808,865560,133,0.987067,0
528960,865560,133,0.983823,0
530064,865560,133,0.987097,0
527872,865560,132,0.982276,0
524328,865560,131,0.972883,0
523248,865560,130,0.972982,0
521760,865560,131,0.973105,0
523464,865560,131,0.978373,0
523784,865560,131,0.979486,0
521080,865560,131,0.979659,0
521664,865560,131,0.980947,0
523208,865560,131,0.981471,0
524888,865560,131,0.982440,0
523200,865560,131,0.982534,0
519632,865560,131,0.981481,0
520768,865560,131,0.982664,0
517888,865560,131,0.981895,0
514384,865560,131,0.980862,0
516232,865560,131,0.981986,0
518888,865560,131,0.982764,0
521872,865560,131,0.984990,0
518080,865560,131,0.978088,0
521328,865560,131,0.985015,0
520816,865560,131,0.985041,0
521864,865560,131,0.985827,0
518848,865560,130,0.981257,0
517152,865560,130,0.981356,0
518480,865560,130,0.984321,0
520120,865560,130,0.985391,0
519072,865560,130,0.985122,0
522224,865560,130,0.985296,0
521280,865560,129,0.979328,0
522360,865560,129,0.982730,0
521520,865560,129,0.982777,0
522024,865560,129,0.984446,0
519424,865560,129,0.979518,0
522528,865560,129,0.984422,0
521968,865560,129,0.984451,0
518032,865560,128,0.972976,0
515176,865560,128,0.973213,0
516576,865560,128,0.977475,0
515520,865560,127,0.977553,0
513816,865560,127,0.977671,0
516512,865560,127,0.981040,0
516456,865560,127,0.981046,0
518512,865560,127,0.982652,0
515704,865560,127,0.979956,0
516832,865560,127,0.982741,0
518568,865560,127,0.983353,0
521520,865560,127,0.984477,0
524472,865560,127,0.985002,0
522952,865560,126,0.977454,0
520672,865560,125,0.977618,0
522536,865560,125,0.979285,0
525848,865560,125,0.983200,0
523040,865560,126,0.983345,0
519792,865560,127,0.983510,0
522488,865560,127,0.985096,0
524296,865560,127,0.985208,0
522040,865560,127,0.985313,0
521536,865560,128,0.985336,0
523040,865560,128,0.985488,0
523136,865560,128,0.985777,0
520248,865560,127,0.975069,0
522808,865560,127,0.982908,0
520752,865560,127,0.983018,0
521088,865560,127,0.984176,0
518952,865560,127,0.984281,0
515720,865560,127,0.984437,0
517808,865560,127,0.985040,0
517448,865560,128,0.985057,0
514912,865560,128,0.979949,0
514808,865560,127,0.979962,0
518352,865560,127,0.985020,0
521656,865560,127,0.985848,0
523272,865560,127,0.985850,0
519792,865560,128,0.986000,0
523376,865560,128,0.985917,0
525768,865560,128,0.986034,0
523904,865560,129,0.986115,0
521448,865560,130,0.986220,0
522040,865560,130,0.986242,0
521016,865560,131,0.986285,0
524304,865560,131,0.986193,0
522744,865560,130,0.982564,0
526184,865560,130,0.986114,0
528808,865560,130,0.986048,0
527992,865560,130,0.986085,0
525360,865560,130,0.978718,0
528808,865560,130,0.986050,0
527712,865560,131,0.986098,0
531680,865560,131,0.986453,0
532024,865560,131,0.986436,0
528096,865560,132,0.986603,0
528808,865560,132,0.986848,0
528552,865560,132,0.986861,0
530168,865560,132,0.987019,0
528432,865560,132,0.982094,0
524392,865560,131,0.975580,0
526128,865560,131,0.981004,0
522248,865560,130,0.977592,0
520344,865560,130,0.977726,0
524080,865560,130,0.981130,0
527376,865560,130,0.982158,0
527648,865560,130,0.983143,0
526384,865560,130,0.983212,0
530064,865560,130,0.983065,0
529784,865560,130,0.983082,0
530264,865560,130,0.984721,0
528784,865560,130,0.984794,0
530064,865560,130,0.984983,0
527408,865560,130,0.982933,0
525720,865560,130,0.982328,0
529112,865560,130,0.982841,0
530336,865560,130,0.984970,0
528856,865560,130,0.985042,0
531512,865560,130,0.986739,0
527432,865560,130,0.986760,0
531424,865560,130,0.986743,0
527720,865560,130,0.979484,0
531072,865560,130,0.986758,0
527968,865560,130,0.978967,0
525224,865560,131,0.979146,0
523824,865560,132,0.979236,0
525312,865560,132,0.983911,0
526848,865560,132,0.986931,0
530424,865560,132,0.987008,0
528528,865560,131,0.983724,0
525088,865560,131,0.981490,0
526928,865560,131,0.983805,0
528480,865560,131,0.987090,0
527592,865560,131,0.987127,0
530576,865560,131,0.987080,0
526888,865560,131,0.983457,0
529552,865560,131,0.987122,0
526928,865560,131,0.986080,0
528480,865560,131,0.987165,0
528368,865560,131,0.987171,0
531016,865560,131,0.987087,0
529792,865560,132,0.987137,0
530192,865560,132,0.987144,0
529936,865560,133,0.987155,0
526584,865560,133,0.979551,0
530200,865560,133,0.987144,0
529752,865560,133,0.987164,0
525920,865560,132,0.977955,0
521912,865560,132,0.978230,0
519520,865560,132,0.978392,0
521344,865560,132,0.981902,0
521184,865560,131,0.981916,0
517544,865560,130,0.968100,0
513720,865560,129,0.968474,0
517360,865560,129,0.975661,0
521080,865560,129,0.979058,0
524280,865560,129,0.981746,0
527288,865560,129,0.983722,0
530096,865560,129,0.985619,0
530328,865560,129,0.986490,0
528136,865560,129,0.985281,0
528576,865560,129,0.986564,0
526736,865560,129,0.986469,0
527168,865560,129,0.986623,0
529248,865560,129,0.986584,0
528928,865560,129,0.986600,0
525728,865560,129,0.978746,0
528200,865560,129,0.986480,0
528400,865560,129,0.986620,0
524784,865560,129,0.979674,0
523648,865560,130,0.979745,0
526064,865560,130,0.986717,0
529080,865560,130,0.986765,0
526272,865560,130,0.983766,0
522352,865560,130,0.979826,0
519952,865560,130,0.979977,0
517456,865560,130,0.980131,0
518296,865560,130,0.980856,0
518696,865560,130,0.982194,0
518152,865560,130,0.982226,0
521848,865560,130,0.982587,0
517880,865560,130,0.982800,0
520528,865560,130,0.983393,0
516992,865560,130,0.983573,0
515920,865560,130,0.983628,0
514248,865560,129,0.977110,0
511008,865560,128,0.977337,0
513608,865560,128,0.977157,0
513192,865560,127,0.977192,0
509472,865560,128,0.977443,0
506864,865560,127,0.977622,0
506224,865560,126,0.975819,0
509360,865560,126,0.977460,0
511312,865560,126,0.981656,0
509688,865560,126,0.981747,0
508744,865560,126,0.981801,0
511064,865560,126,0.983289,0
513416,865560,126,0.984414,0
511712,865560,126,0.984495,0
513624,865560,126,0.984811,0
513104,865560,126,0.984837,0
509792,865560,125,0.966263,0
507952,865560,125,0.966451,0
511336,865560,125,0.976312,0
510344,865560,124,0.976388,0
513672,865560,124,0.980508,0
511224,865560,124,0.973236,0
508904,865560,124,0.973423,0
505264,865560,125,0.973706,0
506048,865560,125,0.976076,0
509824,865560,125,0.981748,0
510088,865560,125,0.982347,0
510448,865560,125,0.982634,0
512624,865560,125,0.983426,0
513376,865560,125,0.984823,0
516408,865560,125,0.984971,0
518280,865560,125,0.985564,0
516088,865560,124,0.968480,0
518096,865560,124,0.974525,0
515384,865560,124,0.974736,0
513664,865560,125,0.974866,0
513344,865560,126,0.974890,0
515968,865560,126,0.982747,0
513400,865560,125,0.974411,0
515912,865560,125,0.981933,0
517984,865560,125,0.982642,0
521048,865560,125,0.983432,0
523600,865560,125,0.985325,0
520368,865560,125,0.980385,0
521608,865560,125,0.984261,0
523640,865560,125,0.985321,0
524088,865560,125,0.985793,0
527704,865560,125,0.985631,0
524312,865560,125,0.975134,0
524552,865560,125,0.976004,0
522680,865560,125,0.976146,0
523568,865560,125,0.978968,0
519600,865560,126,0.979223,0
518672,865560,125,0.976465,0
518928,865560,125,0.977369,0
519144,865560,125,0.978155,0
515104,865560,125,0.977123,0
513752,865560,126,0.977216,0
516608,865560,126,0.978322,0
515328,865560,126,0.978409,0
514488,865560,126,0.978467,0
518320,865560,126,0.979307,0
514520,865560,126,0.979546,0
513408,865560,125,0.979620,0
513880,865560,125,0.981147,0
511488,865560,125,0.981284,0
514128,865560,125,0.981253,0
513184,865560,125,0.978342,0
511848,865560,124,0.972405,0
515600,865560,124,0.978187,0
517000,865560,124,0.981287,0
516200,865560,123,0.981338,0
517168,865560,123,0.982467,0
515112,865560,124,0.982575,0
512512,865560,125,0.982710,0
509776,865560,124,0.966516,0
507304,865560,125,0.966759,0
505352,865560,126,0.966949,0
506296,865560,126,0.969759,0
507216,865560,126,0.972518,0
506312,865560,126,0.972595,0
508656,865560,126,0.979460,0
505488,865560,125,0.979656,0
504248,865560,125,0.979733,0
506696,865560,125,0.980265,0
510408,865560,125,0.982821,0
509976,865560,124,0.980787,0
506240,865560,124,0.978680,0
510208,865560,124,0.980773,0
513376,865560,124,0.982671,0
513136,865560,125,0.982683,0
515912,865560,125,0.982994,0
519632,865560,125,0.983335,0
523648,865560,125,0.983843,0
520696,865560,125,0.983257,0
522632,865560,125,0.983893,0
525832,865560,125,0.983930,0
526256,865560,125,0.985127,0
522968,865560,126,0.985277,0
522560,865560,127,0.985296,0
519616,865560,128,0.985428,0
517264,865560,127,0.976911,0
517352,865560,127,0.977313,0
521368,865560,127,0.985350,0
522776,865560,127,0.985457,0
520032,865560,127,0.981426,0
517336,865560,127,0.980829,0
515464,865560,126,0.980340,0
517152,865560,126,0.980842,0
517168,865560,126,0.981032,0
514152,865560,125,0.975906,0
517416,865560,125,0.981021,0
519400,865560,125,0.981464,0
523064,865560,125,0.985224,0
521512,865560,126,0.985294,0
523320,865560,126,0.985432,0
521680,865560,126,0.984181,0
519128,865560,126,0.983527,0
520280,865560,126,0.984249,0
518664,865560,127,0.984326,0
518320,865560,126,0.973653,0
521072,865560,126,0.982007,0
521920,865560,126,0.984170,0
522896,865560,126,0.984662,0
526808,865560,126,0.985271,0
530384,865560,126,0.985103,0
528312,865560,126,0.981214,0
525688,865560,126,0.981370,0
529736,865560,126,0.985136,0
530136,865560,126,0.985190,0
526176,865560,125,0.974118,0
525232,865560,126,0.974193,0
524840,865560,126,0.974229,0
523816,865560,125,0.974318,0
525440,865560,125,0.975799,0
526376,865560,125,0.978791,0
530320,865560,125,0.979054,0
531968,865560,125,0.984320,0
528288,865560,125,0.983124,0
529720,865560,125,0.984431,0
527872,865560,125,0.982795,0
530120,865560,125,0.984411,0
528408,865560,124,0.974893,0
530192,865560,124,0.980525,0
526616,865560,123,0.980748,0
528376,865560,123,0.982896,0
525152,865560,122,0.969073,0
525136,865560,123,0.969075,0
525832,865560,123,0.971317,0
522880,865560,122,0.971586,0
524784,865560,122,0.977464,0
523384,865560,123,0.977561,0
525640,865560,123,0.982572,0
526784,865560,123,0.982981,0
526584,865560,122,0.978709,0
529872,865560,122,0.982818,0
526584,865560,122,0.978709,0
525032,865560,121,0.978817,0
525104,865560,121,0.979182,0
523480,865560,122,0.979286,0
526336,865560,122,0.983010,0
527712,865560,122,0.984461,0
524592,865560,123,0.984611,0
528120,865560,123,0.984514,0
526136,865560,122,0.969004,0
529552,865560,122,0.979564,0
526304,865560,122,0.977556,0
525328,865560,122,0.977628,0
528384,865560,122,0.979641,0
526208,865560,122,0.979782,0
530200,865560,122,0.981542,0
532616,865560,122,0.983634,0
531344,865560,122,0.983702,0
532384,865560,122,0.984306,0
529376,865560,121,0.966958,0
526208,865560,121,0.967288,0
529560,865560,121,0.977632,0
530872,865560,121,0.979507,0
529176,865560,120,0.979597,0
528272,865560,120,0.979658,0
528144,865560,121,0.979666,0
527040,865560,120,0.974079,0
526456,865560,120,0.974130,0
529752,865560,120,0.979569,0
531464,865560,120,0.979481,0
534808,865560,120,0.981611,0
530904,865560,120,0.981841,0
528856,865560,120,0.981960,0
525568,865560,119,0.976042,0
526672,865560,119,0.979544,0
528168,865560,119,0.981999,0
530408,865560,119,0.982197,0
528208,865560,119,0.982322,0
528400,865560,119,0.982760,0
526456,865560,119,0.982867,0
523408,865560,118,0.972280,0
526272,865560,118,0.981087,0
529448,865560,118,0.982706,0
526752,865560,117,0.974135,0
530232,865560,117,0.982666,0
526936,865560,118,0.982844,0
530480,865560,118,0.982927,0
528632,865560,118,0.983028,0
524800,865560,118,0.977808,0
524368,865560,119,0.977838,0
523720,865560,118,0.977889,0
522032,865560,119,0.978003,0
524184,865560,119,0.978546,0
524360,865560,119,0.979223,0
525264,865560,119,0.982114,0
525072,865560,119,0.982127,0
523672,865560,120,0.982205,0
523720,865560,120,0.982496,0
527528,865560,120,0.982360,0
527192,865560,121,0.982378,0
528304,865560,121,0.983041,0
526760,865560,120,0.983127,0
527560,865560,120,0.984307,0
530936,865560,120,0.984314,0
531568,865560,120,0.984280,0
531808,865560,120,0.984342,0
534096,865560,120,0.984455,0
530296,865560,121,0.984641,0
534048,865560,121,0.984761,0
533208,865560,122,0.984802,0
530432,865560,121,0.977170,0
529152,865560,121,0.977265,0
525280,865560,121,0.977542,0
525352,865560,121,0.977906,0
527352,865560,121,0.979613,0
527256,865560,121,0.979622,0
529464,865560,121,0.984055,0
526296,865560,121,0.984215,0
526840,865560,121,0.984909,0
530032,865560,121,0.984957,0
529688,865560,121,0.984975,0
529920,865560,121,0.985088,0
532560,865560,121,0.985088,0
529232,865560,121,0.985246,0
531984,865560,121,0.985165,0
527968,865560,122,0.985352,0
527368,865560,121,0.979837,0
527384,865560,121,0.980033,0
528840,865560,121,0.984659,0
526200,865560,122,0.984785,0
524888,865560,123,0.984847,0
524384,865560,123,0.984873,0
522824,865560,123,0.984948,0
522424,865560,123,0.984969,0
521344,865560,123,0.985020,0
518552,865560,122,0.978591,0
520160,865560,122,0.983538,0
521448,865560,122,0.985016,0
522560,865560,122,0.985479,0
523960,865560,122,0.985538,0
521448,865560,123,0.985649,0
521000,865560,123,0.985450,0
523320,865560,123,0.985566,0
522536,865560,124,0.985601,0
518584,865560,124,0.984658,0
515208,865560,124,0.984816,0
518312,865560,124,0.984743,0
519208,865560,124,0.985747,0
518944,865560,124,0.985761,0
522264,865560,124,0.985834,0
521200,865560,123,0.983434,0
522504,865560,123,0.985826,0
523416,865560,123,0.985907,0
524688,865560,123,0.986073,0
526656,865560,123,0.986010,0
523392,865560,124,0.986151,0
519864,865560,124,0.984837,0
522496,865560,124,0.986189,0
523016,865560,124,0.986190,0
525680,865560,124,0.986073,0
528408,865560,124,0.986002,0
526576,865560,124,0.986084,0
523096,865560,124,0.985200,0
523904,865560,124,0.986199,0
523648,865560,125,0.986210,0
522536,865560,125,0.984954,0
520288,865560,125,0.984913,0
516320,865560,125,0.978019,0
515312,865560,125,0.978089,0
514576,865560,125,0.978140,0
515112,865560,125,0.979859,0
518808,865560,125,0.984910,0
522168,865560,125,0.984826,0
522288,865560,125,0.984966,0
518576,865560,124,0.966413,0
520704,865560,124,0.972849,0
522032,865560,124,0.976963,0
523664,865560,124,0.982033,0
524824,865560,124,0.984843,0
524488,865560,124,0.984861,0
527264,865560,124,0.985103,0
526256,865560,125,0.985149,0
530264,865560,125,0.985464,0
526256,865560,125,0.985149,0
526280,865560,125,0.985370,0
522896,865560,125,0.978275,0
524808,865560,125,0.984221,0
522488,865560,125,0.984337,0
522400,865560,125,0.984343,0
520944,865560,126,0.984413,0
521896,865560,126,0.985398,0
518264,865560,125,0.964904,0
519496,865560,125,0.968671,0
519664,865560,125,0.969309,0
518152,865560,124,0.969459,0
521104,865560,124,0.978373,0
524216,865560,124,0.984377,0
523744,865560,125,0.984399,0
523200,865560,126,0.984426,0
523768,865560,126,0.985311,0
525576,865560,126,0.985400,0
522096,865560,126,0.978498,0
525856,865560,126,0.985387,0
523920,865560,126,0.983077,0
526288,865560,126,0.985368,0
524200,865560,125,0.982842,0
525888,865560,125,0.985388,0
524128,865560,125,0.980891,0
520512,865560,124,0.974525,0
524560,865560,124,0.980868,0
528440,865560,124,0.985273,0
526920,865560,124,0.985346,0
530952,865560,124,0.985435,0
528944,865560,124,0.981233,0
531920,865560,124,0.985390,0
530288,865560,125,0.985465,0
529000,865560,125,0.983064,0
529112,865560,125,0.983558,0
529672,865560,125,0.985441,0
527472,865560,126,0.985541,0
531248,865560,126,0.985417,0
530728,865560,125,0.985192,0
529568,865560,124,0.976416,0
526608,865560,123,0.976641,0
528056,865560,123,0.980238,0
526944,865560,124,0.980307,0
527240,865560,124,0.981260,0
527608,865560,124,0.981336,0
530144,865560,124,0.982395,0
526760,865560,124,0.978067,0
530504,865560,124,0.982375,0
527640,865560,125,0.982533,0
529152,865560,125,0.985263,0
528976,865560,126,0.985272,0
530776,865560,126,0.985893,0
527832,865560,126,0.984172,0
529144,865560,126,0.985966,0
526936,865560,127,0.986063,0
523576,865560,127,0.984677,0
525352,865560,127,0.986131,0
522160,865560,127,0.985113,0
521000,865560,126,0.983258,0
523472,865560,126,0.985055,0
522776,865560,127,0.985087,0
519712,865560,127,0.982543,0
520024,865560,127,0.983623,0
518624,865560,126,0.975571,0
518768,865560,126,0.976141,0
522456,865560,126,0.983501,0
521416,865560,125,0.980957,0
517664,865560,124,0.973224,0
520048,865560,124,0.980453,0
523312,865560,124,0.980846,0
521312,865560,124,0.980966,0
521472,865560,124,0.981592,0
522920,865560,124,0.983480,0
526888,865560,124,0.984895,0
526528,865560,125,0.984912,0
526288,865560,125,0.984926,0
529864,865560,125,0.985812,0
532160,865560,125,0.985834,0
529056,865560,126,0.985972,0
528184,865560,125,0.975889,0
527912,865560,126,0.975909,0
531664,865560,126,0.985858,0
531032,865560,126,0.984295,0
533168,865560,126,0.985790,0
531592,865560,127,0.985861,0
528536,865560,127,0.977392,0
530616,865560,127,0.983960,0
527072,865560,126,0.970607,0
527944,865560,126,0.973402,0
530232,865560,126,0.980573,0
533848,865560,126,0.983792,0
534464,865560,126,0.985727,0
533152,865560,126,0.983904,0
532464,865560,125,0.979549,0
531504,865560,125,0.979615,0
535584,865560,125,0.983784,0
536600,865560,125,0.985633,0
537624,865560,125,0.985687,0
537608,865560,125,0.985690,0
538520,865560,125,0.985697,0
536016,865560,125,0.985815,0
534888,865560,125,0.985868,0
535552,865560,125,0.985836,0
535688,865560,125,0.986007,0
533648,865560,124,0.972128,0
537272,865560,124,0.983641,0
535808,865560,123,0.983723,0
532976,865560,122,0.967724,0
534600,865560,122,0.972896,0
530904,865560,122,0.973216,0
529264,865560,122,0.973358,0
525560,865560,121,0.965774,0
526584,865560,121,0.968999,0
523040,865560,121,0.969342,0
520960,865560,122,0.969537,0
523992,865560,122,0.973796,0
524160,865560,122,0.974447,0
525400,865560,122,0.978343,0
521384,865560,122,0.978613,0
522448,865560,122,0.978860,0
524784,865560,122,0.979249,0
521736,865560,122,0.977580,0
520712,865560,123,0.977650,0
521624,865560,123,0.979450,0
523536,865560,123,0.980412,0
523568,865560,123,0.980655,0
521832,865560,122,0.969487,0
518536,865560,122,0.969797,0
519904,865560,122,0.973989,0
520232,865560,122,0.975109,0
517704,865560,122,0.975303,0
518120,865560,122,0.976678,0
514544,865560,123,0.976928,0
514712,865560,123,0.977562,0
513776,865560,124,0.977625,0
513336,865560,124,0.977658,0
515616,865560,124,0.981118,0
516144,865560,124,0.982293,0
514608,865560,124,0.982378,0
516416,865560,124,0.982811,0
514968,865560,125,0.982886,0
516504,865560,125,0.982900,0
513320,865560,126,0.983063,0
509600,865560,125,0.972194,0
512200,865560,125,0.979876,0
513256,865560,125,0.983067,0
510840,865560,124,0.969738,0
513024,865560,124,0.976213,0
511832,865560,123,0.975756,0
511536,865560,124,0.975777,0
510504,865560,124,0.975855,0
508720,865560,125,0.975982,0
507416,865560,124,0.974740,0
508616,865560,124,0.975993,0
505512,865560,124,0.976214,0
504872,865560,124,0.976262,0
508592,865560,124,0.976541,0
512680,865560,124,0.978067,0
515880,865560,124,0.982942,0
517608,865560,124,0.982899,0
520760,865560,124,0.983246,0
519504,865560,123,0.973265,0
518360,865560,123,0.973362,0
520256,865560,123,0.979145,0
520936,865560,123,0.981328,0
522744,865560,123,0.983144,0
521312,865560,123,0.983220,0
524880,865560,123,0.983057,0
523552,865560,123,0.983129,0
522640,865560,123,0.983179,0
523792,865560,123,0.984130,0
524864,865560,123,0.984273,0
523416,865560,124,0.984343,0
526528,865560,124,0.984264,0
526368,865560,124,0.984274,0
529744,865560,124,0.984634,0
528208,865560,124,0.982178,0
529648,865560,124,0.984638,0
529400,865560,123,0.978366,0
525680,865560,123,0.974716,0
521968,865560,122,0.970392,0
524488,865560,122,0.974813,0
525464,865560,122,0.977913,0
524176,865560,122,0.978004,0
520400,865560,122,0.978261,0
520544,865560,122,0.978371,0
523416,865560,122,0.978645,0
521808,865560,123,0.978751,0
522576,865560,123,0.978820,0
525912,865560,123,0.981011,0
522272,865560,124,0.981224,0
520152,865560,123,0.978663,0
516848,865560,122,0.972641,0
517928,865560,122,0.975970,0
514592,865560,122,0.976214,0
517056,865560,122,0.978866,0
517728,865560,122,0.979135,0
520680,865560,122,0.980829,0
518952,865560,122,0.980932,0
521040,865560,122,0.981298,0
518760,865560,123,0.981427,0
519032,865560,123,0.982384,0
515080,865560,122,0.969818,0
517152,865560,122,0.976043,0
513832,865560,122,0.976285,0
511080,865560,122,0.976483,0
513224,865560,122,0.977836,0
516488,865560,122,0.982522,0
514648,865560,122,0.982405,0
515432,865560,122,0.982577,0
514024,865560,121,0.982656,0
516736,865560,121,0.982705,0
513008,865560,120,0.977092,0
514784,865560,120,0.982448,0
512752,865560,121,0.982555,0
510120,865560,121,0.982693,0
512496,865560,121,0.982926,0
509512,865560,120,0.983082,0
507736,865560,121,0.983170,0
510504,865560,121,0.983219,0
511984,865560,121,0.983572,0
511624,865560,120,0.978761,0
508472,865560,120,0.978961,0
508400,865560,120,0.978969,0
506032,865560,119,0.971466,0
502728,865560,119,0.971743,0
503696,865560,119,0.974612,0
506120,865560,119,0.979112,0
508224,865560,119,0.981548,0
510856,865560,119,0.983634,0
507576,865560,118,0.967993,0
511224,865560,118,0.978626,0
508496,865560,117,0.978662,0
510712,865560,117,0.978661,0
513456,865560,117,0.983509,0
510808,865560,116,0.976261,0
514352,865560,116,0.983467,0
517096,865560,116,0.984804,0
516256,865560,116,0.984844,0
519560,865560,116,0.984812,0
516216,865560,116,0.980430,0
517032,865560,116,0.982992,0
516864,865560,117,0.983001,0
516960,865560,117,0.983429,0
515152,865560,117,0.981669,0
518968,865560,117,0.983328,0
517080,865560,116,0.983428,0
516232,865560,116,0.983472,0
517072,865560,116,0.984904,0
516120,865560,116,0.984660,0
519616,865560,116,0.984787,0
518600,865560,116,0.984642,0
521216,865560,116,0.984712,0
525016,865560,116,0.984555,0
524616,865560,116,0.984576,0
520896,865560,116,0.982747,0
521768,865560,116,0.984711,0
518816,865560,116,0.979087,0
519232,865560,116,0.980470,0
521256,865560,116,0.984733,0
518880,865560,115,0.966971,0
520696,865560,115,0.972482,0
518920,865560,115,0.972634,0
514976,865560,115,0.972963,0
511864,865560,116,0.973213,0
512392,865560,116,0.974884,0
512368,865560,117,0.974886,0
509680,865560,117,0.975089,0
506064,865560,117,0.975356,0
509336,865560,117,0.975304,0
509864,865560,117,0.976966,0
513544,865560,117,0.984034,0
516320,865560,117,0.984598,0
518912,865560,117,0.984839,0
515648,865560,117,0.980726,0
517744,865560,117,0.984893,0
515088,865560,116,0.982252,0
511008,865560,117,0.982467,0
510296,865560,117,0.982507,0
507672,865560,117,0.982644,0
509712,865560,117,0.983365,0
513352,865560,117,0.985096,0
514528,865560,117,0.985065,0
512656,865560,117,0.985151,0
510576,865560,117,0.985244,0
514304,865560,117,0.985077,0
515880,865560,117,0.985028,0
516824,865560,117,0.985249,0
512856,865560,118,0.985424,0
514120,865560,118,0.985463,0
512312,865560,118,0.982513,0
509720,865560,118,0.982650,0
509304,865560,119,0.982671,0
507936,865560,119,0.982744,0
510144,865560,119,0.984880,0
513952,865560,119,0.985041,0
514184,865560,119,0.985460,0
515120,865560,119,0.985513,0
513024,865560,119,0.980872,0
509760,865560,120,0.981057,0
507728,865560,120,0.981172,0
504064,865560,120,0.975556,0
504656,865560,120,0.977376,0
505504,865560,120,0.979936,0
506256,865560,120,0.981248,0
505232,865560,120,0.981307,0
504360,865560,120,0.981357,0
505488,865560,120,0.982135,0
507992,865560,120,0.982142,0
511008,865560,120,0.982764,0
508360,865560,119,0.980687,0
505248,865560,119,0.980865,0
502952,865560,118,0.980998,0
506896,865560,118,0.981784,0
504376,865560,119,0.981918,0
507920,865560,119,0.982928,0
510448,865560,119,0.983272,0
514528,865560,119,0.984314,0
513040,865560,118,0.980132,0
515992,865560,118,0.984247,0
512048,865560,118,0.975567,0
510248,865560,118,0.975701,0
513440,865560,118,0.984369,0
514136,865560,118,0.984790,0
510960,865560,119,0.984934,0
513072,865560,119,0.985171,0
511920,865560,119,0.983723,0
514848,865560,119,0.985092,0
514224,865560,119,0.985122,0
513472,865560,120,0.985156,0
514664,865560,120,0.985533,0
516464,865560,120,0.985766,0
515200,865560,120,0.985317,0
517752,865560,120,0.985711,0
516064,865560,120,0.983276,0
515088,865560,121,0.983325,0
518816,865560,121,0.985665,0
519288,865560,121,0.985715,0
515488,865560,120,0.974993,0
519472,865560,120,0.985709,0
515656,865560,120,0.981633,0
512800,865560,121,0.981790,0
513120,865560,121,0.982870,0
514768,865560,121,0.985909,0
512480,865560,122,0.986005,0
515688,865560,122,0.985892,0
515160,865560,123,0.985914,0
517528,865560,123,0.986078,0
517392,865560,123,0.986086,0
520160,865560,123,0.986186,0
517512,865560,124,0.986297,0
519576,865560,124,0.986306,0
515936,865560,124,0.983031,0
517160,865560,124,0.986407,0
513416,865560,124,0.978943,0
517088,865560,124,0.986410,0
515384,865560,123,0.986483,0
519416,865560,123,0.986339,0
518216,865560,123,0.985346,0
521320,865560,123,0.986260,0
520784,865560,123,0.986284,0
522136,865560,123,0.986373,0
519920,865560,124,0.986465,0
515976,865560,124,0.985132,0
519984,865560,124,0.986462,0
523992,865560,124,0.986367,0
523920,865560,123,0.979400,0
522016,865560,123,0.979524,0
523208,865560,123,0.981469,0
524608,865560,123,0.983195,0
523664,865560,123,0.983246,0
526312,865560,123,0.984526,0
525720,865560,123,0.984557,0
526208,865560,123,0.985801,0
525136,865560,122,0.976843,0
528880,865560,122,0.985685,0
527104,865560,123,0.985764,0
524688,865560,123,0.980147,0
524272,865560,124,0.980173,0
524880,865560,124,0.982166,0
525136,865560,124,0.983093,0
526304,865560,124,0.985795,0
522528,865560,124,0.985765,0
523656,865560,124,0.985911,0
520944,865560,124,0.982281,0
518280,865560,124,0.982427,0
515072,865560,124,0.982599,0
511720,865560,123,0.982778,0
509656,865560,122,0.973964,0
505576,865560,122,0.974279,0
506952,865560,122,0.978351,0
509616,865560,122,0.982887,0
513712,865560,122,0.983106,0
511064,865560,122,0.983241,0
506968,865560,122,0.983023,0
509496,865560,122,0.983319,0
510728,865560,122,0.983279,0
507000,865560,122,0.983465,0
506088,865560,122,0.983511,0
503528,865560,123,0.983634,0
507248,865560,123,0.983476,0
506072,865560,123,0.983536,0
505976,865560,124,0.983540,0
507328,865560,124,0.984013,0
505416,865560,125,0.984102,0
505176,865560,126,0.984114,0
508128,865560,126,0.984020,0
509368,865560,126,0.985261,0
509912,865560,126,0.985709,0
510280,865560,126,0.986095,0
509272,865560,125,0.983207,0
512120,865560,125,0.986020,0
512800,865560,125,0.986062,0
510696,865560,126,0.986149,0
510280,865560,125,0.979883,0
507896,865560,126,0.980024,0
506320,865560,125,0.978786,0
507952,865560,125,0.980024,0
512016,865560,125,0.983428,0
509224,865560,125,0.978507,0
506688,865560,125,0.978669,0
507072,865560,125,0.979911,0
510904,865560,125,0.983482,0
512976,865560,125,0.986056,0
515352,865560,125,0.986268,0
512488,865560,124,0.969650,0
515288,865560,124,0.977963,0
511912,865560,125,0.978185,0
514136,865560,125,0.984854,0
514840,865560,125,0.986287,0
518728,865560,125,0.986366,0
520448,865560,125,0.986513,0
518472,865560,124,0.977890,0
515336,865560,124,0.978102,0
517984,865560,124,0.986107,0
519544,865560,124,0.986552,0
516048,865560,123,0.978731,0
517168,865560,123,0.982193,0
514400,865560,123,0.982343,0
517584,865560,123,0.986076,0
513896,865560,123,0.976493,0
512664,865560,123,0.976583,0
509480,865560,123,0.976807,0
506944,865560,122,0.976986,0
506016,865560,121,0.977055,0
508208,865560,121,0.979425,0
511352,865560,121,0.982513,0
515224,865560,121,0.983029,0
518568,865560,121,0.982976,0
521552,865560,121,0.983112,0
518560,865560,120,0.978845,0
519840,865560,120,0.982812,0
516968,865560,119,0.970844,0
516080,865560,118,0.970931,0
517528,865560,118,0.975331,0
519872,865560,118,0.982449,0
519304,865560,119,0.982480,0
522160,865560,119,0.982692,0
520432,865560,119,0.982786,0
521448,865560,119,0.983122,0
518648,865560,120,0.983266,0
522656,865560,120,0.984658,0
522528,865560,120,0.984666,0
525472,865560,120,0.985741,0
521664,865560,120,0.985910,0
520760,865560,120,0.985951,0
522704,865560,120,0.985938,0
523984,865560,120,0.986326,0
520928,865560,120,0.982170,0
518312,865560,120,0.982314,0
522320,865560,120,0.984455,0
522992,865560,120,0.986368,0
522024,865560,120,0.986410,0
519936,865560,120,0.980883,0
520432,865560,120,0.982514,0
519200,865560,120,0.982583,0
517824,865560,120,0.982658,0
515352,865560,120,0.982789,0
518992,865560,120,0.983375,0
516040,865560,119,0.975280,0
513272,865560,119,0.975488,0
510808,865560,120,0.975667,0
514112,865560,120,0.982856,0
511464,865560,121,0.982991,0
514664,865560,121,0.983594,0
516080,865560,121,0.984631,0
518296,865560,121,0.985278,0
516880,865560,121,0.983481,0
520648,865560,121,0.985172,0
520552,865560,121,0.985179,0
518472,865560,120,0.974368,0
521528,865560,120,0.983641,0
522448,865560,120,0.985093,0
524536,865560,120,0.986306,0
525456,865560,120,0.986315,0
529416,865560,120,0.986143,0
527288,865560,120,0.980467,0
527528,865560,120,0.981349,0
523720,865560,120,0.981102,0
526816,865560,120,0.981390,0
524480,865560,121,0.981525,0
521280,865560,121,0.981709,0
521112,865560,121,0.981721,0
519488,865560,121,0.981814,0
520064,865560,121,0.982073,0
519240,865560,120,0.982123,0
523032,865560,120,0.982380,0
522008,865560,119,0.982440,0
524280,865560,119,0.982314,0
526528,865560,119,0.983359,0
522696,865560,119,0.978954,0
525184,865560,119,0.983428,0
525264,865560,119,0.983819,0
524112,865560,119,0.983879,0
526016,865560,119,0.984154,0
527352,865560,119,0.984960,0
526736,865560,119,0.984991,0
523432,865560,119,0.984505,0
527184,865560,119,0.984970,0
529752,865560,119,0.986130,0
528136,865560,119,0.986202,0
528056,865560,120,0.986206,0
527848,865560,120,0.986217,0
527816,865560,120,0.986220,0
528504,865560,120,0.986239,0
524472,865560,119,0.978743,0
524232,865560,118,0.973005,0
525008,865560,118,0.975489,0
521096,865560,118,0.974807,0
522936,865560,118,0.975645,0
521712,865560,118,0.975740,0
525200,865560,118,0.978698,0
528336,865560,118,0.980139,0
529656,865560,118,0.982317,0
531304,865560,118,0.984271,0
530496,865560,119,0.984311,0
529920,865560,119,0.984342,0
533464,865560,119,0.986021,0
530936,865560,120,0.986133,0
531408,865560,120,0.986161,0
533944,865560,120,0.986072,0
532104,865560,121,0.986153,0
535672,865560,121,0.986070,0
533072,865560,122,0.986185,0
531176,865560,122,0.983792,0
531400,865560,122,0.984638,0
527416,865560,122,0.981658,0
526352,865560,122,0.981722,0
523256,865560,122,0.981134,0
526120,865560,122,0.981735,0
526768,865560,122,0.983865,0
529960,865560,122,0.984708,0
529728,865560,121,0.977325,0
530304,865560,121,0.979247,0
533368,865560,121,0.984542,0
532896,865560,121,0.984568,0
535512,865560,121,0.984897,0
531968,865560,121,0.984233,0
530840,865560,121,0.984291,0
533704,865560,121,0.984987,0
534512,865560,121,0.986121,0
537288,865560,121,0.986021,0
535656,865560,122,0.986094,0
533288,865560,121,0.983632,0
533064,865560,122,0.983644,0
536128,865560,122,0.986075,0
539584,865560,122,0.986021,0
543648,865560,122,0.985858,0
539640,865560,123,0.986042,0
541400,865560,123,0.986168,0
540272,865560,122,0.986224,0
543856,865560,122,0.986085,0
543208,865560,123,0.986115,0
540984,865560,123,0.983451,0
544384,865560,123,0.986061,0
547272,865560,123,0.986084,0
544608,865560,123,0.981876,0
544888,865560,123,0.982941,0
543824,865560,124,0.983001,0
543040,865560,124,0.983047,0
545824,865560,124,0.986151,0
546472,865560,124,0.986252,0
543904,865560,124,0.984130,0
545464,865560,124,0.986298,0
541712,865560,125,0.986466,0
538688,865560,125,0.980070,0
535304,865560,124,0.964454,0
535792,865560,124,0.966113,0
535464,865560,123,0.966159,0
534936,865560,124,0.966216,0
537520,865560,124,0.974421,0
535408,865560,125,0.974594,0
531464,865560,124,0.974919,0
534064,865560,124,0.979607,0
534848,865560,124,0.980321,0
538544,865560,124,0.981999,0
538400,865560,124,0.982010,0
542440,865560,124,0.982687,0
542552,865560,124,0.983203,0
543648,865560,124,0.983825,0
542408,865560,124,0.982214,0
540584,865560,125,0.982320,0
542544,865560,125,0.983883,0
544240,865560,125,0.986378,0
540488,865560,124,0.971924,0
544400,865560,124,0.984630,0
543600,865560,124,0.984673,0
541352,865560,124,0.981311,0
544600,865560,124,0.984622,0
545744,865560,124,0.986312,0
542960,865560,124,0.983049,0
540888,865560,123,0.976384,0
537584,865560,124,0.976636,0
533840,865560,124,0.976919,0
534920,865560,124,0.977731,0
530928,865560,125,0.978012,0
532736,865560,125,0.980577,0
533376,865560,125,0.982726,0
536648,865560,125,0.983391,0
538440,865560,125,0.983473,0
534712,865560,124,0.971266,0
532896,865560,124,0.971436,0
533912,865560,124,0.974733,0
536696,865560,124,0.983569,0
533952,865560,125,0.983712,0
533112,865560,125,0.983758,0
531552,865560,124,0.976981,0
531960,865560,124,0.978393,0
534872,865560,124,0.983667,0
538680,865560,124,0.983515,0
538512,865560,124,0.983526,0
538768,865560,124,0.984495,0
535992,865560,124,0.984636,0
533864,865560,123,0.976862,0
537816,865560,123,0.984548,0
540720,865560,123,0.985390,0
538648,865560,123,0.985154,0
536432,865560,122,0.979452,0
536880,865560,122,0.981016,0
540760,865560,122,0.985052,0
539840,865560,122,0.985099,0
539856,865560,122,0.985304,0
539368,865560,123,0.985327,0
542032,865560,123,0.985328,0
540656,865560,124,0.985393,0
538696,865560,124,0.982431,0
534816,865560,123,0.974390,0
535808,865560,123,0.977642,0
536352,865560,123,0.979503,0
539672,865560,123,0.982372,0
536472,865560,123,0.982556,0
535392,865560,124,0.982617,0
532248,865560,123,0.971148,0
535760,865560,123,0.982240,0
532512,865560,123,0.981841,0
536200,865560,123,0.982214,0
535184,865560,124,0.982272,0
536416,865560,124,0.982559,0
537696,865560,124,0.985533,0
540408,865560,124,0.985846,0
538728,865560,123,0.982507,0
535240,865560,124,0.982702,0
531592,865560,124,0.976522,0
533720,865560,124,0.982786,0
529864,865560,124,0.975516,0
530736,865560,124,0.978350,0
533104,865560,124,0.982817,0
536824,865560,124,0.983124,0
535472,865560,125,0.983197,0
534656,865560,125,0.983243,0
535208,865560,125,0.985134,0
538872,865560,125,0.985603,0
538824,865560,125,0.985608,0
542536,865560,125,0.985745,0
539632,865560,125,0.984452,0
540720,865560,125,0.985829,0
537936,865560,125,0.985959,0
538824,865560,125,0.986202,0
538568,865560,126,0.986213,0
541904,865560,126,0.986480,0
540256,865560,126,0.981682,0
537592,865560,126,0.981842,0
538552,865560,126,0.985048,0
540616,865560,126,0.985258,0
537752,865560,127,0.985394,0
536656,865560,127,0.983517,0
540224,865560,127,0.985277,0
541912,865560,127,0.986477,0
541024,865560,127,0.985813,0
544288,865560,127,0.986371,0
540408,865560,127,0.980783,0
536416,865560,126,0.969508,0
539688,865560,126,0.979973,0
541752,865560,126,0.980699,0
540480,865560,125,0.979351,0
542440,865560,125,0.980658,0
540912,865560,125,0.980758,0
537232,865560,126,0.980986,0
539880,865560,126,0.985920,0
541664,865560,126,0.986438,0
540344,865560,125,0.979751,0
539576,865560,125,0.979805,0
535824,865560,124,0.973097,0
539360,865560,124,0.979822,0
542640,865560,124,0.984248,0
543120,865560,124,0.985957,0
542568,865560,125,0.985982,0
540776,865560,125,0.983170,0
540272,865560,124,0.978906,0
537632,865560,124,0.979089,0
536488,865560,125,0.979166,0
539192,865560,125,0.983262,0
535352,865560,124,0.961948,0
531592,865560,124,0.962407,0
533208,865560,124,0.967501,0
534216,865560,124,0.970762,0
534576,865560,124,0.972028,0
534048,865560,123,0.972084,0
529960,865560,123,0.972447,0
531216,865560,123,0.974863,0
528512,865560,123,0.975080,0
531040,865560,123,0.976469,0
535072,865560,123,0.977621,0
531344,865560,123,0.977889,0
532944,865560,123,0.979044,0
534288,865560,123,0.979309,0
531624,865560,123,0.979486,0
532152,865560,123,0.979906,0
533376,865560,123,0.981200,0
530624,865560,124,0.981363,0
528432,865560,125,0.981491,0
525744,865560,125,0.981649,0
527752,865560,125,0.983182,0
525120,865560,125,0.980567,0
527184,865560,125,0.983212,0
531224,865560,125,0.983096,0
531776,865560,125,0.983521,0
531232,865560,126,0.983549,0
533304,865560,126,0.983565,0
533400,865560,126,0.983864,0
529776,865560,125,0.971834,0
527224,865560,124,0.972067,0
529816,865560,124,0.973220,0
530736,865560,124,0.976196,0
528024,865560,124,0.976402,0
527752,865560,123,0.976429,0
527888,865560,123,0.976991,0
524696,865560,123,0.977222,0
526232,865560,123,0.978355,0
530216,865560,123,0.980123,0
528208,865560,123,0.980251,0
529248,865560,123,0.981441,0
528576,865560,124,0.981480,0
529296,865560,124,0.981863,0
528376,865560,123,0.973972,0
531904,865560,123,0.981716,0
531416,865560,124,0.981744,0
535256,865560,124,0.983285,0
534568,865560,124,0.983325,0
532760,865560,123,0.978469,0
534320,865560,123,0.983341,0
537880,865560,123,0.983301,0
533872,865560,123,0.982446,0
535880,865560,123,0.983409,0
533840,865560,123,0.981172,0
534480,865560,123,0.983329,0
534008,865560,124,0.983355,0
530480,865560,124,0.973799,0
532296,865560,124,0.979560,0
533096,865560,124,0.982204,0
532984,865560,124,0.982213,0
529528,865560,124,0.982409,0
526784,865560,124,0.982562,0
526000,865560,123,0.982610,0
527648,865560,123,0.983443,0
530320,865560,123,0.983553,0
528376,865560,122,0.979673,0
530104,865560,122,0.983567,0
531520,865560,122,0.983643,0
529280,865560,122,0.983760,0
528760,865560,122,0.983789,0
526416,865560,122,0.983910,0
526400,865560,122,0.983913,0
529976,865560,122,0.983805,0
531720,865560,122,0.983967,0
534184,865560,122,0.983991,0
533944,865560,122,0.984006,0
536152,865560,122,0.984327,0
536536,865560,122,0.984742,0
538176,865560,122,0.984685,0
535904,865560,122,0.981641,0
537600,865560,122,0.984714,0
535016,865560,122,0.984842,0
532552,865560,122,0.983922,0
530864,865560,121,0.981967,0
527920,865560,121,0.976731,0
531376,865560,121,0.981937,0
527328,865560,121,0.974576,0
529536,865560,121,0.981488,0
531480,865560,121,0.981929,0
535344,865560,121,0.983778,0
539032,865560,121,0.984645,0
535688,865560,122,0.984810,0
534720,865560,122,0.984859,0
532120,865560,122,0.981714,0
533056,865560,122,0.984786,0
533704,865560,122,0.984906,0
530064,865560,123,0.985079,0
534016,865560,123,0.984965,0
534656,865560,123,0.985674,0
533040,865560,124,0.985747,0
530552,865560,125,0.985859,0
532376,865560,125,0.985851,0
530120,865560,124,0.985956,0
533720,865560,124,0.985946,0
535456,865560,124,0.986097,0
534056,865560,124,0.985548,0
536232,865560,124,0.986062,0
534584,865560,125,0.986135,0
534176,865560,126,0.986153,0
538016,865560,126,0.986574,0
539760,865560,126,0.986496,0
536200,865560,126,0.983232,0
537552,865560,126,0.986592,0
536056,865560,126,0.983960,0
538984,865560,126,0.986530,0
537104,865560,125,0.986616,0
536872,865560,126,0.986626,0
539320,865560,126,0.986543,0
542712,865560,126,0.986444,0
540928,865560,126,0.985872,0
538336,865560,127,0.985991,0
541072,865560,127,0.986517,0
543816,865560,127,0.986498,0
540912,865560,127,0.977226,0
537984,865560,128,0.977441,0
541488,865560,128,0.986601,0
542968,865560,128,0.986560,0
539984,865560,128,0.982994,0
542672,865560,128,0.986573,0
539168,865560,128,0.977351,0
538232,865560,129,0.977420,0
534224,865560,128,0.973244,0
535768,865560,128,0.977602,0
532080,865560,127,0.970156,0
528384,865560,126,0.970511,0
530600,865560,126,0.971133,0
530568,865560,125,0.971145,0
529512,865560,125,0.971245,0
529952,865560,125,0.972738,0
528672,865560,125,0.972852,0
526600,865560,126,0.973027,0
529664,865560,126,0.977520,0
528384,865560,126,0.977614,0
532112,865560,126,0.977879,0
531552,865560,126,0.977921,0
527712,865560,126,0.978190,0
531184,865560,126,0.978554,0
532696,865560,126,0.982387,0
529112,865560,126,0.982588,0
526376,865560,126,0.982739,0
528520,865560,126,0.982971,0
529736,865560,126,0.983558,0
531696,865560,126,0.983606,0
531832,865560,126,0.984179,0
527792,865560,126,0.982605,0
527016,865560,126,0.982649,0
523952,865560,126,0.982816,0
521096,865560,126,0.982969,0
523488,865560,126,0.984125,0
523776,865560,126,0.984578,0
526448,865560,126,0.985020,0
522720,865560,126,0.978001,0
521504,865560,126,0.978086,0
521272,865560,127,0.978102,0
519856,865560,127,0.978200,0
523376,865560,127,0.983242,0
527208,865560,127,0.983713,0
524432,865560,127,0.978977,0
523824,865560,126,0.979023,0
524376,865560,126,0.980841,0
522224,865560,127,0.980967,0
523568,865560,127,0.983898,0
521192,865560,126,0.969928,0
518000,865560,126,0.970224,0
517520,865560,125,0.970275,0
515616,865560,124,0.970454,0
517648,865560,124,0.976568,0
513816,865560,124,0.976841,0
517296,865560,124,0.981071,0
515792,865560,124,0.981160,0
515152,865560,125,0.981196,0
517504,865560,125,0.983554,0
513936,865560,125,0.983732,0
515016,865560,125,0.984326,0
518992,865560,125,0.984426,0
517032,865560,125,0.984206,0
515792,865560,124,0.979091,0
519264,865560,124,0.984101,0
522720,865560,124,0.984250,0
520904,865560,123,0.979376,0
520264,865560,124,0.979416,0
521816,865560,124,0.984222,0
524872,865560,124,0.984145,0
526616,865560,124,0.984779,0
528704,865560,124,0.984928,0
530744,865560,124,0.984854,0
532464,865560,124,0.984845,0
530248,865560,125,0.984951,0
533728,865560,125,0.984807,0
536656,865560,125,0.985254,0
537864,865560,125,0.985245,0
541112,865560,125,0.985844,0
538056,865560,125,0.985986,0
541672,865560,125,0.985897,0
542816,865560,125,0.986183,0
539864,865560,124,0.971235,0
536936,865560,124,0.971511,0
533120,865560,124,0.971861,0
531152,865560,123,0.972045,0
532120,865560,123,0.975175,0
528408,865560,123,0.975467,0
525720,865560,123,0.975676,0
528456,865560,123,0.981053,0
532128,865560,123,0.983441,0
529280,865560,123,0.979220,0
531264,865560,123,0.983486,0
527592,865560,122,0.967411,0
528280,865560,122,0.969641,0
529112,865560,122,0.972320,0
525576,865560,122,0.972628,0
526448,865560,122,0.975414,0
522832,865560,122,0.975691,0
524216,865560,122,0.980012,0
520264,865560,122,0.980256,0
521024,865560,122,0.982681,0
519832,865560,122,0.982747,0
516440,865560,121,0.962211,0
516296,865560,121,0.961654,0
518016,865560,121,0.966810,0
514744,865560,122,0.967136,0
511768,865560,122,0.967432,0
509584,865560,122,0.967647,0
508232,865560,122,0.967780,0
511288,865560,122,0.976705,0
510968,865560,122,0.976731,0
514936,865560,122,0.980920,0
511672,865560,122,0.981108,0
511920,865560,122,0.981972,0
509856,865560,122,0.982085,0
506456,865560,121,0.979106,0
506200,865560,121,0.979125,0
502528,865560,121,0.979349,0
499600,865560,121,0.979526,0
500128,865560,121,0.981147,0
501936,865560,121,0.982502,0
498952,865560,120,0.982542,0
501240,865560,120,0.982540,0
502848,865560,120,0.982479,0
500192,865560,119,0.972846,0
503928,865560,119,0.982427,0
506960,865560,119,0.983394,0
509944,865560,119,0.983269,0
513664,865560,119,0.984396,0
517352,865560,119,0.984728,0
519992,865560,119,0.984774,0
518264,865560,119,0.984856,0
519464,865560,119,0.985480,0
518632,865560,120,0.985517,0
522416,865560,120,0.985445,0
525912,865560,120,0.985309,0
528960,865560,120,0.985242,0
531616,865560,120,0.985394,0
528048,865560,120,0.974247,0
530856,865560,120,0.983030,0
529664,865560,121,0.983094,0
529768,865560,121,0.983564,0
532120,865560,121,0.985366,0
528160,865560,121,0.976034,0
526592,865560,121,0.976154,0
527328,865560,121,0.978544,0
530336,865560,121,0.985449,0
531752,865560,121,0.985483,0
527744,865560,120,0.971163,0
524096,865560,120,0.971492,0
520376,865560,120,0.971820,0
521184,865560,120,0.974368,0
523800,865560,120,0.980458,0
527152,865560,120,0.982198,0
529128,865560,120,0.982235,0
528120,865560,120,0.982294,0
531744,865560,120,0.985483,0
528056,865560,120,0.983675,0
531360,865560,120,0.985501,0
529600,865560,120,0.985583,0
529680,865560,120,0.985980,0
526200,865560,120,0.985138,0
523584,865560,119,0.984176,0
519888,865560,119,0.981209,0
516976,865560,118,0.978019,0
513584,865560,117,0.971021,0
516672,865560,117,0.978042,0
516008,865560,116,0.975610,0
516928,865560,116,0.978028,0
517208,865560,116,0.978442,0
515984,865560,116,0.978524,0
518520,865560,116,0.978915,0
518992,865560,116,0.980073,0
519920,865560,116,0.980405,0
518952,865560,117,0.980462,0
522248,865560,117,0.981073,0
518336,865560,118,0.981298,0
521432,865560,118,0.982907,0
521968,865560,118,0.984253,0
521392,865560,118,0.984283,0
519104,865560,119,0.984392,0
522752,865560,119,0.984633,0
520104,865560,119,0.982000,0
518392,865560,119,0.982096,0
517856,865560,119,0.982128,0
519128,865560,119,0.983030,0
521424,865560,119,0.983325,0
524512,865560,119,0.985218,0
521464,865560,118,0.973369,0
525184,865560,118,0.984743,0
522832,865560,118,0.983920,0
525864,865560,118,0.984711,0
529832,865560,118,0.984971,0
529472,865560,118,0.984990,0
532904,865560,118,0.985332,0
530864,865560,118,0.979722,0
533432,865560,118,0.985308,0
530400,865560,118,0.980937,0
530832,865560,118,0.982423,0
527384,865560,117,0.977373,0
523688,865560,116,0.976699,0
520600,865560,116,0.976923,0
519728,865560,116,0.976987,0
518032,865560,116,0.977109,0
518232,865560,116,0.977844,0
519672,865560,116,0.977914,0
519928,865560,116,0.978821,0
522728,865560,116,0.982106,0
523816,865560,116,0.982340,0
523064,865560,116,0.982383,0
521648,865560,116,0.982462,0
517808,865560,116,0.982523,0
514240,865560,117,0.982710,0
515088,865560,117,0.982808,0
512136,865560,117,0.980197,0
513160,865560,117,0.982907,0
513552,865560,117,0.983315,0
512960,865560,117,0.983347,0
515232,865560,117,0.983255,0
511960,865560,117,0.983421,0
514480,865560,117,0.983677,0
513368,865560,117,0.983734,0
511624,865560,117,0.983820,0
509328,865560,117,0.983531,0
510144,865560,117,0.983891,0
509000,865560,117,0.983948,0
509816,865560,117,0.983954,0
511800,865560,117,0.984286,0
514656,865560,117,0.985374,0
517176,865560,117,0.985720,0
518864,865560,117,0.985669,0
518728,865560,118,0.985675,0
517248,865560,118,0.985741,0
518592,865560,118,0.985778,0
519976,865560,118,0.985911,0
517392,865560,117,0.973964,0
515568,865560,118,0.974107,0
515200,865560,118,0.974139,0
518960,865560,118,0.985423,0
521304,865560,118,0.985856,0
520136,865560,118,0.985908,0
522160,865560,118,0.985819,0
521240,865560,118,0.985322,0
523704,865560,118,0.985751,0
524576,865560,118,0.985834,0
521560,865560,118,0.985967,0
522216,865560,118,0.985937,0
519600,865560,119,0.986049,0
520640,865560,119,0.986101,0
519840,865560,120,0.986135,0
521056,865560,120,0.986350,0
517624,865560,120,0.985524,0
518456,865560,120,0.986458,0
514480,865560,120,0.985997,0
515352,865560,120,0.986585,0
514808,865560,119,0.986611,0
512520,865560,118,0.970500,0
512952,865560,118,0.971892,0
514080,865560,118,0.975318,0
513800,865560,119,0.975339,0
514680,865560,119,0.978058,0
514000,865560,119,0.978106,0
510456,865560,119,0.978339,0
511232,865560,119,0.980736,0
514928,865560,119,0.986580,0
510896,865560,119,0.976977,0
512872,865560,119,0.982886,0
510336,865560,118,0.967485,0
514152,865560,118,0.978696,0
513112,865560,118,0.978765,0
516488,865560,118,0.982701,0
512536,865560,117,0.970140,0
511840,865560,117,0.970206,0
513960,865560,117,0.976509,0
514864,865560,117,0.979302,0
514616,865560,118,0.979318,0
513720,865560,119,0.979373,0
515160,865560,119,0.982770,0
517096,865560,119,0.983659,0
516264,865560,119,0.983703,0
512216,865560,119,0.975578,0
512688,865560,119,0.977093,0
513648,865560,119,0.980043,0
511472,865560,118,0.980178,0
511960,865560,118,0.980194,0
510024,865560,118,0.980310,0
510520,865560,118,0.981821,0
509080,865560,119,0.981898,0
505624,865560,119,0.982084,0
502488,865560,119,0.980094,0
506416,865560,119,0.982042,0
503912,865560,118,0.971661,0
505896,865560,118,0.977438,0
507216,865560,118,0.981365,0
506112,865560,118,0.981428,0
505896,865560,117,0.981445,0
506984,865560,117,0.982017,0
505248,865560,117,0.982111,0
501752,865560,117,0.976538,0
503424,865560,117,0.981416,0
501624,865560,117,0.981515,0
500864,865560,118,0.981555,0
503680,865560,118,0.982192,0
504352,865560,118,0.982225,0
501152,865560,118,0.981261,0
497488,865560,118,0.981459,0
498328,865560,118,0.982534,0
501432,865560,118,0.983460,0
498864,865560,118,0.981590,0
499752,865560,118,0.983540,0
500968,865560,118,0.983503,0
504160,865560,118,0.983674,0
506000,865560,118,0.983630,0
505192,865560,118,0.983671,0
504064,865560,118,0.983727,0
506736,865560,118,0.983902,0
504672,865560,118,0.978661,0
505152,865560,118,0.980170,0
506704,865560,118,0.983902,0
505032,865560,119,0.983980,0
506776,865560,119,0.984131,0
505216,865560,118,0.982572,0
505928,865560,118,0.984172,0
505432,865560,119,0.984195,0
503712,865560,120,0.984274,0
503240,865560,120,0.984298,0
500376,865560,120,0.982380,0
496392,865560,120,0.976685,0
494480,865560,120,0.976814,0
492112,865560,119,0.971308,0
490568,865560,120,0.971432,0
489480,865560,119,0.968604,0
489840,865560,119,0.969707,0
489120,865560,120,0.969768,0
492728,865560,120,0.971259,0
492816,865560,120,0.971631,0
493000,865560,120,0.972266,0
494656,865560,120,0.976800,0
491984,865560,119,0.976980,0
492480,865560,119,0.977102,0
491240,865560,118,0.977188,0
490120,865560,118,0.977263,0
492344,865560,118,0.978490,0
495384,865560,118,0.979595,0
494168,865560,119,0.979665,0
497816,865560,119,0.982513,0
495296,865560,119,0.982641,0
493856,865560,119,0.980545,0
497200,865560,119,0.982547,0
499304,865560,119,0.983173,0
500320,865560,119,0.983951,0
503920,865560,119,0.984269,0
503248,865560,119,0.982212,0
505024,865560,119,0.984755,0
507312,865560,119,0.984698,0
510640,865560,119,0.984592,0
511136,865560,119,0.984615,0
507416,865560,120,0.984783,0
507160,865560,120,0.984797,0
503744,865560,120,0.979111,0
504376,865560,120,0.981051,0
502656,865560,120,0.981148,0
502896,865560,120,0.981968,0
501344,865560,121,0.982048,0
503832,865560,121,0.984942,0
507056,865560,121,0.985126,0
507728,865560,121,0.985659,0
506384,865560,121,0.981848,0
502320,865560,120,0.980190,0
505448,865560,120,0.981901,0
505664,865560,120,0.982659,0
502920,865560,120,0.982799,0
505184,865560,120,0.985768,0
502328,865560,120,0.984706,0
504880,865560,120,0.985781,0
502840,865560,120,0.985542,0
499800,865560,120,0.978011,0
500968,865560,120,0.981442,0
500008,865560,120,0.981496,0
499136,865560,120,0.981545,0
497584,865560,121,0.981627,0
494528,865560,121,0.981788,0
495248,865560,121,0.983928,0
498272,865560,121,0.984519,0
494520,865560,121,0.979543,0
493296,865560,121,0.979617,0
493448,865560,121,0.980170,0
493856,865560,121,0.981433,0
497712,865560,121,0.982118,0
497960,865560,121,0.982950,0
498712,865560,121,0.984493,0
498272,865560,121,0.984515,0
498960,865560,121,0.985194,0
498464,865560,120,0.980544,0
499544,865560,120,0.983723,0
496448,865560,120,0.982456,0
498080,865560,120,0.983791,0
494568,865560,120,0.981733,0
492544,865560,119,0.976503,0
491992,865560,120,0.976540,0
489960,865560,120,0.976676,0
488632,865560,119,0.972581,0
488680,865560,119,0.972841,0
490240,865560,119,0.976658,0
490448,865560,119,0.977201,0
493464,865560,119,0.977162,0
494840,865560,119,0.981107,0
493032,865560,120,0.981203,0
495976,865560,120,0.981658,0
494896,865560,120,0.981716,0
497632,865560,120,0.982714,0
495104,865560,121,0.982838,0
496600,865560,121,0.983857,0
494512,865560,121,0.981756,0
492288,865560,122,0.981871,0
494848,865560,122,0.983937,0
497048,865560,122,0.985273,0
493720,865560,122,0.985277,0
496248,865560,122,0.985306,0
492904,865560,122,0.980573,0
491688,865560,122,0.980642,0
488384,865560,122,0.980823,0
489056,865560,122,0.982793,0
485072,865560,121,0.967143,0
481104,865560,120,0.967507,0
481616,865560,120,0.968987,0
485152,865560,120,0.976030,0
482136,865560,120,0.976231,0
478856,865560,120,0.976446,0
480800,865560,120,0.977801,0
481224,865560,120,0.978798,0
477368,865560,120,0.979022,0
478392,865560,120,0.979221,0
478704,865560,120,0.980177,0
480360,865560,120,0.980346,0
477504,865560,120,0.980500,0
480816,865560,120,0.981281,0
480144,865560,120,0.981318,0
482200,865560,120,0.981670,0
482000,865560,119,0.981685,0
479328,865560,119,0.981821,0
477352,865560,119,0.981920,0
476008,865560,118,0.981990,0
474800,865560,117,0.982053,0
475792,865560,117,0.982003,0
476624,865560,117,0.982305,0
476544,865560,117,0.982311,0
479720,865560,117,0.983243,0
478880,865560,118,0.983281,0
482760,865560,118,0.984065,0
479000,865560,119,0.984228,0
482760,865560,119,0.984502,0
485200,865560,119,0.984506,0
488520,865560,119,0.984383,0
492528,865560,119,0.984249,0
491600,865560,120,0.984290,0
488944,865560,120,0.978877,0
488472,865560,121,0.978905,0
489792,865560,121,0.982648,0
490176,865560,121,0.983836,0
491648,865560,121,0.984284,0
487784,865560,121,0.984121,0
486088,865560,121,0.984198,0
489264,865560,121,0.984391,0
486320,865560,121,0.981552,0
483336,865560,122,0.981704,0
480784,865560,122,0.981833,0
476968,865560,123,0.982020,0
479408,865560,123,0.984811,0
482960,865560,123,0.984924,0
481872,865560,124,0.984969,0
483312,865560,124,0.985501,0
481816,865560,123,0.985564,0
480096,865560,122,0.978583,0
484064,865560,122,0.985476,0
485584,865560,122,0.985502,0
488048,865560,122,0.985490,0
490272,865560,122,0.985554,0
487384,865560,122,0.985672,0
487280,865560,123,0.985676,0
487640,865560,123,0.985926,0
486120,865560,123,0.985390,0
482584,865560,124,0.985531,0
479944,865560,124,0.985637,0
480160,865560,124,0.986215,0
477808,865560,125,0.986303,0
478496,865560,125,0.986319,0
480864,865560,125,0.986316,0
484368,865560,125,0.986556,0
485816,865560,125,0.986722,0
489184,865560,125,0.986707,0
486920,865560,125,0.983552,0
489992,865560,125,0.986677,0
486520,865560,124,0.968120,0
485288,865560,124,0.968232,0
484640,865560,123,0.968297,0
484456,865560,124,0.968313,0
486632,865560,124,0.974282,0
488496,865560,124,0.979472,0
486520,865560,124,0.979587,0
487280,865560,124,0.980474,0
488536,865560,124,0.981718,0
490256,865560,124,0.983958,0
489760,865560,123,0.981144,0
491120,865560,123,0.983921,0
487472,865560,123,0.980019,0
486480,865560,122,0.980079,0
487824,865560,122,0.983628,0
489248,865560,122,0.983806,0
488848,865560,122,0.983827,0
492568,865560,122,0.983858,0
490360,865560,123,0.983958,0
492392,865560,123,0.984968,0
488584,865560,123,0.979355,0
491800,865560,123,0.984993,0
490152,865560,123,0.985064,0
489280,865560,123,0.985103,0
493216,865560,123,0.986042,0
496680,865560,123,0.986335,0
495184,865560,122,0.971818,0
495744,865560,122,0.973498,0
492160,865560,121,0.973772,0
493088,865560,121,0.976454,0
492064,865560,121,0.976525,0
493680,865560,121,0.976890,0
492240,865560,121,0.976987,0
495272,865560,121,0.981033,0
493568,865560,121,0.981127,0
496888,865560,121,0.984323,0
496176,865560,121,0.984311,0
497992,865560,121,0.984273,0
494512,865560,120,0.968571,0
495184,865560,120,0.970550,0
494368,865560,119,0.970626,0
496504,865560,119,0.976665,0
493168,865560,118,0.973686,0
496896,865560,118,0.976642,0
493864,865560,117,0.976848,0
495744,865560,117,0.977040,0
492432,865560,117,0.977257,0
491624,865560,117,0.977312,0
492120,865560,117,0.978807,0
494056,865560,117,0.979593,0
492400,865560,118,0.979688,0
492776,865560,118,0.980295,0
491760,865560,118,0.980354,0
493912,865560,118,0.980797,0
490808,865560,117,0.974962,0
492632,865560,117,0.980103,0
488944,865560,116,0.976255,0
490944,865560,116,0.980200,0
488736,865560,116,0.980324,0
490664,865560,116,0.980977,0
490304,865560,117,0.980996,0
490848,865560,117,0.981861,0
489232,865560,118,0.981943,0
488480,865560,118,0.981983,0
492488,865560,118,0.982363,0
490144,865560,118,0.982481,0
491208,865560,118,0.982606,0
492512,865560,118,0.982675,0
492128,865560,118,0.982696,0
496008,865560,118,0.983868,0
494672,865560,118,0.983931,0
496584,865560,118,0.984183,0
495864,865560,119,0.984216,0
497776,865560,119,0.984127,0
496264,865560,119,0.984198,0
498520,865560,119,0.985240,0
498096,865560,119,0.985259,0
494904,865560,119,0.983785,0
495624,865560,119,0.985363,0
497696,865560,119,0.985297,0
495952,865560,120,0.985370,0
496200,865560,120,0.985494,0
492480,865560,120,0.983666,0
495312,865560,120,0.985531,0
494824,865560,121,0.985551,0
493800,865560,121,0.985595,0
495448,865560,121,0.985548,0
497144,865560,121,0.985864,0
493928,865560,120,0.973849,0
496128,865560,120,0.980079,0
493904,865560,120,0.980207,0
492552,865560,119,0.969339,0
496568,865560,119,0.980059,0
500504,865560,119,0.980337,0
497280,865560,119,0.980521,0
493824,865560,119,0.978973,0
494856,865560,119,0.980655,0
496760,865560,119,0.981870,0
494936,865560,120,0.981964,0
498064,865560,120,0.985188,0
497216,865560,121,0.985224,0
494384,865560,121,0.983578,0
496944,865560,121,0.985235,0
495288,865560,120,0.985173,0
496968,865560,120,0.985236,0
496280,865560,119,0.984290,0
499224,865560,119,0.985143,0
501112,865560,119,0.985706,0
498880,865560,119,0.981028,0
496968,865560,119,0.981134,0
496096,865560,120,0.981181,0
499728,865560,120,0.985765,0
499968,865560,120,0.985984,0
502632,865560,120,0.985943,0
501816,865560,120,0.985978,0
499832,865560,121,0.986058,0
502624,865560,121,0.985943,0
500256,865560,121,0.985465,0
501072,865560,121,0.986006,0
498008,865560,121,0.984483,0
500520,865560,121,0.986028,0
503728,865560,121,0.986059,0
503480,865560,121,0.986071,0
505528,865560,121,0.985986,0
504880,865560,120,0.983168,0
501704,865560,120,0.981012,0
498696,865560,120,0.980307,0
502776,865560,120,0.980953,0
503752,865560,120,0.983223,0
503640,865560,120,0.982766,0
506680,865560,120,0.983736,0
505424,865560,121,0.983796,0
503320,865560,121,0.980853,0
502936,865560,122,0.980875,0
502160,865560,123,0.980918,0
498680,865560,123,0.977580,0
501200,865560,123,0.980970,0
503296,865560,123,0.983896,0
502416,865560,123,0.983939,0
502280,865560,124,0.983946,0
498680,865560,125,0.984111,0
502392,865560,125,0.984773,0
506088,865560,125,0.985965,0
503944,865560,125,0.986054,0
500624,865560,125,0.977567,0
503640,865560,125,0.986067,0
499632,865560,125,0.980596,0
502656,865560,125,0.986106,0
506312,865560,125,0.986049,0
509024,865560,125,0.986054,0
511152,865560,125,0.986035,0
509472,865560,125,0.984544,0
510656,865560,125,0.986055,0
512880,865560,125,0.986008,0
509184,865560,125,0.983893,0
511400,865560,125,0.986070,0
511760,865560,125,0.986077,0
508464,865560,124,0.978546,0
504704,865560,124,0.978784,0
502960,865560,125,0.978891,0
504168,865560,125,0.982473,0
502472,865560,125,0.982562,0
503784,865560,125,0.983075,0
500680,865560,124,0.977488,0
498464,865560,124,0.977634,0
497080,865560,123,0.977728,0
496424,865560,124,0.977770,0
500320,865560,124,0.983253,0
500824,865560,124,0.984288,0
502816,865560,124,0.984729,0
503432,865560,124,0.985211,0
506160,865560,124,0.986028,0
509648,865560,124,0.986166,0
509680,865560,124,0.986186,0
505600,865560,124,0.979893,0
507904,865560,124,0.986259,0
504360,865560,124,0.983697,0
507816,865560,124,0.986262,0
505136,865560,124,0.986372,0
504464,865560,125,0.986399,0
502432,865560,124,0.979619,0
501088,865560,125,0.979698,0
499488,865560,125,0.979794,0
500808,865560,125,0.983661,0
504832,865560,125,0.986386,0
502176,865560,125,0.986377,0
499000,865560,126,0.986501,0
496536,865560,125,0.979944,0
498048,865560,125,0.984319,0
498736,865560,125,0.986396,0
502040,865560,125,0.986380,0
502440,865560,125,0.986478,0
501352,865560,125,0.986523,0
504800,865560,125,0.986409,0
506504,865560,125,0.986362,0
509016,865560,125,0.986377,0
505144,865560,124,0.972790,0
505024,865560,123,0.972106,0
507232,865560,123,0.978553,0
507288,865560,123,0.978852,0
505288,865560,123,0.978979,0
505992,865560,123,0.981135,0
503048,865560,124,0.981296,0
499776,865560,124,0.981475,0
499400,865560,124,0.981498,0
502520,865560,124,0.983624,0
504648,865560,124,0.984360,0
505728,865560,124,0.986510,0
502360,865560,123,0.974381,0
502632,865560,123,0.975285,0
502600,865560,123,0.975291,0
504816,865560,123,0.981737,0
501184,865560,124,0.981929,0
500704,865560,124,0.981956,0
500464,865560,125,0.981969,0
498040,865560,125,0.982096,0
495520,865560,125,0.980250,0
492808,865560,126,0.980401,0
490368,865560,126,0.980537,0
488384,865560,126,0.980647,0
485232,865560,126,0.980818,0
486624,865560,126,0.981717,0
490144,865560,126,0.982497,0
493288,865560,126,0.984033,0
492080,865560,126,0.984089,0
490632,865560,126,0.984156,0
491904,865560,126,0.984502,0
493296,865560,126,0.984461,0
496328,865560,126,0.985396,0
499368,865560,126,0.986416,0
497560,865560,126,0.982464,0
500008,865560,126,0.986391,0
501888,865560,126,0.986430,0
501480,865560,127,0.986446,0
505408,865560,127,0.986336,0
501888,865560,127,0.985759,0
500416,865560,127,0.985821,0
499656,865560,128,0.985852,0
501240,865560,128,0.986502,0
499360,865560,129,0.986575,0
497752,865560,129,0.986639,0
494032,865560,128,0.973317,0
490512,865560,128,0.973583,0
489128,865560,127,0.973692,0
491088,865560,127,0.979176,0
491040,865560,128,0.979179,0
491944,865560,128,0.980766,0
495360,865560,128,0.981258,0
495536,865560,128,0.981610,0
496952,865560,128,0.981807,0
497072,865560,128,0.982278,0
499480,865560,128,0.985603,0
502104,865560,128,0.986465,0
503624,865560,128,0.986589,0
501600,865560,128,0.986669,0
498928,865560,127,0.977477,0
498240,865560,128,0.977521,0
495776,865560,128,0.977682,0
496832,865560,128,0.980761,0
495792,865560,128,0.980820,0
493352,865560,128,0.980955,0
491792,865560,128,0.981041,0
488584,865560,128,0.981213,0
490872,865560,128,0.981314,0
486832,865560,129,0.981524,0
488248,865560,129,0.984589,0
490872,865560,129,0.985214,0
490912,865560,129,0.985412,0
491656,865560,129,0.985424,0
487632,865560,129,0.984255,0
485432,865560,130,0.984351,0
489008,865560,130,0.985532,0
491328,865560,130,0.986537,0
493104,865560,130,0.986987,0
493792,865560,130,0.987028,0
492160,865560,130,0.984994,0
494616,865560,130,0.986998,0
494496,865560,131,0.987002,0
496064,865560,131,0.986943,0
496600,865560,131,0.987103,0
500616,865560,131,0.987160,0
501184,865560,131,0.987253,0
500784,865560,131,0.986414,0
502992,865560,131,0.987186,0
499024,865560,131,0.976001,0
501048,865560,131,0.981846,0
497440,865560,131,0.982036,0
500008,865560,131,0.985590,0
498688,865560,130,0.985097,0
497248,865560,130,0.983377,0
500664,865560,130,0.985012,0
498704,865560,130,0.985099,0
501384,865560,130,0.985536,0
502712,865560,130,0.986385,0
501064,865560,129,0.983679,0
500704,865560,128,0.977190,0
502712,865560,128,0.983023,0
504800,865560,128,0.983501,0
503408,865560,128,0.983570,0
503816,865560,128,0.983945,0
500760,865560,128,0.977507,0
501384,865560,128,0.979407,0
499864,865560,128,0.979500,0
496560,865560,127,0.979653,0
493144,865560,127,0.979852,0
495264,865560,127,0.979773,0
496984,865560,127,0.980471,0
500568,865560,127,0.984097,0
498056,865560,126,0.978352,0
499456,865560,126,0.982425,0
497200,865560,126,0.982541,0
500264,865560,126,0.983998,0
498680,865560,126,0.984073,0
498760,865560,126,0.984182,0
497856,865560,126,0.984225,0
500184,865560,126,0.984371,0
498376,865560,127,0.984452,0
499760,865560,127,0.984595,0
497456,865560,128,0.984696,0
496400,865560,129,0.984742,0
492848,865560,129,0.984220,0
494664,865560,129,0.984818,0
496648,865560,129,0.985186,0
496992,865560,129,0.985809,0
494864,865560,128,0.975885,0
490832,865560,127,0.967299,0
494880,865560,127,0.975887,0
498648,865560,127,0.978309,0
494584,865560,126,0.970308,0
496656,865560,126,0.976176,0
492872,865560,126,0.976433,0
490648,865560,125,0.976587,0
488112,865560,125,0.976755,0
485824,865560,124,0.976908,0
489384,865560,124,0.977234,0
488976,865560,125,0.977260,0
492888,865560,125,0.977864,0
491072,865560,124,0.977982,0
489264,865560,123,0.973791,0
486136,865560,123,0.974021,0
486040,865560,123,0.974031,0
486872,865560,123,0.976407,0
488048,865560,123,0.978173,0
489568,865560,123,0.978882,0
492352,865560,123,0.979480,0
494224,865560,123,0.980976,0
490528,865560,123,0.981176,0
488968,865560,124,0.981258,0
488136,865560,125,0.981301,0
489704,865560,125,0.982223,0
486896,865560,124,0.982366,0
483128,865560,124,0.976690,0
486144,865560,124,0.982403,0
485832,865560,123,0.982422,0
482808,865560,122,0.982375,0
485536,865560,122,0.982439,0
484192,865560,121,0.981981,0
484272,865560,121,0.982326,0
487136,865560,121,0.982361,0
486416,865560,122,0.982396,0
484528,865560,122,0.982490,0
482616,865560,122,0.982584,0
478968,865560,121,0.973653,0
478688,865560,120,0.973680,0
476368,865560,120,0.973848,0
480088,865560,120,0.982713,0
479504,865560,119,0.982745,0
483496,865560,119,0.982773,0
481776,865560,119,0.982856,0
480032,865560,118,0.978248,0
476960,865560,119,0.978428,0
473488,865560,119,0.977478,0
476616,865560,119,0.978448,0
479896,865560,119,0.982946,0
478208,865560,118,0.982401,0
481056,865560,118,0.982894,0
480024,865560,119,0.982942,0
480352,865560,119,0.983599,0
481280,865560,119,0.983708,0
478656,865560,119,0.983826,0
476592,865560,118,0.982973,0
479048,865560,118,0.983811,0
481808,865560,118,0.983752,0
484816,865560,118,0.983748,0
482856,865560,118,0.983837,0
483544,865560,118,0.984770,0
483152,865560,118,0.984788,0
480088,865560,118,0.983396,0
484088,865560,118,0.984749,0
483640,865560,118,0.984770,0
482456,865560,119,0.984819,0
479720,865560,119,0.984934,0
479392,865560,120,0.984947,0
476272,865560,121,0.985074,0
472552,865560,122,0.985221,0
476040,865560,122,0.985403,0
476104,865560,122,0.985571,0
474592,865560,123,0.985630,0
477304,865560,123,0.985652,0
478656,865560,123,0.985749,0
475080,865560,123,0.984815,0
474000,865560,124,0.984859,0
470264,865560,123,0.970068,0
474216,865560,123,0.980445,0
474000,865560,122,0.978516,0
476856,865560,122,0.980309,0
480320,865560,122,0.984601,0
484168,865560,122,0.985535,0
484552,865560,122,0.985540,0
484928,865560,122,0.985722,0
483728,865560,122,0.982389,0
479712,865560,121,0.973943,0
478896,865560,122,0.974001,0
482024,865560,122,0.982451,0
483112,865560,122,0.982418,0
481248,865560,122,0.982510,0
485048,865560,122,0.985432,0
485456,865560,122,0.985701,0
484176,865560,121,0.978610,0
486736,865560,121,0.985652,0
483272,865560,121,0.977238,0
486544,865560,121,0.985660,0
490368,865560,121,0.985527,0
490664,865560,121,0.985513,0
490288,865560,121,0.985306,0
492040,865560,121,0.985457,0
490336,865560,121,0.985528,0
493792,865560,121,0.985498,0
497544,865560,121,0.985432,0
501336,865560,121,0.985409,0
502952,865560,121,0.985478,0
504112,865560,121,0.985496,0
503768,865560,120,0.983585,0
502776,865560,120,0.983635,0
505248,865560,120,0.985452,0
508248,865560,120,0.985369,0
505232,865560,121,0.985498,0
502960,865560,120,0.980611,0
502784,865560,120,0.980623,0
505384,865560,120,0.985495,0
506680,865560,120,0.985602,0
509024,865560,120,0.985619,0
511856,865560,120,0.985615,0
514632,865560,120,0.985493,0
515736,865560,120,0.985442,0
516312,865560,120,0.985680,0
517256,865560,120,0.985686,0
519904,865560,120,0.985715,0
516176,865560,120,0.982763,0
519264,865560,120,0.985742,0
518200,865560,120,0.985791,0
520048,865560,120,0.985733,0
519552,865560,120,0.985756,0
519616,865560,120,0.985800,0
519184,865560,120,0.985821,0
522464,865560,120,0.985971,0
521560,865560,120,0.986012,0
523400,865560,120,0.986301,0
520608,865560,121,0.986418,0
519696,865560,120,0.982556,0
522848,865560,120,0.986326,0
524160,865560,120,0.986368,0
521512,865560,120,0.985499,0
519584,865560,120,0.980538,0
522992,865560,120,0.985433,0
526720,865560,120,0.986259,0
522704,865560,120,0.983451,0
526000,865560,120,0.986290,0
524824,865560,120,0.986342,0
527728,865560,120,0.986666,0
527088,865560,121,0.986693,0
530064,865560,121,0.986667,0
528160,865560,121,0.986748,0
530496,865560,121,0.986724,0
529536,865560,120,0.986768,0
532720,865560,120,0.986683,0
531888,865560,121,0.986718,0
534536,865560,121,0.986732,0
534328,865560,122,0.986741,0
531648,865560,122,0.983563,0
529832,865560,122,0.983659,0
532608,865560,122,0.984656,0
532392,865560,122,0.984668,0
532544,865560,122,0.985294,0
533040,865560,122,0.985955,0
529104,865560,123,0.986129,0
529248,865560,123,0.986724,0
529312,865560,123,0.987021,0
526976,865560,123,0.986793,0
530896,865560,123,0.986956,0
528984,865560,123,0.982188,0
527664,865560,122,0.982267,0
523736,865560,122,0.982484,0
522792,865560,122,0.982538,0
522896,865560,122,0.982998,0
523560,865560,122,0.985158,0
522456,865560,122,0.985137,0
519624,865560,122,0.982243,0
520848,865560,122,0.985210,0
522296,865560,122,0.985216,0
521672,865560,123,0.985244,0
524080,865560,123,0.985330,0
520256,865560,124,0.985502,0
517928,865560,124,0.981625,0
519488,865560,124,0.985536,0
521232,865560,124,0.985628,0
518784,865560,124,0.982354,0
521088,865560,124,0.985634,0
522520,865560,124,0.985987,0
524304,865560,124,0.986230,0
521656,865560,124,0.986344,0
520576,865560,123,0.985071,0
524568,865560,123,0.986223,0
523480,865560,124,0.986269,0
524584,865560,124,0.987013,0
525208,865560,124,0.987060,0
524592,865560,125,0.987085,0
523912,865560,125,0.987114,0
522496,865560,126,0.987170,0
522744,865560,126,0.987282,0
525160,865560,126,0.987234,0
526800,865560,126,0.987192,0
523344,865560,126,0.984021,0
524264,865560,126,0.986971,0
521960,865560,126,0.982171,0
521480,865560,125,0.982202,0
519864,865560,125,0.982293,0
520440,865560,125,0.984168,0
519704,865560,125,0.984206,0
516640,865560,125,0.984354,0
517720,865560,125,0.984665,0
519520,865560,125,0.986067,0
517072,865560,126,0.986170,0
519208,865560,126,0.987175,0
517120,865560,127,0.987256,0
519512,865560,127,0.987479,0
517528,865560,127,0.983772,0
520328,865560,127,0.987447,0
523088,865560,127,0.987388,0
523264,865560,127,0.987404,0
519912,865560,126,0.966691,0
516120,865560,126,0.967077,0
516632,865560,126,0.968715,0
516360,865560,126,0.968745,0
516464,865560,126,0.969191,0
518512,865560,126,0.975371,0
516568,865560,126,0.975519,0
519008,865560,126,0.981134,0
515728,865560,126,0.981324,0
518944,865560,126,0.982917,0
518256,865560,126,0.982955,0
520072,865560,126,0.985768,0
517544,865560,125,0.968633,0
517120,865560,125,0.968678,0
521032,865560,125,0.980434,0
518512,865560,126,0.980584,0
521016,865560,126,0.985729,0
524408,865560,126,0.986494,0
521408,865560,127,0.986618,0
518376,865560,128,0.986742,0
521664,865560,128,0.987466,0
523112,865560,128,0.987507,0
523008,865560,129,0.987511,0
526864,865560,129,0.987384,0
526176,865560,130,0.987411,0
529144,865560,130,0.987341,0
528272,865560,130,0.987378,0
531056,865560,130,0.987341,0
529216,865560,130,0.982760,0
525224,865560,129,0.976891,0
528936,865560,129,0.982778,0
529384,865560,129,0.984312,0
527608,865560,129,0.982824,0
531616,865560,129,0.984201,0
529864,865560,128,0.973830,0
528432,865560,128,0.973952,0
529656,865560,128,0.977853,0
530048,865560,128,0.979210,0
526048,865560,128,0.979472,0
525512,865560,128,0.979510,0
524848,865560,129,0.979552,0
525544,865560,129,0.980997,0
528936,865560,129,0.981621,0
530480,865560,129,0.984258,0
527752,865560,129,0.982140,0
531432,865560,129,0.984210,0
528984,865560,129,0.980210,0
532192,865560,129,0.984172,0
528280,865560,130,0.984366,0
529856,865560,130,0.985220,0
526448,865560,131,0.985377,0
529664,865560,131,0.985554,0
529512,865560,130,0.985565,0
530168,865560,130,0.986568,0
530128,865560,129,0.984934,0
531216,865560,129,0.986526,0
527304,865560,130,0.986691,0
527560,865560,130,0.987504,0
523552,865560,130,0.983037,0
526640,865560,130,0.987540,0
524504,865560,130,0.987625,0
523760,865560,130,0.987655,0
524360,865560,130,0.987655,0
526552,865560,130,0.987668,0
523136,865560,130,0.987183,0
524752,865560,130,0.987737,0
524240,865560,130,0.987759,0
523568,865560,131,0.987784,0
521128,865560,132,0.987876,0
524304,865560,132,0.987804,0
526616,865560,132,0.987764,0
528032,865560,132,0.987733,0
526736,865560,133,0.987783,0
525568,865560,133,0.985962,0
523008,865560,134,0.986073,0
524416,865560,134,0.987871,0
526024,865560,134,0.987808,0
522072,865560,135,0.987833,0
520760,865560,135,0.986388,0
522472,865560,135,0.987818,0
524640,865560,135,0.987858,0
522584,865560,135,0.985150,0
524352,865560,135,0.987869,0
526864,865560,135,0.987822,0
525512,865560,136,0.987874,0
525760,865560,136,0.987912,0
522040,865560,136,0.979825,0
523696,865560,136,0.984993,0
522992,865560,136,0.985028,0
521456,865560,136,0.985101,0
520096,865560,136,0.983965,0
521992,865560,136,0.985076,0
523184,865560,136,0.988010,0
525640,865560,136,0.987942,0
524216,865560,135,0.973939,0
524704,865560,135,0.975559,0
521520,865560,135,0.975802,0
517664,865560,135,0.976089,0
519624,865560,135,0.982079,0
523248,865560,135,0.984966,0
520144,865560,134,0.974292,0
520056,865560,134,0.974302,0
516208,865560,134,0.974605,0
519936,865560,134,0.982679,0
523160,865560,134,0.984975,0
523232,865560,134,0.985340,0
520384,865560,134,0.980055,0
521624,865560,134,0.983937,0
517896,865560,134,0.984121,0
518504,865560,134,0.985551,0
516688,865560,133,0.975146,0
519720,865560,133,0.984326,0
517600,865560,132,0.984432,0
515816,865560,132,0.984518,0
515216,865560,132,0.984548,0
513256,865560,133,0.984639,0
517144,865560,133,0.984771,0
520040,865560,133,0.985490,0
520240,865560,133,0.985528,0
524016,865560,133,0.985679,0
520928,865560,132,0.973133,0
520400,865560,132,0.973181,0
523064,865560,132,0.981329,0
525496,865560,132,0.985615,0
521728,865560,131,0.975973,0
523984,865560,131,0.982935,0
521480,865560,131,0.983069,0
524424,865560,131,0.985665,0
521864,865560,131,0.980835,0
524712,865560,131,0.985652,0
521624,865560,131,0.982348,0
518000,865560,130,0.976082,0
521792,865560,130,0.982342,0
520224,865560,131,0.982427,0
518136,865560,130,0.973061,0
517248,865560,131,0.973134,0
516328,865560,130,0.973216,0
513728,865560,130,0.973429,0
509784,865560,130,0.973743,0
510512,865560,130,0.975986,0
510336,865560,130,0.976002,0
506416,865560,130,0.976282,0
508480,865560,130,0.981847,0
512448,865560,130,0.982154,0
513024,865560,130,0.982815,0
516368,865560,130,0.982808,0
515984,865560,130,0.982831,0
515472,865560,130,0.982860,0
517840,865560,130,0.982952,0
517344,865560,131,0.982978,0
520112,865560,131,0.983639,0
517992,865560,130,0.983749,0
521576,865560,130,0.983985,0
522672,865560,130,0.985753,0
519016,865560,130,0.979089,0
520456,865560,130,0.983548,0
522824,865560,130,0.985744,0
519792,865560,129,0.974227,0
517320,865560,128,0.970356,0
518424,865560,128,0.973755,0
515936,865560,127,0.973959,0
519056,865560,127,0.974293,0
521416,865560,127,0.981491,0
521056,865560,127,0.981515,0
522232,865560,127,0.983192,0
520816,865560,126,0.983270,0
523480,865560,126,0.983575,0
521736,865560,126,0.983665,0
524992,865560,126,0.985086,0
527432,865560,126,0.985170,0
530144,865560,126,0.985419,0
530072,865560,127,0.985422,0
531072,865560,127,0.985551,0
531224,865560,127,0.985593,0
530648,865560,127,0.985621,0
527144,865560,127,0.981332,0
525304,865560,127,0.981442,0
522528,865560,127,0.981603,0
523960,865560,127,0.984240,0
522016,865560,126,0.977185,0
518840,865560,126,0.977409,0
515984,865560,126,0.977607,0
518808,865560,126,0.980941,0
520056,865560,126,0.984433,0
521944,865560,126,0.984734,0
525296,865560,126,0.984995,0
522632,865560,127,0.985118,0
520752,865560,127,0.985206,0
521216,865560,127,0.986041,0
524448,865560,127,0.985899,0
523720,865560,128,0.985931,0
526528,865560,128,0.985980,0
524272,865560,129,0.986078,0
523584,865560,129,0.986110,0
519576,865560,128,0.974960,0
521832,865560,128,0.981861,0
520224,865560,128,0.981953,0
517712,865560,128,0.980395,0
519952,865560,128,0.981968,0
520944,865560,128,0.985097,0
522040,865560,128,0.986176,0
519032,865560,127,0.970396,0
517488,865560,128,0.970535,0
513888,865560,128,0.970857,0
512512,865560,127,0.970985,0
513232,865560,127,0.973216,0
515560,865560,127,0.978400,0
519592,865560,127,0.979523,0
520960,865560,127,0.979850,0
524696,865560,127,0.983582,0
525744,865560,127,0.986015,0
524088,865560,128,0.986086,0
520408,865560,127,0.973840,0
518768,865560,128,0.973971,0
520960,865560,128,0.980657,0
523032,865560,128,0.986132,0
521664,865560,129,0.986190,0
523960,865560,129,0.986090,0
525952,865560,129,0.986400,0
529336,865560,129,0.986404,0
527080,865560,130,0.986500,0
528712,865560,130,0.986454,0
524976,865560,130,0.979584,0
527176,865560,130,0.986469,0
525032,865560,129,0.983210,0
528656,865560,129,0.986408,0
524624,865560,129,0.977774,0
525568,865560,129,0.980791,0
521560,865560,128,0.973785,0
520120,865560,129,0.973900,0
524192,865560,129,0.980875,0
527568,865560,129,0.986179,0
525224,865560,129,0.986282,0
526680,865560,129,0.986492,0
524544,865560,129,0.979863,0
525944,865560,129,0.984281,0
521976,865560,129,0.981080,0
522056,865560,129,0.981466,0
520576,865560,129,0.981553,0
524208,865560,129,0.984365,0
521408,865560,128,0.973134,0
519200,865560,128,0.973319,0
521456,865560,128,0.980204,0
525160,865560,128,0.984321,0
522944,865560,128,0.984431,0
519688,865560,129,0.984586,0
519224,865560,130,0.984608,0
522520,865560,130,0.986618,0
526432,865560,130,0.986502,0
523904,865560,129,0.979831,0
522016,865560,129,0.979951,0
520920,865560,129,0.980022,0
520776,865560,129,0.980033,0
518928,865560,129,0.980149,0
521192,865560,129,0.984374,0
519624,865560,130,0.984449,0
518400,865560,131,0.984507,0
516144,865560,132,0.984612,0
517024,865560,132,0.985272,0
518904,865560,132,0.986818,0
516240,865560,132,0.983494,0
519720,865560,132,0.986785,0
520096,865560,132,0.987061,0
521408,865560,132,0.987081,0
520152,865560,131,0.975296,0
523920,865560,131,0.986809,0
525040,865560,131,0.986935,0
525776,865560,131,0.986928,0
528384,865560,131,0.986844,0
528320,865560,131,0.986849,0
531312,865560,131,0.986773,0
528080,865560,131,0.985730,0
530584,865560,131,0.986804,0
533600,865560,131,0.986700,0
531208,865560,131,0.986676,0
528816,865560,131,0.985873,0
524920,865560,130,0.964351,0
527856,865560,130,0.973364,0
528656,865560,130,0.975957,0
526312,865560,129,0.972574,0
529184,865560,129,0.975920,0
532176,865560,129,0.981328,0
528552,865560,128,0.978231,0
524800,865560,127,0.978491,0
526936,865560,127,0.978919,0
530872,865560,127,0.981410,0
529224,865560,126,0.981512,0
532008,865560,126,0.984925,0
528280,865560,127,0.985101,0
532000,865560,127,0.985354,0
529216,865560,127,0.981510,0
531888,865560,127,0.985359,0
528984,865560,127,0.985495,0
530416,865560,127,0.985806,0
526928,865560,127,0.985963,0
526080,865560,127,0.986002,0
528072,865560,127,0.985913,0
529968,865560,127,0.985902,0
526168,865560,128,0.986069,0
529512,865560,128,0.986751,0
525936,865560,127,0.974453,0
524488,865560,127,0.974571,0
526520,865560,127,0.980892,0
530016,865560,127,0.982318,0
528200,865560,126,0.974626,0
525168,865560,126,0.974869,0
522024,865560,126,0.975116,0
519728,865560,126,0.975294,0
521792,865560,126,0.978205,0
522576,865560,126,0.978814,0
524368,865560,126,0.980601,0
522040,865560,127,0.980740,0
521664,865560,127,0.980765,0
525352,865560,127,0.981412,0
523216,865560,127,0.981537,0
525408,865560,127,0.982576,0
521520,865560,127,0.976943,0
523528,865560,127,0.982678,0
521816,865560,127,0.982771,0
524904,865560,127,0.983075,0
522896,865560,127,0.983183,0
524936,865560,127,0.984364,0
527672,865560,127,0.985930,0
527264,865560,126,0.985952,0
523552,865560,125,0.972754,0
527088,865560,125,0.983639,0
528464,865560,125,0.985900,0
527344,865560,125,0.985951,0
528440,865560,125,0.986076,0
527312,865560,126,0.986125,0
523592,865560,125,0.975098,0
526272,865560,125,0.983382,0
528256,865560,125,0.986084,0
529544,865560,125,0.986227,0
526648,865560,124,0.981417,0
527488,865560,124,0.984142,0
524728,865560,124,0.984007,0
521784,865560,123,0.976001,0
518200,865560,123,0.976266,0
521752,865560,123,0.983568,0
525600,865560,123,0.983966,0
528072,865560,123,0.984115,0
527824,865560,122,0.977124,0
531056,865560,122,0.983968,0
530976,865560,123,0.983972,0
527352,865560,123,0.983106,0
525944,865560,123,0.983182,0
529256,865560,123,0.984061,0
533048,865560,123,0.985647,0
530840,865560,122,0.979285,0
534016,865560,122,0.985605,0
535704,865560,122,0.985961,0
534624,865560,122,0.983455,0
534096,865560,122,0.983485,0
536296,865560,122,0.984240,0
536600,865560,122,0.985355,0
533400,865560,122,0.979673,0
535520,865560,122,0.985405,0
532224,865560,122,0.983987,0
535528,865560,122,0.985405,0
534480,865560,122,0.985456,0
537104,865560,122,0.985898,0
535304,865560,122,0.983803,0
534728,865560,123,0.983833,0
536000,865560,123,0.985948,0
540096,865560,123,0.986123,0
537920,865560,123,0.983690,0
534152,865560,122,0.960608,0
535008,865560,122,0.963387,0
537184,865560,122,0.970293,0
536512,865560,122,0.970362,0
534520,865560,122,0.970555,0
532368,865560,121,0.970765,0
533568,865560,121,0.974624,0
532056,865560,120,0.974753,0
534416,865560,120,0.975529,0
537040,865560,120,0.982095,0
533792,865560,121,0.982280,0
530256,865560,122,0.982477,0
533440,865560,122,0.983927,0
534016,865560,122,0.984074,0
535536,865560,122,0.985584,0
532160,865560,122,0.980413,0
535152,865560,122,0.985602,0
533576,865560,123,0.985674,0
533184,865560,123,0.985694,0
529960,865560,124,0.985840,0
532568,865560,124,0.985949,0
530208,865560,124,0.984089,0
527600,865560,124,0.984221,0
528760,865560,124,0.985893,0
529840,865560,124,0.986069,0
529000,865560,125,0.986106,0
531760,865560,125,0.986591,0
529352,865560,125,0.986695,0
526920,865560,124,0.972676,0
525648,865560,124,0.972788,0
527712,865560,124,0.979212,0
527136,865560,125,0.979249,0
523256,865560,124,0.969095,0
521192,865560,125,0.969291,0
522048,865560,125,0.971983,0
525872,865560,125,0.979331,0
527112,865560,125,0.983268,0
531008,865560,125,0.983414,0
534968,865560,125,0.985659,0
538424,865560,125,0.986300,0
540504,865560,125,0.986257,0
538328,865560,126,0.986354,0
534752,865560,126,0.974917,0
538512,865560,126,0.986371,0
540072,865560,126,0.986430,0
536280,865560,126,0.974687,0
539528,865560,126,0.985128,0
536320,865560,127,0.985282,0
537584,865560,127,0.986537,0
536424,865560,127,0.985792,0
540120,865560,127,0.986426,0
537088,865560,128,0.986559,0
535192,865560,128,0.985591,0
532408,865560,128,0.985721,0
534944,865560,128,0.986653,0
531096,865560,127,0.981102,0
528832,865560,128,0.981236,0
529784,865560,128,0.984327,0
531872,865560,128,0.986783,0
533208,865560,128,0.986980,0
534152,865560,128,0.986989,0
533072,865560,128,0.985686,0
529856,865560,127,0.967034,0
526392,865560,126,0.967399,0
526912,865560,126,0.969114,0
524136,865560,125,0.969389,0
525696,865560,125,0.974235,0
529320,865560,125,0.979698,0
531624,865560,125,0.981118,0
528960,865560,124,0.981282,0
532384,865560,124,0.985343,0
531888,865560,125,0.985366,0
534944,865560,125,0.985323,0
534088,865560,126,0.985363,0
531264,865560,126,0.981041,0
531712,865560,126,0.982583,0
527888,865560,126,0.982794,0
526568,865560,125,0.976911,0
526016,865560,124,0.976958,0
528728,865560,124,0.982757,0
526744,865560,124,0.982866,0
524032,865560,124,0.977102,0
526768,865560,124,0.982865,0
527664,865560,124,0.983315,0
530208,865560,124,0.983557,0
528272,865560,124,0.983659,0
532152,865560,124,0.985003,0
533184,865560,124,0.985283,0
531088,865560,124,0.984143,0
534576,865560,124,0.985217,0
535592,865560,124,0.985295,0
533048,865560,124,0.983024,0
535928,865560,124,0.985279,0
532536,865560,125,0.985438,0
532936,865560,125,0.985519,0
530856,865560,125,0.985616,0
532448,865560,125,0.985719,0
530248,865560,125,0.985568,0
526320,865560,126,0.985745,0
525800,865560,127,0.985768,0
527776,865560,127,0.985928,0
531784,865560,127,0.986584,0
530624,865560,127,0.984058,0
531624,865560,127,0.986591,0
530336,865560,126,0.980744,0
532088,865560,126,0.986344,0
534120,865560,126,0.986484,0
532912,865560,126,0.984069,0
530880,865560,126,0.984174,0
533360,865560,126,0.986289,0
530184,865560,125,0.973240,0
533872,865560,125,0.984840,0
536648,865560,125,0.986144,0
534136,865560,125,0.982477,0
534992,865560,125,0.985321,0
532944,865560,125,0.979642,0
535752,865560,125,0.985285,0
532760,865560,125,0.980366,0
529136,865560,126,0.980590,0
526944,865560,127,0.980723,0
527976,865560,127,0.984040,0
529616,865560,127,0.985567,0
530488,865560,127,0.986637,0
530176,865560,126,0.982163,0
527464,865560,126,0.982317,0
531168,865560,126,0.982158,0
528368,865560,126,0.982317,0
529672,865560,126,0.983149,0
531328,865560,126,0.986426,0
528592,865560,127,0.986542,0
527592,865560,127,0.984209,0
525552,865560,128,0.984309,0
529448,865560,128,0.986506,0
531712,865560,128,0.986585,0
531968,865560,128,0.986877,0
531264,865560,127,0.986100,0
533776,865560,127,0.986803,0
530472,865560,127,0.984063,0
531080,865560,127,0.986105,0
530632,865560,127,0.986127,0
532416,865560,127,0.986860,0
529144,865560,127,0.980785,0
528200,865560,127,0.980844,0
525896,865560,127,0.979914,0
522960,865560,127,0.978693,0
524168,865560,127,0.980022,0
521800,865560,126,0.980173,0
522464,865560,126,0.980277,0
518552,865560,125,0.975507,0
519512,865560,125,0.978506,0
515576,865560,125,0.978764,0
512608,865560,124,0.968664,0
515064,865560,124,0.975960,0
514032,865560,124,0.976038,0
511256,865560,125,0.976236,0
509840,865560,125,0.976339,0
508568,865560,125,0.976431,0
512560,865560,125,0.978964,0
516312,865560,125,0.979713,0
517872,865560,125,0.981459,0
520120,865560,125,0.982453,0
520704,865560,125,0.982688,0
522016,865560,125,0.984288,0
518696,865560,124,0.970240,0
516072,865560,125,0.970476,0
517424,865560,125,0.974593,0
520200,865560,125,0.983006,0
520784,865560,125,0.984345,0
520968,865560,125,0.984334,0
519336,865560,125,0.984414,0
520000,865560,125,0.984551,0
517128,865560,126,0.984685,0
519832,865560,126,0.984948,0
518896,865560,126,0.984993,0
522776,865560,126,0.984959,0
521672,865560,127,0.985010,0
522240,865560,127,0.985449,0
520232,865560,126,0.974829,0
518712,865560,125,0.974953,0
522192,865560,125,0.985458,0
519584,865560,125,0.984380,0
518896,865560,125,0.983879,0
522032,865560,125,0.984262,0
524608,865560,125,0.985349,0
524048,865560,125,0.985377,0
525096,865560,125,0.985401,0
523648,865560,125,0.985469,0
525600,865560,125,0.986324,0
526720,865560,125,0.986598,0
525368,865560,125,0.984047,0
522280,865560,125,0.982749,0
519920,865560,126,0.982874,0
523056,865560,126,0.984161,0
522184,865560,127,0.984204,0
525144,865560,127,0.986664,0
521912,865560,126,0.971117,0
522064,865560,126,0.971715,0
523976,865560,126,0.977606,0
521520,865560,125,0.977781,0
522320,865560,125,0.980332,0
523080,865560,125,0.982776,0
521008,865560,126,0.982885,0
519288,865560,126,0.982977,0
523344,865560,126,0.983107,0
523496,865560,126,0.983715,0
521936,865560,126,0.983795,0
525400,865560,126,0.984464,0
522592,865560,126,0.980288,0
520400,865560,126,0.980423,0
522440,865560,126,0.984607,0
519256,865560,125,0.975716,0
519952,865560,125,0.977933,0
521264,865560,125,0.982013,0
518488,865560,125,0.982167,0
521872,865560,125,0.984634,0
518384,865560,125,0.984751,0
522160,865560,125,0.984621,0
520760,865560,125,0.984689,0
519456,865560,126,0.984750,0
516784,865560,126,0.983084,0
513360,865560,126,0.982159,0
516728,865560,126,0.983087,0
518968,865560,126,0.984772,0
516552,865560,126,0.984886,0
518976,865560,126,0.984918,0
514920,865560,126,0.983203,0
515728,865560,126,0.985066,0
519600,865560,126,0.985083,0
521960,865560,126,0.985120,0
520688,865560,126,0.985180,0
518640,865560,125,0.979460,0
516272,865560,125,0.979610,0
512712,865560,125,0.979830,0
513672,865560,125,0.981015,0
516992,865560,125,0.982614,0
520760,865560,125,0.984958,0
522008,865560,125,0.985120,0
519328,865560,126,0.985241,0
520376,865560,126,0.985216,0
517000,865560,126,0.979266,0
515608,865560,125,0.975428,0
518992,865560,125,0.979143,0
519536,865560,125,0.980911,0
517096,865560,126,0.981053,0
519592,865560,126,0.985252,0
518000,865560,126,0.985325,0
517848,865560,127,0.985332,0
520576,865560,127,0.985526,0
523024,865560,127,0.985439,0
522440,865560,128,0.985465,0
524152,865560,128,0.985906,0
520696,865560,127,0.976014,0
517376,865560,126,0.976263,0
519952,865560,126,0.982574,0
519768,865560,127,0.982583,0
521256,865560,127,0.984023,0
522080,865560,127,0.985998,0
518192,865560,127,0.981181,0
521432,865560,127,0.986026,0
520440,865560,127,0.986070,0
522992,865560,127,0.986625,0
522256,865560,126,0.979939,0
523896,865560,126,0.985055,0
520656,865560,126,0.981042,0
523288,865560,126,0.985083,0
521976,865560,127,0.985144,0
522624,865560,127,0.986640,0
521288,865560,127,0.986697,0
524744,865560,127,0.986627,0
521704,865560,127,0.986754,0
521464,865560,127,0.986765,0
519200,865560,126,0.975769,0
522184,865560,126,0.984868,0
523992,865560,126,0.986662,0
523624,865560,126,0.986679,0
523048,865560,126,0.986704,0
522384,865560,126,0.986734,0
523224,865560,126,0.986697,0
523448,865560,126,0.986736,0
524032,865560,126,0.986809,0
521400,865560,126,0.981001,0
519088,865560,125,0.977827,0
520144,865560,125,0.981077,0
520840,865560,125,0.981083,0
523704,865560,125,0.983163,0
519608,865560,125,0.979909,0
518560,865560,125,0.979976,0
518360,865560,125,0.979991,0
519400,865560,125,0.983242,0
523104,865560,125,0.983196,0
523296,865560,125,0.983925,0
521656,865560,126,0.984006,0
522952,865560,126,0.985420,0
518960,865560,126,0.974780,0
514912,865560,126,0.975091,0
518416,865560,126,0.975771,0
518768,865560,126,0.976959,0
516776,865560,126,0.977101,0
513144,865560,126,0.976611,0
517232,865560,126,0.977069,0
519456,865560,126,0.983842,0
517000,865560,125,0.968782,0
515104,865560,125,0.968964,0
518480,865560,125,0.979054,0
521824,865560,125,0.983727,0
520896,865560,125,0.983776,0
523040,865560,125,0.985418,0
519952,865560,126,0.985555,0
520024,865560,126,0.985917,0
519672,865560,127,0.985932,0
520304,865560,127,0.986245,0
518232,865560,127,0.984462,0
515456,865560,126,0.973025,0
514528,865560,126,0.973104,0
510656,865560,126,0.973417,0
513880,865560,126,0.982968,0
516768,865560,126,0.984535,0
518560,865560,126,0.984935,0
520696,865560,126,0.985545,0
517200,865560,126,0.981434,0
520944,865560,126,0.985534,0
517816,865560,126,0.980453,0
517568,865560,126,0.980470,0
519904,865560,126,0.985582,0
521256,865560,126,0.986207,0
519768,865560,125,0.969788,0
523768,865560,125,0.981923,0
522672,865560,125,0.981987,0
524336,865560,125,0.983848,0
520632,865560,125,0.983177,0
522520,865560,125,0.983939,0
522368,865560,125,0.983948,0
526016,865560,125,0.986005,0
525568,865560,126,0.986024,0
528864,865560,126,0.986606,0
525512,865560,127,0.986746,0
527592,865560,127,0.986758,0
527440,865560,126,0.986768,0
531304,865560,126,0.986807,0
529528,865560,126,0.985775,0
529456,865560,127,0.985778,0
531568,865560,127,0.986796,0
528584,865560,128,0.986919,0
530096,865560,128,0.986956,0
529696,865560,128,0.986974,0
532864,865560,128,0.986841,0
529848,865560,127,0.971521,0
532168,865560,127,0.978823,0
529016,865560,127,0.979036,0
532032,865560,127,0.985761,0
534360,865560,127,0.986778,0
533792,865560,126,0.981855,0
531552,865560,126,0.980999,0
535184,865560,126,0.981774,0
532736,865560,126,0.981919,0
529272,865560,125,0.971082,0
530896,865560,125,0.976213,0
532480,865560,125,0.981273,0
530472,865560,126,0.981392,0
528400,865560,126,0.981515,0
525088,865560,125,0.965308,0
524440,865560,125,0.965382,0
527872,865560,125,0.975894,0
525144,865560,124,0.971292,0
525400,865560,124,0.972208,0
526592,865560,124,0.975965,0
524968,865560,125,0.976087,0
523408,865560,124,0.976209,0
524928,865560,124,0.976118,0
526096,865560,124,0.979811,0
526152,865560,124,0.980128,0
522184,865560,123,0.967786,0
521264,865560,124,0.967877,0
522776,865560,124,0.972527,0
524072,865560,124,0.976570,0
524232,865560,124,0.977198,0
524528,865560,124,0.978240,0
522816,865560,124,0.978358,0
524464,865560,124,0.980226,0
521184,865560,124,0.978908,0
521840,865560,124,0.980386,0
518064,865560,125,0.980611,0
520608,865560,125,0.981094,0
517744,865560,126,0.981258,0
516784,865560,127,0.981312,0
517776,865560,127,0.981351,0
518304,865560,127,0.982072,0
515808,865560,128,0.982207,0
513448,865560,128,0.982335,0
517208,865560,128,0.982423,0
515224,865560,127,0.982533,0
519072,865560,127,0.982837,0
517456,865560,126,0.975141,0
521144,865560,126,0.982731,0
520344,865560,126,0.982775,0
522424,865560,126,0.982860,0
519656,865560,126,0.979613,0
523328,865560,126,0.982812,0
521136,865560,126,0.982930,0
522024,865560,126,0.983619,0
524688,865560,126,0.984076,0
521392,865560,126,0.984240,0
521480,865560,126,0.984479,0
519392,865560,126,0.984580,0
517880,865560,126,0.983803,0
521352,865560,126,0.984487,0
522976,865560,126,0.984580,0
519856,865560,127,0.984727,0
520808,865560,127,0.984753,0
517672,865560,127,0.975506,0
520456,865560,127,0.983962,0
520024,865560,126,0.983988,0
518968,865560,125,0.978465,0
519432,865560,125,0.979993,0
521552,865560,125,0.983913,0
519328,865560,125,0.984024,0
522344,865560,125,0.984686,0
519120,865560,126,0.984836,0
515408,865560,127,0.985006,0
518328,865560,127,0.985625,0
518472,865560,127,0.985641,0
515480,865560,126,0.975045,0
512696,865560,126,0.975256,0
513624,865560,126,0.978109,0
517424,865560,126,0.982001,0
514560,865560,127,0.982156,0
511392,865560,126,0.980591,0
511136,865560,126,0.980609,0
514488,865560,126,0.982165,0
511464,865560,126,0.980661,0
514856,865560,126,0.982145,0
513968,865560,126,0.982196,0
512768,865560,126,0.982262,0
513800,865560,126,0.983308,0
515840,865560,126,0.985351,0
518624,865560,126,0.985638,0
520960,865560,126,0.986097,0
518896,865560,126,0.981948,0
515448,865560,125,0.973970,0
514496,865560,126,0.974044,0
515912,865560,126,0.978347,0
515656,865560,126,0.978367,0
515432,865560,126,0.978385,0
516096,865560,126,0.980487,0
512624,865560,126,0.980692,0
511384,865560,126,0.980766,0
511464,865560,126,0.981140,0
511408,865560,126,0.981146,0
507472,865560,126,0.981367,0
508368,865560,126,0.981457,0
508280,865560,127,0.981461,0
512312,865560,127,0.982310,0
515736,865560,127,0.983741,0
517408,865560,127,0.983826,0
518880,865560,127,0.984774,0
520520,865560,127,0.986116,0
519136,865560,127,0.983470,0
518192,865560,128,0.983518,0
516608,865560,128,0.983599,0
517016,865560,128,0.984957,0
519824,865560,128,0.986145,0
521904,865560,128,0.986129,0
523584,865560,128,0.986104,0
522776,865560,129,0.986139,0
526704,865560,129,0.986066,0
524504,865560,129,0.986163,0
525728,865560,129,0.986333,0
523608,865560,129,0.979723,0
525048,865560,129,0.984250,0
523696,865560,128,0.972375,0
527208,865560,128,0.983196,0
525088,865560,129,0.983306,0
521320,865560,129,0.983502,0
520624,865560,130,0.983537,0
520696,865560,130,0.983899,0
524560,865560,130,0.984274,0
525728,865560,130,0.985136,0
523248,865560,130,0.984535,0
520112,865560,129,0.972336,0
518472,865560,129,0.972478,0
521600,865560,129,0.981964,0
522952,865560,129,0.984552,0
526736,865560,129,0.984392,0
526440,865560,129,0.984409,0
527256,865560,129,0.985067,0
526952,865560,129,0.985083,0
527048,865560,129,0.985526,0
525488,865560,128,0.983860,0
522704,865560,128,0.984001,0
519320,865560,127,0.977976,0
516744,865560,127,0.978150,0
518808,865560,127,0.984195,0
516728,865560,127,0.982966,0
518656,865560,127,0.984203,0
515776,865560,126,0.975684,0
518664,865560,126,0.984205,0
516104,865560,125,0.978778,0
519152,865560,125,0.984183,0
520432,865560,125,0.984315,0
524328,865560,125,0.984148,0
525592,865560,125,0.984108,0
522808,865560,126,0.984245,0
524168,865560,126,0.984969,0
520472,865560,126,0.978874,0
521912,865560,126,0.983351,0
520104,865560,125,0.975698,0
517768,865560,124,0.968621,0
519440,865560,124,0.973702,0
520560,865560,124,0.975664,0
520264,865560,125,0.975686,0
520824,865560,125,0.977160,0
520160,865560,126,0.977207,0
516872,865560,125,0.977440,0
520552,865560,125,0.977525,0
523096,865560,125,0.982602,0
521664,865560,126,0.982679,0
523408,865560,126,0.983274,0
520744,865560,126,0.983413,0
520200,865560,126,0.983443,0
522272,865560,126,0.983606,0
521864,865560,127,0.983627,0
520776,865560,127,0.983684,0
523424,865560,127,0.985005,0
526024,865560,127,0.985131,0
528016,865560,127,0.985111,0
525984,865560,128,0.985205,0
526008,865560,128,0.985426,0
523808,865560,128,0.984562,0
525272,865560,128,0.985459,0
523504,865560,127,0.980304,0
522704,865560,128,0.980353,0
525320,865560,128,0.985459,0
521840,865560,127,0.973475,0
525608,865560,127,0.985026,0
523096,865560,126,0.977744,0
526616,865560,126,0.984981,0
530064,865560,126,0.985244,0
526168,865560,126,0.983308,0
528224,865560,126,0.985329,0
524880,865560,126,0.978635,0
528504,865560,126,0.985316,0
524800,865560,126,0.981369,0
522256,865560,126,0.980361,0
524568,865560,126,0.981382,0
520888,865560,126,0.977159,0
521768,865560,126,0.979945,0
524376,865560,126,0.981391,0
521840,865560,125,0.974339,0
524976,865560,125,0.981359,0
521096,865560,125,0.980087,0
520200,865560,125,0.980145,0
520296,865560,125,0.980576,0
521544,865560,125,0.981555,0
520448,865560,124,0.981622,0
523456,865560,124,0.981548,0
522888,865560,124,0.981583,0
524656,865560,124,0.983983,0
521264,865560,124,0.980080,0
520480,865560,124,0.980131,0
521552,865560,124,0.983500,0
525328,865560,124,0.983950,0
524632,865560,123,0.980519,0
521288,865560,123,0.980722,0
519400,865560,123,0.980836,0
522640,865560,123,0.982317,0
518608,865560,123,0.980882,0
517680,865560,123,0.980939,0
518720,865560,123,0.982530,0
519400,865560,123,0.983247,0
522144,865560,123,0.984013,0
524560,865560,123,0.983990,0
522432,865560,123,0.983261,0
520792,865560,123,0.983347,0
520992,865560,123,0.984094,0
523432,865560,123,0.984046,0
523240,865560,123,0.984058,0
520688,865560,122,0.981666,0
519808,865560,123,0.981715,0
518968,865560,124,0.981762,0
516320,865560,124,0.981910,0
515368,865560,123,0.981967,0
513928,865560,124,0.982045,0
512616,865560,125,0.982116,0
511832,865560,125,0.982160,0
511944,865560,125,0.982628,0
511312,865560,125,0.982663,0
511424,865560,125,0.983131,0
507544,865560,125,0.983325,0
507432,865560,125,0.982863,0
504728,865560,125,0.983001,0
501808,865560,124,0.982733,0
500560,865560,124,0.982797,0
501616,865560,124,0.983158,0
502984,865560,124,0.984550,0
504632,865560,124,0.984940,0
507680,865560,124,0.984897,0
506032,865560,124,0.984972,0
506928,865560,124,0.985048,0
507472,865560,124,0.985140,0
506816,865560,125,0.985168,0
503032,865560,125,0.985333,0
500416,865560,125,0.981646,0
504016,865560,125,0.985291,0
504672,865560,125,0.985377,0
501152,865560,126,0.985526,0
505088,865560,126,0.985381,0
505976,865560,126,0.985575,0
506360,865560,126,0.985721,0
506280,865560,125,0.985728,0
502848,865560,126,0.985870,0
499800,865560,126,0.979788,0
503208,865560,126,0.985856,0
506072,865560,126,0.986297,0
505824,865560,125,0.982918,0
509632,865560,125,0.986155,0
513728,865560,125,0.985983,0
517408,865560,125,0.985922,0
518264,865560,125,0.985932,0
521768,865560,125,0.986171,0
524248,865560,125,0.986088,0
520624,865560,125,0.978925,0
519552,865560,125,0.978997,0
523376,865560,125,0.986127,0
524848,865560,125,0.986111,0
527288,865560,125,0.986028,0
529424,865560,125,0.986109,0
528392,865560,126,0.986154,0
529552,865560,126,0.986227,0
533648,865560,126,0.986045,0
529752,865560,126,0.983850,0
531272,865560,126,0.986150,0
530256,865560,125,0.978528,0
526576,865560,125,0.978778,0
525456,865560,125,0.978855,0
528248,865560,125,0.985335,0
528920,865560,125,0.986256,0
529192,865560,125,0.986318,0
527792,865560,125,0.986380,0
528064,865560,125,0.986817,0
525216,865560,126,0.986934,0
525680,865560,126,0.986963,0
524160,865560,127,0.987024,0
528152,865560,127,0.986960,0
526792,865560,127,0.984047,0
528832,865560,127,0.986932,0
524824,865560,126,0.982980,0
526920,865560,126,0.987012,0
525128,865560,126,0.987087,0
521200,865560,125,0.974590,0
522608,865560,125,0.978960,0
522080,865560,125,0.978997,0
525904,865560,125,0.987057,0
524872,865560,125,0.987101,0
527264,865560,125,0.987077,0
526208,865560,126,0.987120,0
527536,865560,126,0.987064,0
529768,865560,126,0.986997,0
525944,865560,126,0.978564,0
526776,865560,126,0.981251,0
524784,865560,125,0.969021,0
527688,865560,125,0.977971,0
523808,865560,124,0.974904,0
520792,865560,124,0.975140,0
517104,865560,125,0.975417,0
513168,865560,126,0.975707,0
515856,865560,126,0.978764,0
512256,865560,126,0.978995,0
514448,865560,126,0.979959,0
511560,865560,127,0.980132,0
509104,865560,127,0.980279,0
511912,865560,127,0.980993,0
514960,865560,127,0.981923,0
516016,865560,127,0.982491,0
512264,865560,127,0.978965,0
513808,865560,127,0.982607,0
512952,865560,128,0.982651,0
512296,865560,129,0.982685,0
514624,865560,129,0.983596,0
517832,865560,129,0.983652,0
515752,865560,129,0.983757,0
515856,865560,129,0.984209,0
516016,865560,129,0.984827,0
516472,865560,129,0.985167,0
515968,865560,129,0.985191,0
513680,865560,129,0.985295,0
516272,865560,129,0.985492,0
514200,865560,129,0.985585,0
512936,865560,130,0.985639,0
512952,865560,130,0.985828,0
513672,865560,130,0.986443,0
511344,865560,129,0.974487,0
512672,865560,129,0.978496,0
508680,865560,128,0.977976,0
512200,865560,128,0.978530,0
513000,865560,128,0.981013,0
510112,865560,128,0.981179,0
512592,865560,128,0.981586,0
511896,865560,128,0.981627,0
509768,865560,128,0.981746,0
511184,865560,128,0.983166,0
514176,865560,128,0.985896,0
511552,865560,128,0.983386,0
509496,865560,128,0.983490,0
513320,865560,128,0.983945,0
509544,865560,127,0.971527,0
508464,865560,126,0.971626,0
504776,865560,125,0.971939,0
505112,865560,125,0.973030,0
502688,865560,125,0.973223,0
504128,865560,125,0.973760,0
502064,865560,125,0.973920,0
502920,865560,125,0.976476,0
501944,865560,125,0.976545,0
503960,865560,125,0.977453,0
504296,865560,125,0.978547,0
508152,865560,125,0.981484,0
510072,865560,125,0.981803,0
506584,865560,124,0.965538,0
509192,865560,124,0.973123,0
509096,865560,125,0.973130,0
506288,865560,125,0.973355,0
509776,865560,125,0.980234,0
508552,865560,124,0.975802,0
511376,865560,124,0.980142,0
515040,865560,124,0.981534,0
514224,865560,124,0.981582,0
517512,865560,124,0.981686,0
514144,865560,124,0.981874,0
511128,865560,124,0.982039,0
509608,865560,123,0.976135,0
505608,865560,123,0.976418,0
509032,865560,123,0.981068,0
509872,865560,123,0.982109,0
511632,865560,123,0.983466,0
513152,865560,123,0.983484,0
509504,865560,124,0.983662,0
506288,865560,124,0.974813,0
504624,865560,124,0.974939,0
503576,865560,124,0.975019,0
505360,865560,124,0.978860,0
507960,865560,124,0.980086,0
508824,865560,124,0.982726,0
510256,865560,124,0.984027,0
509920,865560,125,0.984043,0
509024,865560,126,0.984085,0
510664,865560,126,0.984457,0
508872,865560,126,0.984541,0
509576,865560,126,0.984862,0
506784,865560,125,0.967773,0
510224,865560,125,0.977787,0
511584,865560,125,0.981888,0
508376,865560,125,0.982062,0
507512,865560,126,0.982108,0
504384,865560,126,0.982273,0
501968,865560,126,0.982400,0
504000,865560,126,0.983435,0
504344,865560,126,0.984092,0
503288,865560,127,0.984141,0
504144,865560,127,0.984566,0
507384,865560,127,0.984699,0
507696,865560,127,0.984942,0
504248,865560,127,0.979147,0
506752,865560,127,0.984983,0
506648,865560,128,0.984988,0
505024,865560,129,0.985059,0
508136,865560,129,0.985250,0
510104,865560,129,0.985637,0
509248,865560,128,0.981677,0
510776,865560,128,0.985610,0
509536,865560,128,0.985665,0
509936,865560,128,0.986073,0
509736,865560,129,0.986081,0
512880,865560,129,0.986188,0
511840,865560,130,0.986231,0
513512,865560,130,0.986208,0
510704,865560,130,0.980926,0
508560,865560,129,0.981052,0
506680,865560,128,0.980786,0
510616,865560,128,0.980939,0
508520,865560,129,0.981057,0
506408,865560,129,0.981177,0
504880,865560,130,0.981261,0
507688,865560,130,0.982329,0
509192,865560,130,0.984875,0
510664,865560,130,0.986328,0
513288,865560,130,0.986243,0
510960,865560,129,0.972018,0
509664,865560,129,0.972129,0
511112,865560,129,0.976457,0
512016,865560,129,0.979231,0
515776,865560,129,0.984425,0
512088,865560,129,0.976671,0
515312,865560,129,0.984447,0
511856,865560,128,0.966122,0
507768,865560,127,0.966539,0
506464,865560,127,0.966672,0
503840,865560,127,0.966931,0
506880,865560,127,0.970391,0
503832,865560,128,0.970654,0
505576,865560,128,0.975745,0
503824,865560,129,0.975868,0
505520,865560,129,0.975792,0
509264,865560,129,0.980587,0
511824,865560,129,0.980483,0
509280,865560,130,0.980630,0
512688,865560,130,0.984569,0
508824,865560,130,0.976329,0
512048,865560,130,0.984598,0
514576,865560,130,0.985755,0
513064,865560,130,0.985821,0
511888,865560,129,0.985875,0
513952,865560,129,0.986217,0
512304,865560,128,0.978001,0
510136,865560,127,0.977769,0
510856,865560,127,0.978099,0
512296,865560,127,0.979912,0
515192,865560,127,0.982288,0
515136,865560,128,0.982291,0
511896,865560,127,0.968489,0
511952,865560,127,0.968790,0
513072,865560,127,0.972176,0
509848,865560,127,0.972446,0
506344,865560,126,0.972737,0
504704,865560,126,0.972871,0
504976,865560,126,0.973781,0
503984,865560,126,0.973860,0
505640,865560,126,0.975228,0
506232,865560,126,0.977058,0
504688,865560,127,0.977162,0
505488,865560,127,0.977129,0
508880,865560,127,0.978504,0
507416,865560,126,0.978603,0
507304,865560,127,0.978610,0
506632,865560,127,0.978655,0
508088,865560,127,0.979433,0
507544,865560,127,0.979469,0
508792,865560,127,0.980667,0
509120,865560,127,0.981757,0
511968,865560,127,0.982459,0
511904,865560,126,0.981871,0
513088,865560,126,0.982402,0
511968,865560,126,0.982464,0
511248,865560,126,0.982504,0
514984,865560,126,0.982642,0
512272,865560,127,0.982782,0
508984,865560,127,0.981864,0
505176,865560,127,0.982069,0
507560,865560,127,0.982811,0
506520,865560,127,0.982866,0
507048,865560,127,0.983049,0
504448,865560,127,0.978911,0
505752,865560,127,0.982785,0
504736,865560,127,0.982839,0
504336,865560,127,0.982861,0
507936,865560,127,0.983007,0
507832,865560,126,0.983017,0
511496,865560,126,0.983091,0
514336,865560,126,0.983641,0
512976,865560,127,0.983708,0
510784,865560,128,0.983814,0
511672,865560,128,0.983959,0
508168,865560,127,0.977880,0
504776,865560,126,0.965454,0
506600,865560,126,0.970757,0
506016,865560,127,0.970807,0
505488,865560,127,0.970856,0
505392,865560,128,0.970864,0
508648,865560,128,0.977852,0
508376,865560,128,0.977873,0
507000,865560,127,0.977969,0
510056,865560,127,0.980255,0
508888,865560,128,0.980323,0
510088,865560,128,0.982692,0
510152,865560,128,0.982853,0
513128,865560,128,0.982865,0
514080,865560,128,0.983750,0
514320,865560,128,0.983832,0
515736,865560,128,0.984533,0
515280,865560,128,0.984556,0
516464,865560,128,0.984813,0
518384,865560,128,0.985257,0
514536,865560,127,0.973869,0
517512,865560,127,0.982800,0
515640,865560,126,0.976969,0
518440,865560,126,0.982754,0
521560,865560,126,0.985116,0
524312,865560,126,0.985011,0
522176,865560,126,0.980584,0
522304,865560,126,0.981115,0
521600,865560,125,0.977355,0
519608,865560,125,0.977496,0
515944,865560,125,0.977748,0
519648,865560,125,0.981277,0
520224,865560,125,0.982366,0
521200,865560,125,0.983096,0
520592,865560,124,0.983132,0
520016,865560,124,0.981258,0
523112,865560,124,0.985074,0
526136,865560,124,0.985080,0
523608,865560,124,0.984062,0
526624,865560,124,0.985057,0
525736,865560,124,0.984429,0
523000,865560,123,0.966936,0
523824,865560,123,0.969542,0
524064,865560,123,0.970406,0
521008,865560,122,0.970691,0
519080,865560,122,0.970868,0
521416,865560,122,0.973305,0
520616,865560,123,0.973370,0
518976,865560,124,0.973503,0
521024,865560,124,0.977990,0
519568,865560,125,0.978087,0
516112,865560,125,0.978319,0
519600,865560,125,0.979842,0
516456,865560,126,0.980034,0
513432,865560,126,0.980217,0
515712,865560,126,0.983021,0
513952,865560,127,0.983111,0
514048,865560,127,0.983535,0
517200,865560,127,0.984830,0
521232,865560,127,0.985155,0
520040,865560,127,0.985211,0
516248,865560,127,0.974124,0
514016,865560,126,0.974017,0
510768,865560,127,0.974268,0
510936,865560,127,0.974536,0
508248,865560,126,0.974745,0
506560,865560,126,0.974874,0
504888,865560,125,0.975004,0
506024,865560,125,0.975268,0
503888,865560,125,0.975425,0
505776,865560,125,0.978399,0
505440,865560,126,0.978420,0
504760,865560,125,0.972287,0
501504,865560,126,0.972548,0
502128,865560,126,0.974439,0
502904,865560,126,0.976768,0
499928,865560,126,0.976971,0
498456,865560,126,0.977071,0
501920,865560,126,0.978643,0
499192,865560,126,0.978147,0
495640,865560,126,0.978371,0
494288,865560,126,0.978456,0
496928,865560,126,0.978337,0
499344,865560,126,0.978804,0
497672,865560,125,0.978911,0
494656,865560,124,0.970468,0
496872,865560,124,0.976728,0
494072,865560,125,0.976912,0
498112,865560,125,0.978884,0
501648,865560,125,0.981116,0
502200,865560,125,0.981152,0
503176,865560,125,0.981607,0
501392,865560,126,0.981702,0
501080,865560,126,0.981721,0
499640,865560,125,0.981801,0
499784,865560,125,0.982205,0
495752,865560,125,0.982411,0
494560,865560,125,0.982473,0
497480,865560,125,0.982462,0
495448,865560,125,0.982565,0
495992,865560,125,0.983127,0
498024,865560,125,0.983873,0
494128,865560,125,0.979190,0
492928,865560,125,0.979263,0
494552,865560,125,0.983898,0
493224,865560,125,0.983960,0
494584,865560,125,0.984032,0
493400,865560,125,0.984088,0
494760,865560,125,0.984274,0
495664,865560,125,0.984413,0
498928,865560,125,0.985274,0
497184,865560,126,0.985347,0
496024,865560,126,0.985398,0
495896,865560,126,0.985405,0
497480,865560,126,0.985360,0
494976,865560,125,0.968532,0
492928,865560,126,0.968714,0
496816,865560,126,0.979577,0
496272,865560,127,0.979609,0
496112,865560,127,0.979621,0
496496,865560,127,0.980826,0
499272,865560,127,0.985285,0
502432,865560,127,0.985495,0
503168,865560,127,0.985625,0
503256,865560,127,0.985689,0
501192,865560,126,0.984670,0
500808,865560,127,0.984687,0
498568,865560,127,0.984787,0
500176,865560,127,0.985636,0
503080,865560,127,0.985698,0
501832,865560,127,0.985752,0
501936,865560,127,0.986070,0
500520,865560,126,0.981062,0
497912,865560,126,0.981205,0
498288,865560,126,0.981686,0
496784,865560,126,0.981767,0
496440,865560,127,0.981785,0
495848,865560,127,0.981818,0
492440,865560,127,0.980217,0
492288,865560,127,0.980228,0
492000,865560,126,0.980249,0
495304,865560,126,0.981854,0
492440,865560,125,0.980430,0
495272,865560,125,0.981858,0
493616,865560,126,0.981943,0
495416,865560,126,0.982551,0
496248,865560,126,0.982940,0
498408,865560,126,0.983336,0
502144,865560,126,0.984750,0
502784,865560,126,0.986041,0
499024,865560,127,0.986192,0
499536,865560,127,0.986284,0
501384,865560,127,0.986302,0
502312,865560,127,0.986703,0
506232,865560,127,0.986572,0
509136,865560,127,0.986549,0
507824,865560,127,0.986603,0
510448,865560,127,0.986497,0
509472,865560,128,0.986536,0
512056,865560,128,0.986550,0
508136,865560,128,0.986471,0
512000,865560,128,0.986552,0
513216,865560,128,0.986525,0
511448,865560,128,0.986598,0
512248,865560,128,0.986588,0
515000,865560,128,0.986523,0
513552,865560,129,0.986581,0
515864,865560,129,0.986727,0
516584,865560,129,0.986769,0
516896,865560,129,0.986876,0
513592,865560,129,0.978929,0
512328,865560,128,0.979014,0
512184,865560,128,0.979026,0
508424,865560,128,0.978436,0
510776,865560,128,0.979114,0
509608,865560,127,0.979192,0
510448,865560,127,0.981772,0
513360,865560,127,0.985298,0
517280,865560,127,0.985436,0
518816,865560,127,0.986803,0
522272,865560,127,0.986734,0
523040,865560,127,0.986775,0
525552,865560,127,0.986695,0
526904,865560,127,0.986636,0
525624,865560,128,0.986690,0
525544,865560,127,0.985677,0
522704,865560,126,0.973930,0
523952,865560,126,0.977833,0
525496,865560,126,0.982671,0
523456,865560,126,0.982783,0
519976,865560,126,0.982577,0
520856,865560,126,0.982920,0
519448,865560,126,0.982996,0
523528,865560,126,0.983249,0
524192,865560,126,0.985217,0
526888,865560,126,0.985290,0
526056,865560,127,0.985329,0
529080,865560,127,0.985514,0
524984,865560,126,0.977387,0
527784,865560,126,0.985575,0
525744,865560,126,0.982633,0
526232,865560,126,0.984274,0
525992,865560,126,0.984288,0
525904,865560,127,0.984292,0
529192,865560,127,0.985511,0
525232,865560,126,0.971883,0
526944,865560,126,0.977223,0
525504,865560,126,0.977329,0
527864,865560,126,0.984697,0
527400,865560,126,0.984721,0
528368,865560,126,0.985551,0
528776,865560,126,0.986057,0
528000,865560,127,0.986091,0
527672,865560,127,0.986108,0
529648,865560,127,0.986523,0
527632,865560,127,0.986610,0
527560,865560,128,0.986613,0
524864,865560,128,0.985189,0
526704,865560,128,0.986649,0
523728,865560,128,0.977626,0
526936,865560,128,0.986639,0
527816,865560,128,0.986675,0
530440,865560,128,0.986639,0
533160,865560,128,0.986546,0
530144,865560,128,0.981554,0
528080,865560,128,0.980623,0
530280,865560,128,0.981546,0
533544,865560,128,0.986530,0
531224,865560,128,0.986631,0
530504,865560,127,0.980554,0
529552,865560,128,0.980612,0
528672,865560,128,0.980668,0
530752,865560,128,0.986478,0
527400,865560,128,0.977494,0
531056,865560,128,0.986465,0
529696,865560,129,0.986523,0
531240,865560,129,0.986632,0
532648,865560,129,0.986621,0
531024,865560,130,0.986690,0
533072,865560,130,0.986728,0
535200,865560,130,0.986687,0
539104,865560,130,0.986516,0
538104,865560,129,0.979678,0
541048,865560,129,0.986433,0
540560,865560,129,0.986457,0
536792,865560,130,0.986621,0
535688,865560,129,0.976709,0
537872,865560,129,0.983757,0
539040,865560,129,0.986523,0
540664,865560,129,0.986685,0
540648,865560,129,0.986688,0
539088,865560,129,0.984446,0
541952,865560,129,0.986631,0
543120,865560,129,0.986604,0
542632,865560,130,0.986625,0
543448,865560,130,0.986719,0
540040,865560,130,0.978687,0
542760,865560,130,0.986749,0
541944,865560,130,0.986655,0
542088,865560,130,0.986778,0
539840,865560,130,0.981982,0
541496,865560,130,0.986804,0
541088,865560,131,0.986821,0
540816,865560,131,0.986835,0
537664,865560,132,0.986969,0
533584,865560,132,0.982216,0
533856,865560,132,0.983220,0
532608,865560,133,0.983286,0
530152,865560,134,0.983416,0
533648,865560,134,0.987134,0
532296,865560,134,0.986403,0
533224,865560,134,0.987151,0
536368,865560,134,0.987071,0
539552,865560,134,0.987039,0
541712,865560,134,0.986945,0
540576,865560,134,0.986996,0
543144,865560,134,0.986936,0
542320,865560,134,0.985661,0
538736,865560,134,0.975656,0
534936,865560,134,0.975956,0
537712,865560,134,0.980729,0
533968,865560,134,0.980962,0
535840,865560,134,0.981282,0
536816,865560,134,0.984522,0
534176,865560,134,0.978824,0
533272,865560,134,0.978888,0
536208,865560,134,0.984555,0
533376,865560,135,0.984694,0
536448,865560,135,0.984927,0
532688,865560,134,0.969078,0
531720,865560,135,0.969173,0
534152,865560,135,0.976857,0
531736,865560,135,0.977037,0
531872,865560,135,0.977608,0
528408,865560,135,0.977855,0
532232,865560,135,0.981242,0
529272,865560,135,0.981420,0
527616,865560,135,0.981519,0
528328,865560,135,0.983860,0
526304,865560,135,0.983964,0
526576,865560,135,0.984946,0
527480,865560,135,0.985327,0
528440,865560,135,0.985306,0
525872,865560,134,0.973048,0
522488,865560,134,0.973333,0
524272,865560,134,0.977692,0
525888,865560,134,0.978748,0
524456,865560,134,0.978845,0
524832,865560,134,0.980134,0
525968,865560,134,0.982752,0
526008,865560,134,0.983022,0
524576,865560,134,0.983100,0
528392,865560,134,0.983623,0
529640,865560,134,0.985246,0
529032,865560,134,0.985276,0
530216,865560,134,0.986204,0
528328,865560,135,0.986286,0
530256,865560,135,0.986453,0
527032,865560,135,0.986592,0
524408,865560,135,0.986703,0
526040,865560,135,0.986733,0
522264,865560,134,0.977257,0
522432,865560,134,0.977908,0
524704,865560,134,0.984950,0
521320,865560,134,0.982775,0
520808,865560,133,0.975596,0
522880,865560,133,0.981978,0
523544,865560,133,0.982656,0
521464,865560,132,0.982772,0
519840,865560,131,0.974404,0
523656,865560,131,0.982658,0
527056,865560,131,0.982546,0
525448,865560,131,0.982636,0
524864,865560,130,0.980786,0
528848,865560,130,0.982453,0
525360,865560,130,0.977673,0
526944,865560,130,0.982557,0
530280,865560,130,0.982472,0
527232,865560,131,0.982639,0
524752,865560,131,0.980318,0
521624,865560,131,0.980510,0
524944,865560,131,0.982765,0
524224,865560,130,0.978201,0
520480,865560,131,0.978451,0
520952,865560,131,0.980011,0
520152,865560,131,0.980063,0
523280,865560,131,0.982856,0
524280,865560,131,0.983346,0
521544,865560,130,0.979240,0
524336,865560,130,0.983345,0
526816,865560,130,0.984862,0
529488,865560,130,0.984909,0
528768,865560,131,0.984943,0
531704,865560,131,0.985689,0
528792,865560,132,0.985820,0
530608,865560,132,0.985762,0
528688,865560,133,0.985848,0
531568,865560,133,0.985767,0
530240,865560,133,0.985829,0
531088,865560,133,0.987207,0
529248,865560,133,0.984966,0
527064,865560,133,0.983171,0
531088,865560,133,0.984879,0
527264,865560,133,0.977931,0
526096,865560,132,0.978018,0
523760,865560,132,0.978180,0
527104,865560,132,0.980049,0
524720,865560,132,0.980199,0
527784,865560,132,0.980858,0
530808,865560,132,0.984897,0
534000,865560,132,0.987092,0
534384,865560,132,0.987305,0
534360,865560,132,0.987307,0
530728,865560,132,0.980474,0
527784,865560,132,0.980332,0
531616,865560,132,0.980420,0
528192,865560,133,0.980630,0
531360,865560,133,0.987428,0
531752,865560,133,0.987461,0
533632,865560,133,0.987486,0
532304,865560,132,0.979611,0
535832,865560,132,0.987400,0
533320,865560,132,0.981585,0
531704,865560,133,0.981680,0
533896,865560,133,0.987478,0
534752,865560,133,0.987441,0
531680,865560,133,0.984774,0
532960,865560,133,0.987513,0
532336,865560,133,0.987540,0
534168,865560,133,0.987465,0
530376,865560,133,0.981425,0
529520,865560,133,0.981478,0
531880,865560,133,0.987558,0
534416,865560,133,0.987480,0
530712,865560,134,0.987627,0
531096,865560,134,0.987712,0
528936,865560,134,0.981129,0
530184,865560,134,0.985145,0
529912,865560,135,0.985158,0
530840,865560,135,0.987720,0
529320,865560,136,0.987778,0
530184,865560,136,0.987769,0
527912,865560,137,0.987856,0
530840,865560,137,0.987741,0
529024,865560,137,0.985799,0
530136,865560,137,0.987769,0
527200,865560,137,0.985004,0
524224,865560,137,0.985144,0
522016,865560,137,0.985247,0
521352,865560,136,0.980982,0
519816,865560,135,0.977361,0
523056,865560,135,0.980885,0
525464,865560,135,0.985094,0
526264,865560,135,0.986801,0
530272,865560,135,0.986985,0
532304,865560,135,0.987459,0
531920,865560,136,0.987474,0
529488,865560,137,0.987570,0
529112,865560,138,0.987585,0
531656,865560,138,0.987711,0
530888,865560,137,0.987745,0
532040,865560,137,0.987724,0
528744,865560,136,0.978903,0
528432,865560,136,0.978926,0
532256,865560,136,0.987719,0
535784,865560,136,0.987604,0
538960,865560,136,0.987552,0
542552,865560,136,0.987429,0
541080,865560,136,0.983278,0
538056,865560,136,0.980206,0
536808,865560,136,0.980289,0
539232,865560,136,0.983381,0
536824,865560,136,0.980030,0
532816,865560,136,0.980288,0
534512,865560,136,0.982303,0
533584,865560,135,0.967198,0
534640,865560,135,0.970618,0
537520,865560,135,0.979804,0
539456,865560,135,0.983369,0
540696,865560,135,0.985469,0
537408,865560,135,0.978645,0
540784,865560,135,0.985464,0
536920,865560,134,0.982424,0
534016,865560,134,0.979471,0
535696,865560,134,0.982493,0
535888,865560,134,0.983251,0
535512,865560,134,0.983274,0
532176,865560,135,0.983452,0
535736,865560,135,0.984905,0
537160,865560,135,0.985635,0
534224,865560,135,0.978811,0
531888,865560,136,0.978968,0
533384,865560,136,0.983791,0
529360,865560,137,0.983997,0
533032,865560,137,0.985821,0
534504,865560,137,0.986342,0
531944,865560,138,0.986453,0
533224,865560,138,0.987161,0
531400,865560,138,0.987237,0
530544,865560,138,0.985756,0
530160,865560,137,0.978350,0
532000,865560,137,0.984218,0
529152,865560,136,0.968376,0
531776,865560,136,0.976589,0
533288,865560,136,0.981448,0
533592,865560,136,0.982552,0
529728,865560,135,0.974570,0
532688,865560,135,0.982604,0
530064,865560,136,0.982749,0
527984,865560,136,0.982864,0
527600,865560,136,0.982887,0
528440,865560,136,0.983317,0
530896,865560,136,0.983995,0
529200,865560,136,0.984083,0
528560,865560,136,0.984117,0
527344,865560,136,0.984180,0
529656,865560,136,0.984340,0
529792,865560,136,0.984911,0
533032,865560,136,0.985390,0
536152,865560,136,0.985267,0
533112,865560,135,0.967539,0
533176,865560,135,0.967884,0
530416,865560,134,0.968174,0
533520,865560,134,0.973599,0
531064,865560,134,0.973808,0
528248,865560,134,0.974044,0
524392,865560,134,0.974358,0
522320,865560,135,0.974521,0
521200,865560,136,0.974609,0
523752,865560,136,0.978588,0
523880,865560,136,0.979121,0
525328,865560,136,0.980990,0
526888,865560,136,0.982270,0
528744,865560,136,0.983296,0
525840,865560,135,0.979514,0
528680,865560,135,0.983301,0
525920,865560,135,0.983448,0
521936,865560,135,0.980945,0
519656,865560,135,0.981080,0
517976,865560,136,0.981177,0
517000,865560,136,0.981235,0
515064,865560,137,0.981345,0
516272,865560,137,0.983935,0
520264,865560,137,0.983933,0
518968,865560,137,0.983998,0
521856,865560,137,0.984691,0
524216,865560,137,0.984700,0
526752,865560,137,0.984577,0
528648,865560,137,0.985614,0
524976,865560,137,0.977925,0
528232,865560,137,0.985633,0
526824,865560,137,0.985699,0
530440,865560,137,0.985735,0
527000,865560,138,0.985889,0
530776,865560,138,0.985743,0
532816,865560,138,0.985648,0
530008,865560,138,0.985778,0
530304,865560,138,0.986167,0
528992,865560,138,0.982424,0
526568,865560,138,0.980910,0
525744,865560,139,0.980960,0
527208,865560,139,0.982522,0
525696,865560,139,0.982607,0
528352,865560,139,0.985550,0
528832,865560,139,0.986231,0
531128,865560,139,0.986357,0
528136,865560,138,0.980889,0
528544,865560,138,0.982295,0
525288,865560,138,0.977897,0
528400,865560,138,0.982303,0
525864,865560,138,0.982446,0
529304,865560,138,0.984446,0
525472,865560,138,0.980450,0
525600,865560,138,0.980987,0
524744,865560,138,0.981041,0
528232,865560,138,0.984498,0
525344,865560,138,0.983669,0
524064,865560,137,0.980640,0
525096,865560,137,0.983684,0
521656,865560,137,0.982678,0
522280,865560,137,0.983826,0
523808,865560,137,0.983994,0
523152,865560,136,0.984032,0
521712,865560,136,0.984105,0
524504,865560,136,0.984064,0
527440,865560,136,0.984466,0
526880,865560,135,0.982223,0
530624,865560,135,0.984312,0
528232,865560,134,0.979087,0
531160,865560,134,0.984288,0
529128,865560,135,0.984388,0
528288,865560,135,0.984432,0
528152,865560,135,0.984441,0
530952,865560,135,0.984377,0
529704,865560,136,0.984438,0
530232,865560,136,0.985067,0
532240,865560,136,0.985020,0
534696,865560,136,0.986028,0
533768,865560,136,0.986071,0
537816,865560,136,0.986068,0
534256,865560,136,0.983336,0
534936,865560,136,0.985632,0
533408,865560,136,0.983254,0
534960,865560,136,0.985631,0
532240,865560,135,0.979682,0
532176,865560,135,0.979689,0
528472,865560,135,0.978874,0
529600,865560,135,0.979854,0
530904,865560,135,0.982427,0
534216,865560,135,0.983876,0
531592,865560,136,0.984010,0
534424,865560,136,0.985656,0
531368,865560,136,0.978239,0
528184,865560,135,0.978463,0
524088,865560,134,0.978742,0
526024,865560,134,0.980929,0
529072,865560,134,0.983110,0
529176,865560,134,0.983580,0
527248,865560,134,0.983682,0
529576,865560,134,0.984618,0
527568,865560,134,0.984718,0
530416,865560,134,0.985058,0
528440,865560,134,0.985153,0
532368,865560,134,0.985754,0
529160,865560,134,0.982148,0
529344,865560,134,0.982866,0
526720,865560,134,0.983009,0
525304,865560,133,0.973340,0
522368,865560,132,0.973589,0
526032,865560,132,0.975676,0
526504,865560,132,0.977259,0
523384,865560,132,0.977482,0
520840,865560,132,0.977661,0
523048,865560,132,0.983209,0
522312,865560,133,0.983247,0
525568,865560,133,0.984344,0
521976,865560,133,0.984520,0
522520,865560,133,0.985009,0
525152,865560,133,0.985754,0
522560,865560,133,0.985870,0
519520,865560,132,0.979387,0
518072,865560,131,0.976542,0
515272,865560,132,0.976740,0
517560,865560,132,0.979513,0
520544,865560,132,0.983512,0
523168,865560,132,0.985846,0
521696,865560,132,0.985912,0
523592,865560,132,0.985926,0
523864,865560,132,0.986036,0
527376,865560,132,0.985981,0
524344,865560,132,0.986115,0
526672,865560,132,0.986136,0
523680,865560,132,0.981986,0
523384,865560,131,0.967945,0
519960,865560,131,0.968285,0
523800,865560,131,0.977407,0
527064,865560,131,0.979723,0
527144,865560,131,0.980115,0
525096,865560,131,0.980245,0
521360,865560,131,0.980474,0
525344,865560,131,0.981224,0
527432,865560,131,0.983477,0
524896,865560,131,0.983609,0
524952,865560,131,0.983927,0
522200,865560,131,0.984066,0
524592,865560,131,0.984962,0
520848,865560,131,0.982562,0
517024,865560,131,0.980052,0
514216,865560,131,0.980223,0
517584,865560,131,0.982737,0
521184,865560,131,0.985122,0
524032,865560,131,0.986252,0
521288,865560,130,0.974732,0
523536,865560,130,0.981650,0
522632,865560,130,0.981704,0
523496,865560,130,0.983755,0
521360,865560,130,0.983863,0
519816,865560,131,0.983940,0
523816,865560,131,0.984456,0
521456,865560,130,0.975190,0
522200,865560,130,0.977567,0
518360,865560,131,0.977829,0
519200,865560,131,0.980478,0
520176,865560,131,0.983550,0
516680,865560,131,0.983726,0
519520,865560,131,0.983949,0
517272,865560,131,0.984061,0
514248,865560,132,0.984206,0
515592,865560,132,0.984840,0
517272,865560,132,0.984760,0
515992,865560,132,0.984821,0
516176,865560,132,0.985512,0
513816,865560,131,0.973999,0
514832,865560,131,0.977119,0
513280,865560,131,0.977229,0
515344,865560,131,0.983452,0
513984,865560,130,0.979225,0
511312,865560,130,0.979393,0
512048,865560,130,0.981685,0
512528,865560,130,0.983235,0
510088,865560,129,0.978471,0
510696,865560,129,0.980380,0
508760,865560,129,0.980495,0
505920,865560,128,0.974779,0
505736,865560,129,0.974793,0
508960,865560,129,0.980486,0
508280,865560,130,0.980525,0
508432,865560,130,0.981104,0
508784,865560,130,0.982264,0
512176,865560,130,0.983253,0
508984,865560,130,0.983413,0
505312,865560,130,0.983594,0
508720,865560,130,0.983781,0
506888,865560,131,0.983868,0
508096,865560,131,0.984257,0
512192,865560,131,0.984325,0
512128,865560,131,0.984330,0
511520,865560,132,0.984358,0
509480,865560,132,0.984455,0
511808,865560,132,0.984846,0
514936,865560,132,0.984966,0
518592,865560,132,0.985406,0
517968,865560,132,0.985435,0
516288,865560,131,0.977146,0
518936,865560,131,0.985175,0
520544,865560,131,0.985320,0
516472,865560,130,0.968373,0
515632,865560,131,0.968454,0
517624,865560,131,0.974451,0
515296,865560,132,0.974630,0
511696,865560,133,0.974903,0
512136,865560,133,0.976324,0
512512,865560,133,0.977561,0
513872,865560,133,0.981695,0
510552,865560,134,0.981875,0
507144,865560,134,0.982060,0
510408,865560,134,0.983333,0
507280,865560,133,0.979182,0
505480,865560,133,0.979295,0
502368,865560,132,0.975473,0
500168,865560,132,0.975632,0
502128,865560,132,0.979501,0
504840,865560,132,0.981159,0
508088,865560,132,0.982770,0
510632,865560,132,0.983327,0
512776,865560,132,0.983266,0
510920,865560,132,0.983122,0
510080,865560,131,0.976593,0
509536,865560,132,0.976631,0
508112,865560,131,0.976736,0
504296,865560,132,0.976995,0
502712,865560,132,0.977104,0
500424,865560,132,0.977258,0
504144,865560,132,0.977405,0
507288,865560,132,0.983312,0
510752,865560,132,0.983376,0
508440,865560,131,0.974261,0
510824,865560,131,0.981305,0
510024,865560,130,0.977393,0
506208,865560,130,0.977650,0
507800,865560,130,0.979639,0
510416,865560,130,0.981331,0
513088,865560,130,0.982089,0
515984,865560,130,0.983113,0
518032,865560,130,0.985437,0
521040,865560,130,0.985349,0
517512,865560,130,0.978226,0
513472,865560,131,0.978490,0
516224,865560,131,0.985563,0
516080,865560,132,0.985569,0
517080,865560,132,0.985863,0
519272,865560,132,0.986083,0
517712,865560,132,0.986151,0
518056,865560,132,0.986500,0
514280,865560,133,0.986653,0
517800,865560,133,0.986703,0
515472,865560,134,0.986796,0
514416,865560,135,0.986838,0
518256,865560,135,0.986707,0
520840,865560,135,0.986771,0
518208,865560,135,0.985199,0
518760,865560,135,0.986855,0
517896,865560,135,0.986891,0
521432,865560,135,0.986796,0
518888,865560,135,0.982193,0
519288,865560,135,0.983536,0
516904,865560,135,0.983657,0
513448,865560,135,0.983829,0
510728,865560,134,0.975994,0
508760,865560,134,0.976138,0
508592,865560,135,0.976149,0
511280,865560,135,0.983938,0
513320,865560,135,0.984006,0
510968,865560,136,0.984118,0
513952,865560,136,0.985150,0
518032,865560,136,0.985523,0
517680,865560,137,0.985539,0
515096,865560,137,0.985654,0
513136,865560,138,0.985738,0
510272,865560,137,0.973390,0
509088,865560,137,0.973487,0
512384,865560,137,0.983216,0
514656,865560,137,0.985675,0
515608,865560,137,0.985873,0
512288,865560,137,0.984748,0
513688,865560,137,0.985954,0
511360,865560,136,0.984483,0
513784,865560,136,0.985952,0
516232,865560,136,0.986790,0
515304,865560,135,0.986831,0
514920,865560,135,0.986848,0
512944,865560,136,0.986926,0
513008,865560,136,0.987041,0
515432,865560,136,0.987041,0
518200,865560,136,0.987027,0
517944,865560,136,0.987039,0
518800,865560,136,0.987028,0
518400,865560,137,0.987044,0
518744,865560,137,0.987053,0
515008,865560,137,0.977944,0
515448,865560,137,0.979384,0
516272,865560,137,0.981968,0
518064,865560,137,0.987076,0
520360,865560,137,0.987032,0
517880,865560,136,0.973367,0
516672,865560,136,0.973468,0
513424,865560,135,0.973734,0
510872,865560,136,0.973934,0
514224,865560,136,0.974581,0
515352,865560,136,0.978038,0
518616,865560,136,0.983667,0
520032,865560,136,0.986900,0
515936,865560,136,0.983872,0
515176,865560,136,0.983911,0
516880,865560,136,0.987027,0
518688,865560,136,0.987100,0
516064,865560,135,0.976250,0
514472,865560,136,0.976364,0
517072,865560,136,0.984205,0
518248,865560,136,0.987117,0
515120,865560,136,0.980342,0
514848,865560,137,0.980358,0
517952,865560,137,0.987129,0
521336,865560,137,0.986993,0
521240,865560,136,0.980415,0
518280,865560,137,0.980591,0
521688,865560,137,0.986981,0
519696,865560,138,0.987060,0
521696,865560,138,0.987126,0
523568,865560,138,0.987099,0
521088,865560,137,0.980814,0
517824,865560,137,0.981007,0
517784,865560,136,0.977004,0
513784,865560,136,0.977284,0
510952,865560,137,0.977475,0
514776,865560,137,0.978200,0
515128,865560,137,0.979380,0
514992,865560,138,0.979388,0
514040,865560,138,0.979450,0
517176,865560,138,0.981047,0
518008,865560,138,0.983673,0
520840,865560,138,0.984953,0
519032,865560,138,0.985038,0
521376,865560,138,0.985370,0
525072,865560,138,0.986693,0
521456,865560,137,0.983205,0
525392,865560,137,0.986681,0
523032,865560,137,0.986780,0
525008,865560,137,0.987045,0
525528,865560,137,0.987172,0
524568,865560,136,0.979120,0
522872,865560,136,0.979233,0
524128,865560,136,0.983190,0
523752,865560,137,0.983210,0
525208,865560,137,0.983206,0
527696,865560,137,0.987085,0
525192,865560,137,0.981888,0
525256,865560,137,0.982230,0
523048,865560,138,0.982351,0
521504,865560,137,0.982440,0
524840,865560,137,0.987201,0
524776,865560,138,0.987204,0
522000,865560,137,0.977934,0
523144,865560,137,0.981535,0
520432,865560,138,0.981689,0
522688,865560,138,0.987286,0
524720,865560,138,0.987353,0
528320,865560,138,0.987309,0
524384,865560,138,0.980838,0
521224,865560,137,0.974764,0
520600,865560,137,0.974816,0
523648,865560,137,0.980888,0
526568,865560,137,0.984009,0
525456,865560,136,0.979887,0
526296,865560,136,0.982602,0
525440,865560,136,0.982651,0
527296,865560,136,0.983975,0
524232,865560,136,0.981302,0
526384,865560,136,0.984020,0
528512,865560,136,0.986601,0
527632,865560,136,0.986640,0
526784,865560,135,0.979457,0
527440,865560,135,0.981616,0
525696,865560,135,0.981718,0
527368,865560,135,0.986653,0
528904,865560,135,0.986939,0
528000,865560,135,0.986978,0
530704,865560,135,0.987219,0
529968,865560,136,0.987248,0
528728,865560,137,0.987298,0
532080,865560,137,0.987161,0
530128,865560,136,0.972871,0
527528,865560,135,0.972123,0
523624,865560,135,0.972464,0
524520,865560,135,0.973351,0
520696,865560,134,0.973157,0
521800,865560,134,0.973578,0
519328,865560,133,0.973785,0
522504,865560,133,0.975472,0
524344,865560,133,0.976420,0
527240,865560,133,0.980231,0
524064,865560,132,0.980431,0
526304,865560,132,0.981065,0
528736,865560,132,0.981345,0
527288,865560,133,0.981430,0
526456,865560,133,0.981481,0
527392,865560,133,0.983201,0
528864,865560,133,0.984429,0
526832,865560,133,0.984530,0
526672,865560,133,0.983891,0
530096,865560,133,0.985280,0
533120,865560,133,0.986104,0
530432,865560,134,0.986222,0
530560,865560,134,0.986771,0
526568,865560,135,0.986936,0
525112,865560,135,0.986997,0
524480,865560,134,0.987027,0
523376,865560,135,0.987071,0
521400,865560,135,0.986856,0
523696,865560,135,0.987058,0
526256,865560,135,0.987152,0
528024,865560,135,0.987330,0
527552,865560,135,0.987100,0
527896,865560,135,0.987335,0
530616,865560,135,0.987250,0
530552,865560,135,0.987254,0
527016,865560,134,0.977898,0
528640,865560,134,0.983035,0
531336,865560,134,0.987222,0
535424,869696,134,0.987222,0
534120,869696,134,0.987277,0
530720,869696,134,0.982494,0
529472,869696,133,0.980006,0
533320,869696,133,0.982354,0
535384,869696,133,0.987228,0
538832,869696,133,0.987213,0
535656,869696,134,0.987342,0
538688,869696,134,0.987243,0
538024,869696,134,0.987272,0
534912,869696,134,0.984211,0
538200,869696,134,0.987264,0
540912,869696,134,0.987151,0
540640,869696,133,0.985027,0
539640,869696,133,0.985078,0
543544,869696,133,0.986265,0
540280,869696,133,0.986411,0
538808,869696,132,0.969143,0
542680,869696,132,0.981458,0
546568,869696,132,0.986918,0
542488,869696,132,0.983983,0
544640,869696,132,0.987001,0
548376,869696,132,0.986865,0
545032,869696,131,0.972901,0
542200,869696,130,0.973158,0
543872,869696,130,0.977432,0
547792,869696,130,0.978324,0
544896,869696,130,0.978532,0
541024,869696,131,0.978800,0
543016,869696,131,0.985280,0
547024,869696,131,0.986688,0
546472,869696,132,0.986713,0
550488,869696,131,0.986773,32
549320,869696,130,0.981687,32
550800,869696,130,0.986682,32
547392,869696,130,0.979302,32
548256,869696,130,0.982250,32
544264,869696,130,0.982484,32
541472,869696,131,0.982642,32
538544,869696,130,0.982810,32
540744,869696,130,0.982891,32
544640,869696,130,0.983219,32
540816,869696,131,0.983426,32
539184,869696,130,0.981006,32
541584,869696,130,0.983388,32
539008,869696,130,0.983527,32
539272,869696,130,0.984511,32
536560,869696,130,0.984647,32
533976,869696,130,0.979354,32
537600,869696,130,0.984596,32
537880,869696,130,0.985116,32
538064,869696,130,0.985616,32
542160,869696,130,0.985656,32
540032,869696,129,0.970051,32
542728,869696,129,0.978681,32
538744,869696,129,0.978956,32
540640,869696,129,0.979520,32
537152,869696,129,0.979750,32
538824,869696,129,0.980458,32
535304,869696,129,0.980679,32
538704,869696,129,0.985151,32
537000,869696,129,0.983019,32
533896,869696,129,0.978323,32
537280,869696,129,0.983004,32
537152,869696,129,0.983013,32
540416,869696,129,0.985072,32
542112,869696,129,0.985013,32
538592,869696,128,0.970834,32
535056,869696,128,0.971164,32
534344,869696,128,0.971233,32
535480,869696,128,0.974874,32
537224,869696,128,0.980437,32
537576,869696,128,0.981687,32
534696,869696,128,0.981376,32
536424,869696,128,0.981754,32
536240,869696,129,0.981765,32
537376,869696,129,0.981772,32
536240,869696,130,0.981838,32
532848,869696,129,0.977515,32
529456,869696,129,0.977755,32
527616,869696,130,0.977882,32
528352,869696,130,0.980256,32
527320,869696,129,0.975189,32
524024,869696,130,0.975439,32
527208,869696,130,0.980328,32
526744,869696,129,0.978021,32
526944,869696,129,0.978769,32
530016,869696,129,0.980156,32
531408,869696,129,0.980242,32
533248,869696,129,0.982012,32
537216,869696,129,0.984279,32
534824,869696,130,0.984398,32
538824,869696,130,0.984605,32
537240,869696,129,0.984688,32
536032,869696,129,0.984749,32
532792,869696,128,0.965723,32
534408,869696,128,0.970794,32
536136,869696,128,0.976265,32
537320,869696,128,0.980096,32
534424,869696,127,0.968950,32
534808,869696,127,0.970272,32
533192,869696,128,0.970423,32
531128,869696,129,0.970614,32
534568,869696,129,0.980269,32
535616,869696,129,0.981240,32
533160,869696,128,0.976889,32
531696,869696,129,0.976995,32
530024,869696,130,0.977115,32
527728,869696,130,0.977281,32
523760,869696,130,0.977559,32
527048,869696,130,0.981744,32
529536,869696,130,0.982222,32
530696,869696,130,0.983927,32
532336,869696,130,0.984921,32
531808,869696,130,0.984948,32
529896,869696,129,0.980487,32
529624,869696,129,0.980507,32
530968,869696,129,0.984767,32
531192,869696,129,0.984979,32
534168,869696,129,0.985391,32
537336,869696,129,0.985267,32
536928,869696,128,0.977732,32
539776,869696,128,0.985154,32
535688,869696,128,0.978352,32
535384,869696,128,0.978376,32
536320,869696,128,0.981433,32
539024,869696,128,0.985189,32
535088,869696,127,0.972983,32
531744,869696,126,0.969044,32
529048,869696,126,0.969307,32
531864,869696,126,0.973263,32
528736,869696,126,0.973526,32
528512,869696,126,0.973549,32
527616,869696,126,0.973626,32
529472,869696,126,0.977121,32
532656,869696,126,0.977943,32
530984,869696,127,0.978058,32
528560,869696,126,0.972731,32
528176,869696,127,0.972764,32
527016,869696,127,0.972865,32
527040,869696,127,0.973081,32
525912,869696,127,0.973178,32
529008,869696,127,0.978199,32
529328,869696,127,0.979317,32
527240,869696,126,0.976126,32
527504,869696,126,0.977066,32
529200,869696,126,0.979325,32
532656,869696,126,0.979173,32
535376,869696,126,0.981901,32
537584,869696,126,0.981873,32
536688,869696,125,0.981930,32
538360,869696,125,0.982138,32
541776,869696,125,0.983592,32
541232,869696,124,0.976509,32
537632,869696,123,0.975434,32
539936,869696,123,0.976610,32
536560,869696,123,0.976864,32
540328,869696,123,0.979691,32
542944,869696,123,0.982627,32
540064,869696,123,0.978321,32
541368,869696,123,0.982586,32
538104,869696,123,0.982771,32
541960,869696,123,0.982682,32
539040,869696,123,0.982847,32
541344,869696,123,0.982794,32
539448,869696,123,0.980517,32
541976,869696,123,0.982759,32
541792,869696,124,0.982769,32
544552,869696,124,0.982690,32
544488,869696,124,0.982696,32
546904,869696,124,0.983318,32
545048,869696,124,0.981803,32
541352,869696,123,0.979833,32
543720,869696,123,0.981884,32
542360,869696,123,0.981967,32
544464,869696,123,0.983456,32
546296,869696,123,0.984009,32
543288,869696,123,0.984168,32
546632,869696,123,0.984700,32
543448,869696,124,0.984858,32
545864,869696,124,0.984893,32
545520,869696,125,0.984910,32
545640,869696,125,0.985085,32
544488,869696,126,0.985141,32
543968,869696,126,0.985169,32
545632,869696,126,0.985295,32
544456,869696,127,0.985351,32
544656,869696,127,0.985496,32
543816,869696,128,0.985536,32
544448,869696,128,0.985556,32
541224,869696,129,0.985706,32
544304,869696,129,0.985690,32
547296,869696,129,0.985916,32
544680,869696,130,0.986036,32
546288,869696,130,0.986065,32
543800,869696,130,0.980741,32
541376,869696,131,0.980891,32
543480,869696,131,0.986192,32
539560,869696,131,0.982928,32
535552,869696,131,0.983147,32
534080,869696,131,0.983228,32
537664,869696,131,0.985534,32
537536,869696,132,0.985540,32
535384,869696,131,0.970324,32
536472,869696,131,0.973825,32
540088,869696,131,0.985293,32
538192,869696,130,0.980277,32
535592,869696,130,0.980442,32
536200,869696,130,0.982483,32
534856,869696,129,0.971343,32
532080,869696,129,0.971596,32
530048,869696,130,0.971776,32
531408,869696,130,0.976051,32
530104,869696,131,0.976148,32
529184,869696,131,0.976220,32
529080,869696,131,0.976231,32
530416,869696,131,0.980440,32
534400,869696,131,0.980443,32
533096,869696,131,0.980526,32
531240,869696,132,0.980639,32
532192,869696,132,0.982709,32
528768,869696,132,0.982895,32
532512,869696,132,0.982892,32
534280,869696,132,0.983601,32
537872,869696,132,0.983538,32
541936,869696,132,0.985207,32
539120,869696,133,0.985341,32
538648,869696,133,0.985365,32
538720,869696,133,0.985488,32
538976,869696,133,0.985730,32
539592,869696,133,0.986367,32
541080,869696,133,0.986351,32
544440,869696,133,0.986904,32
542144,869696,133,0.982317,32
539072,869696,133,0.977931,32
537864,869696,133,0.978019,32
539096,869696,133,0.982031,32
540408,869696,133,0.982415,32
543136,869696,133,0.986206,32
540432,869696,133,0.981178,32
541024,869696,133,0.983203,32
540760,869696,134,0.983218,32
544352,869696,134,0.986149,32
546568,869696,134,0.986808,32
547808,869696,134,0.986884,32
544456,869696,134,0.977660,32
544600,869696,134,0.978273,32
543256,869696,135,0.978368,32
545736,869696,135,0.986473,32
543608,869696,135,0.986568,32
546736,869696,135,0.986928,32
546472,869696,135,0.986941,32
548320,869696,135,0.986886,32
547344,869696,136,0.986928,32
549064,869696,136,0.986852,32
545216,869696,135,0.970876,32
547624,869696,135,0.978739,32
543968,869696,134,0.976288,32
546312,869696,134,0.978833,32
544592,869696,134,0.978956,32
545432,869696,134,0.981801,32
543552,869696,133,0.977729,32
546344,869696,133,0.981749,32
545904,869696,132,0.981781,32
547248,869696,132,0.983910,32
547192,869696,132,0.983916,32
547384,869696,132,0.984693,32
544120,869696,132,0.976284,32
542336,869696,131,0.976429,32
540488,869696,131,0.976572,32
542864,869696,131,0.982979,32
544288,869696,131,0.984175,32
545920,869696,131,0.984769,32
542776,869696,131,0.984927,32
543616,869696,131,0.985169,32
540216,869696,130,0.980808,32
543776,869696,130,0.985164,32
541776,869696,130,0.982651,32
538392,869696,129,0.974739,32
541984,869696,129,0.982642,32
544888,869696,129,0.985112,32
541720,869696,129,0.985035,32
538264,869696,129,0.978710,32
537920,869696,128,0.974274,32
538944,869696,128,0.977617,32
540696,869696,128,0.978544,32
543984,869696,128,0.983102,32
543832,869696,128,0.983113,32
539912,869696,128,0.983328,32
536880,869696,127,0.980162,32
540400,869696,127,0.983304,32
542632,869696,127,0.984062,32
542672,869696,127,0.984343,32
539080,869696,127,0.983321,32
541232,869696,127,0.984415,32
537768,869696,126,0.979133,32
539400,869696,126,0.984407,32
537776,869696,127,0.984487,32
536384,869696,128,0.984556,32
532760,869696,128,0.979436,32
534904,869696,128,0.984628,32
531808,869696,129,0.984777,32
533256,869696,129,0.984806,32
537008,869696,129,0.985259,32
534600,869696,130,0.985371,32
534920,869696,130,0.985582,32
531736,869696,130,0.984801,32
530848,869696,129,0.975761,32
533728,869696,129,0.984708,32
534560,869696,129,0.984716,32
536728,869696,129,0.985499,32
536248,869696,129,0.985523,32
535592,869696,129,0.985555,32
532864,869696,129,0.982843,32
532544,869696,129,0.982862,32
535808,869696,129,0.985319,32
536592,869696,129,0.985509,32
535112,869696,129,0.985579,32
534248,869696,128,0.975988,32
538176,869696,128,0.985441,32
534272,869696,127,0.982497,32
531288,869696,127,0.976917,32
534576,869696,127,0.982480,32
538456,869696,127,0.985430,32
539912,869696,127,0.985925,32
542808,869696,127,0.986024,32
545392,869696,127,0.986060,32
544032,869696,128,0.986122,32
544424,869696,128,0.986415,32
543176,869696,127,0.986474,32
542344,869696,127,0.984286,32
545952,869696,127,0.986351,32
549496,869696,127,0.986401,32
546840,869696,127,0.986522,32
548904,869696,127,0.986586,32
546800,869696,127,0.986681,32
545104,869696,127,0.986757,32
545624,869696,127,0.986889,32
546704,869696,127,0.986972,32
543256,869696,127,0.985198,32
546248,869696,127,0.986992,32
544456,869696,127,0.985088,32
546096,869696,127,0.986998,32
545144,869696,128,0.987038,32
541904,869696,128,0.985599,32
539256,869696,128,0.982955,32
542688,869696,128,0.985562,32
545848,869696,128,0.987009,32
545008,869696,128,0.987046,32
543336,869696,128,0.985041,32
546144,869696,128,0.986998,32
546920,869696,128,0.986963,32
545520,869696,128,0.983362,32
548240,869696,128,0.986906,32
549912,869696,128,0.986911,32
546176,869696,128,0.975064,32
547344,869696,128,0.978966,32
544360,869696,127,0.978890,32
541560,869696,127,0.979084,32
539928,869696,127,0.979197,32
538760,869696,127,0.975671,32
539864,869696,127,0.979201,32
537648,869696,127,0.979351,32
537456,869696,126,0.979370,32
540800,869696,126,0.979222,32
543760,869696,126,0.980319,32
540272,869696,125,0.971320,32
540856,869696,125,0.973296,32
538096,869696,124,0.972544,32
542144,869696,124,0.973189,32
542184,869696,124,0.973466,32
544592,869696,124,0.980266,32
544616,869696,124,0.980496,32
542936,869696,124,0.980605,32
542832,869696,124,0.980615,32
544800,869696,124,0.981244,32
543840,869696,123,0.979488,32
547680,869696,123,0.981069,32
547864,869696,123,0.981819,32
547664,869696,124,0.981831,32
546432,869696,125,0.981904,32
547496,869696,125,0.982338,32
543888,869696,125,0.982548,32
546768,869696,125,0.984061,32
545632,869696,126,0.984120,32
548232,869696,126,0.983981,32
547568,869696,126,0.984019,32
549456,869696,126,0.985056,32
550624,869696,126,0.985341,32
548856,869696,125,0.982100,32
545424,869696,125,0.982303,32
548920,869696,125,0.982413,32
545480,869696,124,0.975716,32
548768,869696,124,0.982425,32
548328,869696,125,0.982451,32
549688,869696,125,0.985391,32
553312,869696,125,0.986258,32
551544,869696,125,0.981806,32
550088,869696,126,0.981894,32
548040,869696,126,0.981571,32
546704,869696,126,0.981655,32
550440,869696,126,0.981796,32
547768,869696,125,0.966504,32
548992,869696,125,0.970568,32
551024,869696,125,0.977287,32
555120,869696,125,0.981505,32
559048,869696,125,0.981336,32
558728,869696,125,0.981359,32
562760,869696,125,0.986252,32
560456,869696,125,0.978279,32
563504,869696,125,0.986299,32
562768,869696,124,0.985397,32
558768,869696,123,0.967514,32
555256,869696,123,0.967904,32
551208,869696,122,0.968347,32
548832,869696,123,0.968595,32
545544,869696,124,0.968932,32
542552,869696,125,0.969233,32
543576,869696,125,0.972605,32
540216,869696,126,0.972901,32
539360,869696,126,0.972979,32
541624,869696,126,0.979770,32
541272,869696,126,0.979796,32
540432,869696,126,0.979854,32
538912,869696,125,0.979958,32
541816,869696,125,0.980232,32
540392,869696,125,0.980325,32
540944,869696,125,0.981317,32
543440,869696,125,0.982071,32
542576,869696,125,0.982123,32
543560,869696,125,0.982972,32
544624,869696,125,0.983015,32
547224,869696,125,0.985232,32
551064,869696,125,0.986239,32
549168,869696,126,0.986325,32
546120,869696,126,0.979028,32
548448,869696,126,0.986357,32
552216,869696,126,0.986531,32
552400,869696,126,0.986815,32
550728,869696,127,0.986888,32
550208,869696,127,0.986541,32
551528,869696,127,0.986853,32
553904,869696,127,0.986853,32
551648,869696,127,0.980071,32
554968,869696,127,0.986806,32
551368,869696,127,0.978891,32
553152,869696,127,0.984902,32
551008,869696,127,0.985012,32
554944,869696,127,0.986807,32
552632,869696,127,0.980969,32
554112,869696,127,0.986010,32
553520,869696,128,0.986038,32
554696,869696,128,0.986816,32
557504,869696,128,0.986743,32
558104,869696,128,0.986795,32
560944,869696,128,0.986664,32
564672,869696,128,0.986739,32
561920,869696,128,0.978297,32
558336,869696,127,0.970953,32
562360,869696,127,0.978267,32
562824,869696,127,0.980004,32
560072,869696,127,0.980196,32
556784,869696,127,0.980420,32
555144,869696,128,0.980529,32
551648,869696,128,0.980759,32
549440,869696,128,0.980903,32
551984,869696,128,0.981539,32
553640,869696,128,0.981809,32
551752,869696,127,0.975711,32
551896,869696,127,0.976336,32
549056,869696,127,0.976562,32
550192,869696,127,0.980400,32
549912,869696,127,0.980422,32
548240,869696,126,0.980536,32
549568,869696,126,0.980792,32
547648,869696,126,0.980916,32
547168,869696,126,0.980949,32
548648,869696,126,0.982121,32
546384,869696,127,0.982253,32
548288,869696,127,0.985068,32
548048,869696,127,0.985082,32
549576,869696,127,0.985295,32
549408,869696,126,0.984540,32
546808,869696,126,0.984071,32
545744,869696,127,0.984127,32
548808,869696,127,0.984571,32
544712,869696,127,0.977769,32
541632,869696,127,0.977993,32
543872,869696,127,0.984821,32
544544,869696,127,0.985228,32
544760,869696,127,0.985528,32
543280,869696,128,0.985598,32
546464,869696,128,0.985472,32
545584,869696,127,0.975872,32
545192,869696,128,0.975903,32
548336,869696,128,0.985384,32
546728,869696,129,0.985461,32
547584,869696,129,0.985944,32
545088,869696,129,0.981049,32
543912,869696,128,0.981128,32
544216,869696,128,0.981496,32
541112,869696,128,0.981684,32
543440,869696,128,0.982296,32
546904,869696,128,0.982591,32
550496,869696,128,0.985808,32
551480,869696,128,0.985760,32
552304,869696,128,0.985986,32
555624,869696,128,0.986637,32
557176,869696,128,0.986918,32
559920,869696,128,0.986875,32
561744,869696,128,0.986873,32
559592,869696,127,0.979954,32
557760,869696,127,0.980083,32
559568,869696,127,0.986318,32
557424,869696,127,0.986420,32
556440,869696,128,0.986465,32
560432,869696,127,0.986939,32
561152,869696,127,0.986904,32
558568,869696,127,0.985274,32
562496,869696,127,0.986844,32
559616,869696,127,0.978558,32
558256,869696,127,0.978661,32
556352,869696,127,0.978802,32
552792,869696,127,0.979058,32
551568,869696,127,0.979147,32
555096,869696,127,0.979867,32
558208,869696,127,0.981532,32
556400,869696,128,0.981645,32
554768,869696,128,0.981749,32
557880,869696,128,0.982833,32
556240,869696,128,0.982552,32
559120,869696,128,0.982761,32
555240,869696,128,0.981261,32
555968,869696,128,0.982944,32
556864,869696,128,0.983786,32
560160,869696,128,0.985743,32
560504,869696,128,0.985916,32
560928,869696,128,0.986912,32
557760,869696,127,0.970056,32
560688,869696,127,0.979989,32
562912,869696,127,0.986822,32
559616,869696,127,0.983628,32
563376,869696,127,0.986801,32
561648,869696,126,0.979153,32
562488,869696,126,0.982163,32
560744,869696,125,0.975313,32
563384,869696,125,0.982111,32
562832,869696,124,0.982151,32
563040,869696,124,0.983023,32
559624,869696,124,0.977523,32
558168,869696,124,0.977638,32
560328,869696,124,0.983184,32
560464,869696,124,0.983805,32
557120,869696,123,0.973723,32
557480,869696,123,0.975074,32
554672,869696,122,0.975318,32
552800,869696,122,0.975477,32
550560,869696,122,0.975663,32
552312,869696,122,0.978965,32
554896,869696,122,0.981367,32
554040,869696,122,0.981423,32
555352,869696,122,0.984093,32
557464,869696,122,0.984493,32
557160,869696,123,0.984509,32
558696,869696,123,0.984671,32
558488,869696,124,0.984682,32
556192,869696,123,0.980202,32
559824,869696,123,0.984614,32
557784,869696,122,0.980696,32
561400,869696,122,0.984533,32
562080,869696,122,0.984660,32
558152,869696,122,0.984868,32
560296,869696,122,0.984781,32
557968,869696,123,0.984902,32
560816,869696,123,0.985027,32
558096,869696,122,0.984298,32
554504,869696,122,0.984491,32
556680,869696,122,0.985242,32
554488,869696,121,0.982798,32
551608,869696,122,0.982963,32
552520,869696,122,0.985449,32
549776,869696,122,0.985584,32
551080,869696,122,0.985652,32
553608,869696,122,0.986012,32
551168,869696,122,0.984210,32
550496,869696,123,0.984245,32
550920,869696,123,0.985791,32
550840,869696,122,0.985799,32
547944,869696,121,0.975538,32
549176,869696,121,0.979665,32
546744,869696,120,0.967587,32
549536,869696,120,0.976680,32
546200,869696,119,0.974481,32
548680,869696,119,0.976749,32
551488,869696,119,0.979512,32
554464,869696,119,0.982264,32
550744,869696,118,0.962533,32
552656,869696,118,0.968840,32
550440,869696,119,0.969069,32
551272,869696,119,0.971908,32
550496,869696,118,0.971989,32
552224,869696,118,0.975909,32
555360,869696,118,0.977513,32
551376,869696,117,0.977819,32
553664,869696,117,0.980248,32
552008,869696,116,0.970705,32
553768,869696,116,0.976594,32
550656,869696,117,0.976836,32
546928,869696,117,0.977122,32
546088,869696,117,0.977189,32
543896,869696,117,0.977355,32
541104,869696,118,0.977558,32
544760,869696,118,0.980830,32
548312,869696,118,0.982632,32
550904,869696,118,0.985617,32
549664,869696,119,0.985676,32
547320,869696,118,0.978042,32
545080,869696,119,0.978202,32
548296,869696,119,0.985743,32
551168,869696,119,0.985790,32
551112,869696,118,0.979521,32
548880,869696,119,0.979672,32
548272,869696,120,0.979712,32
546112,869696,121,0.979856,32
549424,869696,121,0.985875,32
547272,869696,121,0.982510,32
549592,869696,121,0.985867,32
551088,869696,121,0.986060,32
555056,869696,121,0.985952,32
557720,869696,121,0.985877,32
559504,869696,121,0.986199,32
561752,869696,121,0.986090,32
562536,869696,121,0.986521,32
561712,869696,121,0.986561,32
562168,869696,121,0.986621,32
560512,869696,121,0.986699,32
556992,869696,122,0.986858,32
555856,869696,122,0.985423,32
557448,869696,122,0.986837,32
558504,869696,122,0.986870,32
557504,869696,121,0.985940,32
553912,869696,120,0.979184,32
557984,869696,120,0.985919,32
556200,869696,121,0.986004,32
554528,869696,121,0.986085,32
557728,869696,121,0.986911,32
559160,869696,121,0.987145,32
559264,869696,121,0.987139,32
561344,869696,121,0.987210,32
560200,869696,122,0.987260,32
560664,869696,122,0.987293,32
557792,869696,122,0.985268,32
560152,869696,122,0.987315,32
556840,869696,122,0.979398,32
558504,869696,122,0.985120,32
556976,869696,122,0.984630,32
558712,869696,122,0.985110,32
555568,869696,123,0.985268,32
557424,869696,123,0.987431,32
555728,869696,122,0.970308,32
558000,869696,122,0.977978,32
554072,869696,122,0.975583,32
555232,869696,122,0.978183,32
552032,869696,122,0.978420,32
553480,869696,122,0.979681,32
551152,869696,122,0.979841,32
548304,869696,122,0.978398,32
548936,869696,122,0.979989,32
551032,869696,122,0.980458,32
549304,869696,123,0.980570,32
550000,869696,123,0.981133,32
549168,869696,123,0.981187,32
549960,869696,123,0.982992,32
549832,869696,123,0.983002,32
553488,869696,123,0.983328,32
551736,869696,123,0.983428,32
548360,869696,123,0.979658,32
550840,869696,123,0.983477,32
554320,869696,123,0.983685,32
553136,869696,124,0.983750,32
554232,869696,124,0.986083,32
550616,869696,124,0.981147,32
547360,869696,123,0.981355,32
545696,869696,124,0.981456,32
548752,869696,124,0.981293,32
549504,869696,124,0.983892,32
552488,869696,124,0.986164,32
552448,869696,125,0.986166,32
554416,869696,125,0.986422,32
552984,869696,125,0.986490,32
552384,869696,125,0.986519,32
556232,869696,125,0.986748,32
558360,869696,125,0.986704,32
556328,869696,125,0.985361,32
553504,869696,124,0.973156,32
556352,869696,124,0.982705,32
559904,869696,124,0.985181,32
559072,869696,123,0.971742,32
555416,869696,123,0.972095,32
552392,869696,124,0.972377,32
552696,869696,124,0.973523,32
551536,869696,125,0.973625,32
555408,869696,125,0.976438,32
554184,869696,125,0.976538,32
552688,869696,125,0.976660,32
552760,869696,125,0.977052,32
554272,869696,125,0.981184,32
556688,869696,125,0.982031,32
558184,869696,125,0.985429,32
555392,869696,126,0.985567,32
551368,869696,127,0.985760,32
553440,869696,127,0.986492,32
551360,869696,127,0.986587,32
552648,869696,127,0.986635,32
552456,869696,128,0.986643,32
554416,869696,128,0.986876,32
551800,869696,127,0.967341,32
553728,869696,127,0.973763,32
554336,869696,127,0.975915,32
551920,869696,127,0.976113,32
553584,869696,127,0.981216,32
553368,869696,127,0.980346,32
556208,869696,127,0.981564,32
554616,869696,127,0.981666,32
553312,869696,127,0.981749,32
556032,869696,127,0.985398,32
556816,869696,127,0.986769,32
555104,869696,127,0.986848,32
551280,869696,126,0.971400,32
552856,869696,126,0.976685,32
556056,869696,126,0.986805,32
552856,869696,126,0.976685,32
554504,869696,126,0.982266,32
551240,869696,126,0.981129,32
549384,869696,125,0.979900,32
546904,869696,126,0.980064,32
547072,869696,126,0.980759,32
545728,869696,126,0.980847,32
546800,869696,126,0.981407,32
542904,869696,126,0.978559,32
541240,869696,127,0.978674,32
537400,869696,126,0.974205,32
539352,869696,126,0.978806,32
541192,869696,126,0.980327,32
538824,869696,126,0.980479,32
540144,869696,126,0.981807,32
539720,869696,126,0.981835,32
540872,869696,126,0.983052,32
538024,869696,127,0.983206,32
541328,869696,127,0.984727,32
543104,869696,127,0.984637,32
546800,869696,127,0.984474,32
548440,869696,127,0.985260,32
545632,869696,127,0.981524,32
546840,869696,127,0.985337,32
545768,869696,128,0.985388,32
546240,869696,128,0.985600,32
543104,869696,128,0.979830,32
539736,869696,127,0.970299,32
542904,869696,127,0.979846,32
544992,869696,127,0.980280,32
541104,869696,127,0.980530,32
542976,869696,127,0.983523,32
539928,869696,127,0.979705,32
540248,869696,127,0.980864,32
540112,869696,127,0.980875,32
536376,869696,126,0.975927,32
534208,869696,126,0.976096,32
537816,869696,126,0.981021,32
534048,869696,125,0.977548,32
536480,869696,125,0.981104,32
536672,869696,125,0.981852,32
537864,869696,125,0.983745,32
534480,869696,125,0.983921,32
536992,869696,125,0.983841,32
535024,869696,125,0.983944,32
538928,869696,125,0.985124,32
538784,869696,124,0.977409,32
542032,869696,124,0.984977,32
540480,869696,124,0.985054,32
541288,869696,124,0.985581,32
539920,869696,124,0.985646,32
543768,869696,124,0.985724,32
541896,869696,124,0.984185,32
537848,869696,124,0.982402,32
540688,869696,124,0.984246,32
541360,869696,124,0.985835,32
540424,869696,125,0.985878,32
541936,869696,125,0.986246,32
540624,869696,124,0.984378,32
543152,869696,124,0.986194,32
540432,869696,124,0.985751,32
544088,869696,124,0.986152,32
541944,869696,123,0.974262,32
539744,869696,123,0.974447,32
538616,869696,123,0.974543,32
542480,869696,123,0.985325,32
546264,869696,123,0.986058,32
544480,869696,123,0.983640,32
545096,869696,123,0.985771,32
547568,869696,123,0.985996,32
544904,869696,123,0.986119,32
545040,869696,123,0.986346,32
541104,869696,124,0.986519,32
542992,869696,124,0.986461,32
542640,869696,124,0.986478,32
546224,869696,124,0.986343,32
542232,869696,124,0.981089,32
541512,869696,125,0.981133,32
538248,869696,125,0.979392,32
539360,869696,125,0.981263,32
543248,869696,125,0.982815,32
545512,869696,125,0.986373,32
541880,869696,124,0.967777,32
543200,869696,124,0.972072,32
539544,869696,124,0.972404,32
536280,869696,125,0.972690,32
534792,869696,125,0.972822,32
532728,869696,124,0.970874,32
534728,869696,124,0.972832,32
531200,869696,123,0.965001,32
530568,869696,124,0.965070,32
531528,869696,124,0.968109,32
527744,869696,124,0.968486,32
531384,869696,124,0.973119,32
532712,869696,124,0.977294,32
535448,869696,124,0.977119,32
534192,869696,123,0.975276,32
534288,869696,123,0.975719,32
533272,869696,123,0.975800,32
529368,869696,122,0.976100,32
533016,869696,122,0.976852,32
536904,869696,122,0.977020,32
535168,869696,123,0.977146,32
535272,869696,123,0.977616,32
538560,869696,123,0.979167,32
535720,869696,122,0.968420,32
532504,869696,122,0.968743,32
535544,869696,122,0.978207,32
532552,869696,122,0.977763,32
529264,869696,122,0.975835,32
532632,869696,122,0.977758,32
531136,869696,122,0.977865,32
534472,869696,122,0.978284,32
536968,869696,122,0.978745,32
533648,869696,121,0.977288,32
534776,869696,121,0.978895,32
535368,869696,121,0.979383,32
536496,869696,121,0.980804,32
536072,869696,122,0.980830,32
532232,869696,121,0.974129,32
530456,869696,121,0.974276,32
531424,869696,121,0.977367,32
529576,869696,120,0.977504,32
530624,869696,120,0.979943,32
533408,869696,120,0.980670,32
535920,869696,120,0.980842,32
535024,869696,120,0.980899,32
531776,869696,120,0.977921,32
530488,869696,120,0.978012,32
529072,869696,120,0.978112,32
531704,869696,120,0.981103,32
529632,869696,119,0.981230,32
533320,869696,119,0.981010,32
534744,869696,119,0.981351,32
535640,869696,119,0.983042,32
533800,869696,119,0.980123,32
537328,869696,119,0.982951,32
535376,869696,120,0.983056,32
532088,869696,120,0.977852,32
536128,869696,120,0.983016,32
539736,869696,120,0.982868,32
538896,869696,120,0.982916,32
538640,869696,120,0.982933,32
540184,869696,120,0.982846,32
542264,869696,120,0.982883,32
538600,869696,120,0.977209,32
538280,869696,121,0.977233,32
541776,869696,121,0.982910,32
540328,869696,122,0.982989,32
536816,869696,121,0.967537,32
534504,869696,120,0.967783,32
535904,869696,120,0.972219,32
533272,869696,120,0.972453,32
536728,869696,120,0.977580,32
532864,869696,121,0.977852,32
528848,869696,121,0.977959,0
525352,869696,121,0.978150,0
522856,869696,121,0.978318,0
524664,869696,121,0.978244,0
521816,869696,121,0.978435,0
523792,869696,121,0.978473,0
527224,869696,121,0.978784,0
530656,869696,121,0.982017,0
529160,869696,121,0.982103,0
528024,869696,122,0.982165,0
529160,869696,122,0.983042,0
528360,869696,121,0.983089,0
531240,869696,121,0.983483,0
530432,869696,121,0.983527,0
531976,869696,121,0.983495,0
533392,869696,121,0.983445,0
536616,869696,121,0.983831,0
538896,869696,121,0.984120,0
535008,869696,121,0.976716,0
536192,869696,121,0.980529,0
538576,869696,121,0.984134,0
539816,869696,121,0.984787,0
536976,869696,120,0.976846,0
540960,869696,120,0.984733,0
544416,869696,120,0.984871,0
541296,869696,119,0.978199,0
538920,869696,119,0.978368,0
540016,869696,119,0.981959,0
539288,869696,120,0.982001,0
541384,869696,120,0.982650,0
543800,869696,120,0.984902,0
540920,869696,120,0.982392,0
541896,869696,120,0.984994,0
538888,869696,120,0.979821,0
539496,869696,120,0.981881,0
539360,869696,121,0.981889,0
538120,869696,121,0.981963,0
538168,869696,121,0.982264,0
538504,869696,121,0.983468,0
536392,869696,120,0.980844,0
538664,869696,120,0.983462,0
536184,869696,120,0.982733,0
532568,869696,121,0.982928,0
528584,869696,122,0.983139,0
530944,869696,122,0.983861,0
527096,869696,122,0.984054,0
530704,869696,122,0.984521,0
533592,869696,122,0.985384,0
537040,869696,122,0.985400,0
536016,869696,122,0.985449,0
533408,869696,121,0.977203,0
535472,869696,121,0.983731,0
539312,869696,121,0.985296,0
536800,869696,121,0.980460,0
538264,869696,121,0.985192,0
535984,869696,121,0.983856,0
538408,869696,121,0.985185,0
535480,869696,120,0.981127,0
539544,869696,120,0.985133,0
539496,869696,121,0.985135,0
536968,869696,121,0.979690,0
541024,869696,121,0.985062,0
538048,869696,122,0.985204,0
534728,869696,121,0.969289,0
533944,869696,120,0.969374,0
531456,869696,120,0.969616,0
534240,869696,120,0.978262,0
535720,869696,120,0.982991,0
538104,869696,120,0.984517,0
541144,869696,120,0.985059,0
542640,869696,120,0.985140,0
538752,869696,120,0.980035,0
541160,869696,120,0.985210,0
538840,869696,120,0.977932,0
541656,869696,120,0.985187,0
537616,869696,120,0.977458,0
539840,869696,120,0.984580,0
536096,869696,120,0.984766,0
537688,869696,120,0.985374,0
535648,869696,120,0.981674,0
534824,869696,121,0.981721,0
538272,869696,121,0.985347,0
538912,869696,121,0.985366,0
537368,869696,121,0.982996,0
534440,869696,122,0.983153,0
532136,869696,122,0.978646,0
531024,869696,123,0.978720,0
528800,869696,124,0.978866,0
532864,869696,124,0.983236,0
534888,869696,124,0.985552,0
536808,869696,124,0.985868,0
533888,869696,124,0.986000,0
536648,869696,124,0.985926,0
537704,869696,124,0.985978,0
534856,869696,125,0.986104,0
533456,869696,126,0.986166,0
536040,869696,126,0.986126,0
538064,869696,126,0.986698,0
539200,869696,126,0.986674,0
537472,869696,125,0.980407,0
539432,869696,125,0.986666,0
538960,869696,126,0.986686,0
539184,869696,126,0.986725,0
537376,869696,127,0.986802,0
535416,869696,127,0.981797,0
532304,869696,128,0.981975,0
535776,869696,128,0.986869,0
537536,869696,128,0.986819,0
538056,869696,128,0.986846,0
535528,869696,127,0.981737,0
537152,869696,127,0.986886,0
533816,869696,126,0.965339,0
533208,869696,125,0.965416,0
534312,869696,125,0.968923,0
535840,869696,125,0.973762,0
532288,869696,124,0.974061,0
529840,869696,124,0.974263,0
531104,869696,124,0.976055,0
533104,869696,124,0.978112,0
529656,869696,124,0.978350,0
533632,869696,124,0.982305,0
530728,869696,125,0.982465,0
528504,869696,124,0.972784,0
527312,869696,125,0.972884,0
526160,869696,124,0.972988,0
526528,869696,124,0.974233,0
522464,869696,123,0.974559,0
524600,869696,123,0.975343,0
527280,869696,123,0.980908,0
531144,869696,123,0.982447,0
533800,869696,123,0.983204,0
532664,869696,123,0.983267,0
535824,869696,123,0.984997,0
535744,869696,123,0.985004,0
538240,869696,123,0.985163,0
534936,869696,123,0.983374,0
536000,869696,123,0.985268,0
532024,869696,123,0.978193,0
530528,869696,123,0.978298,0
530616,869696,123,0.978712,0
528056,869696,122,0.974857,0
528808,869696,122,0.977273,0
529776,869696,122,0.978768,0
525848,869696,121,0.972769,0
529128,869696,121,0.978814,0
527344,869696,120,0.972968,0
529256,869696,120,0.978808,0
528200,869696,120,0.978881,0
530744,869696,120,0.978785,0
530384,869696,120,0.978812,0
528472,869696,120,0.972877,0
524632,869696,120,0.973200,0
522216,869696,120,0.973400,0
519408,869696,119,0.973632,0
520200,869696,119,0.976098,0
520080,869696,120,0.976107,0
519168,869696,121,0.976172,0
522472,869696,121,0.978820,0
524960,869696,121,0.980663,0
522864,869696,121,0.980789,0
524776,869696,121,0.983047,0
525000,869696,121,0.983865,0
521312,869696,122,0.984045,0
521944,869696,122,0.984376,0
523400,869696,122,0.984329,0
521304,869696,122,0.982978,0
523528,869696,122,0.984323,0
525800,869696,122,0.985734,0
526552,869696,122,0.985723,0
525288,869696,123,0.985778,0
526792,869696,123,0.985858,0
523728,869696,124,0.985990,0
523384,869696,125,0.986005,0
525400,869696,125,0.985966,0
523128,869696,125,0.986065,0
525704,869696,125,0.985953,0
528192,869696,125,0.986263,0
526864,869696,126,0.986319,0
524952,869696,126,0.980643,0
526880,869696,126,0.986319,0
529104,869696,126,0.986247,0
528920,869696,127,0.986255,0
530944,869696,127,0.986441,0
530872,869696,127,0.986446,0
532008,869696,127,0.986721,0
529240,869696,126,0.971841,0
530880,869696,126,0.976960,0
528160,869696,126,0.977157,0
530272,869696,126,0.983730,0
526960,869696,126,0.977734,0
527568,869696,126,0.979715,0
526504,869696,126,0.979785,0
526304,869696,127,0.979797,0
527512,869696,127,0.983597,0
528368,869696,127,0.983700,0
525784,869696,127,0.983832,0
523256,869696,126,0.983961,0
525256,869696,126,0.983983,0
522216,869696,126,0.984133,0
524248,869696,126,0.984399,0
528088,869696,126,0.984979,0
527112,869696,126,0.985026,0
529456,869696,126,0.985635,0
527480,869696,127,0.985723,0
530552,869696,127,0.986258,0
530184,869696,128,0.986273,0
531128,869696,128,0.986256,0
530824,869696,129,0.986269,0
532552,869696,129,0.986694,0
528968,869696,129,0.986844,0
529152,869696,129,0.987034,0
528960,869696,129,0.987043,0
532200,869696,129,0.986935,0
528544,869696,128,0.971422,0
525944,869696,127,0.971659,0
529992,869696,127,0.981081,0
533848,869696,127,0.983847,0
532384,869696,128,0.983921,0
535832,869696,128,0.986786,0
535496,869696,128,0.986802,0
537600,869696,128,0.986941,0
537144,869696,129,0.986960,0
538072,869696,129,0.987099,0
535168,869696,129,0.979854,0
531888,869696,130,0.980061,0
533792,869696,130,0.986088,0
533160,869696,130,0.986118,0
534976,869696,130,0.987225,0
536688,869696,130,0.987204,0
532624,869696,130,0.984155,0
529640,869696,130,0.984305,0
529712,869696,130,0.984672,0
532656,869696,130,0.984729,0
531424,869696,129,0.975563,0
535128,869696,129,0.984612,0
531360,869696,128,0.968845,0
528624,869696,129,0.969109,0
531240,869696,129,0.977177,0
532240,869696,129,0.980387,0
529016,869696,129,0.980586,0
527376,869696,128,0.976789,0
527472,869696,128,0.977223,0
528600,869696,128,0.980611,0
525624,869696,127,0.976693,0
528384,869696,127,0.980627,0
525440,869696,127,0.980805,0
527616,869696,127,0.980846,0
524152,869696,127,0.980343,0
527384,869696,127,0.980860,0
524336,869696,127,0.980821,0
528136,869696,127,0.980815,0
527040,869696,127,0.980883,0
526968,869696,128,0.980887,0
526872,869696,129,0.980893,0
526960,869696,129,0.981304,0
529728,869696,129,0.982335,0
532016,869696,129,0.984561,0
529840,869696,128,0.983750,0
531192,869696,128,0.984603,0
528792,869696,128,0.984274,0
531760,869696,128,0.984576,0
531144,869696,128,0.984608,0
531912,869696,128,0.984769,0
529480,869696,128,0.984887,0
528384,869696,129,0.984938,0
529480,869696,129,0.984934,0
526640,869696,129,0.982998,0
526752,869696,129,0.983483,0
530240,869696,129,0.984896,0
526616,869696,129,0.985067,0
522688,869696,129,0.978163,0
524488,869696,129,0.983695,0
525336,869696,129,0.985123,0
523064,869696,129,0.984327,0
524760,869696,129,0.985150,0
521688,869696,129,0.985290,0
524072,869696,129,0.985376,0
523136,869696,129,0.985420,0
526888,869696,129,0.985743,0
524784,869696,129,0.985837,0
520984,869696,129,0.981013,0
519440,869696,130,0.981101,0
520000,869696,130,0.982902,0
517280,869696,130,0.978445,0
520064,869696,130,0.982899,0
522464,869696,130,0.985935,0
525104,869696,130,0.986236,0
523600,869696,129,0.981225,0
524680,869696,129,0.984614,0
521624,869696,130,0.984757,0
519560,869696,130,0.984854,0
518048,869696,129,0.984927,0
518136,869696,129,0.985113,0
519600,869696,129,0.985262,0
516072,869696,128,0.977047,0
513672,869696,128,0.977213,0
511856,869696,128,0.977338,0
514560,869696,128,0.983185,0
516576,869696,128,0.985232,0
514648,869696,129,0.985317,0
511968,869696,129,0.985435,0
514832,869696,129,0.985475,0
512808,869696,129,0.984217,0
511728,869696,128,0.984272,0
509320,869696,127,0.970831,0
508184,869696,128,0.970927,0
508888,869696,128,0.973058,0
509128,869696,128,0.973877,0
505272,869696,128,0.974171,0
502112,869696,127,0.971917,0
505808,869696,127,0.974135,0
504488,869696,128,0.974233,0
506248,869696,128,0.978361,0
509168,869696,128,0.979155,0
512880,869696,128,0.982066,0
514696,869696,128,0.984129,0
513048,869696,129,0.984206,0
513680,869696,129,0.985525,0
514976,869696,129,0.986133,0
517824,869696,129,0.986492,0
517208,869696,129,0.986519,0
514320,869696,129,0.985260,0
517816,869696,129,0.986495,0
521464,869696,129,0.986392,0
523432,869696,129,0.986528,0
522328,869696,129,0.986016,0
524784,869696,129,0.986472,0
523024,869696,129,0.986546,0
519184,869696,129,0.984632,0
522680,869696,129,0.986561,0
524088,869696,129,0.986525,0
522608,869696,128,0.986590,0
519376,869696,128,0.980626,0
522136,869696,128,0.986609,0
523744,869696,128,0.986566,0
522664,869696,129,0.986610,0
526712,869696,129,0.986539,0
523424,869696,128,0.973430,0
524392,869696,128,0.976456,0
522728,869696,127,0.970545,0
525576,869696,127,0.976374,0
524368,869696,128,0.976461,0
523736,869696,129,0.976506,0
521600,869696,129,0.976662,0
521576,869696,129,0.976667,0
518128,869696,129,0.976912,0
520512,869696,129,0.979498,0
521112,869696,129,0.981420,0
524928,869696,129,0.983872,0
521968,869696,129,0.984019,0
522560,869696,129,0.984402,0
524976,869696,129,0.984357,0
522336,869696,129,0.984485,0
518792,869696,128,0.969743,0
517664,869696,129,0.969845,0
516560,869696,130,0.969945,0
516736,869696,130,0.970594,0
520344,869696,130,0.981315,0
520664,869696,130,0.982408,0
522656,869696,130,0.984466,0
524760,869696,130,0.985834,0
521096,869696,129,0.975285,0
522328,869696,129,0.979081,0
519944,869696,129,0.979235,0
520784,869696,129,0.981866,0
518312,869696,128,0.979339,0
520136,869696,128,0.981904,0
518376,869696,129,0.982000,0
520432,869696,129,0.982369,0
516776,869696,130,0.982562,0
513016,869696,130,0.981268,0
515920,869696,130,0.982606,0
516512,869696,130,0.984486,0
514976,869696,129,0.969835,0
512520,869696,130,0.970054,0
514056,869696,130,0.974611,0
516088,869696,130,0.980661,0
515088,869696,131,0.980719,0
517256,869696,131,0.984449,0
516072,869696,131,0.984506,0
520072,869696,131,0.984872,0
518008,869696,131,0.981775,0
514912,869696,131,0.981945,0
516080,869696,131,0.983980,0
514872,869696,131,0.984040,0
515168,869696,131,0.985048,0
511528,869696,132,0.985208,0
515120,869696,132,0.985095,0
516840,869696,132,0.985471,0
513088,869696,132,0.982132,0
512232,869696,132,0.982180,0
510880,869696,133,0.982250,0
511672,869696,133,0.984681,0
512736,869696,133,0.985647,0
508984,869696,133,0.985807,0
509112,869696,133,0.985846,0
512336,869696,133,0.986182,0
510304,869696,133,0.984670,0
512336,869696,133,0.986182,0
511368,869696,134,0.986221,0
511736,869696,134,0.986370,0
508952,869696,134,0.978952,0
508360,869696,135,0.978988,0
506096,869696,134,0.979132,0
508768,869696,134,0.986492,0
511152,869696,134,0.986465,0
513384,869696,134,0.986730,0
511280,869696,133,0.977610,0
515040,869696,133,0.986666,0
513312,869696,132,0.984441,0
511344,869696,131,0.972390,0
512592,869696,131,0.976112,0
515560,869696,131,0.984337,0
513528,869696,132,0.984431,0
517184,869696,132,0.984809,0
516960,869696,131,0.984824,0
520480,869696,131,0.986451,0
518904,869696,130,0.979826,0
520080,869696,130,0.983449,0
517296,869696,130,0.982655,0
521280,869696,130,0.983388,0
518312,869696,131,0.983536,0
515432,869696,132,0.983678,0
518880,869696,132,0.986516,0
519216,869696,132,0.986862,0
518080,869696,131,0.981026,0
521648,869696,131,0.986767,0
517576,869696,131,0.980959,0
514056,869696,130,0.976015,0
515832,869696,130,0.981061,0
518720,869696,130,0.981158,0
514720,869696,129,0.981387,0
517672,869696,129,0.982515,0
515872,869696,130,0.982609,0
515728,869696,129,0.982621,0
512080,869696,130,0.982808,0
513544,869696,130,0.987090,0
515624,869696,130,0.987127,0
519528,869696,130,0.987143,0
516744,869696,131,0.987250,0
518072,869696,131,0.987197,0
517288,869696,130,0.980906,0
520776,869696,130,0.987094,0
518280,869696,130,0.984622,0
521176,869696,130,0.987078,0
517568,869696,130,0.980866,0
514432,869696,129,0.976989,0
516544,869696,129,0.980927,0
520280,869696,129,0.983102,0
518584,869696,128,0.971580,0
516560,869696,128,0.971756,0
519560,869696,128,0.980684,0
519392,869696,127,0.980700,0
520584,869696,127,0.983094,0
523704,869696,127,0.984225,0
519856,869696,126,0.981204,0
521528,869696,126,0.984331,0
520216,869696,126,0.983309,0
520528,869696,126,0.984379,0
516792,869696,126,0.980921,0
513032,869696,126,0.977519,0
516984,869696,126,0.980910,0
521032,869696,126,0.984355,0
519120,869696,125,0.981777,0
517800,869696,125,0.981852,0
515872,869696,125,0.981959,0
514032,869696,125,0.982060,0
518120,869696,125,0.984021,0
516128,869696,125,0.984118,0
512080,869696,125,0.984309,0
513656,869696,125,0.984281,0
515408,869696,125,0.984626,0
516560,869696,125,0.984571,0
517632,869696,125,0.984639,0
520416,869696,125,0.984556,0
518664,869696,125,0.984543,0
522072,869696,125,0.984478,0
518376,869696,125,0.973412,0
520104,869696,125,0.978630,0
516456,869696,125,0.978866,0
513488,869696,125,0.979054,0
509880,869696,125,0.978693,0
506432,869696,125,0.978909,0
506744,869696,125,0.979467,0
505768,869696,125,0.977029,0
505696,869696,126,0.977034,0
508560,869696,126,0.979358,0
505864,869696,125,0.976170,0
508864,869696,125,0.979343,0
509792,869696,125,0.982140,0
508608,869696,126,0.982201,0
506024,869696,125,0.972270,0
508920,869696,125,0.980623,0
507976,869696,125,0.980679,0
511424,869696,125,0.982056,0
511336,869696,126,0.982061,0
513048,869696,126,0.983811,0
514536,869696,126,0.984592,0
518144,869696,126,0.984783,0
521552,869696,126,0.984745,0
522024,869696,126,0.985838,0
519408,869696,126,0.985952,0
516224,869696,126,0.978355,0
512160,869696,125,0.966010,0
514496,869696,125,0.972843,0
511128,869696,124,0.968937,0
509104,869696,124,0.969125,0
510784,869696,124,0.973147,0
512168,869696,124,0.973929,0
513144,869696,124,0.976877,0
509736,869696,124,0.977110,0
512112,869696,124,0.977253,0
510192,869696,124,0.977385,0
513368,869696,124,0.978541,0
517232,869696,124,0.982718,0
513368,869696,123,0.974949,0
511192,869696,122,0.970722,0
508648,869696,123,0.970939,0
508304,869696,124,0.970968,0
512344,869696,124,0.975028,0
515800,869696,124,0.982487,0
516840,869696,124,0.982741,0
515216,869696,124,0.982827,0
513888,869696,124,0.982897,0
515608,869696,124,0.983926,0
514824,869696,123,0.982044,0
515704,869696,123,0.983924,0
516344,869696,123,0.984726,0
514920,869696,123,0.982036,0
515368,869696,123,0.983485,0
516256,869696,123,0.984728,0
512808,869696,123,0.980162,0
515808,869696,123,0.984748,0
513432,869696,124,0.984855,0
512688,869696,124,0.984891,0
509216,869696,125,0.985044,0
511048,869696,125,0.985102,0
512848,869696,125,0.985328,0
509496,869696,125,0.978457,0
507504,869696,126,0.978581,0
506896,869696,126,0.978622,0
504808,869696,126,0.978754,0
502984,869696,125,0.976531,0
505952,869696,125,0.978686,0
509344,869696,125,0.984900,0
510424,869696,125,0.985437,0
509952,869696,125,0.985271,0
513648,869696,125,0.985298,0
515232,869696,125,0.985750,0
515560,869696,125,0.985900,0
517992,869696,125,0.985868,0
514992,869696,125,0.980028,0
518584,869696,125,0.985842,0
515768,869696,126,0.985961,0
512376,869696,126,0.978271,0
508680,869696,126,0.978508,0
512072,869696,126,0.985173,0
511280,869696,126,0.983681,0
511992,869696,126,0.985177,0
510120,869696,126,0.981979,0
508512,869696,126,0.982066,0
510304,869696,126,0.985252,0
509552,869696,127,0.985284,0
510048,869696,127,0.985964,0
507536,869696,126,0.978861,0
511008,869696,126,0.985926,0
508592,869696,126,0.986028,0
509088,869696,126,0.986379,0
505592,869696,126,0.981663,0
508368,869696,126,0.986408,0
512376,869696,126,0.986387,0
511696,869696,127,0.986414,0
514776,869696,127,0.986597,0
511328,869696,127,0.980478,0
509600,869696,127,0.980579,0
512208,869696,127,0.986700,0
509288,869696,127,0.980667,0
509312,869696,127,0.980874,0
510864,869696,127,0.985482,0
510768,869696,127,0.985488,0
514016,869696,127,0.986627,0
514704,869696,127,0.986645,0
516288,869696,127,0.986604,0
514680,869696,127,0.986670,0
511288,869696,127,0.978337,0
510304,869696,126,0.978406,0
513408,869696,126,0.983363,0
512176,869696,127,0.983424,0
513616,869696,127,0.986714,0
515024,869696,127,0.986870,0
514528,869696,127,0.985775,0
513464,869696,127,0.984615,0
515248,869696,127,0.985745,0
518208,869696,127,0.986745,0
519176,869696,127,0.986728,0
517144,869696,127,0.984369,0
519160,869696,127,0.986729,0
517104,869696,128,0.986811,0
515280,869696,129,0.986882,0
517424,869696,129,0.986820,0
518928,869696,129,0.986927,0
517216,869696,128,0.979335,0
520744,869696,128,0.986857,0
518360,869696,128,0.983854,0
521984,869696,128,0.986808,0
519496,869696,128,0.986908,0
521952,869696,128,0.986906,0
519104,869696,128,0.985961,0
521480,869696,128,0.986925,0
520016,869696,128,0.986984,0
521536,869696,128,0.987068,0
518048,869696,128,0.983917,0
522088,869696,128,0.987046,0
519600,869696,128,0.981502,0
522624,869696,128,0.987025,0
522440,869696,128,0.987034,0
523256,869696,128,0.987073,0
519648,869696,128,0.977905,0
520512,869696,128,0.980602,0
517744,869696,127,0.980768,0
514840,869696,128,0.980934,0
514504,869696,128,0.980956,0
513664,869696,127,0.981009,0
512912,869696,128,0.981051,0
515416,869696,128,0.981550,0
511464,869696,127,0.967655,0
510496,869696,127,0.967752,0
513888,869696,127,0.977611,0
510584,869696,127,0.977831,0
507736,869696,128,0.978015,0
511584,869696,128,0.978704,0
507992,869696,128,0.978929,0
509840,869696,128,0.981856,0
512112,869696,128,0.984254,0
512824,869696,128,0.985164,0
511288,869696,127,0.976818,0
509800,869696,127,0.976922,0
508832,869696,127,0.976991,0
508160,869696,128,0.977036,0
511880,869696,128,0.983869,0
509272,869696,128,0.980606,0
511504,869696,128,0.983887,0
511328,869696,129,0.983895,0
509536,869696,130,0.983980,0
506896,869696,130,0.984105,0
508712,869696,130,0.985348,0
505608,869696,130,0.978708,0
506416,869696,130,0.981135,0
507912,869696,130,0.985380,0
505912,869696,130,0.982528,0
502024,869696,129,0.982086,0
505616,869696,129,0.982545,0
507456,869696,129,0.985401,0
508616,869696,129,0.985513,0
510504,869696,129,0.986557,0
508744,869696,129,0.986628,0
508856,869696,129,0.986925,0
512888,869696,129,0.986791,0
515280,869696,129,0.986838,0
515808,869696,129,0.987006,0
516208,869696,129,0.987347,0
513448,869696,130,0.987451,0
515576,869696,130,0.987465,0
519472,869696,130,0.987484,0
520128,869696,130,0.987482,0
518112,869696,130,0.984317,0
518480,869696,130,0.985548,0
517768,869696,131,0.985579,0
520856,869696,131,0.987452,0
520216,869696,130,0.979940,0
517544,869696,131,0.980100,0
518664,869696,131,0.983543,0
518112,869696,130,0.983575,0
521576,869696,130,0.987429,0
522888,869696,130,0.987450,0
521736,869696,131,0.987494,0
525808,869696,130,0.987335,48
524304,869696,130,0.986539,48
524280,869696,131,0.986540,48
526248,869696,131,0.987318,48
529560,869696,131,0.987186,48
528392,869696,130,0.980494,48
531704,869696,130,0.987101,48
530896,869696,130,0.987136,48
531008,869696,130,0.987154,48
529488,869696,129,0.980878,48
532920,869696,129,0.987079,48
530440,869696,128,0.985612,48
533096,869696,128,0.987074,48
529024,869696,129,0.987214,0
530968,869696,129,0.987160,0
528808,869696,129,0.986280,0
531704,869696,129,0.987130,0
528856,869696,129,0.987246,0
529832,869696,129,0.987205,0
528392,869696,130,0.987262,0
530208,869696,130,0.987388,0
529160,869696,129,0.987433,0
532536,869696,129,0.987323,0
529880,869696,129,0.985637,0
532744,869696,129,0.987314,0
530744,869696,130,0.987394,0
532952,869696,130,0.987405,0
530056,869696,131,0.987518,0
526000,869696,131,0.980345,0
525760,869696,131,0.980363,0
526176,869696,131,0.981762,0
522320,869696,131,0.981298,0
521688,869696,131,0.981336,0
525176,869696,131,0.981821,0
526672,869696,131,0.986492,0
530368,869696,131,0.987506,0
530608,869696,131,0.987645,0
526896,869696,131,0.982089,0
525600,869696,131,0.982163,0
525496,869696,130,0.982174,0
528832,869696,130,0.984840,0
532144,869696,130,0.987589,0
531560,869696,130,0.987614,0
533336,869696,130,0.987693,0
532272,869696,130,0.987736,0
535392,869696,130,0.987715,0
535280,869696,131,0.987719,0
533008,869696,130,0.971826,0
536232,869696,130,0.981919,0
538600,869696,130,0.987589,0
534568,869696,130,0.975169,0
537160,869696,130,0.983366,0
540768,869696,130,0.987500,0
539728,869696,131,0.987542,0
543608,869696,130,0.987437,0
540128,869696,130,0.976547,0
536088,869696,130,0.976851,0
532680,869696,130,0.977102,0
528832,869696,130,0.976560,0
531808,869696,130,0.977165,0
532024,869696,130,0.977973,0
530184,869696,129,0.978105,0
533832,869696,129,0.983797,0
535848,869696,129,0.983742,0
539816,869696,129,0.985434,0
536288,869696,129,0.985599,0
536512,869696,129,0.986451,0
534552,869696,130,0.986535,0
532136,869696,131,0.986637,0
534296,869696,131,0.987806,0
534336,869696,131,0.987853,0
532888,869696,130,0.978513,0
534064,869696,130,0.982290,0
532248,869696,131,0.982391,0
530168,869696,131,0.982507,0
526992,869696,132,0.982679,0
528184,869696,132,0.985312,0
530736,869696,132,0.986341,0
534240,869696,132,0.987855,0
531784,869696,132,0.986397,0
528448,869696,132,0.982003,0
530632,869696,132,0.986446,0
534456,869696,132,0.987846,0
532344,869696,133,0.987927,0
535656,869696,133,0.987874,0
534248,869696,134,0.987928,0
532752,869696,134,0.987987,0
532144,869696,133,0.975275,0
533088,869696,133,0.978317,0
535616,869696,133,0.986306,0
538968,869696,133,0.987746,0
537792,869696,133,0.986823,0
540896,869696,133,0.987670,0
539176,869696,134,0.987738,0
542688,869696,134,0.987622,0
542448,869696,133,0.981285,0
542960,869696,133,0.983068,0
541992,869696,133,0.983124,0
542904,869696,133,0.986187,0
542016,869696,134,0.986227,0
541832,869696,133,0.980678,0
539704,869696,132,0.977246,0
539304,869696,133,0.977276,0
540344,869696,133,0.980696,0
540520,869696,133,0.980760,0
544248,869696,133,0.981175,0
545896,869696,133,0.986052,0
543536,869696,133,0.982285,0
543888,869696,133,0.983564,0
543096,869696,134,0.983607,0
543128,869696,134,0.983862,0
541240,869696,134,0.983963,0
544488,869696,134,0.986114,0
540672,869696,134,0.980229,0
538896,869696,135,0.980341,0
540992,869696,135,0.986270,0
538288,869696,136,0.986389,0
537536,869696,136,0.986424,0
536408,869696,136,0.986474,0
532816,869696,136,0.980321,0
533744,869696,136,0.983336,0
535112,869696,136,0.986528,0
535544,869696,136,0.987065,0
534776,869696,135,0.984774,0
536256,869696,135,0.987038,0
534840,869696,135,0.984821,0
534800,869696,135,0.984825,0
534928,869696,135,0.985374,0
536848,869696,135,0.987014,0
535432,869696,135,0.987074,0
535832,869696,135,0.987335,0
539280,869696,135,0.987578,0
536160,869696,134,0.986155,0
539112,869696,134,0.987586,0
539584,869696,134,0.987745,0
538504,869696,135,0.987788,0
535216,869696,135,0.984624,0
536616,869696,135,0.987861,0
537776,869696,135,0.987942,0
534320,869696,135,0.979081,0
534008,869696,134,0.977796,0
534952,869696,134,0.979043,0
536688,869696,134,0.980757,0
534672,869696,135,0.980879,0
530800,869696,134,0.971449,0
529208,869696,133,0.971599,0
529464,869696,133,0.972517,0
528672,869696,133,0.972589,0
528016,869696,133,0.972649,0
524976,869696,133,0.972907,0
526280,869696,133,0.973509,0
527448,869696,133,0.976869,0
526744,869696,133,0.976923,0
529392,869696,133,0.977027,0
532136,869696,133,0.981040,0
532736,869696,133,0.983037,0
534480,869696,133,0.984710,0
533096,869696,133,0.984779,0
535896,869696,133,0.984793,0
534344,869696,133,0.984870,0
530376,869696,132,0.976159,0
531448,869696,132,0.979579,0
527936,869696,132,0.979804,0
529472,869696,132,0.984629,0
527088,869696,132,0.984745,0
530600,869696,132,0.985049,0
529024,869696,133,0.985122,0
526616,869696,132,0.977326,0
527072,869696,132,0.978846,0
527680,869696,132,0.980831,0
529224,869696,132,0.985111,0
528136,869696,132,0.985163,0
527208,869696,132,0.985208,0
529328,869696,132,0.985630,0
533048,869696,132,0.985511,0
533008,869696,132,0.985515,0
534848,869696,132,0.985428,0
533952,869696,132,0.985471,0
536008,869696,132,0.985400,0
534208,869696,132,0.983996,0
537056,869696,132,0.985351,0
534104,869696,131,0.974491,0
537536,869696,131,0.985305,0
535888,869696,132,0.985382,0
535928,869696,132,0.985403,0
532320,869696,132,0.985571,0
534856,869696,132,0.985706,0
534040,869696,132,0.985745,0
536256,869696,132,0.986456,0
535312,869696,132,0.986498,0
534720,869696,133,0.986523,0
536536,869696,133,0.986800,0
540512,869696,133,0.986732,0
538280,869696,133,0.983452,0
534928,869696,133,0.982618,0
536432,869696,133,0.983549,0
537312,869696,133,0.986459,0
533608,869696,134,0.986617,0
530472,869696,134,0.978291,0
533648,869696,134,0.986615,0
537464,869696,134,0.986859,0
533424,869696,135,0.987026,0
532264,869696,135,0.987075,0
533912,869696,135,0.987258,0
535472,869696,135,0.987497,0
535448,869696,134,0.987299,0
536776,869696,134,0.987447,0
533696,869696,133,0.982507,0
535432,869696,133,0.987503,0
535400,869696,134,0.987504,0
536880,869696,134,0.987698,0
534120,869696,134,0.981572,0
533672,869696,135,0.981598,0
537040,869696,135,0.987692,0
539680,869696,135,0.987688,0
537776,869696,134,0.979748,0
541040,869696,134,0.987636,0
538040,869696,135,0.987755,0
538760,869696,135,0.987750,0
538432,869696,134,0.987767,0
541632,869696,134,0.987664,0
541160,869696,134,0.987504,0
541456,869696,134,0.987671,0
539376,869696,135,0.987754,0
536152,869696,136,0.987879,0
533936,869696,136,0.985745,0
536752,869696,136,0.987856,0
540664,873656,136,0.987856,0
540856,873656,136,0.987974,0
537856,873656,137,0.988088,0
536816,873656,138,0.988127,0
538664,873656,138,0.988081,0
536440,873656,138,0.983241,0
540520,873656,138,0.988010,0
538688,873656,138,0.983805,0
542520,873656,138,0.987934,0
540296,873656,137,0.975511,0
538800,873656,138,0.975627,0
537624,873656,139,0.975717,0
538480,873656,139,0.978506,0
539208,873656,139,0.980912,0
536312,873656,139,0.981088,0
538480,873656,139,0.986014,0
538776,873656,139,0.987087,0
541192,873656,139,0.987853,0
540072,873656,139,0.987899,0
541560,873656,139,0.987967,0
537904,873656,138,0.978062,0
539768,873656,138,0.983999,0
536808,873656,138,0.980175,0
539256,873656,138,0.984025,0
535824,873656,138,0.980713,0
533232,873656,139,0.980868,0
535640,873656,139,0.984206,0
536536,873656,139,0.987126,0
533640,873656,138,0.973022,0
537448,873656,138,0.984847,0
533840,873656,138,0.973628,0
535264,873656,138,0.978114,0
531952,873656,138,0.978342,0
535904,873656,138,0.984669,0
533984,873656,138,0.984763,0
535544,873656,138,0.985514,0
531712,873656,138,0.984153,0
532984,873656,138,0.985629,0
528936,873656,137,0.970961,0
530080,873656,137,0.974525,0
525984,873656,137,0.974846,0
524560,873656,138,0.974955,0
527184,873656,138,0.977339,0
524440,873656,139,0.977527,0
526952,873656,139,0.982916,0
524720,873656,139,0.983034,0
527912,873656,139,0.983625,0
528032,873656,139,0.984130,0
525584,873656,139,0.980848,0
527976,873656,139,0.984133,0
526224,873656,139,0.984220,0
529808,873656,139,0.985029,0
529208,873656,139,0.985058,0
532464,873656,139,0.985650,0
532272,873656,139,0.985661,0
532632,873656,139,0.986909,0
529320,873656,139,0.982202,0
531184,873656,139,0.986968,0
529992,873656,139,0.987018,0
531536,873656,139,0.987325,0
528584,873656,138,0.985310,0
531536,873656,138,0.987327,0
527560,873656,138,0.987312,0
528640,873656,138,0.987440,0
526456,873656,137,0.977441,0
528920,873656,137,0.984976,0
526904,873656,137,0.982436,0
528312,873656,137,0.985004,0
527792,873656,137,0.985030,0
527336,873656,138,0.985051,0
523728,873656,137,0.976257,0
523600,873656,138,0.976266,0
524144,873656,138,0.978013,0
524400,873656,138,0.978913,0
523760,873656,138,0.978957,0
525464,873656,138,0.984164,0
527856,873656,138,0.985025,0
530360,873656,138,0.986732,0
528832,873656,137,0.979485,0
531192,873656,137,0.986700,0
528104,873656,137,0.985285,0
527224,873656,137,0.985326,0
528784,873656,137,0.986800,0
525664,873656,137,0.983015,0
527240,873656,137,0.986862,0
529016,873656,137,0.986862,0
525488,873656,136,0.970468,0
524320,873656,136,0.970576,0
524064,873656,137,0.970599,0
523696,873656,136,0.970640,0
521336,873656,136,0.970852,0
525096,873656,136,0.979729,0
526952,873656,136,0.981953,0
530128,873656,136,0.985197,0
530728,873656,136,0.985242,0
531584,873656,136,0.987131,0
529440,873656,136,0.985571,0
531288,873656,136,0.987143,0
528824,873656,137,0.987240,0
530096,873656,137,0.987385,0
527560,873656,136,0.977417,0
531592,873656,136,0.987329,0
530736,873656,136,0.985241,0
526920,873656,137,0.985413,0
529544,873656,137,0.987408,0
531088,873656,137,0.987742,0
529440,873656,137,0.987339,0
531160,873656,137,0.987739,0
530664,873656,138,0.987758,0
531864,873656,138,0.987983,0
531752,873656,138,0.987989,0
532760,873656,138,0.987999,0
530976,873656,137,0.976533,0
531176,873656,137,0.977282,0
529872,873656,137,0.977376,0
528544,873656,137,0.977472,0
524720,873656,137,0.977736,0
525280,873656,137,0.979539,0
521248,873656,137,0.977848,0
519528,873656,138,0.977961,0
521808,873656,138,0.979753,0
518496,873656,138,0.979955,0
521168,873656,138,0.984826,0
522952,873656,138,0.985128,0
524784,873656,138,0.986837,0
528688,873656,138,0.987364,0
524704,873656,137,0.973126,0
521440,873656,136,0.954854,0
517984,873656,135,0.955330,0
515640,873656,135,0.955645,0
519240,873656,135,0.966027,0
519928,873656,135,0.968149,0
520784,873656,135,0.970768,0
517296,873656,135,0.971074,0
519720,873656,135,0.978235,0
516936,873656,135,0.978417,0
514072,873656,135,0.978602,0
516984,873656,135,0.979811,0
519520,873656,135,0.982684,0
517976,873656,136,0.982764,0
518976,873656,136,0.983281,0
518872,873656,135,0.983291,0
521032,873656,135,0.983253,0
517600,873656,136,0.983423,0
515216,873656,135,0.975328,0
515352,873656,135,0.975856,0
517640,873656,135,0.982615,0
516568,873656,136,0.982670,0
515568,873656,136,0.982723,0
518176,873656,136,0.982753,0
519968,873656,136,0.983303,0
519424,873656,137,0.983331,0
523176,873656,137,0.984177,0
524080,873656,137,0.984712,0
522368,873656,138,0.984791,0
521288,873656,138,0.984842,0
519960,873656,138,0.984904,0
517712,873656,137,0.975474,0
516832,873656,137,0.975541,0
515152,873656,137,0.975665,0
518952,873656,137,0.982504,0
519128,873656,137,0.983159,0
517336,873656,137,0.982801,0
518584,873656,137,0.983187,0
522632,873656,137,0.984785,0
526632,873656,137,0.985085,0
527792,873656,137,0.985494,0
530992,873656,137,0.986065,0
528568,873656,137,0.986171,0
526232,873656,137,0.985614,0
525880,873656,137,0.985632,0
527880,873656,137,0.986202,0
525880,873656,136,0.972872,0
528160,873656,136,0.979803,0
530992,873656,136,0.986070,0
533640,873656,136,0.986152,0
533328,873656,137,0.986165,0
531208,873656,137,0.985195,0
528800,873656,138,0.985305,0
526744,873656,138,0.985399,0
528424,873656,138,0.986375,0
524472,873656,137,0.974391,0
524960,873656,137,0.975974,0
523496,873656,136,0.976087,0
524032,873656,136,0.977809,0
522488,873656,136,0.977916,0
522968,873656,136,0.979471,0
523872,873656,136,0.980137,0
524912,873656,136,0.982229,0
525080,873656,136,0.982872,0
522232,873656,135,0.971242,0
524968,873656,135,0.979437,0
522168,873656,135,0.979613,0
522728,873656,135,0.981407,0
520568,873656,135,0.981529,0
520344,873656,135,0.981544,0
519072,873656,135,0.981617,0
519672,873656,135,0.983156,0
521736,873656,135,0.983409,0
518960,873656,135,0.983477,0
522192,873656,135,0.983387,0
519328,873656,134,0.975407,0
516424,873656,134,0.975621,0
513320,873656,133,0.975849,0
516904,873656,133,0.980321,0
517168,873656,133,0.981226,0
517728,873656,133,0.982995,0
520528,873656,133,0.983472,0
518024,873656,134,0.983594,0
518672,873656,134,0.983679,0
517952,873656,133,0.982319,0
518120,873656,133,0.982949,0
515096,873656,134,0.983100,0
512296,873656,134,0.983241,0
509048,873656,133,0.983403,0
511208,873656,133,0.983319,0
511952,873656,133,0.984004,0
514856,873656,133,0.983983,0
514728,873656,134,0.983989,0
515760,873656,134,0.985423,0
513896,873656,135,0.985503,0
515360,873656,135,0.985745,0
512656,873656,134,0.980860,0
514752,873656,134,0.985772,0
511864,873656,133,0.972422,0
514392,873656,133,0.979776,0
513792,873656,133,0.979815,0
516128,873656,133,0.985717,0
513552,873656,132,0.970204,0
515160,873656,132,0.974932,0
511256,873656,132,0.975220,0
513424,873656,132,0.977120,0
512368,873656,132,0.977194,0
514264,873656,132,0.981501,0
511360,873656,132,0.981659,0
509880,873656,132,0.981741,0
507256,873656,132,0.981881,0
508176,873656,132,0.983075,0
507320,873656,132,0.983119,0
509720,873656,132,0.984112,0
513584,873656,132,0.984375,0
515432,873656,132,0.985748,0
514504,873656,131,0.980906,0
512864,873656,130,0.981002,0
514784,873656,130,0.983172,0
516640,873656,130,0.985701,0
514824,873656,131,0.985777,0
513336,873656,131,0.985841,0
515968,873656,131,0.985753,0
519048,873656,131,0.985692,0
515616,873656,130,0.978042,0
511528,873656,129,0.972538,0
514368,873656,129,0.978126,0
518416,873656,129,0.980544,0
516528,873656,129,0.980655,0
514168,873656,129,0.980792,0
510824,873656,129,0.978264,0
514768,873656,129,0.980758,0
515136,873656,129,0.981958,0
517760,873656,129,0.983569,0
515328,873656,128,0.978302,0
513792,873656,129,0.978400,0
515256,873656,129,0.982751,0
513888,873656,130,0.982820,0
517088,873656,130,0.983602,0
516728,873656,130,0.983622,0
519160,873656,130,0.985691,0
521288,873656,130,0.985670,0
520640,873656,131,0.985698,0
522816,873656,131,0.986083,0
522128,873656,132,0.986112,0
525544,873656,132,0.986233,0
523016,873656,133,0.986338,0
523176,873656,133,0.986329,0
520896,873656,134,0.986423,0
522176,873656,134,0.986705,0
520328,873656,135,0.986779,0
518200,873656,135,0.986864,0
521152,873656,135,0.986794,0
520248,873656,136,0.986830,0
521464,873656,136,0.986900,0
519192,873656,135,0.971578,0
522320,873656,135,0.980855,0
523256,873656,135,0.983765,0
519312,873656,135,0.977689,0
517456,873656,136,0.977812,0
521240,873656,136,0.983863,0
518632,873656,136,0.982563,0
522312,873656,136,0.983811,0
525984,873656,136,0.986718,0
522360,873656,136,0.983833,0
519232,873656,135,0.970788,0
520136,873656,135,0.973548,0
520752,873656,135,0.975483,0
519624,873656,135,0.975569,0
521576,873656,135,0.981423,0
520096,873656,134,0.972863,0
517752,873656,133,0.973059,0
519584,873656,133,0.978512,0
518120,873656,134,0.978606,0
522112,873656,134,0.980653,0
519904,873656,134,0.980783,0
520000,873656,134,0.981205,0
520136,873656,134,0.981505,0
517464,873656,134,0.980019,0
520832,873656,134,0.981467,0
518816,873656,134,0.981581,0
521504,873656,134,0.981669,0
520040,873656,134,0.981752,0
519192,873656,133,0.981803,0
522472,873656,133,0.983714,0
525424,873656,133,0.984561,0
522784,873656,132,0.980692,0
524240,873656,132,0.984619,0
523336,873656,132,0.984181,0
524264,873656,132,0.984618,0
523552,873656,132,0.984653,0
520584,873656,131,0.970687,0
524032,873656,131,0.980936,0
523736,873656,131,0.980956,0
527800,873656,131,0.984456,0
527912,873656,131,0.984888,0
525992,873656,132,0.984977,0
529160,873656,132,0.984877,0
526880,873656,133,0.984983,0
524064,873656,133,0.985113,0
526360,873656,133,0.985055,0
524232,873656,133,0.985153,0
523304,873656,132,0.982475,0
526432,873656,132,0.985056,0
528528,873656,132,0.985252,0
527360,873656,132,0.985307,0
530224,873656,132,0.985200,0
532408,873656,132,0.985990,0
530240,873656,132,0.981455,0
530864,873656,132,0.983490,0
530176,873656,133,0.983525,0
531968,873656,133,0.986007,0
529576,873656,134,0.986110,0
531472,873656,134,0.986496,0
529288,873656,134,0.985238,0
528728,873656,135,0.985263,0
532088,873656,135,0.986470,0
529672,873656,135,0.986573,0
531560,873656,135,0.986591,0
534224,873656,135,0.986503,0
532256,873656,134,0.986441,0
532904,873656,134,0.986560,0
532000,873656,135,0.986598,0
529464,873656,135,0.979037,0
533128,873656,135,0.986551,0
534008,873656,135,0.986562,0
530768,873656,134,0.985960,0
532568,873656,134,0.986624,0
530672,873656,134,0.986063,0
530072,873656,133,0.986093,0
531104,873656,133,0.986688,0
532728,873656,133,0.986743,0
529864,873656,132,0.986864,0
531528,873656,132,0.986894,0
528272,873656,132,0.985117,0
525624,873656,132,0.985238,0
527792,873656,132,0.986214,0
527496,873656,131,0.978271,0
530152,873656,131,0.986116,0
526792,873656,131,0.985359,0
530888,873656,131,0.986084,0
531552,873656,131,0.986350,0
531136,873656,130,0.983706,0
534064,873656,130,0.986246,0
530864,873656,129,0.978789,0
531632,873656,129,0.981258,0
528456,873656,129,0.981442,0
528344,873656,130,0.981449,0
532232,873656,130,0.986326,0
535960,873656,130,0.986715,0
533568,873656,129,0.978437,0
531136,873656,129,0.978602,0
530880,873656,129,0.978622,0
531024,873656,129,0.979201,0
531264,873656,129,0.980072,0
528848,873656,129,0.980222,0
528608,873656,129,0.979358,0
530312,873656,129,0.982939,0
526648,873656,129,0.979238,0
529896,873656,129,0.982961,0
532344,873656,129,0.984019,0
528312,873656,129,0.980132,0
530664,873656,129,0.984102,0
532088,873656,129,0.984549,0
530888,873656,129,0.984609,0
533080,873656,129,0.986836,0
529768,873656,130,0.986970,0
531672,873656,130,0.987263,0
528832,873656,131,0.987373,0
531336,873656,131,0.987348,0
528832,873656,131,0.984627,0
532080,873656,131,0.987319,0
528800,873656,131,0.981270,0
531128,873656,131,0.987356,0
527328,873656,131,0.976327,0
528168,873656,131,0.978979,0
526768,873656,131,0.979072,0
523176,873656,130,0.968607,0
525536,873656,130,0.975683,0
523752,873656,129,0.974035,0
526680,873656,129,0.975601,0
527744,873656,129,0.978915,0
525896,873656,129,0.979036,0
528040,873656,129,0.978993,0
525616,873656,130,0.979148,0
522392,873656,130,0.979353,0
520672,873656,130,0.979462,0
522416,873656,130,0.983077,0
526440,873656,130,0.983135,0
528872,873656,130,0.983301,0
526440,873656,130,0.983135,0
528704,873656,130,0.983310,0
526864,873656,129,0.977659,0
524864,873656,128,0.966253,0
524696,873656,128,0.966275,0
525352,873656,128,0.968336,0
528592,873656,128,0.978083,0
528824,873656,128,0.978922,0
526168,873656,128,0.979095,0
523304,873656,128,0.979278,0
524728,873656,128,0.982042,0
526368,873656,128,0.983433,0
523128,873656,128,0.981984,0
525296,873656,128,0.983487,0
521600,873656,127,0.979815,0
524144,873656,127,0.983547,0
521976,873656,128,0.983654,0
520416,873656,129,0.983730,0
520464,873656,129,0.983845,0
522440,873656,129,0.983915,0
520704,873656,128,0.981923,0
519080,873656,128,0.982013,0
520584,873656,128,0.984009,0
520768,873656,128,0.984692,0
516744,873656,128,0.983363,0
516864,873656,128,0.983852,0
516376,873656,129,0.983875,0
516672,873656,129,0.984875,0
516272,873656,128,0.982962,0
519736,873656,128,0.984739,0
517936,873656,128,0.984822,0
519976,873656,128,0.984728,0
518312,873656,128,0.984805,0
516360,873656,129,0.984893,0
512992,873656,129,0.980300,0
513200,873656,129,0.981033,0
515368,873656,129,0.984935,0
511360,873656,128,0.977323,0
507456,873656,127,0.977584,0
508152,873656,127,0.978112,0
511904,873656,127,0.979453,0
508040,873656,127,0.979685,0
509592,873656,127,0.984126,0
512376,873656,127,0.984088,0
510544,873656,128,0.984173,0
510080,873656,128,0.984197,0
513200,873656,128,0.985032,0
514008,873656,128,0.985112,0
510280,873656,127,0.974751,0
512872,873656,127,0.982266,0
509792,873656,126,0.980369,0
511656,873656,126,0.982332,0
508224,873656,125,0.968755,0
511072,873656,125,0.976904,0
509256,873656,124,0.977031,0
510168,873656,124,0.979748,0
509104,873656,125,0.979810,0
509976,873656,125,0.982420,0
506328,873656,125,0.981277,0
506672,873656,125,0.982380,0
503424,873656,126,0.982543,0
502864,873656,127,0.982570,0
503112,873656,127,0.982760,0
507032,873656,127,0.982564,0
505448,873656,127,0.982645,0
504680,873656,128,0.982683,0
502784,873656,129,0.982776,0
503664,873656,129,0.983163,0
499936,873656,130,0.983340,0
499800,873656,130,0.983348,0
501064,873656,130,0.983490,0
497184,873656,130,0.983671,0
495040,873656,130,0.983770,0
494000,873656,130,0.983443,0
492224,873656,131,0.983524,0
489536,873656,130,0.977616,0
490136,873656,130,0.979350,0
491984,873656,130,0.983535,0
489624,873656,130,0.983643,0
491416,873656,130,0.983934,0
493592,873656,130,0.984344,0
497072,873656,130,0.984234,0
498512,873656,130,0.984684,0
502096,873656,130,0.985433,0
500000,873656,130,0.985521,0
499840,873656,131,0.985527,0
499280,873656,130,0.985554,0
500408,873656,130,0.985687,0
502816,873656,130,0.985723,0
504376,873656,130,0.985794,0
502560,873656,130,0.984259,0
503024,873656,130,0.985690,0
507000,873656,130,0.985685,0
503416,873656,130,0.984469,0
507496,873656,130,0.985665,0
510520,873656,130,0.985746,0
508968,873656,131,0.985810,0
508792,873656,132,0.985817,0
506160,873656,132,0.985926,0
507200,873656,132,0.985997,0
509912,873656,132,0.985931,0
510920,873656,132,0.985935,0
510320,873656,133,0.985959,0
514216,873656,133,0.986478,0
512176,873656,133,0.985067,0
513552,873656,133,0.986504,0
511040,873656,133,0.986604,0
512904,873656,133,0.986857,0
510360,873656,134,0.986954,0
511472,873656,134,0.987446,0
510816,873656,134,0.987471,0
512632,873656,134,0.987520,0
509120,873656,134,0.985705,0
510648,873656,134,0.987592,0
509576,873656,135,0.987630,0
511144,873656,135,0.987572,0
508312,873656,134,0.973047,0
510872,873656,134,0.980422,0
507400,873656,134,0.979078,0
508752,873656,134,0.980542,0
508608,873656,135,0.980550,0
509720,873656,135,0.982988,0
507552,873656,135,0.983097,0
507736,873656,135,0.983754,0
503848,873656,134,0.980406,0
502016,873656,133,0.974667,0
503856,873656,133,0.979908,0
500728,873656,133,0.980088,0
504672,873656,133,0.980363,0
505184,873656,133,0.981933,0
503904,873656,133,0.982001,0
503992,873656,133,0.982381,0
503744,873656,134,0.982394,0
500496,873656,134,0.980752,0
501960,873656,134,0.982483,0
498392,873656,134,0.982660,0
494944,873656,134,0.982829,0
495120,873656,134,0.983440,0
494984,873656,135,0.983447,0
498336,873656,135,0.983693,0
502240,873656,135,0.984009,0
503240,873656,135,0.984143,0
501832,873656,134,0.983894,0
498904,873656,135,0.984026,0
501008,873656,135,0.984245,0
504016,873656,135,0.984108,0
503136,873656,136,0.984148,0
504232,873656,136,0.984575,0
503072,873656,135,0.976423,0
504624,873656,135,0.980883,0
503728,873656,135,0.980934,0
507168,873656,135,0.984447,0
503616,873656,135,0.984607,0
505024,873656,135,0.984817,0
504840,873656,136,0.984825,0
507160,873656,136,0.984860,0
504888,873656,136,0.982103,0
508936,873656,136,0.984782,0
505240,873656,135,0.974240,0
501864,873656,135,0.974490,0
498968,873656,134,0.971762,0
501424,873656,134,0.974525,0
503392,873656,134,0.978521,0
501296,873656,135,0.978648,0
497904,873656,136,0.978851,0
495520,873656,135,0.978997,0
492016,873656,134,0.979205,0
492216,873656,134,0.979874,0
490112,873656,134,0.979993,0
486872,873656,134,0.980171,0
486312,873656,135,0.980201,0
489672,873656,135,0.980192,0
489736,873656,135,0.980492,0
492240,873656,135,0.980730,0
493368,873656,135,0.981087,0
494216,873656,135,0.983524,0
491880,873656,135,0.983632,0
493760,873656,135,0.983899,0
495368,873656,135,0.984181,0
493528,873656,136,0.984262,0
496096,873656,136,0.985061,0
496376,873656,136,0.985315,0
496080,873656,137,0.985327,0
499960,873656,137,0.985819,0
496040,873656,137,0.983077,0
497544,873656,137,0.985915,0
494080,873656,137,0.979266,0
496680,873656,137,0.985949,0
492784,873656,137,0.977617,0
491040,873656,138,0.977724,0
491856,873656,138,0.980052,0
492912,873656,138,0.983042,0
488832,873656,137,0.979017,0
491568,873656,137,0.983107,0
491272,873656,136,0.983125,0
488608,873656,137,0.983248,0
487912,873656,136,0.977073,0
491752,873656,136,0.983105,0
490816,873656,137,0.983148,0
491488,873656,137,0.984084,0
488288,873656,136,0.971551,0
484824,873656,136,0.971821,0
486064,873656,136,0.975214,0
488376,873656,136,0.981493,0
486768,873656,135,0.976148,0
484920,873656,135,0.976270,0
488864,873656,135,0.981473,0
492824,873656,135,0.984029,0
494904,873656,135,0.983957,0
494256,873656,135,0.983988,0
496528,873656,135,0.984889,0
495600,873656,134,0.974426,0
495912,873656,134,0.975403,0
496608,873656,134,0.977429,0
494768,873656,133,0.977550,0
493912,873656,132,0.977609,0
495016,873656,132,0.980737,0
490968,873656,131,0.968194,0
495016,873656,131,0.979206,0
494400,873656,130,0.979248,0
495616,873656,130,0.980710,0
495432,873656,131,0.980720,0
499136,873656,131,0.982516,0
499840,873656,131,0.984596,0
496912,873656,132,0.984722,0
494320,873656,133,0.984832,0
491928,873656,132,0.977404,0
491256,873656,132,0.977449,0
493136,873656,132,0.982654,0
497032,873656,132,0.982865,0
496056,873656,132,0.981911,0
493600,873656,133,0.982034,0
492024,873656,134,0.982112,0
491400,873656,135,0.982143,0
488896,873656,135,0.980542,0
489680,873656,135,0.982227,0
491456,873656,135,0.982688,0
494416,873656,135,0.982987,0
495872,873656,135,0.985143,0
495408,873656,135,0.985164,0
491992,873656,135,0.985306,0
489432,873656,136,0.985409,0
488008,873656,137,0.985465,0
488520,873656,137,0.986272,0
491120,873656,137,0.986546,0
493864,873656,137,0.986619,0
490912,873656,136,0.981767,0
492536,873656,136,0.986295,0
494496,873656,136,0.986596,0
495208,873656,136,0.986679,0
496592,873656,136,0.986670,0
496392,873656,136,0.986679,0
495696,873656,137,0.986705,0
498568,873656,137,0.986888,0
500536,873656,137,0.986926,0
503280,873656,137,0.986845,0
501112,873656,136,0.974470,0
501208,873656,136,0.974867,0
499504,873656,136,0.974990,0
500104,873656,136,0.976771,0
496624,873656,136,0.977000,0
499216,873656,136,0.984073,0
497704,873656,135,0.984145,0
499360,873656,135,0.984249,0
495872,873656,134,0.980173,0
498400,873656,134,0.984293,0
496024,873656,134,0.982661,0
493264,873656,134,0.981823,0
490064,873656,134,0.979420,0
487800,873656,135,0.979547,0
491256,873656,135,0.981923,0
493120,873656,135,0.982800,0
491680,873656,135,0.982871,0
492376,873656,135,0.984424,0
495656,873656,135,0.984413,0
495544,873656,135,0.984420,0
496872,873656,135,0.984695,0
497960,873656,135,0.985050,0
495800,873656,135,0.985142,0
499280,873656,135,0.986817,0
497656,873656,135,0.984102,0
496656,873656,134,0.983615,0
494864,873656,134,0.983699,0
495432,873656,134,0.984205,0
498248,873656,134,0.985266,0
495720,873656,134,0.980184,0
495024,873656,135,0.980223,0
495168,873656,135,0.980746,0
493704,873656,136,0.980824,0
493096,873656,135,0.972662,0
496928,873656,135,0.983200,0
496416,873656,135,0.983227,0
496816,873656,135,0.984456,0
499168,873656,135,0.985228,0
495448,873656,135,0.981378,0
495736,873656,135,0.982296,0
498112,873656,135,0.985270,0
497072,873656,135,0.985315,0
496896,873656,136,0.985322,0
495520,873656,135,0.984804,0
493232,873656,135,0.984902,0
497192,873656,135,0.985314,0
494448,873656,135,0.980304,0
493208,873656,136,0.980371,0
495264,873656,136,0.985393,0
499040,873656,136,0.985955,0
501256,873656,136,0.986114,0
504784,873656,136,0.986612,0
503128,873656,135,0.976766,0
504024,873656,135,0.979394,0
502464,873656,135,0.979488,0
506248,873656,135,0.981946,0
508512,873656,135,0.986537,0
504552,873656,135,0.984408,0
506608,873656,135,0.986610,0
505048,873656,135,0.985620,0
502136,873656,134,0.972415,0
503528,873656,134,0.976399,0
506872,873656,134,0.985545,0
508944,873656,134,0.985826,0
507488,873656,135,0.985886,0
507688,873656,135,0.986567,0
505912,873656,136,0.986635,0
508160,873656,136,0.986570,0
507312,873656,136,0.984924,0
506800,873656,137,0.984946,0
505488,873656,136,0.979010,0
508264,873656,136,0.984885,0
511192,873656,136,0.986453,0
511864,873656,136,0.986518,0
509984,873656,136,0.986593,0
512968,873656,136,0.986591,0
509824,873656,136,0.983910,0
510824,873656,136,0.986675,0
507656,873656,136,0.986614,0
504536,873656,136,0.986530,0
506368,873656,136,0.986664,0
509576,873656,136,0.986723,0
509208,873656,136,0.986739,0
510912,873656,136,0.986881,0
510648,873656,135,0.986895,0
508816,873656,135,0.986365,0
511152,873656,135,0.986875,0
515040,873656,135,0.986747,0
513152,873656,135,0.986822,0
510376,873656,136,0.986928,0
510528,873656,136,0.986944,0
509928,873656,137,0.986967,0
509328,873656,137,0.986991,0
513184,873656,137,0.987030,0
516016,873656,137,0.987108,0
517568,873656,137,0.987237,0
514120,873656,137,0.987368,0
516624,873656,137,0.987296,0
512840,873656,137,0.978854,0
510872,873656,136,0.976214,0
513944,873656,136,0.978788,0
517096,873656,136,0.985006,0
516584,873656,137,0.985029,0
518144,873656,137,0.987239,0
515432,873656,137,0.985646,0
513792,873656,136,0.978027,0
514424,873656,136,0.979980,0
517448,873656,136,0.985560,0
513672,873656,137,0.985720,0
517704,873656,137,0.987256,0
515960,873656,137,0.983924,0
512120,873656,136,0.976127,0
515464,873656,136,0.983949,0
514272,873656,136,0.984008,0
513176,873656,137,0.984059,0
514272,873656,137,0.985931,0
516600,873656,137,0.987275,0
518832,873656,137,0.987213,0
514864,873656,137,0.980352,0
517136,873656,137,0.987087,0
513792,873656,138,0.987214,0
512760,873656,138,0.986787,0
512832,873656,138,0.987133,0
516648,873656,138,0.987104,0
514240,873656,137,0.979824,0
517392,873656,137,0.987078,0
514800,873656,137,0.987178,0
518080,873656,137,0.987241,0
514192,873656,136,0.978468,0
516128,873656,136,0.984199,0
512128,873656,135,0.977317,0
510776,873656,136,0.977406,0
510600,873656,136,0.977421,0
507648,873656,135,0.976559,0
510240,873656,135,0.977447,0
511632,873656,135,0.981547,0
511864,873656,135,0.982348,0
514264,873656,135,0.983841,0
513784,873656,135,0.983866,0
516648,873656,135,0.984177,0
515256,873656,136,0.984242,0
518656,873656,136,0.987221,0
517104,873656,137,0.987280,0
517160,873656,137,0.987442,0
513480,873656,136,0.973756,0
514264,873656,136,0.976135,0
510232,873656,136,0.976417,0
511288,873656,136,0.979555,0
507472,873656,136,0.979782,0
507072,873656,137,0.979805,0
505648,873656,137,0.979891,0
503456,873656,136,0.980021,0
503712,873656,136,0.980255,0
503456,873656,136,0.980021,0
503968,873656,136,0.980240,0
501632,873656,136,0.980374,0
501672,873656,136,0.980618,0
499992,873656,137,0.980709,0
499944,873656,136,0.980717,0
497200,873656,137,0.980865,0
494576,873656,138,0.981004,0
491624,873656,138,0.981161,0
494464,873656,138,0.982075,0
492400,873656,139,0.982177,0
492864,873656,139,0.983566,0
496072,873656,139,0.983840,0
493824,873656,139,0.983943,0
490296,873656,138,0.982414,0
493552,873656,138,0.983957,0
494944,873656,138,0.985670,0
495936,873656,138,0.986431,0
497824,873656,138,0.986783,0
498968,873656,138,0.986896,0
500264,873656,138,0.987591,0
501912,873656,138,0.987645,0
502456,873656,138,0.987692,0
500904,873656,138,0.987657,0
504496,873656,138,0.987620,0
503384,873656,138,0.987661,0
507144,873656,138,0.987802,0
504872,873656,139,0.987881,0
505200,873656,139,0.987914,0
502600,873656,139,0.985710,0
505560,873656,139,0.987902,0
504448,873656,138,0.986117,0
502272,873656,137,0.981033,0
503608,873656,137,0.984899,0
502280,873656,136,0.974797,0
498232,873656,136,0.975086,0
501440,873656,136,0.977052,0
499368,873656,136,0.977189,0
502528,873656,136,0.984019,0
499960,873656,136,0.982153,0
499432,873656,136,0.982182,0
497728,873656,135,0.977639,0
494992,873656,136,0.977808,0
496680,873656,136,0.982321,0
494992,873656,136,0.977808,0
495184,873656,136,0.978460,0
497984,873656,136,0.982254,0
494128,873656,135,0.982139,0
490960,873656,136,0.982294,0
489864,873656,135,0.970177,0
492816,873656,135,0.978210,0
493168,873656,135,0.979291,0
490576,873656,134,0.979443,0
486496,873656,133,0.979676,0
483488,873656,132,0.973930,0
485440,873656,132,0.979196,0
488712,873656,132,0.979553,0
492336,873656,132,0.979963,0
488392,873656,132,0.980181,0
485144,873656,131,0.976385,0
488336,873656,131,0.980187,0
488464,873656,131,0.980657,0
486232,873656,131,0.980777,0
487280,873656,131,0.982480,0
489296,873656,131,0.983605,0
490392,873656,131,0.984409,0
492400,873656,131,0.984365,0
493544,873656,131,0.984424,0
496728,873656,131,0.984641,0
495272,873656,131,0.984705,0
495568,873656,131,0.985247,0
493720,873656,131,0.985324,0
496184,873656,131,0.985623,0
495128,873656,132,0.985665,0
494584,873656,132,0.985688,0
498392,873656,132,0.985892,0
500032,873656,132,0.986186,0
497664,873656,131,0.981805,0
498192,873656,131,0.983390,0
494232,873656,131,0.981202,0
496784,873656,131,0.983455,0
494832,873656,132,0.983545,0
492048,873656,131,0.973343,0
494648,873656,131,0.980493,0
496376,873656,131,0.983474,0
496152,873656,131,0.983486,0
498576,873656,131,0.985257,0
495784,873656,131,0.983169,0
498240,873656,131,0.985271,0
496992,873656,130,0.976057,0
500648,873656,130,0.985173,0
497440,873656,131,0.985306,0
493848,873656,132,0.985452,0
497272,873656,132,0.986294,0
499816,873656,132,0.986194,0
498760,873656,132,0.984980,0
502168,873656,132,0.986102,0
501536,873656,133,0.986127,0
498560,873656,132,0.981423,0
498592,873656,132,0.981643,0
494600,873656,131,0.972400,0
494208,873656,130,0.972437,0
497464,873656,130,0.981418,0
496072,873656,130,0.981492,0
499504,873656,130,0.981604,0
499160,873656,130,0.981624,0
496632,873656,131,0.981753,0
497520,873656,131,0.984322,0
498488,873656,131,0.984390,0
502208,873656,131,0.986104,0
499992,873656,131,0.985923,0
496016,873656,131,0.977127,0
498088,873656,131,0.982929,0
500104,873656,131,0.985916,0
497080,873656,130,0.979070,0
498336,873656,130,0.982648,0
496520,873656,129,0.973910,0
495640,873656,129,0.973977,0
494664,873656,129,0.974051,0
497920,873656,129,0.982675,0
496184,873656,129,0.982761,0
494104,873656,129,0.982862,0
490952,873656,129,0.980160,0
491456,873656,129,0.981646,0
494000,873656,129,0.982865,0
496888,873656,129,0.983104,0
494600,873656,129,0.983214,0
491368,873656,128,0.978577,0
495400,873656,128,0.983179,0
493424,873656,127,0.980999,0
490232,873656,128,0.981165,0
491920,873656,128,0.983342,0
493208,873656,128,0.983523,0
491704,873656,128,0.983594,0
491424,873656,128,0.983608,0
490136,873656,128,0.983427,0
492968,873656,128,0.983539,0
492616,873656,129,0.983555,0
493936,873656,129,0.983957,0
494608,873656,129,0.983969,0
493392,873656,129,0.984025,0
496272,873656,129,0.984630,0
497264,873656,129,0.985635,0
496672,873656,129,0.985661,0
498416,873656,129,0.985768,0
497424,873656,129,0.984581,0
498800,873656,129,0.985753,0
494888,873656,129,0.981094,0
498480,873656,129,0.985766,0
501552,873656,129,0.986138,0
502048,873656,129,0.986207,0
505088,873656,129,0.986108,0
504968,873656,129,0.986115,0
504824,873656,130,0.986121,0
504920,873656,130,0.986138,0
503176,873656,130,0.985390,0
501080,873656,129,0.970961,0
503984,873656,129,0.979120,0
503024,873656,129,0.979179,0
501648,873656,129,0.979263,0
502096,873656,129,0.980638,0
503400,873656,129,0.984315,0
500856,873656,128,0.970803,0
503096,873656,128,0.977109,0
503872,873656,128,0.979400,0
507848,873656,128,0.984112,0
509064,873656,128,0.984146,0
506192,873656,127,0.984281,0
507728,873656,127,0.984647,0
505128,873656,128,0.984761,0
507528,873656,128,0.985205,0
506744,873656,129,0.985239,0
504192,873656,128,0.977968,0
504480,873656,128,0.978905,0
507336,873656,128,0.985214,0
506824,873656,128,0.985237,0
510456,873656,128,0.985915,0
509296,873656,128,0.985756,0
507432,873656,129,0.985833,0
509616,873656,129,0.985949,0
510504,873656,129,0.986306,0
509832,873656,130,0.986332,0
512488,873656,130,0.986411,0
509608,873656,131,0.986525,0
508392,873656,132,0.986572,0
511816,873656,132,0.986599,0
509488,873656,131,0.976325,0
507920,873656,132,0.976432,0
509512,873656,132,0.981066,0
510872,873656,132,0.985079,0
511856,873656,132,0.986596,0
509840,873656,132,0.982343,0
511176,873656,132,0.986297,0
509536,873656,131,0.981875,0
508000,873656,131,0.981957,0
510904,873656,131,0.984057,0
512496,873656,131,0.986246,0
512304,873656,132,0.986253,0
510848,873656,132,0.986313,0
512904,873656,132,0.986557,0
513376,873656,132,0.986841,0
511688,873656,133,0.986905,0
512272,873656,133,0.986928,0
511456,873656,134,0.986959,0
514008,873656,134,0.987141,0
513016,873656,134,0.984911,0
516392,873656,134,0.987050,0
515144,873656,134,0.985428,0
513088,873656,134,0.985518,0
516744,873656,134,0.985691,0
518952,873656,134,0.986952,0
515248,873656,135,0.987094,0
517424,873656,135,0.987033,0
514048,873656,135,0.984863,0
511696,873656,135,0.984969,0
509272,873656,135,0.982855,0
508248,873656,134,0.980973,0
504656,873656,133,0.977773,0
500680,873656,133,0.978025,0
499464,873656,133,0.978104,0
500096,873656,133,0.979616,0
497544,873656,134,0.979761,0
501488,873656,134,0.979895,0
504360,873656,134,0.981187,0
507304,873656,134,0.982957,0
509792,873656,134,0.984013,0
506040,873656,134,0.979810,0
506664,873656,134,0.981700,0
506704,873656,134,0.981948,0
502808,873656,133,0.974546,0
503704,873656,133,0.977164,0
506544,873656,133,0.981956,0
510640,873656,133,0.983970,0
510328,873656,133,0.983986,0
511584,873656,133,0.984974,0
507744,873656,133,0.984267,0
504304,873656,133,0.984423,0
506888,873656,133,0.985179,0
510464,873656,133,0.985092,0
507624,873656,134,0.985214,0
510288,873656,134,0.985376,0
508744,873656,133,0.981426,0
512488,873656,133,0.985284,0
511952,873656,132,0.985312,0
509552,873656,132,0.985416,0
508192,873656,133,0.985473,0
510248,873656,133,0.986127,0
510528,873656,133,0.987065,0
514328,873656,133,0.987154,0
511368,873656,132,0.974001,0
514184,873656,132,0.982186,0
511368,873656,132,0.974001,0
513352,873656,132,0.979794,0
512256,873656,132,0.979861,0
514408,873656,132,0.984006,0
512136,873656,131,0.979335,0
508328,873656,130,0.968775,0
506144,873656,130,0.968974,0
507752,873656,130,0.973592,0
506968,873656,129,0.973659,0
508080,873656,129,0.976912,0
505840,873656,130,0.977060,0
508048,873656,130,0.979584,0
506464,873656,129,0.970670,0
508400,873656,129,0.976222,0
506248,873656,129,0.976372,0
510016,873656,129,0.980003,0
509800,873656,128,0.980021,0
512504,873656,128,0.983198,0
513768,873656,128,0.984047,0
511112,873656,128,0.984172,0
511368,873656,128,0.985042,0
515456,873656,128,0.984978,0
514488,873656,129,0.985021,0
515600,873656,129,0.985488,0
512000,873656,129,0.985316,0
510872,873656,130,0.985364,0
511584,873656,130,0.985657,0
508680,873656,130,0.981924,0
511864,873656,130,0.985646,0
513800,873656,130,0.986172,0
510528,873656,130,0.984703,0
510496,873656,131,0.984705,0
514224,873656,131,0.986154,0
515888,873656,131,0.986745,0
515848,873656,132,0.986747,0
513640,873656,133,0.986832,0
513816,873656,133,0.986964,0
512496,873656,133,0.987016,0
513168,873656,133,0.987036,0
510312,873656,134,0.987143,0
511992,873656,134,0.987288,0
515424,873656,134,0.987158,0
511928,873656,134,0.981974,0
514360,873656,134,0.987198,0
510704,873656,134,0.985616,0
507448,873656,134,0.981541,0
510536,873656,134,0.985623,0
506864,873656,134,0.985777,0
507304,873656,134,0.986608,0
511104,873656,134,0.987017,0
508840,873656,133,0.973494,0
512592,873656,133,0.984299,0
510736,873656,133,0.984386,0
513400,873656,133,0.986931,0
510512,873656,133,0.982027,0
508952,873656,133,0.982111,0
509832,873656,133,0.984148,0
510016,873656,133,0.984741,0
508112,873656,133,0.984826,0
509432,873656,133,0.984836,0
509144,873656,134,0.984848,0
512048,873656,134,0.986888,0
509720,873656,134,0.986978,0
513528,873656,134,0.986925,0
509648,873656,133,0.979316,0
512232,873656,133,0.986836,0
508336,873656,133,0.980455,0
511160,873656,133,0.986877,0
509384,873656,133,0.986946,0
512592,873656,133,0.986962,0
508544,873656,133,0.976403,0
509648,873656,133,0.979660,0
508808,873656,134,0.979710,0
512328,873656,134,0.986971,0
511800,873656,135,0.986991,0
509488,873656,134,0.978098,0
512384,873656,134,0.986503,0
514768,873656,134,0.986877,0
512592,873656,133,0.970307,0
514744,873656,133,0.976581,0
514456,873656,133,0.976604,0
514160,873656,133,0.976628,0
516168,873656,133,0.982553,0
516488,873656,133,0.983622,0
513328,873656,134,0.983773,0
513368,873656,134,0.984027,0
513048,873656,135,0.984042,0
512896,873656,136,0.984049,0
511192,873656,137,0.984128,0
509120,873656,138,0.984223,0
511408,873656,138,0.987004,0
510296,873656,138,0.987047,0
